mtllib Front_Wheel.mtl
o det_rim_front
v 0.073139 0.109517 0.138063
v 0.070552 0.109118 0.134727
v 0.058694 0.109122 0.140382
v 0.060163 0.109518 0.144228
v 0.075733 0.109844 0.141406
v 0.057757 0.109844 0.149768
v 0.091136 0.109837 0.132580
v 0.087286 0.109505 0.130044
v 0.083843 0.109110 0.127409
v 0.091197 0.108567 0.117466
v 0.086932 0.108066 0.115780
v 0.087835 0.109112 0.124721
v 0.092438 0.109436 0.125488
v 0.095804 0.109054 0.119718
v 0.092884 0.108201 0.111326
v 0.089734 0.107887 0.111406
v 0.086003 0.107051 0.106994
v 0.020235 0.108676 0.146797
v 0.015930 0.108867 0.149245
v 0.025013 0.109772 0.158186
v 0.028808 0.108898 0.147929
v 0.025473 0.108501 0.144837
v 0.021066 0.101286 0.108900
v 0.022460 0.094968 0.078808
v 0.015776 0.101101 0.109424
v 0.019603 0.107611 0.139011
v 0.015572 0.107557 0.139506
v 0.024085 0.107599 0.138492
v 0.026364 0.101401 0.108381
v 0.028635 0.095083 0.077668
v 0.033377 0.090197 0.050520
v 0.042175 0.089677 0.042117
v 0.026706 0.088718 0.046601
v 0.016559 0.089406 0.056182
v 0.034412 0.092502 0.063216
v 0.022752 0.093675 0.072795
v 0.032300 0.093610 0.069358
v 0.026001 0.091125 0.060117
v 0.015851 0.094758 0.079974
v 0.089454 0.107687 0.109446
v 0.101113 0.107691 0.098496
v 0.098366 0.107085 0.095798
v 0.091618 0.107066 0.102082
v 0.102779 0.108263 0.102713
v 0.098154 0.109799 0.126997
v 0.046937 0.109508 0.148982
v 0.046844 0.109105 0.144654
v 0.033416 0.109029 0.148088
v 0.029521 0.109431 0.153256
v 0.032145 0.109826 0.157497
v 0.138073 0.109517 0.073129
v 0.144238 0.109518 0.060153
v 0.140392 0.109122 0.058684
v 0.134737 0.109118 0.070542
v 0.130339 0.109500 0.086709
v 0.127665 0.109106 0.083362
v 0.132632 0.109837 0.091030
v 0.141416 0.109844 0.075723
v 0.149845 0.109844 0.057588
v 0.117476 0.108567 0.091187
v 0.125766 0.109492 0.093176
v 0.124795 0.109110 0.087742
v 0.115790 0.108066 0.086921
v 0.109283 0.107633 0.089078
v 0.107081 0.107076 0.086092
v 0.111315 0.108201 0.092937
v 0.119162 0.108997 0.095464
v 0.126907 0.109793 0.097907
v 0.150702 0.109113 0.024874
v 0.149322 0.108866 0.015791
v 0.146709 0.108670 0.020406
v 0.144699 0.108477 0.025406
v 0.148000 0.108907 0.028831
v 0.158371 0.109779 0.024986
v 0.108910 0.101286 0.021056
v 0.109434 0.101101 0.015766
v 0.076816 0.094596 0.023503
v 0.106162 0.100941 0.026359
v 0.138595 0.107613 0.024156
v 0.139210 0.107629 0.019205
v 0.139469 0.107554 0.015624
v 0.048206 0.090262 0.037738
v 0.047153 0.088776 0.026256
v 0.037066 0.088080 0.037055
v 0.045739 0.090720 0.045640
v 0.059828 0.091024 0.025597
v 0.069369 0.092992 0.023840
v 0.070802 0.093862 0.031500
v 0.077504 0.095050 0.028577
v 0.079855 0.094719 0.015744
v 0.056492 0.089498 0.016763
v 0.063512 0.092573 0.034645
v 0.148992 0.109508 0.046927
v 0.153045 0.109443 0.030990
v 0.148126 0.109025 0.033184
v 0.144664 0.109105 0.046834
v 0.157454 0.109827 0.032459
v 0.028036 0.109672 0.160017
v 0.034589 0.109685 0.158587
v 0.025223 0.109656 0.160263
v 0.025306 0.109414 0.160295
v 0.028078 0.109429 0.160047
v 0.034651 0.109441 0.158610
v 0.047053 0.109685 0.154995
v 0.062203 0.109692 0.149577
v 0.047127 0.109446 0.155011
v 0.062250 0.109447 0.149602
v 0.076725 0.109690 0.142710
v 0.088530 0.109687 0.136075
v 0.076769 0.109448 0.142733
v 0.088572 0.109445 0.136097
v 0.095498 0.109675 0.131374
v 0.098923 0.109657 0.128524
v 0.095548 0.109431 0.131390
v 0.098982 0.109412 0.128532
v 0.094960 0.108351 0.114286
v 0.099415 0.109437 0.125415
v 0.099444 0.109201 0.125426
v 0.094976 0.108085 0.114240
v 0.099120 0.108170 0.108037
v 0.103809 0.108179 0.103797
v 0.095502 0.108135 0.111046
v 0.095521 0.107894 0.111086
v 0.099185 0.107927 0.108039
v 0.103835 0.107950 0.103825
v 0.108039 0.108170 0.099119
v 0.111050 0.108137 0.095497
v 0.108049 0.107927 0.099175
v 0.111096 0.107894 0.095511
v 0.125411 0.109442 0.099396
v 0.114226 0.108325 0.094930
v 0.114250 0.108085 0.094966
v 0.125442 0.109202 0.099436
v 0.131382 0.109674 0.095490
v 0.136089 0.109689 0.088513
v 0.128528 0.109658 0.098918
v 0.128542 0.109412 0.098972
v 0.131400 0.109431 0.095538
v 0.136108 0.109445 0.088562
v 0.142720 0.109692 0.076712
v 0.149586 0.109693 0.062194
v 0.142743 0.109448 0.076759
v 0.149612 0.109447 0.062240
v 0.155004 0.109687 0.047046
v 0.158598 0.109684 0.034574
v 0.155021 0.109446 0.047117
v 0.158620 0.109441 0.034641
v 0.160027 0.109672 0.028024
v 0.160273 0.109656 0.025222
v 0.160057 0.109429 0.028068
v 0.160305 0.109414 0.025296
v 0.155250 0.109154 0.019084
v 0.151558 0.108798 0.015477
v 0.158997 0.109520 0.022817
v 0.158653 0.109239 0.022435
v 0.151653 0.108558 0.015549
v 0.148637 0.108453 0.014177
v 0.148825 0.108231 0.014195
v 0.141653 0.107278 0.014107
v 0.139555 0.107136 0.014079
v 0.139531 0.107278 0.014099
v 0.129909 0.104902 0.014008
v 0.072249 0.092471 0.013493
v 0.058747 0.089442 0.013401
v 0.079731 0.094300 0.013579
v 0.079758 0.094014 0.013571
v 0.058724 0.089174 0.013406
v 0.052403 0.088408 0.016421
v 0.035278 0.087124 0.035270
v 0.052618 0.088182 0.016220
v 0.038584 0.087197 0.031658
v 0.016445 0.088410 0.052381
v 0.035289 0.087267 0.035280
v 0.031688 0.087195 0.038554
v 0.016230 0.088182 0.052608
v 0.013504 0.092501 0.072368
v 0.013589 0.094297 0.079707
v 0.013411 0.089435 0.058710
v 0.013416 0.089176 0.058721
v 0.013582 0.094014 0.079747
v 0.014089 0.107137 0.139549
v 0.014109 0.107279 0.139526
v 0.014020 0.104949 0.130115
v 0.014187 0.108453 0.148631
v 0.014117 0.107278 0.141637
v 0.014205 0.108231 0.148815
v 0.019095 0.109154 0.155241
v 0.022818 0.109519 0.158978
v 0.015481 0.108799 0.151541
v 0.015559 0.108558 0.151643
v 0.022458 0.109240 0.158656
v 0.028199 0.108245 0.144691
v 0.027246 0.108075 0.143511
v 0.029045 0.108386 0.145677
v 0.028943 0.108124 0.145554
v 0.027280 0.107830 0.143524
v 0.026146 0.107492 0.139516
v 0.026698 0.107897 0.142284
v 0.026888 0.107747 0.142959
v 0.026144 0.107220 0.139336
v 0.026857 0.104971 0.126864
v 0.030226 0.096471 0.085236
v 0.025992 0.107073 0.138377
v 0.030048 0.096744 0.087772
v 0.031923 0.094646 0.075883
v 0.037794 0.092801 0.064646
v 0.030880 0.094758 0.078031
v 0.036542 0.092959 0.067125
v 0.045760 0.091160 0.049748
v 0.037843 0.092556 0.064643
v 0.045641 0.090947 0.050060
v 0.049754 0.091159 0.045753
v 0.050064 0.090947 0.045634
v 0.064653 0.092556 0.037833
v 0.075958 0.094655 0.031880
v 0.064653 0.092801 0.037786
v 0.067132 0.092958 0.036534
v 0.078042 0.094758 0.030870
v 0.126989 0.104994 0.026839
v 0.085479 0.096521 0.030195
v 0.087807 0.096749 0.030036
v 0.138387 0.107073 0.025982
v 0.139523 0.107491 0.026135
v 0.142301 0.107897 0.026690
v 0.139342 0.107219 0.026133
v 0.142969 0.107747 0.026879
v 0.144701 0.108244 0.028189
v 0.145688 0.108387 0.029036
v 0.143521 0.108074 0.027236
v 0.143534 0.107830 0.027270
v 0.145566 0.108124 0.028935
v 0.146333 0.108556 0.032608
v 0.145582 0.108635 0.037635
v 0.146201 0.108484 0.030367
v 0.146208 0.108240 0.030373
v 0.146341 0.108312 0.032628
v 0.145593 0.108386 0.037649
v 0.143052 0.108677 0.046825
v 0.138945 0.108687 0.058168
v 0.143064 0.108431 0.046838
v 0.138964 0.108449 0.058165
v 0.133460 0.108691 0.069648
v 0.128420 0.108684 0.078973
v 0.133503 0.108444 0.069600
v 0.128511 0.108436 0.078842
v 0.125767 0.108686 0.083642
v 0.124562 0.108688 0.085531
v 0.125815 0.108440 0.083594
v 0.124605 0.108445 0.085498
v 0.121683 0.108396 0.086013
v 0.108594 0.106787 0.084597
v 0.121743 0.108157 0.086024
v 0.108589 0.106541 0.084604
v 0.101152 0.106544 0.090433
v 0.096087 0.106582 0.096044
v 0.104928 0.106511 0.085857
v 0.104856 0.106262 0.085965
v 0.101183 0.106304 0.090426
v 0.096083 0.106334 0.096073
v 0.090490 0.106549 0.101104
v 0.085883 0.106508 0.104905
v 0.090437 0.106304 0.101173
v 0.085975 0.106262 0.104846
v 0.086024 0.108389 0.121712
v 0.084606 0.106792 0.108539
v 0.084614 0.106540 0.108574
v 0.086034 0.108157 0.121733
v 0.083656 0.108685 0.125754
v 0.078971 0.108684 0.128417
v 0.085531 0.108689 0.124559
v 0.085508 0.108445 0.124595
v 0.083604 0.108440 0.125805
v 0.078852 0.108436 0.128501
v 0.069661 0.108689 0.133449
v 0.058175 0.108685 0.138937
v 0.069610 0.108444 0.133493
v 0.058175 0.108449 0.138954
v 0.046839 0.108676 0.143041
v 0.037640 0.108632 0.145572
v 0.046848 0.108431 0.143054
v 0.037659 0.108386 0.145583
v 0.032618 0.108555 0.146322
v 0.030376 0.108484 0.146192
v 0.032638 0.108312 0.146331
v 0.030383 0.108240 0.146198
v 0.024284 0.109819 0.160177
v 0.022879 0.109693 0.158872
v 0.024216 0.109638 0.160289
v 0.099948 0.109810 0.127365
v 0.099188 0.109603 0.125212
v 0.098773 0.109829 0.128463
v 0.100127 0.109625 0.127420
v 0.094087 0.108300 0.112125
v 0.094788 0.108499 0.114160
v 0.094224 0.108148 0.112207
v 0.112130 0.108300 0.094081
v 0.114232 0.108502 0.094803
v 0.112218 0.108146 0.094214
v 0.127375 0.109810 0.099938
v 0.128473 0.109829 0.098763
v 0.125359 0.109613 0.099235
v 0.127430 0.109626 0.100117
v 0.160185 0.109821 0.024274
v 0.158883 0.109693 0.022869
v 0.160299 0.109638 0.024205
v 0.150150 0.108841 0.014362
v 0.148422 0.108613 0.014273
v 0.151984 0.109022 0.016037
v 0.150236 0.108661 0.014268
v 0.139573 0.107431 0.014184
v 0.079915 0.094494 0.013667
v 0.055235 0.088831 0.013555
v 0.052128 0.088589 0.016853
v 0.059104 0.089707 0.013498
v 0.055208 0.088615 0.013446
v 0.035345 0.087432 0.035336
v 0.013566 0.088822 0.055187
v 0.013509 0.089716 0.059135
v 0.013456 0.088616 0.055198
v 0.013674 0.094445 0.079686
v 0.014194 0.107425 0.139520
v 0.014372 0.108841 0.150140
v 0.014283 0.108609 0.148376
v 0.014279 0.108664 0.150226
v 0.016096 0.109027 0.152023
v 0.029428 0.108645 0.146192
v 0.029466 0.108451 0.146076
v 0.028836 0.108561 0.145631
v 0.026786 0.108195 0.143097
v 0.026881 0.108003 0.142990
v 0.026543 0.108067 0.142200
v 0.025809 0.107501 0.138329
v 0.025963 0.107319 0.138380
v 0.030690 0.095186 0.078060
v 0.030841 0.095006 0.078047
v 0.031714 0.094845 0.075982
v 0.037650 0.092971 0.064629
v 0.047098 0.091054 0.047088
v 0.047199 0.090895 0.047189
v 0.049840 0.091338 0.045550
v 0.045547 0.091340 0.049854
v 0.064864 0.092996 0.037525
v 0.078044 0.095183 0.030680
v 0.078056 0.095007 0.030831
v 0.138473 0.107523 0.025807
v 0.138390 0.107320 0.025953
v 0.143011 0.108181 0.026733
v 0.143000 0.108003 0.026871
v 0.143872 0.108308 0.027344
v 0.146203 0.108645 0.029419
v 0.146085 0.108449 0.029456
v 0.145751 0.108579 0.028933
v 0.124080 0.108877 0.086292
v 0.124051 0.108687 0.086190
v 0.121671 0.108581 0.086110
v 0.124634 0.108885 0.085589
v 0.106302 0.106712 0.084496
v 0.106214 0.106500 0.084411
v 0.104895 0.106710 0.086049
v 0.084527 0.106706 0.106268
v 0.084420 0.106491 0.106204
v 0.084758 0.107040 0.108962
v 0.086059 0.106710 0.104885
v 0.086320 0.108874 0.124055
v 0.086200 0.108688 0.124041
v 0.085599 0.108885 0.124624
v 0.028091 0.109847 0.159879
v 0.034643 0.109859 0.158447
v 0.047082 0.109864 0.154851
v 0.062167 0.109864 0.149448
v 0.076656 0.109865 0.142595
v 0.088429 0.109863 0.135983
v 0.095367 0.109848 0.131304
v 0.099047 0.108335 0.107918
v 0.103706 0.108359 0.103696
v 0.107928 0.108335 0.099036
v 0.131314 0.109848 0.095357
v 0.135993 0.109863 0.088419
v 0.142605 0.109865 0.076646
v 0.149459 0.109864 0.062157
v 0.154861 0.109864 0.047072
v 0.158457 0.109859 0.034633
v 0.159889 0.109847 0.028081
v 0.108218 0.101346 0.028215
v 0.146430 0.108749 0.032552
v 0.145680 0.108824 0.037585
v 0.143148 0.108869 0.046807
v 0.139042 0.108887 0.058173
v 0.133566 0.108883 0.069638
v 0.128558 0.108874 0.078904
v 0.125853 0.108880 0.083674
v 0.101225 0.106752 0.090496
v 0.096137 0.106782 0.096127
v 0.090506 0.106752 0.101215
v 0.083684 0.108880 0.125843
v 0.078914 0.108874 0.128548
v 0.069648 0.108883 0.133556
v 0.058183 0.108887 0.139032
v 0.046817 0.108869 0.143138
v 0.037595 0.108824 0.145670
v 0.032562 0.108749 0.146420
v 0.024234 0.109404 0.160324
v 0.100161 0.109398 0.127444
v 0.094265 0.107891 0.112237
v 0.112247 0.107891 0.094255
v 0.127454 0.109398 0.100151
v 0.160334 0.109404 0.024224
v 0.150266 0.108420 0.014275
v 0.139589 0.106994 0.014092
v 0.055220 0.088380 0.013455
v 0.035290 0.086979 0.035280
v 0.013465 0.088380 0.055210
v 0.014102 0.106994 0.139579
v 0.014285 0.108420 0.150256
v 0.029489 0.108203 0.146083
v 0.047229 0.090651 0.047219
v 0.146093 0.108203 0.029479
v 0.124071 0.108436 0.086197
v 0.106221 0.106258 0.084421
v 0.084431 0.106258 0.106211
v 0.086207 0.108436 0.124061
v -0.138006 0.109517 0.073129
v -0.134670 0.109118 0.070542
v -0.140326 0.109122 0.058684
v -0.144171 0.109518 0.060153
v -0.141349 0.109844 0.075723
v -0.149712 0.109844 0.057746
v -0.132523 0.109837 0.091128
v -0.129982 0.109505 0.087285
v -0.127352 0.109110 0.083837
v -0.117410 0.108567 0.091187
v -0.115724 0.108066 0.086921
v -0.124664 0.109112 0.087825
v -0.125431 0.109436 0.092429
v -0.119662 0.109054 0.095794
v -0.111270 0.108201 0.092874
v -0.111349 0.107887 0.089724
v -0.106939 0.107051 0.085993
v -0.146740 0.108676 0.020226
v -0.149188 0.108867 0.015919
v -0.158129 0.109772 0.025002
v -0.147872 0.108898 0.028800
v -0.144780 0.108501 0.025465
v -0.108843 0.101286 0.021056
v -0.078758 0.094970 0.022449
v -0.109368 0.101101 0.015766
v -0.138954 0.107611 0.019592
v -0.139451 0.107557 0.015561
v -0.138434 0.107599 0.024075
v -0.108325 0.101401 0.026353
v -0.077609 0.095082 0.028627
v -0.050463 0.090197 0.033367
v -0.042065 0.089678 0.042169
v -0.046544 0.088718 0.026696
v -0.056125 0.089406 0.016546
v -0.063157 0.092502 0.034402
v -0.072707 0.093668 0.022741
v -0.069318 0.093613 0.032280
v -0.060061 0.091125 0.025992
v -0.079905 0.094756 0.015845
v -0.109391 0.107687 0.089439
v -0.098432 0.107691 0.101110
v -0.095744 0.107085 0.098355
v -0.102025 0.107066 0.091608
v -0.102646 0.108263 0.102780
v -0.126941 0.109799 0.098143
v -0.148926 0.109508 0.046927
v -0.144598 0.109105 0.046834
v -0.148032 0.109029 0.033401
v -0.153200 0.109431 0.029509
v -0.157438 0.109826 0.032147
v -0.073073 0.109517 0.138063
v -0.060096 0.109518 0.144228
v -0.058628 0.109122 0.140382
v -0.070486 0.109118 0.134727
v -0.086659 0.109500 0.130324
v -0.083305 0.109107 0.127654
v -0.090974 0.109837 0.132622
v -0.075666 0.109844 0.141406
v -0.057539 0.109844 0.149832
v -0.091131 0.108567 0.117466
v -0.093119 0.109492 0.125755
v -0.087687 0.109110 0.124785
v -0.086865 0.108066 0.115780
v -0.089025 0.107633 0.109272
v -0.086036 0.107077 0.107072
v -0.092879 0.108201 0.111304
v -0.095408 0.108997 0.119152
v -0.097851 0.109793 0.126896
v -0.024821 0.109113 0.150693
v -0.015734 0.108866 0.149311
v -0.020352 0.108670 0.146699
v -0.025352 0.108477 0.144691
v -0.028775 0.108907 0.147990
v -0.024929 0.109779 0.158361
v -0.021000 0.101286 0.108900
v -0.015709 0.101101 0.109424
v -0.023450 0.094596 0.076804
v -0.026304 0.100939 0.106143
v -0.024100 0.107613 0.138586
v -0.019148 0.107629 0.139201
v -0.015568 0.107554 0.139458
v -0.037667 0.090260 0.048195
v -0.026198 0.088776 0.047145
v -0.036997 0.088079 0.037056
v -0.045584 0.090720 0.045729
v -0.025538 0.091024 0.059817
v -0.023784 0.092992 0.069359
v -0.031444 0.093862 0.070792
v -0.028521 0.095049 0.077494
v -0.015688 0.094719 0.079844
v -0.016707 0.089497 0.056480
v -0.034588 0.092573 0.063502
v -0.046871 0.109508 0.148982
v -0.030948 0.109444 0.153032
v -0.033126 0.109025 0.148116
v -0.046778 0.109105 0.144654
v -0.032389 0.109827 0.157448
v -0.159960 0.109672 0.028024
v -0.158529 0.109686 0.034583
v -0.160207 0.109655 0.025215
v -0.160238 0.109414 0.025296
v -0.159991 0.109429 0.028068
v -0.158553 0.109441 0.034641
v -0.154941 0.109687 0.047033
v -0.149519 0.109690 0.062198
v -0.154955 0.109446 0.047117
v -0.149545 0.109447 0.062240
v -0.142652 0.109688 0.076719
v -0.136022 0.109690 0.088514
v -0.142676 0.109448 0.076759
v -0.136041 0.109445 0.088562
v -0.131317 0.109676 0.095487
v -0.128464 0.109657 0.098917
v -0.131334 0.109431 0.095538
v -0.128475 0.109412 0.098972
v -0.114230 0.108351 0.094950
v -0.125361 0.109437 0.099405
v -0.125370 0.109201 0.099434
v -0.114183 0.108085 0.094966
v -0.107971 0.108169 0.099121
v -0.103742 0.108180 0.103797
v -0.110984 0.108138 0.095496
v -0.111030 0.107894 0.095511
v -0.107982 0.107927 0.099175
v -0.103769 0.107950 0.103825
v -0.099061 0.108169 0.108031
v -0.095445 0.108136 0.111038
v -0.099119 0.107927 0.108039
v -0.095454 0.107894 0.111086
v -0.099351 0.109434 0.125418
v -0.094893 0.108344 0.114280
v -0.094909 0.108085 0.114240
v -0.099379 0.109202 0.125431
v -0.095436 0.109672 0.131372
v -0.088457 0.109688 0.136079
v -0.098865 0.109656 0.128516
v -0.098915 0.109412 0.128532
v -0.095481 0.109431 0.131390
v -0.088506 0.109445 0.136097
v -0.076659 0.109691 0.142709
v -0.062136 0.109693 0.149577
v -0.076703 0.109448 0.142733
v -0.062184 0.109447 0.149602
v -0.046989 0.109686 0.154994
v -0.034519 0.109684 0.158587
v -0.047060 0.109446 0.155011
v -0.034585 0.109441 0.158610
v -0.027967 0.109672 0.160017
v -0.025165 0.109656 0.160263
v -0.028011 0.109429 0.160047
v -0.025239 0.109414 0.160295
v -0.019042 0.109155 0.155255
v -0.015418 0.108797 0.151546
v -0.022763 0.109518 0.158990
v -0.022392 0.109240 0.158656
v -0.015492 0.108558 0.151643
v -0.014120 0.108452 0.148611
v -0.014138 0.108231 0.148815
v -0.014050 0.107275 0.141618
v -0.014023 0.107134 0.139538
v -0.014043 0.107277 0.139516
v -0.013953 0.104948 0.130112
v -0.013438 0.092507 0.072398
v -0.013345 0.089435 0.058711
v -0.013523 0.094302 0.079731
v -0.013515 0.094014 0.079747
v -0.013349 0.089180 0.058739
v -0.016384 0.088408 0.052375
v -0.035210 0.087125 0.035272
v -0.035223 0.087267 0.035280
v -0.016163 0.088182 0.052608
v -0.031611 0.087196 0.038565
v -0.052345 0.088410 0.016412
v -0.038507 0.087196 0.031669
v -0.052551 0.088182 0.016220
v -0.072172 0.092469 0.013492
v -0.079647 0.094296 0.013579
v -0.058645 0.089431 0.013401
v -0.058695 0.089183 0.013406
v -0.079691 0.094014 0.013571
v -0.139491 0.107137 0.014079
v -0.139468 0.107279 0.014099
v -0.130061 0.104949 0.014010
v -0.148580 0.108453 0.014178
v -0.141547 0.107273 0.014107
v -0.148759 0.108231 0.014195
v -0.155131 0.109152 0.019033
v -0.158935 0.109519 0.022820
v -0.151497 0.108801 0.015483
v -0.151587 0.108558 0.015549
v -0.158599 0.109240 0.022447
v -0.144644 0.108243 0.028198
v -0.143455 0.108075 0.027236
v -0.145620 0.108386 0.029034
v -0.145504 0.108125 0.028938
v -0.143467 0.107830 0.027270
v -0.139461 0.107492 0.026136
v -0.142226 0.107897 0.026687
v -0.142901 0.107747 0.026878
v -0.139280 0.107220 0.026134
v -0.126954 0.105000 0.026836
v -0.085098 0.096457 0.030221
v -0.138320 0.107073 0.025982
v -0.087768 0.096754 0.030034
v -0.075840 0.094647 0.031907
v -0.064592 0.092802 0.037783
v -0.077974 0.094758 0.030870
v -0.067074 0.092960 0.036529
v -0.049710 0.091163 0.045740
v -0.064585 0.092556 0.037834
v -0.050011 0.090948 0.045627
v -0.045709 0.091155 0.049722
v -0.037733 0.092799 0.064636
v -0.045576 0.090947 0.050056
v -0.037777 0.092556 0.064643
v -0.031841 0.094649 0.075916
v -0.036470 0.092961 0.067135
v -0.030814 0.094758 0.078029
v -0.026770 0.105024 0.127128
v -0.030139 0.096519 0.085462
v -0.029980 0.096750 0.087801
v -0.025924 0.107073 0.138375
v -0.026076 0.107492 0.139502
v -0.026633 0.107894 0.142287
v -0.026077 0.107220 0.139334
v -0.026820 0.107747 0.142956
v -0.028078 0.108241 0.144628
v -0.028982 0.108387 0.145680
v -0.027159 0.108060 0.143478
v -0.027375 0.107862 0.143748
v -0.029388 0.108201 0.146073
v -0.032552 0.108556 0.146323
v -0.037577 0.108632 0.145572
v -0.030311 0.108484 0.146192
v -0.030316 0.108240 0.146198
v -0.032572 0.108311 0.146331
v -0.037592 0.108386 0.145583
v -0.046771 0.108676 0.143041
v -0.058110 0.108686 0.138936
v -0.046781 0.108430 0.143054
v -0.058109 0.108449 0.138954
v -0.069595 0.108690 0.133449
v -0.078913 0.108684 0.128412
v -0.069543 0.108444 0.133493
v -0.078786 0.108436 0.128501
v -0.083589 0.108686 0.125755
v -0.085474 0.108690 0.124553
v -0.083537 0.108440 0.125805
v -0.085441 0.108445 0.124595
v -0.084536 0.106774 0.108542
v -0.085951 0.108397 0.121587
v -0.085963 0.108150 0.121681
v -0.084544 0.106538 0.108549
v -0.090381 0.106543 0.101139
v -0.095987 0.106584 0.096077
v -0.085804 0.106511 0.104915
v -0.085909 0.106262 0.104846
v -0.090370 0.106304 0.101173
v -0.096016 0.106334 0.096073
v -0.101092 0.106558 0.090432
v -0.104815 0.106502 0.085908
v -0.101117 0.106304 0.090426
v -0.104790 0.106262 0.085965
v -0.121655 0.108389 0.086014
v -0.108483 0.106792 0.084596
v -0.106172 0.106258 0.084404
v -0.121621 0.108150 0.086019
v -0.125697 0.108682 0.083646
v -0.128355 0.108680 0.078970
v -0.124501 0.108689 0.085523
v -0.124539 0.108445 0.085498
v -0.125749 0.108440 0.083594
v -0.128445 0.108436 0.078842
v -0.133393 0.108688 0.069651
v -0.138881 0.108687 0.058164
v -0.133437 0.108444 0.069600
v -0.138897 0.108449 0.058165
v -0.142985 0.108678 0.046829
v -0.145516 0.108632 0.037632
v -0.142997 0.108430 0.046838
v -0.145527 0.108386 0.037649
v -0.146265 0.108552 0.032609
v -0.146134 0.108481 0.030364
v -0.146275 0.108311 0.032628
v -0.146142 0.108240 0.030373
v -0.160120 0.109819 0.024275
v -0.158816 0.109693 0.022869
v -0.160232 0.109637 0.024205
v -0.127309 0.109810 0.099938
v -0.125153 0.109603 0.099177
v -0.128407 0.109829 0.098763
v -0.127364 0.109625 0.100117
v -0.112068 0.108300 0.094077
v -0.114104 0.108499 0.094778
v -0.112150 0.108148 0.094214
v -0.094024 0.108300 0.112120
v -0.094749 0.108502 0.114227
v -0.094158 0.108144 0.112209
v -0.099882 0.109810 0.127365
v -0.098706 0.109829 0.128463
v -0.099179 0.109613 0.125349
v -0.100062 0.109625 0.127421
v -0.024218 0.109821 0.160175
v -0.022813 0.109693 0.158872
v -0.024148 0.109636 0.160290
v -0.014306 0.108841 0.150140
v -0.014215 0.108612 0.148402
v -0.015974 0.109021 0.151968
v -0.014211 0.108659 0.150226
v -0.014128 0.107431 0.139561
v -0.013611 0.094495 0.079908
v -0.013499 0.088831 0.055225
v -0.016825 0.088587 0.052092
v -0.013442 0.089695 0.059046
v -0.013389 0.088614 0.055198
v -0.035279 0.087432 0.035336
v -0.055130 0.088822 0.013556
v -0.059072 0.089714 0.013499
v -0.055141 0.088616 0.013446
v -0.079638 0.094446 0.013664
v -0.139464 0.107425 0.014184
v -0.150084 0.108841 0.014362
v -0.148345 0.108612 0.014272
v -0.150169 0.108666 0.014269
v -0.151963 0.109026 0.016083
v -0.146135 0.108645 0.029418
v -0.146020 0.108451 0.029456
v -0.145576 0.108561 0.028827
v -0.143039 0.108195 0.026775
v -0.142934 0.108002 0.026871
v -0.142143 0.108067 0.026533
v -0.138273 0.107502 0.025799
v -0.138324 0.107320 0.025953
v -0.078004 0.095186 0.030680
v -0.077991 0.095006 0.030831
v -0.075926 0.094845 0.031704
v -0.064573 0.092971 0.037640
v -0.047031 0.091054 0.047088
v -0.047133 0.090894 0.047189
v -0.045512 0.091334 0.049796
v -0.049760 0.091336 0.045557
v -0.037469 0.092996 0.064852
v -0.030623 0.095183 0.078035
v -0.030774 0.095009 0.078046
v -0.025750 0.107523 0.138463
v -0.025897 0.107320 0.138381
v -0.026677 0.108181 0.143001
v -0.026815 0.108000 0.142990
v -0.027285 0.108308 0.143860
v -0.029362 0.108645 0.146192
v -0.029399 0.108452 0.146076
v -0.028876 0.108579 0.145741
v -0.086236 0.108877 0.124070
v -0.086135 0.108690 0.124041
v -0.086054 0.108581 0.121654
v -0.085533 0.108885 0.124624
v -0.084439 0.106712 0.106293
v -0.084356 0.106501 0.106204
v -0.085993 0.106710 0.104885
v -0.106212 0.106706 0.084517
v -0.106147 0.106490 0.084410
v -0.108903 0.107040 0.084748
v -0.104829 0.106710 0.086049
v -0.123999 0.108874 0.086310
v -0.123985 0.108688 0.086191
v -0.124567 0.108885 0.085589
v -0.159822 0.109847 0.028081
v -0.158390 0.109859 0.034633
v -0.154795 0.109864 0.047072
v -0.149392 0.109864 0.062157
v -0.142538 0.109865 0.076646
v -0.135926 0.109863 0.088419
v -0.131247 0.109848 0.095357
v -0.107861 0.108335 0.099036
v -0.103639 0.108359 0.103696
v -0.098980 0.108335 0.107917
v -0.095301 0.109848 0.131304
v -0.088363 0.109863 0.135983
v -0.076590 0.109865 0.142595
v -0.062101 0.109864 0.149448
v -0.047016 0.109864 0.154851
v -0.034577 0.109859 0.158447
v -0.028024 0.109847 0.159879
v -0.028159 0.101346 0.108208
v -0.032495 0.108749 0.146420
v -0.037528 0.108824 0.145670
v -0.046750 0.108869 0.143138
v -0.058117 0.108887 0.139032
v -0.069581 0.108883 0.133556
v -0.078848 0.108874 0.128548
v -0.083617 0.108880 0.125843
v -0.090439 0.106752 0.101214
v -0.096071 0.106782 0.096127
v -0.101158 0.106752 0.090496
v -0.125787 0.108880 0.083674
v -0.128491 0.108874 0.078904
v -0.133500 0.108883 0.069638
v -0.138975 0.108887 0.058173
v -0.143082 0.108869 0.046807
v -0.145614 0.108824 0.037585
v -0.146364 0.108749 0.032552
v -0.160268 0.109404 0.024224
v -0.127387 0.109398 0.100151
v -0.112181 0.107891 0.094255
v -0.094198 0.107891 0.112237
v -0.100094 0.109398 0.127444
v -0.024168 0.109404 0.160324
v -0.014219 0.108420 0.150256
v -0.014035 0.106994 0.139579
v -0.013399 0.088380 0.055210
v -0.035223 0.086979 0.035280
v -0.055154 0.088380 0.013455
v -0.139523 0.106994 0.014092
v -0.150200 0.108420 0.014275
v -0.146026 0.108203 0.029479
v -0.047162 0.090651 0.047219
v -0.086140 0.108436 0.124061
v -0.084364 0.106258 0.106211
v -0.124004 0.108436 0.086197
v -0.073073 0.109517 -0.138017
v -0.070486 0.109118 -0.134680
v -0.058628 0.109122 -0.140336
v -0.060096 0.109518 -0.144181
v -0.075666 0.109844 -0.141359
v -0.057687 0.109844 -0.149723
v -0.091062 0.109837 -0.132539
v -0.087235 0.109505 -0.129987
v -0.083789 0.109110 -0.127357
v -0.091131 0.108567 -0.117420
v -0.086865 0.108066 -0.115734
v -0.087769 0.109112 -0.124673
v -0.092372 0.109436 -0.125440
v -0.095738 0.109054 -0.119672
v -0.092817 0.108201 -0.111280
v -0.089667 0.107887 -0.111360
v -0.085936 0.107051 -0.106950
v -0.020170 0.108676 -0.146750
v -0.015863 0.108867 -0.149198
v -0.024947 0.109772 -0.158139
v -0.028745 0.108898 -0.147882
v -0.025410 0.108502 -0.144793
v -0.021000 0.101286 -0.108853
v -0.022394 0.094970 -0.078772
v -0.015709 0.101101 -0.109378
v -0.019536 0.107611 -0.138964
v -0.015505 0.107557 -0.139461
v -0.024019 0.107599 -0.138444
v -0.026297 0.101401 -0.108335
v -0.028570 0.095082 -0.077619
v -0.033310 0.090197 -0.050473
v -0.042118 0.089680 -0.042080
v -0.026640 0.088718 -0.046554
v -0.016491 0.089405 -0.056134
v -0.034347 0.092502 -0.063168
v -0.022687 0.093666 -0.072707
v -0.032223 0.093613 -0.069330
v -0.025934 0.091125 -0.060071
v -0.015788 0.094755 -0.079910
v -0.089386 0.107687 -0.109398
v -0.101050 0.107691 -0.098450
v -0.098289 0.107085 -0.095763
v -0.091552 0.107066 -0.102036
v -0.102712 0.108263 -0.102667
v -0.098087 0.109799 -0.126951
v -0.046871 0.109508 -0.148936
v -0.046778 0.109105 -0.144608
v -0.033350 0.109029 -0.148041
v -0.029452 0.109431 -0.153211
v -0.032089 0.109826 -0.157449
v -0.138006 0.109517 -0.073083
v -0.144171 0.109518 -0.060106
v -0.140326 0.109122 -0.058638
v -0.134670 0.109118 -0.070496
v -0.130260 0.109500 -0.086682
v -0.127592 0.109107 -0.083327
v -0.132564 0.109837 -0.090985
v -0.141349 0.109844 -0.075676
v -0.149776 0.109844 -0.057548
v -0.117410 0.108567 -0.091141
v -0.125699 0.109492 -0.093129
v -0.124726 0.109110 -0.087699
v -0.115724 0.108066 -0.086875
v -0.109217 0.107633 -0.089035
v -0.107016 0.107077 -0.086045
v -0.111247 0.108201 -0.092890
v -0.119096 0.108997 -0.095418
v -0.126841 0.109793 -0.097860
v -0.150637 0.109113 -0.024821
v -0.149254 0.108866 -0.015743
v -0.146642 0.108670 -0.020359
v -0.144633 0.108477 -0.025361
v -0.147935 0.108907 -0.028788
v -0.158304 0.109779 -0.024940
v -0.108843 0.101286 -0.021010
v -0.109368 0.101101 -0.015720
v -0.076739 0.094594 -0.023465
v -0.106044 0.100931 -0.026320
v -0.138526 0.107613 -0.024111
v -0.139144 0.107629 -0.019155
v -0.139402 0.107554 -0.015578
v -0.048126 0.090263 -0.037719
v -0.047133 0.088777 -0.026149
v -0.036998 0.088079 -0.037007
v -0.045673 0.090720 -0.045593
v -0.059764 0.091025 -0.025552
v -0.069302 0.092992 -0.023794
v -0.070736 0.093862 -0.031454
v -0.077432 0.095048 -0.028534
v -0.079781 0.094718 -0.015698
v -0.056428 0.089498 -0.016714
v -0.063445 0.092574 -0.034600
v -0.148926 0.109508 -0.046881
v -0.152977 0.109444 -0.030957
v -0.148059 0.109025 -0.033137
v -0.144598 0.109105 -0.046788
v -0.157388 0.109827 -0.032412
v -0.027969 0.109672 -0.159970
v -0.034526 0.109685 -0.158539
v -0.025154 0.109655 -0.160217
v -0.025239 0.109414 -0.160249
v -0.028011 0.109429 -0.160001
v -0.034585 0.109441 -0.158563
v -0.046979 0.109686 -0.154950
v -0.062141 0.109690 -0.149529
v -0.047060 0.109446 -0.154965
v -0.062184 0.109447 -0.149555
v -0.076659 0.109690 -0.142663
v -0.088461 0.109688 -0.136030
v -0.076703 0.109448 -0.142686
v -0.088506 0.109445 -0.136051
v -0.095431 0.109676 -0.131328
v -0.098864 0.109655 -0.128472
v -0.095481 0.109431 -0.131344
v -0.098915 0.109412 -0.128485
v -0.094876 0.108331 -0.114178
v -0.099337 0.109444 -0.125345
v -0.099378 0.109202 -0.125382
v -0.094909 0.108085 -0.114193
v -0.099069 0.108167 -0.107979
v -0.103740 0.108181 -0.103753
v -0.095402 0.108142 -0.111023
v -0.095454 0.107894 -0.111040
v -0.099118 0.107927 -0.107992
v -0.103769 0.107950 -0.103779
v -0.107974 0.108168 -0.099072
v -0.111013 0.108143 -0.095412
v -0.107982 0.107927 -0.099129
v -0.111030 0.107894 -0.095464
v -0.125353 0.109441 -0.099354
v -0.114166 0.108323 -0.094887
v -0.114183 0.108085 -0.094919
v -0.125373 0.109202 -0.099388
v -0.131314 0.109672 -0.095447
v -0.136023 0.109690 -0.088464
v -0.128457 0.109654 -0.098880
v -0.128475 0.109412 -0.098925
v -0.131334 0.109431 -0.095491
v -0.136041 0.109445 -0.088516
v -0.142655 0.109691 -0.076665
v -0.149520 0.109692 -0.062148
v -0.142676 0.109448 -0.076713
v -0.149545 0.109447 -0.062194
v -0.154936 0.109688 -0.047003
v -0.158532 0.109684 -0.034526
v -0.154955 0.109446 -0.047070
v -0.158553 0.109441 -0.034595
v -0.159960 0.109672 -0.027981
v -0.160208 0.109654 -0.025170
v -0.159991 0.109429 -0.028021
v -0.160238 0.109414 -0.025249
v -0.155199 0.109156 -0.019053
v -0.151492 0.108796 -0.015430
v -0.158931 0.109518 -0.022770
v -0.158601 0.109241 -0.022404
v -0.151587 0.108558 -0.015503
v -0.148554 0.108451 -0.014130
v -0.148759 0.108231 -0.014148
v -0.141528 0.107271 -0.014060
v -0.139479 0.107134 -0.014033
v -0.139461 0.107277 -0.014053
v -0.130056 0.104948 -0.013963
v -0.072318 0.092502 -0.013448
v -0.058648 0.089433 -0.013355
v -0.079666 0.094300 -0.013533
v -0.079691 0.094014 -0.013525
v -0.058730 0.089191 -0.013359
v -0.052328 0.088409 -0.016385
v -0.052551 0.088182 -0.016174
v -0.038509 0.087196 -0.031621
v -0.016379 0.088408 -0.052334
v -0.035213 0.087125 -0.035222
v -0.035224 0.087267 -0.035233
v -0.031606 0.087196 -0.038523
v -0.016163 0.088182 -0.052561
v -0.013437 0.092491 -0.072281
v -0.013523 0.094298 -0.079663
v -0.013345 0.089430 -0.058644
v -0.013349 0.089185 -0.058715
v -0.013515 0.094014 -0.079701
v -0.014023 0.107134 -0.139487
v -0.014043 0.107278 -0.139473
v -0.013953 0.104946 -0.130058
v -0.014120 0.108451 -0.148564
v -0.014050 0.107275 -0.141575
v -0.014138 0.108231 -0.148769
v -0.018999 0.109153 -0.155164
v -0.022761 0.109518 -0.158942
v -0.015419 0.108800 -0.151500
v -0.015492 0.108558 -0.151597
v -0.022389 0.109240 -0.158606
v -0.028081 0.108239 -0.144585
v -0.027159 0.108059 -0.143432
v -0.028979 0.108386 -0.145631
v -0.029389 0.108201 -0.146026
v -0.027373 0.107861 -0.143699
v -0.026073 0.107489 -0.139440
v -0.026634 0.107895 -0.142243
v -0.026820 0.107747 -0.142909
v -0.026077 0.107219 -0.139285
v -0.026788 0.104979 -0.126862
v -0.030153 0.096486 -0.085259
v -0.025925 0.107073 -0.138328
v -0.029999 0.096700 -0.087512
v -0.031853 0.094645 -0.075848
v -0.030814 0.094758 -0.077984
v -0.036447 0.092968 -0.067133
v -0.045696 0.091158 -0.049700
v -0.037729 0.092801 -0.064597
v -0.037777 0.092556 -0.064597
v -0.045579 0.090947 -0.050005
v -0.049674 0.091157 -0.045715
v -0.064579 0.092800 -0.037743
v -0.050002 0.090947 -0.045585
v -0.064585 0.092556 -0.037788
v -0.075874 0.094650 -0.031844
v -0.067085 0.092962 -0.036477
v -0.077974 0.094758 -0.030824
v -0.126822 0.104975 -0.026800
v -0.085452 0.096528 -0.030146
v -0.087735 0.096748 -0.029990
v -0.138318 0.107073 -0.025934
v -0.139432 0.107489 -0.026084
v -0.142231 0.107895 -0.026643
v -0.139272 0.107219 -0.026087
v -0.142899 0.107747 -0.026831
v -0.144571 0.108239 -0.028088
v -0.145624 0.108386 -0.028992
v -0.143422 0.108060 -0.027169
v -0.143681 0.107860 -0.027377
v -0.146016 0.108201 -0.029399
v -0.146265 0.108552 -0.032561
v -0.145516 0.108631 -0.037588
v -0.146134 0.108481 -0.030317
v -0.146142 0.108240 -0.030326
v -0.146275 0.108311 -0.032582
v -0.145527 0.108386 -0.037602
v -0.142985 0.108677 -0.046781
v -0.138879 0.108688 -0.058124
v -0.142997 0.108430 -0.046791
v -0.138897 0.108449 -0.058119
v -0.133394 0.108688 -0.069601
v -0.128353 0.108679 -0.078927
v -0.133437 0.108444 -0.069553
v -0.128445 0.108436 -0.078796
v -0.125698 0.108682 -0.083599
v -0.124494 0.108687 -0.085486
v -0.125749 0.108440 -0.083548
v -0.124539 0.108445 -0.085451
v -0.108487 0.106774 -0.084546
v -0.121531 0.108397 -0.085961
v -0.121627 0.108151 -0.085973
v -0.108493 0.106538 -0.084554
v -0.101080 0.106545 -0.090393
v -0.096005 0.106592 -0.096017
v -0.104865 0.106509 -0.085806
v -0.104790 0.106262 -0.085919
v -0.101117 0.106304 -0.090380
v -0.096016 0.106334 -0.096026
v -0.090379 0.106547 -0.101094
v -0.085807 0.106506 -0.104865
v -0.090370 0.106304 -0.101127
v -0.085909 0.106262 -0.104800
v -0.084540 0.106787 -0.108511
v -0.085956 0.108398 -0.121630
v -0.084547 0.106541 -0.108531
v -0.085968 0.108157 -0.121686
v -0.083590 0.108683 -0.125708
v -0.078917 0.108680 -0.128362
v -0.085465 0.108691 -0.124512
v -0.085441 0.108445 -0.124549
v -0.083537 0.108440 -0.125759
v -0.078786 0.108436 -0.128455
v -0.069593 0.108687 -0.133403
v -0.058107 0.108686 -0.138891
v -0.069543 0.108444 -0.133447
v -0.058109 0.108449 -0.138907
v -0.046772 0.108678 -0.142995
v -0.037577 0.108632 -0.145526
v -0.046781 0.108430 -0.143007
v -0.037592 0.108386 -0.145537
v -0.032552 0.108552 -0.146275
v -0.030308 0.108481 -0.146144
v -0.032572 0.108311 -0.146285
v -0.030316 0.108240 -0.146152
v -0.024217 0.109819 -0.160131
v -0.022813 0.109693 -0.158826
v -0.024149 0.109638 -0.160243
v -0.099882 0.109810 -0.127319
v -0.099123 0.109604 -0.125168
v -0.098706 0.109829 -0.128417
v -0.100062 0.109624 -0.127374
v -0.094020 0.108300 -0.112078
v -0.094722 0.108499 -0.114114
v -0.094162 0.108140 -0.112164
v -0.112063 0.108300 -0.094034
v -0.114169 0.108502 -0.094758
v -0.112155 0.108138 -0.094172
v -0.127309 0.109810 -0.099892
v -0.128407 0.109829 -0.098716
v -0.125293 0.109613 -0.099189
v -0.127365 0.109624 -0.100072
v -0.160089 0.109818 -0.024192
v -0.158816 0.109693 -0.022823
v -0.160065 0.109832 -0.025270
v -0.160233 0.109635 -0.024159
v -0.150084 0.108841 -0.014316
v -0.148346 0.108612 -0.014225
v -0.151910 0.109021 -0.015983
v -0.150169 0.108658 -0.014221
v -0.139506 0.107431 -0.014138
v -0.079867 0.094499 -0.013621
v -0.055168 0.088831 -0.013509
v -0.052032 0.088587 -0.016838
v -0.058986 0.089695 -0.013451
v -0.055141 0.088614 -0.013399
v -0.035280 0.087432 -0.035289
v -0.013500 0.088822 -0.055140
v -0.013442 0.089714 -0.059079
v -0.013389 0.088616 -0.055152
v -0.013608 0.094447 -0.079651
v -0.014128 0.107425 -0.139473
v -0.014306 0.108841 -0.150094
v -0.014215 0.108607 -0.148320
v -0.014212 0.108665 -0.150179
v -0.016022 0.109026 -0.151969
v -0.029362 0.108645 -0.146145
v -0.029399 0.108453 -0.146030
v -0.028772 0.108561 -0.145588
v -0.026720 0.108195 -0.143051
v -0.026816 0.107999 -0.142944
v -0.026479 0.108068 -0.142159
v -0.025742 0.107502 -0.138284
v -0.025897 0.107320 -0.138335
v -0.030623 0.095187 -0.078015
v -0.030774 0.095007 -0.078000
v -0.031662 0.094841 -0.075910
v -0.037583 0.092971 -0.064584
v -0.047031 0.091054 -0.047041
v -0.047133 0.090893 -0.047143
v -0.049734 0.091334 -0.045525
v -0.045478 0.091341 -0.049810
v -0.064793 0.092996 -0.037480
v -0.077979 0.095183 -0.030634
v -0.077990 0.095006 -0.030785
v -0.138408 0.107523 -0.025760
v -0.138325 0.107320 -0.025907
v -0.142944 0.108181 -0.026686
v -0.142933 0.107999 -0.026825
v -0.143793 0.108307 -0.027288
v -0.146135 0.108645 -0.029372
v -0.146020 0.108452 -0.029410
v -0.145685 0.108579 -0.028886
v -0.124014 0.108877 -0.086246
v -0.123985 0.108689 -0.086144
v -0.121597 0.108581 -0.086063
v -0.124567 0.108885 -0.085543
v -0.106237 0.106712 -0.084449
v -0.106147 0.106501 -0.084366
v -0.104829 0.106710 -0.086003
v -0.084460 0.106706 -0.106222
v -0.084355 0.106491 -0.106156
v -0.084687 0.107035 -0.108874
v -0.085993 0.106710 -0.104839
v -0.086254 0.108874 -0.124009
v -0.086134 0.108690 -0.123996
v -0.085533 0.108885 -0.124577
v -0.028024 0.109847 -0.159833
v -0.034577 0.109859 -0.158400
v -0.047016 0.109864 -0.154805
v -0.062101 0.109864 -0.149402
v -0.076589 0.109865 -0.142548
v -0.088363 0.109863 -0.135936
v -0.095301 0.109848 -0.131257
v -0.098980 0.108335 -0.107871
v -0.103639 0.108359 -0.103649
v -0.107861 0.108335 -0.098990
v -0.131247 0.109848 -0.095311
v -0.135926 0.109863 -0.088373
v -0.142538 0.109865 -0.076600
v -0.149392 0.109864 -0.062111
v -0.154795 0.109864 -0.047026
v -0.158390 0.109859 -0.034587
v -0.159822 0.109847 -0.028034
v -0.108152 0.101346 -0.028169
v -0.146364 0.108749 -0.032506
v -0.145614 0.108824 -0.037538
v -0.143082 0.108869 -0.046761
v -0.138975 0.108887 -0.058127
v -0.133499 0.108883 -0.069591
v -0.128491 0.108874 -0.078858
v -0.125787 0.108880 -0.083627
v -0.101158 0.106752 -0.090449
v -0.096071 0.106782 -0.096081
v -0.090439 0.106752 -0.101168
v -0.083617 0.108880 -0.125797
v -0.078847 0.108874 -0.128501
v -0.069581 0.108883 -0.133510
v -0.058117 0.108887 -0.138985
v -0.046750 0.108869 -0.143092
v -0.037528 0.108824 -0.145624
v -0.032495 0.108749 -0.146374
v -0.024168 0.109404 -0.160278
v -0.100094 0.109398 -0.127397
v -0.094198 0.107891 -0.112191
v -0.112181 0.107891 -0.094208
v -0.127387 0.109398 -0.100104
v -0.160268 0.109404 -0.024178
v -0.150200 0.108420 -0.014229
v -0.139523 0.106994 -0.014045
v -0.055154 0.088380 -0.013409
v -0.035223 0.086979 -0.035233
v -0.013399 0.088380 -0.055164
v -0.014035 0.106994 -0.139533
v -0.014219 0.108420 -0.150210
v -0.047162 0.090651 -0.047173
v -0.124004 0.108436 -0.086150
v -0.106155 0.106258 -0.084374
v -0.084364 0.106258 -0.106165
v -0.086140 0.108436 -0.124014
v 0.138073 0.109517 -0.073083
v 0.134737 0.109118 -0.070496
v 0.140392 0.109122 -0.058638
v 0.144238 0.109518 -0.060106
v 0.141416 0.109844 -0.075676
v 0.149781 0.109844 -0.057692
v 0.132590 0.109837 -0.091080
v 0.130049 0.109505 -0.087237
v 0.127414 0.109110 -0.083796
v 0.117476 0.108567 -0.091141
v 0.115790 0.108066 -0.086875
v 0.124730 0.109112 -0.087779
v 0.125497 0.109436 -0.092383
v 0.119725 0.109054 -0.095746
v 0.111337 0.108201 -0.092827
v 0.111416 0.107887 -0.089677
v 0.107005 0.107051 -0.085947
v 0.146808 0.108676 -0.020177
v 0.149255 0.108867 -0.015874
v 0.158196 0.109772 -0.024957
v 0.147939 0.108898 -0.028751
v 0.144847 0.108501 -0.025418
v 0.108910 0.101286 -0.021010
v 0.078822 0.094969 -0.022404
v 0.109434 0.101101 -0.015720
v 0.139021 0.107611 -0.019548
v 0.139518 0.107557 -0.015515
v 0.138503 0.107599 -0.024028
v 0.108391 0.101401 -0.026307
v 0.077677 0.095082 -0.028579
v 0.050530 0.090197 -0.033320
v 0.042132 0.089679 -0.042125
v 0.046611 0.088718 -0.026650
v 0.056191 0.089406 -0.016503
v 0.063227 0.092502 -0.034356
v 0.072796 0.093673 -0.022698
v 0.069372 0.093611 -0.032242
v 0.060127 0.091125 -0.025944
v 0.079979 0.094757 -0.015797
v 0.109454 0.107687 -0.089397
v 0.098498 0.107691 -0.101067
v 0.095808 0.107085 -0.098311
v 0.102092 0.107066 -0.091562
v 0.102724 0.108263 -0.102721
v 0.127007 0.109799 -0.098097
v 0.148992 0.109508 -0.046881
v 0.144664 0.109105 -0.046788
v 0.148098 0.109029 -0.033357
v 0.153267 0.109431 -0.029463
v 0.157505 0.109826 -0.032097
v 0.073139 0.109517 -0.138017
v 0.060163 0.109518 -0.144181
v 0.058694 0.109122 -0.140336
v 0.070552 0.109118 -0.134680
v 0.086727 0.109500 -0.130277
v 0.083382 0.109107 -0.127602
v 0.091041 0.109837 -0.132575
v 0.075733 0.109844 -0.141359
v 0.057604 0.109844 -0.149786
v 0.091197 0.108567 -0.117420
v 0.093186 0.109492 -0.125710
v 0.087755 0.109110 -0.124736
v 0.086932 0.108066 -0.115734
v 0.089088 0.107633 -0.109227
v 0.086102 0.107077 -0.107025
v 0.092947 0.108201 -0.111257
v 0.095475 0.108997 -0.119106
v 0.097917 0.109793 -0.126851
v 0.024873 0.109112 -0.150646
v 0.015799 0.108866 -0.149265
v 0.020418 0.108670 -0.146650
v 0.025417 0.108477 -0.144642
v 0.028844 0.108907 -0.147944
v 0.024996 0.109779 -0.158314
v 0.021066 0.101286 -0.108853
v 0.015776 0.101101 -0.109378
v 0.023519 0.094595 -0.076751
v 0.026377 0.100931 -0.106059
v 0.024166 0.107613 -0.138536
v 0.019212 0.107629 -0.139153
v 0.015634 0.107554 -0.139411
v 0.037783 0.090265 -0.048142
v 0.026248 0.088776 -0.047109
v 0.037066 0.088080 -0.037009
v 0.045650 0.090720 -0.045683
v 0.025609 0.091025 -0.059774
v 0.023850 0.092992 -0.069312
v 0.031510 0.093862 -0.070746
v 0.028590 0.095049 -0.077442
v 0.015754 0.094719 -0.079795
v 0.016773 0.089498 -0.056435
v 0.034657 0.092574 -0.063455
v 0.046937 0.109508 -0.148936
v 0.031018 0.109444 -0.152986
v 0.033197 0.109025 -0.148068
v 0.046844 0.109105 -0.144608
v 0.032470 0.109827 -0.157398
v 0.160027 0.109672 -0.027979
v 0.158597 0.109685 -0.034532
v 0.160273 0.109656 -0.025167
v 0.160305 0.109414 -0.025249
v 0.160057 0.109429 -0.028021
v 0.158620 0.109441 -0.034595
v 0.155005 0.109684 -0.046998
v 0.149586 0.109692 -0.062148
v 0.155021 0.109446 -0.047070
v 0.149612 0.109447 -0.062194
v 0.142720 0.109692 -0.076665
v 0.136087 0.109688 -0.088470
v 0.142743 0.109448 -0.076713
v 0.136108 0.109445 -0.088516
v 0.131381 0.109674 -0.095445
v 0.128531 0.109655 -0.098870
v 0.131400 0.109431 -0.095491
v 0.128542 0.109412 -0.098925
v 0.114304 0.108349 -0.094908
v 0.125433 0.109435 -0.099363
v 0.125442 0.109202 -0.099390
v 0.114250 0.108085 -0.094919
v 0.108045 0.108169 -0.099066
v 0.103807 0.108180 -0.103752
v 0.111055 0.108134 -0.095447
v 0.111096 0.107894 -0.095464
v 0.108049 0.107927 -0.099129
v 0.103835 0.107950 -0.103779
v 0.099130 0.108169 -0.107982
v 0.095505 0.108138 -0.110995
v 0.099185 0.107927 -0.107992
v 0.095521 0.107894 -0.111040
v 0.099408 0.109443 -0.125359
v 0.094941 0.108325 -0.114173
v 0.094976 0.108085 -0.114193
v 0.099443 0.109201 -0.125377
v 0.095501 0.109674 -0.131325
v 0.088520 0.109688 -0.136035
v 0.098931 0.109658 -0.128471
v 0.098982 0.109412 -0.128485
v 0.095548 0.109431 -0.131344
v 0.088572 0.109445 -0.136051
v 0.076724 0.109689 -0.142664
v 0.062206 0.109691 -0.149530
v 0.076769 0.109448 -0.142686
v 0.062250 0.109447 -0.149555
v 0.047059 0.109688 -0.154945
v 0.034583 0.109684 -0.158542
v 0.047127 0.109446 -0.154965
v 0.034651 0.109441 -0.158563
v 0.028039 0.109673 -0.159969
v 0.025226 0.109655 -0.160217
v 0.028078 0.109429 -0.160001
v 0.025306 0.109414 -0.160249
v 0.019112 0.109156 -0.155212
v 0.015492 0.108798 -0.151507
v 0.022824 0.109520 -0.158939
v 0.022460 0.109241 -0.158611
v 0.015559 0.108558 -0.151597
v 0.014187 0.108452 -0.148579
v 0.014205 0.108231 -0.148769
v 0.014116 0.107278 -0.141594
v 0.014089 0.107136 -0.139498
v 0.014109 0.107278 -0.139475
v 0.014020 0.104947 -0.130061
v 0.013503 0.092481 -0.072238
v 0.013411 0.089442 -0.058692
v 0.013589 0.094300 -0.079674
v 0.013582 0.094014 -0.079701
v 0.013416 0.089180 -0.058691
v 0.016425 0.088411 -0.052353
v 0.035291 0.087267 -0.035233
v 0.016230 0.088182 -0.052561
v 0.031682 0.087195 -0.038513
v 0.052386 0.088407 -0.016392
v 0.035282 0.087123 -0.035219
v 0.038589 0.087197 -0.031606
v 0.052618 0.088182 -0.016174
v 0.072252 0.092472 -0.013447
v 0.079715 0.094296 -0.013533
v 0.058705 0.089430 -0.013355
v 0.058766 0.089184 -0.013360
v 0.079757 0.094014 -0.013525
v 0.139542 0.107133 -0.014033
v 0.139531 0.107278 -0.014053
v 0.129904 0.104901 -0.013961
v 0.148621 0.108451 -0.014130
v 0.141633 0.107276 -0.014060
v 0.148825 0.108231 -0.014148
v 0.155213 0.109151 -0.019001
v 0.158994 0.109518 -0.022767
v 0.151555 0.108797 -0.015427
v 0.151653 0.108558 -0.015503
v 0.158654 0.109239 -0.022389
v 0.144636 0.108240 -0.028086
v 0.143488 0.108060 -0.027169
v 0.145687 0.108386 -0.028990
v 0.146083 0.108201 -0.029398
v 0.143756 0.107861 -0.027384
v 0.139477 0.107485 -0.026080
v 0.142299 0.107894 -0.026644
v 0.142968 0.107747 -0.026831
v 0.139337 0.107219 -0.026086
v 0.126921 0.104979 -0.026798
v 0.085264 0.096476 -0.030167
v 0.138385 0.107073 -0.025935
v 0.087777 0.096743 -0.029992
v 0.075897 0.094645 -0.031866
v 0.064648 0.092800 -0.037742
v 0.078040 0.094758 -0.030824
v 0.067141 0.092960 -0.036482
v 0.049740 0.091156 -0.045715
v 0.064653 0.092556 -0.037787
v 0.050056 0.090946 -0.045592
v 0.045756 0.091161 -0.049710
v 0.045644 0.090947 -0.050008
v 0.037843 0.092556 -0.064597
v 0.031885 0.094656 -0.075913
v 0.037795 0.092802 -0.064599
v 0.036519 0.092966 -0.067123
v 0.030880 0.094758 -0.077985
v 0.026848 0.104996 -0.126943
v 0.030207 0.096517 -0.085416
v 0.030053 0.096732 -0.087668
v 0.025992 0.107073 -0.138330
v 0.026145 0.107491 -0.139467
v 0.026699 0.107898 -0.142241
v 0.026142 0.107218 -0.139278
v 0.026888 0.107747 -0.142910
v 0.028200 0.108244 -0.144645
v 0.029048 0.108387 -0.145634
v 0.027246 0.108074 -0.143465
v 0.027280 0.107830 -0.143477
v 0.028946 0.108124 -0.145510
v 0.032618 0.108553 -0.146275
v 0.037644 0.108631 -0.145526
v 0.030374 0.108482 -0.146144
v 0.030383 0.108240 -0.146152
v 0.032638 0.108312 -0.146285
v 0.037659 0.108386 -0.145537
v 0.046837 0.108676 -0.142995
v 0.058171 0.108695 -0.138893
v 0.046848 0.108431 -0.143007
v 0.058175 0.108449 -0.138907
v 0.069635 0.108682 -0.133415
v 0.078987 0.108681 -0.128361
v 0.069610 0.108444 -0.133447
v 0.078852 0.108436 -0.128455
v 0.083654 0.108683 -0.125709
v 0.085542 0.108687 -0.124504
v 0.083604 0.108440 -0.125759
v 0.085508 0.108445 -0.124549
v 0.086023 0.108396 -0.121627
v 0.084607 0.106787 -0.108538
v 0.086034 0.108157 -0.121686
v 0.084614 0.106541 -0.108531
v 0.090486 0.106550 -0.101061
v 0.096088 0.106583 -0.095996
v 0.085858 0.106509 -0.104879
v 0.085975 0.106262 -0.104800
v 0.090437 0.106304 -0.101127
v 0.096083 0.106334 -0.096026
v 0.101148 0.106545 -0.090392
v 0.104913 0.106508 -0.085827
v 0.101183 0.106304 -0.090380
v 0.104856 0.106262 -0.085919
v 0.108566 0.106787 -0.084550
v 0.121686 0.108398 -0.085966
v 0.108590 0.106541 -0.084557
v 0.121743 0.108157 -0.085978
v 0.125765 0.108686 -0.083599
v 0.128420 0.108683 -0.078926
v 0.124569 0.108690 -0.085475
v 0.124605 0.108445 -0.085451
v 0.125815 0.108440 -0.083547
v 0.128511 0.108436 -0.078796
v 0.133460 0.108690 -0.069603
v 0.138946 0.108684 -0.058120
v 0.133503 0.108444 -0.069553
v 0.138964 0.108449 -0.058119
v 0.143051 0.108678 -0.046781
v 0.145583 0.108635 -0.037584
v 0.143064 0.108431 -0.046791
v 0.145593 0.108386 -0.037602
v 0.146333 0.108556 -0.032562
v 0.146201 0.108484 -0.030321
v 0.146341 0.108312 -0.032582
v 0.146208 0.108240 -0.030326
v 0.160187 0.109819 -0.024227
v 0.158883 0.109693 -0.022823
v 0.160300 0.109636 -0.024159
v 0.127375 0.109810 -0.099892
v 0.125227 0.109604 -0.099134
v 0.128473 0.109829 -0.098716
v 0.127430 0.109624 -0.100072
v 0.112135 0.108300 -0.094031
v 0.114171 0.108499 -0.094732
v 0.112217 0.108146 -0.094168
v 0.094090 0.108300 -0.112074
v 0.094813 0.108502 -0.114176
v 0.094223 0.108147 -0.112161
v 0.099948 0.109810 -0.127319
v 0.098773 0.109829 -0.128417
v 0.099245 0.109613 -0.125303
v 0.100127 0.109625 -0.127374
v 0.024249 0.109818 -0.160100
v 0.022879 0.109693 -0.158826
v 0.025326 0.109832 -0.160075
v 0.024215 0.109639 -0.160242
v 0.014372 0.108841 -0.150094
v 0.014283 0.108615 -0.148377
v 0.016040 0.109021 -0.151920
v 0.014278 0.108659 -0.150179
v 0.014194 0.107431 -0.139517
v 0.013677 0.094498 -0.079875
v 0.013565 0.088831 -0.055178
v 0.016864 0.088589 -0.052070
v 0.013508 0.089705 -0.059042
v 0.013456 0.088616 -0.055151
v 0.035344 0.087432 -0.035291
v 0.055197 0.088822 -0.013510
v 0.059138 0.089714 -0.013452
v 0.055208 0.088614 -0.013399
v 0.079694 0.094444 -0.013618
v 0.139529 0.107425 -0.014138
v 0.150150 0.108841 -0.014316
v 0.148376 0.108607 -0.014225
v 0.150236 0.108664 -0.014222
v 0.152047 0.109028 -0.016053
v 0.146202 0.108645 -0.029371
v 0.146086 0.108450 -0.029410
v 0.145640 0.108560 -0.028778
v 0.143108 0.108195 -0.026730
v 0.143000 0.108000 -0.026825
v 0.142214 0.108067 -0.026488
v 0.138344 0.107502 -0.025753
v 0.138391 0.107319 -0.025907
v 0.078071 0.095187 -0.030633
v 0.078057 0.095007 -0.030785
v 0.075965 0.094841 -0.031672
v 0.064641 0.092971 -0.037593
v 0.047098 0.091054 -0.047041
v 0.047200 0.090893 -0.047143
v 0.045562 0.091338 -0.049779
v 0.049838 0.091337 -0.045504
v 0.037536 0.092996 -0.064804
v 0.030690 0.095183 -0.077987
v 0.030842 0.095006 -0.078000
v 0.025817 0.107523 -0.138418
v 0.025963 0.107320 -0.138334
v 0.026742 0.108181 -0.142954
v 0.026881 0.108002 -0.142943
v 0.027349 0.108307 -0.143809
v 0.029430 0.108645 -0.146146
v 0.029466 0.108452 -0.146030
v 0.028943 0.108579 -0.145695
v 0.086302 0.108877 -0.124024
v 0.086200 0.108687 -0.123995
v 0.086120 0.108581 -0.121614
v 0.085599 0.108885 -0.124577
v 0.084506 0.106712 -0.106246
v 0.084421 0.106500 -0.106157
v 0.086059 0.106710 -0.104839
v 0.106278 0.106706 -0.084470
v 0.106213 0.106491 -0.084365
v 0.108929 0.107035 -0.084697
v 0.104895 0.106710 -0.086003
v 0.124065 0.108874 -0.086263
v 0.124052 0.108690 -0.086144
v 0.124634 0.108885 -0.085543
v 0.159889 0.109847 -0.028034
v 0.158457 0.109859 -0.034587
v 0.154861 0.109864 -0.047026
v 0.149459 0.109864 -0.062111
v 0.142605 0.109865 -0.076600
v 0.135993 0.109863 -0.088373
v 0.131314 0.109848 -0.095311
v 0.107928 0.108335 -0.098990
v 0.103706 0.108359 -0.103649
v 0.099047 0.108335 -0.107871
v 0.095367 0.109848 -0.131257
v 0.088429 0.109863 -0.135936
v 0.076656 0.109865 -0.142548
v 0.062167 0.109864 -0.149402
v 0.047082 0.109864 -0.154805
v 0.034643 0.109859 -0.158400
v 0.028091 0.109847 -0.159833
v 0.028225 0.101346 -0.108162
v 0.032562 0.108749 -0.146374
v 0.037595 0.108824 -0.145624
v 0.046817 0.108869 -0.143092
v 0.058183 0.108887 -0.138985
v 0.069648 0.108883 -0.133510
v 0.078914 0.108874 -0.128501
v 0.083684 0.108880 -0.125797
v 0.090506 0.106752 -0.101168
v 0.096137 0.106782 -0.096081
v 0.101225 0.106752 -0.090449
v 0.125853 0.108880 -0.083627
v 0.128558 0.108874 -0.078858
v 0.133566 0.108883 -0.069591
v 0.139042 0.108887 -0.058127
v 0.143149 0.108869 -0.046760
v 0.145680 0.108824 -0.037538
v 0.146430 0.108749 -0.032505
v 0.160334 0.109404 -0.024178
v 0.127454 0.109398 -0.100104
v 0.112247 0.107891 -0.094208
v 0.094265 0.107891 -0.112191
v 0.100161 0.109398 -0.127397
v 0.024234 0.109404 -0.160278
v 0.014285 0.108420 -0.150210
v 0.014102 0.106994 -0.139533
v 0.013465 0.088380 -0.055164
v 0.035290 0.086979 -0.035233
v 0.055220 0.088380 -0.013409
v 0.139589 0.106994 -0.014045
v 0.150266 0.108420 -0.014229
v 0.047229 0.090651 -0.047173
v 0.029489 0.108203 -0.146036
v 0.086207 0.108436 -0.124014
v 0.084431 0.106258 -0.106165
v 0.106221 0.106258 -0.084374
v 0.124071 0.108436 -0.086150
v -0.010966 0.089271 0.070852
v -0.010713 0.089286 0.069292
v -0.010724 0.079709 0.069256
v -0.010986 0.079709 0.070854
v -0.009921 0.089304 0.072122
v -0.009960 0.079709 0.072106
v -0.007008 0.089299 0.075109
v -0.007104 0.079709 0.075038
v -0.004135 0.089294 0.077904
v -0.004172 0.079709 0.077894
v -0.002910 0.089285 0.078902
v -0.002919 0.079709 0.078920
v -0.001290 0.089306 0.078633
v -0.001322 0.079709 0.078658
v 0.002737 0.089308 0.077607
v 0.002645 0.079709 0.077650
v 0.006613 0.089281 0.076511
v 0.006585 0.079709 0.076539
v 0.008088 0.089276 0.075950
v 0.008099 0.079709 0.075967
v 0.008666 0.089312 0.074413
v 0.008671 0.079709 0.074453
v 0.009791 0.089309 0.070412
v 0.009782 0.079709 0.070513
v 0.010780 0.089285 0.066507
v 0.010790 0.079709 0.066546
v 0.011032 0.089283 0.064950
v 0.011052 0.079709 0.064949
v 0.009989 0.089312 0.063682
v 0.010026 0.079709 0.063696
v 0.007083 0.089299 0.060702
v 0.007170 0.079709 0.060764
v 0.004201 0.089283 0.057899
v 0.004238 0.079709 0.057908
v 0.002977 0.089270 0.056900
v 0.002986 0.079709 0.056882
v 0.001355 0.089304 0.057169
v 0.001388 0.079709 0.057144
v -0.002672 0.089310 0.058195
v -0.002579 0.079709 0.058152
v -0.006547 0.089282 0.059291
v -0.006519 0.079709 0.059263
v -0.008022 0.089278 0.059852
v -0.008033 0.079709 0.059835
v -0.008599 0.089303 0.061390
v -0.008605 0.079709 0.061349
v -0.009726 0.089310 0.065394
v -0.009716 0.079709 0.065289
v -0.006826 0.091187 0.069860
v -0.009803 0.091152 0.070555
v 0.001995 0.091187 0.060943
v -0.001700 0.091187 0.074821
v -0.002588 0.091152 0.077746
v 0.005159 0.091187 0.072862
v 0.007249 0.091152 0.075093
v 0.006913 0.091187 0.066085
v 0.009870 0.091152 0.065248
v 0.002654 0.091152 0.058056
v -0.005093 0.091187 0.062940
v -0.007183 0.091152 0.060709
v -0.010860 0.091043 0.070820
v -0.009846 0.091043 0.072058
v -0.010601 0.091043 0.069241
v -0.007022 0.091043 0.074956
v -0.004124 0.091043 0.077780
v -0.002886 0.091043 0.078794
v -0.001306 0.091043 0.078535
v 0.002616 0.091043 0.077539
v 0.006510 0.091043 0.076441
v 0.008007 0.091043 0.075875
v 0.008573 0.091043 0.074378
v 0.009671 0.091043 0.070484
v 0.010667 0.091043 0.066562
v 0.010926 0.091043 0.064982
v 0.009912 0.091043 0.063744
v 0.007088 0.091043 0.060846
v 0.004190 0.091043 0.058022
v 0.002952 0.091043 0.057008
v 0.001373 0.091043 0.057267
v -0.002549 0.091043 0.058263
v -0.006444 0.091043 0.059362
v -0.007941 0.091043 0.059927
v -0.008506 0.091043 0.061424
v -0.009605 0.091043 0.065319
v 0.070862 0.089280 0.011022
v 0.069306 0.089285 0.010770
v 0.069266 0.079709 0.010780
v 0.070864 0.079709 0.011042
v 0.072132 0.089315 0.009978
v 0.072116 0.079709 0.010016
v 0.075107 0.089317 0.007077
v 0.075048 0.079709 0.007160
v 0.077912 0.089295 0.004192
v 0.077904 0.079709 0.004228
v 0.078912 0.089283 0.002967
v 0.078930 0.079709 0.002976
v 0.078643 0.089306 0.001347
v 0.078668 0.079709 0.001378
v 0.077613 0.089305 -0.002696
v 0.077660 0.079709 -0.002589
v 0.076523 0.089302 -0.006549
v 0.076549 0.079709 -0.006528
v 0.075961 0.089272 -0.008032
v 0.075978 0.079709 -0.008043
v 0.074421 0.089305 -0.008610
v 0.074463 0.079709 -0.008615
v 0.070411 0.089308 -0.009738
v 0.070523 0.079709 -0.009726
v 0.066524 0.089298 -0.010722
v 0.066556 0.079709 -0.010733
v 0.064960 0.089273 -0.010976
v 0.064959 0.079709 -0.010996
v 0.063690 0.089304 -0.009931
v 0.063706 0.079709 -0.009970
v 0.060713 0.089306 -0.007027
v 0.060774 0.079709 -0.007113
v 0.057908 0.089284 -0.004144
v 0.057918 0.079709 -0.004182
v 0.056910 0.089271 -0.002920
v 0.056892 0.079709 -0.002929
v 0.057180 0.089314 -0.001299
v 0.057155 0.079709 -0.001332
v 0.058205 0.089306 0.002728
v 0.058162 0.079709 0.002636
v 0.059301 0.089282 0.006604
v 0.059273 0.079709 0.006575
v 0.059862 0.089279 0.008079
v 0.059845 0.079709 0.008090
v 0.061400 0.089313 0.008656
v 0.061359 0.079709 0.008661
v 0.065400 0.089309 0.009781
v 0.065299 0.079709 0.009772
v 0.069870 0.091187 0.006883
v 0.070564 0.091152 0.009860
v 0.066132 0.091187 -0.006983
v 0.074831 0.091187 0.001757
v 0.077757 0.091152 0.002643
v 0.072961 0.091187 -0.004990
v 0.075103 0.091152 -0.007192
v 0.065258 0.091152 -0.009813
v 0.060991 0.091187 -0.001710
v 0.058066 0.091152 -0.002597
v 0.062950 0.091187 0.005149
v 0.060719 0.091152 0.007239
v 0.070830 0.091043 0.010916
v 0.072068 0.091043 0.009902
v 0.069251 0.091043 0.010657
v 0.074966 0.091043 0.007079
v 0.077790 0.091043 0.004180
v 0.078804 0.091043 0.002942
v 0.078545 0.091043 0.001363
v 0.077549 0.091043 -0.002559
v 0.076451 0.091043 -0.006454
v 0.075885 0.091043 -0.007951
v 0.074388 0.091043 -0.008516
v 0.070494 0.091043 -0.009614
v 0.066572 0.091043 -0.010611
v 0.064992 0.091043 -0.010870
v 0.063754 0.091043 -0.009856
v 0.060856 0.091043 -0.007032
v 0.058032 0.091043 -0.004134
v 0.057018 0.091043 -0.002895
v 0.057277 0.091043 -0.001316
v 0.058273 0.091043 0.002606
v 0.059372 0.091043 0.006500
v 0.059937 0.091043 0.007998
v 0.061434 0.091043 0.008563
v 0.065329 0.091043 0.009661
v 0.011032 0.089283 -0.070806
v 0.010780 0.089285 -0.069249
v 0.010790 0.079709 -0.069210
v 0.011052 0.079709 -0.070807
v 0.009989 0.089313 -0.072075
v 0.010026 0.079709 -0.072060
v 0.007092 0.089316 -0.075044
v 0.007170 0.079709 -0.074991
v 0.004200 0.089283 -0.077858
v 0.004238 0.079709 -0.077848
v 0.002977 0.089271 -0.078856
v 0.002986 0.079709 -0.078874
v 0.001355 0.089315 -0.078586
v 0.001388 0.079709 -0.078611
v -0.002674 0.089306 -0.077560
v -0.002579 0.079709 -0.077604
v -0.006546 0.089287 -0.076465
v -0.006518 0.079709 -0.076493
v -0.008022 0.089278 -0.075904
v -0.008033 0.079709 -0.075921
v -0.008600 0.089308 -0.074365
v -0.008605 0.079709 -0.074406
v -0.009729 0.089305 -0.070352
v -0.009716 0.079709 -0.070467
v -0.010713 0.089297 -0.066465
v -0.010723 0.079709 -0.066500
v -0.010965 0.089280 -0.064904
v -0.010985 0.079709 -0.064902
v -0.009921 0.089305 -0.063634
v -0.009960 0.079709 -0.063650
v -0.007017 0.089316 -0.060656
v -0.007103 0.079709 -0.060718
v -0.004134 0.089295 -0.057852
v -0.004171 0.079709 -0.057862
v -0.002910 0.089284 -0.056854
v -0.002919 0.079709 -0.056836
v -0.001290 0.089306 -0.057123
v -0.001322 0.079709 -0.057098
v 0.002754 0.089305 -0.058153
v 0.002646 0.079709 -0.058106
v 0.006609 0.089300 -0.059243
v 0.006585 0.079709 -0.059217
v 0.008089 0.089280 -0.059805
v 0.008100 0.079709 -0.059788
v 0.008666 0.089315 -0.061345
v 0.008671 0.079709 -0.061303
v 0.009789 0.089318 -0.065336
v 0.009782 0.079709 -0.065242
v 0.006893 0.091187 -0.069813
v 0.009870 0.091152 -0.070508
v -0.005011 0.091187 -0.073033
v 0.001901 0.091187 -0.074721
v 0.002654 0.091152 -0.077700
v -0.007182 0.091152 -0.075047
v -0.006826 0.091187 -0.065896
v -0.009803 0.091152 -0.065202
v -0.001700 0.091187 -0.060935
v -0.002587 0.091152 -0.058009
v 0.005159 0.091187 -0.062894
v 0.007249 0.091152 -0.060663
v 0.010926 0.091043 -0.070774
v 0.009912 0.091043 -0.072012
v 0.010667 0.091043 -0.069194
v 0.007089 0.091043 -0.074910
v 0.004190 0.091043 -0.077734
v 0.002952 0.091043 -0.078748
v 0.001373 0.091043 -0.078489
v -0.002549 0.091043 -0.077492
v -0.006444 0.091043 -0.076394
v -0.007941 0.091043 -0.075829
v -0.008506 0.091043 -0.074332
v -0.009604 0.091043 -0.070437
v -0.010601 0.091043 -0.066515
v -0.010860 0.091043 -0.064936
v -0.009846 0.091043 -0.063698
v -0.007022 0.091043 -0.060799
v -0.004123 0.091043 -0.057976
v -0.002885 0.091043 -0.056962
v -0.001306 0.091043 -0.057221
v 0.002616 0.091043 -0.058217
v 0.006510 0.091043 -0.059315
v 0.008008 0.091043 -0.059880
v 0.008573 0.091043 -0.061378
v 0.009671 0.091043 -0.065272
v -0.070796 0.089274 -0.010976
v -0.069236 0.089285 -0.010723
v -0.069200 0.079709 -0.010734
v -0.070797 0.079709 -0.010996
v -0.072066 0.089306 -0.009932
v -0.072050 0.079709 -0.009970
v -0.075042 0.089307 -0.007028
v -0.074981 0.079709 -0.007114
v -0.077849 0.089281 -0.004143
v -0.077838 0.079709 -0.004182
v -0.078845 0.089283 -0.002920
v -0.078863 0.079709 -0.002929
v -0.078576 0.089318 -0.001299
v -0.078601 0.079709 -0.001332
v -0.077552 0.089309 0.002725
v -0.077594 0.079709 0.002635
v -0.076455 0.089282 0.006603
v -0.076483 0.079709 0.006575
v -0.075894 0.089279 0.008078
v -0.075911 0.079709 0.008089
v -0.074356 0.089308 0.008655
v -0.074396 0.079709 0.008661
v -0.070352 0.089305 0.009782
v -0.070457 0.079709 0.009772
v -0.066449 0.089282 0.010770
v -0.066490 0.079709 0.010780
v -0.064894 0.089280 0.011022
v -0.064892 0.079709 0.011042
v -0.063625 0.089313 0.009979
v -0.063640 0.079709 0.010016
v -0.060644 0.089308 0.007071
v -0.060708 0.079709 0.007160
v -0.057843 0.089295 0.004192
v -0.057852 0.079709 0.004228
v -0.056844 0.089283 0.002967
v -0.056826 0.079709 0.002976
v -0.057113 0.089310 0.001345
v -0.057088 0.079709 0.001378
v -0.058139 0.089320 -0.002682
v -0.058096 0.079709 -0.002589
v -0.059234 0.089295 -0.006553
v -0.059207 0.079709 -0.006529
v -0.059795 0.089278 -0.008032
v -0.059778 0.079709 -0.008043
v -0.061333 0.089302 -0.008609
v -0.061293 0.079709 -0.008615
v -0.065338 0.089306 -0.009736
v -0.065232 0.079709 -0.009726
v -0.069661 0.091187 -0.006857
v -0.070499 0.091152 -0.009813
v -0.074803 0.091187 -0.001938
v -0.077690 0.091152 -0.002597
v -0.072806 0.091187 0.005149
v -0.075036 0.091152 0.007239
v -0.065886 0.091187 0.006882
v -0.065191 0.091152 0.009860
v -0.060925 0.091187 0.001756
v -0.057999 0.091152 0.002643
v -0.062884 0.091187 -0.005103
v -0.060653 0.091152 -0.007193
v -0.070763 0.091043 -0.010870
v -0.072002 0.091043 -0.009856
v -0.069184 0.091043 -0.010611
v -0.074900 0.091043 -0.007032
v -0.077724 0.091043 -0.004134
v -0.078738 0.091043 -0.002896
v -0.078479 0.091043 -0.001316
v -0.077482 0.091043 0.002605
v -0.076384 0.091043 0.006500
v -0.075819 0.091043 0.007997
v -0.074322 0.091043 0.008563
v -0.070427 0.091043 0.009661
v -0.066505 0.091043 0.010657
v -0.064926 0.091043 0.010916
v -0.063688 0.091043 0.009902
v -0.060789 0.091043 0.007078
v -0.057966 0.091043 0.004180
v -0.056952 0.091043 0.002942
v -0.057211 0.091043 0.001363
v -0.058207 0.091043 -0.002559
v -0.059305 0.091043 -0.006454
v -0.059870 0.091043 -0.007951
v -0.061368 0.091043 -0.008516
v -0.065262 0.091043 -0.009615
g det_rim_front_det_rim_front_rim_details
usemtl rim_details
s 1
f 36 30 37
f 38 34 36
f 40 43 17
f 40 15 44
f 46 6 4
f 50 49 20
f 70 71 69
f 70 69 74
f 94 73 95
f 94 97 74
f 154 155 152
f 157 158 159
f 163 164 165
f 163 166 167
f 168 170 171
f 172 173 169
f 169 174 172
f 178 179 176
f 181 184 182
f 181 185 184
f 194 195 192
f 201 203 204
f 205 207 208
f 216 217 215
f 220 221 219
f 250 252 253
f 265 266 264
f 293 15 294
f 293 295 122
f 300 68 299
f 304 74 303
f 303 149 305
f 307 70 306
f 318 34 317
f 317 172 319
f 325 19 322
f 327 326 283
f 330 329 193
f 332 197 333
f 334 202 335
f 338 85 341
f 89 343 78
f 344 343 215
f 346 345 219
f 348 347 224
f 350 73 352
f 353 62 356
f 357 251 358
f 17 363 360
f 365 364 264
f 40 17 16
f 16 15 40
f 94 74 69
f 69 73 94
f 7 372 373
f 290 116 294
f 116 290 117
f 376 44 375
f 130 301 297
f 297 131 130
f 59 380 381
f 97 382 383
f 76 311 90
f 314 91 90
f 90 311 314
f 172 317 316
f 316 173 172
f 321 27 25
f 323 19 27
f 27 321 323
f 325 189 187
f 328 194 192
f 197 332 331
f 331 198 197
f 35 341 85
f 35 337 341
f 342 215 343
f 215 342 216
f 384 219 345
f 384 78 343
f 227 349 229
f 391 56 390
f 401 48 400
f 160 159 409
f 160 409 162
f 169 171 411
f 206 208 210
f 215 218 344
f 219 222 346
f 224 226 348
f 457 451 458
f 459 455 457
f 461 464 438
f 461 436 465
f 467 427 425
f 471 470 441
f 491 492 490
f 491 490 495
f 515 494 516
f 515 518 495
f 575 576 573
f 578 579 580
f 584 585 586
f 584 587 588
f 589 592 593
f 594 591 590
f 590 595 594
f 599 600 597
f 602 605 603
f 602 606 605
f 615 616 613
f 622 624 625
f 626 628 629
f 634 638 637
f 641 642 640
f 650 651 648
f 671 673 674
f 4 1 2 3
f 714 436 715
f 714 716 543
f 721 489 720
f 725 495 724
f 724 570 726
f 728 491 727
f 739 455 738
f 738 594 740
f 746 440 743
f 748 747 704
f 751 750 614
f 753 618 754
f 755 623 756
f 759 506 762
f 510 764 499
f 765 764 637
f 767 766 640
f 769 768 645
f 771 494 773
f 774 483 777
f 778 671 779
f 438 784 781
f 786 785 685
f 461 438 437
f 437 436 461
f 515 495 490
f 490 494 515
f 428 793 794
f 711 537 715
f 537 711 538
f 797 465 796
f 480 801 802
f 518 803 804
f 497 732 511
f 735 512 511
f 511 732 735
f 594 738 737
f 737 591 594
f 742 448 446
f 744 440 448
f 448 742 744
f 746 610 608
f 749 615 613
f 618 753 752
f 752 619 618
f 456 762 506
f 456 758 762
f 763 637 764
f 637 763 634
f 805 640 766
f 805 499 764
f 648 770 650
f 812 477 811
f 822 469 821
f 581 580 830
f 581 830 583
f 590 593 832
f 627 629 631
f 637 639 765
f 640 643 767
f 645 647 769
f 782 687 686
f 876 870 877
f 878 874 876
f 880 883 857
f 880 855 884
f 886 846 844
f 890 889 860
f 910 911 909
f 910 909 914
f 934 913 935
f 934 937 914
f 957 958 956
f 994 995 992
f 997 998 999
f 1003 1004 1005
f 1003 1006 1007
f 1008 1009 1010
f 1011 1013 1012
f 1012 1014 1011
f 1018 1019 1016
f 1021 1024 1022
f 1021 1025 1024
f 1041 1043 1044
f 1045 1046 1047
f 1053 1057 1056
f 1060 1061 1059
f 1069 1070 1067
f 1090 1092 1093
f 1133 855 1134
f 1133 1135 962
f 1140 908 1139
f 1144 914 1143
f 1148 910 1147
f 1159 874 1158
f 1158 1011 1160
f 1166 859 1163
f 1168 1167 1123
f 1171 1170 1033
f 1173 1037 1174
f 1175 1042 1176
f 1179 925 1182
f 929 1184 918
f 1185 1184 1056
f 1187 1186 1059
f 1189 1188 1064
f 1191 913 1193
f 1194 902 1197
f 1198 1090 1199
f 857 1204 1201
f 1206 1205 1105
f 880 857 856
f 856 855 880
f 934 914 909
f 909 913 934
f 847 1213 1214
f 1130 956 1134
f 956 1130 957
f 1217 884 1216
f 970 1141 1137
f 1137 971 970
f 899 1221 1222
f 937 1223 1224
f 916 1152 930
f 1155 931 930
f 930 1152 1155
f 1011 1158 1157
f 1157 1013 1011
f 1162 867 865
f 1164 859 867
f 867 1162 1164
f 1166 1029 1027
f 1169 1034 1032
f 1037 1173 1172
f 1172 1038 1037
f 875 1182 925
f 875 1178 1182
f 1183 1056 1184
f 1056 1183 1053
f 1225 1059 1186
f 1225 918 1184
f 1067 1190 1069
f 1232 896 1231
f 1242 888 1241
f 1000 999 1250
f 1000 1250 1002
f 1012 1010 1252
f 1168 1035 1034
f 1049 1047 1050
f 1056 1058 1185
f 1059 1062 1187
f 1064 1066 1189
f 1296 1290 1297
f 1298 1294 1296
f 1300 1303 1277
f 1300 1275 1304
f 1306 1266 1264
f 1310 1309 1280
f 1330 1331 1329
f 1330 1329 1334
f 1354 1333 1355
f 1354 1357 1334
f 1414 1415 1412
f 1417 1418 1419
f 1423 1424 1425
f 1423 1426 1427
f 1428 1430 1431
f 1432 1429 1433
f 1433 1434 1432
f 1438 1439 1436
f 1441 1444 1442
f 1441 1445 1444
f 1461 1463 1464
f 1465 1467 1468
f 1476 1477 1475
f 1480 1481 1479
f 1510 1512 1513
f 1553 1275 1554
f 1553 1555 1382
f 1560 1328 1559
f 1564 1334 1563
f 1568 1330 1567
f 1579 1294 1578
f 1578 1432 1580
f 1586 1279 1583
f 1588 1587 1543
f 1591 1590 1453
f 1593 1457 1594
f 1595 1462 1596
f 1599 1345 1602
f 1349 1604 1338
f 1605 1604 1475
f 1607 1606 1479
f 1609 1608 1484
f 1611 1333 1613
f 1614 1322 1617
f 1618 1511 1619
f 1277 1624 1621
f 1626 1625 1525
f 1300 1277 1276
f 1276 1275 1300
f 1354 1334 1329
f 1329 1333 1354
f 1267 1633 1634
f 1550 1376 1554
f 1376 1550 1377
f 1637 1304 1636
f 1390 1561 1557
f 1557 1391 1390
f 1319 1641 1642
f 1357 1643 1644
f 1336 1572 1350
f 1575 1351 1350
f 1350 1572 1575
f 1432 1578 1577
f 1577 1429 1432
f 1582 1287 1285
f 1584 1279 1287
f 1287 1582 1584
f 1586 1449 1447
f 1589 1454 1452
f 1457 1593 1592
f 1592 1458 1457
f 1295 1602 1345
f 1295 1598 1602
f 1603 1475 1604
f 1475 1603 1476
f 1645 1479 1606
f 1645 1338 1604
f 1487 1610 1489
f 1652 1316 1651
f 1662 1308 1661
f 1420 1419 1670
f 1420 1670 1422
f 1433 1431 1672
f 1588 1455 1454
f 1466 1468 1470
f 1475 1478 1605
f 1479 1482 1607
f 1484 1486 1609
f 1731 1744 1742
f 1745 1731 1743
f 1734 1746 1747
f 1749 1734 1748
f 1736 1750 1751
f 1753 1736 1752
f 1738 1754 1755
f 1757 1738 1756
f 1739 1758 1759
f 1761 1739 1760
f 1741 1762 1763
f 1765 1741 1764
f 1815 1828 1826
f 1829 1815 1827
f 1818 1830 1831
f 1833 1818 1832
f 1820 1834 1835
f 1837 1820 1836
f 1821 1838 1839
f 1841 1821 1840
f 1823 1842 1843
f 1845 1823 1844
f 1825 1846 1847
f 1849 1825 1848
f 1899 1912 1910
f 1913 1899 1911
f 1902 1914 1915
f 1917 1902 1916
f 1903 1918 1919
f 1921 1903 1920
f 1905 1922 1923
f 1925 1905 1924
f 1907 1926 1927
f 1929 1907 1928
f 1909 1930 1931
f 1933 1909 1932
f 1983 1996 1994
f 1997 1983 1995
f 1985 1998 1999
f 2001 1985 2000
f 1987 2002 2003
f 2005 1987 2004
f 1989 2006 2007
f 2009 1989 2008
f 1991 2010 2011
f 2013 1991 2012
f 1993 2014 2015
f 2017 1993 2016
f 6 5 1 4
f 8 1 5 7
f 9 2 1 8
f 12 13 10 11
f 15 16 10 14
f 14 10 13
f 16 17 11 10
f 21 22 18 49
f 18 19 20
f 49 18 20
f 18 26 27 19
f 22 28 26
f 39 25 23 24
f 26 18 22
f 25 27 26 23
f 28 29 23 26
f 29 30 24 23
f 84 33 31 32
f 33 34 38 31
f 85 32 31 35
f 31 38 35
f 42 43 40 41
f 38 36 37
f 36 34 39
f 12 9 8 13
f 41 40 44
f 7 45 13 8
f 48 49 46 47
f 49 50 6 46
f 4 3 47 46
f 54 51 52 53
f 49 48 21
f 56 55 51 54
f 58 51 55 57
f 59 52 51 58
f 62 63 60 61
f 63 65 64 60
f 66 67 60 64
f 67 68 61 60
f 72 71 80 79
f 72 69 71
f 69 72 73
f 81 80 71 70
f 90 77 75 76
f 79 80 75 78
f 78 75 77
f 80 81 76 75
f 92 86 82 85
f 82 83 84
f 89 77 87 88
f 83 82 86
f 86 87 90 91
f 87 77 90
f 86 92 88 87
f 66 64 41 44
f 64 65 42 41
f 62 61 55 56
f 61 68 57 55
f 95 96 93 94
f 96 53 52 93
f 59 97 94 93
f 93 52 59
f 101 102 98 100
f 102 103 99 98
f 103 106 104 99
f 106 107 105 104
f 107 110 108 105
f 110 111 109 108
f 111 114 112 109
f 114 115 113 112
f 119 116 117 118
f 123 124 120 122
f 124 125 121 120
f 128 126 121 125
f 129 127 126 128
f 132 133 130 131
f 138 134 136 137
f 139 135 134 138
f 142 140 135 139
f 143 141 140 142
f 146 144 141 143
f 147 145 144 146
f 150 148 145 147
f 151 149 148 150
f 156 153 152 155
f 165 161 160 163
f 160 161 157
f 160 157 159
f 162 166 163 160
f 177 176 181 182
f 164 163 167
f 168 169 173
f 169 168 171
f 172 174 175
f 176 177 178
f 176 179 180
f 183 181 176 180
f 190 191 187 189
f 184 185 186
f 196 193 192 195
f 188 187 191
f 199 200 197 198
f 210 211 209 206
f 202 201 204
f 206 205 208
f 214 216 212 213
f 226 224 223 225
f 215 217 218
f 219 221 222
f 230 231 227 229
f 235 236 232 234
f 228 227 231
f 236 237 233 232
f 237 240 238 233
f 240 241 239 238
f 241 244 242 239
f 244 245 243 242
f 245 248 246 243
f 248 249 247 246
f 257 258 254 256
f 251 250 253
f 259 255 254 258
f 262 260 255 259
f 263 261 260 262
f 272 268 270 271
f 264 266 267
f 273 269 268 272
f 276 274 269 273
f 277 275 274 276
f 280 278 275 277
f 281 279 278 280
f 284 282 279 281
f 285 283 282 284
f 188 288 286 287
f 45 289 290 14
f 286 288 100
f 287 286 20
f 113 292 289 291
f 291 289 45
f 117 290 289 292
f 295 293 294 116
f 298 131 297 296
f 296 297 66
f 296 127 298
f 130 302 299 301
f 301 299 68
f 136 300 299 302
f 154 304 303 305
f 153 309 306 308
f 308 306 70
f 157 307 306 309
f 91 312 313 83
f 164 315 312 314
f 314 312 91
f 168 313 312 315
f 178 318 317 319
f 184 324 322 323
f 189 325 322 324
f 328 326 327 194
f 323 322 19
f 331 329 330 198
f 326 328 21
f 336 334 335 205
f 329 331 22
f 333 201 332
f 340 338 339 212
f 334 336 30
f 35 37 337
f 341 209 339 338
f 338 340 85
f 349 347 348 229
f 343 344 220
f 345 346 223
f 352 228 351 350
f 347 349 72
f 351 234 350
f 355 353 354 250
f 356 247 354 353
f 353 355 62
f 256 359 357 358
f 265 362 360 361
f 65 357 359
f 261 361 360 363
f 17 360 362
f 366 364 365 270
f 99 368 367 98
f 364 366 12
f 24 36 39
f 36 24 30
f 38 37 35
f 13 45 14
f 32 82 84
f 82 32 85
f 77 89 78
f 86 91 83
f 20 286 367 50
f 50 367 368
f 286 100 98 367
f 105 370 369 104
f 50 368 369 6
f 6 369 370
f 368 99 104 369
f 372 371 108 109
f 7 5 371 372
f 370 371 5 6
f 105 108 371 370
f 291 373 112 113
f 45 7 373 291
f 109 112 373 372
f 294 15 14 290
f 375 374 120 121
f 293 374 44 15
f 374 375 44
f 122 120 374 293
f 127 296 376 126
f 296 66 44 376
f 375 121 126 376
f 68 67 297 301
f 135 378 377 134
f 67 66 297
f 68 300 377 57
f 57 377 378
f 300 136 134 377
f 141 380 379 140
f 380 59 58 379
f 57 378 379 58
f 378 135 140 379
f 382 381 144 145
f 97 59 381 382
f 141 144 381 380
f 303 383 148 149
f 74 97 383 303
f 145 148 383 382
f 74 304 308 70
f 308 152 153
f 304 154 152 308
f 161 310 307 157
f 81 310 311 76
f 81 307 310
f 307 81 70
f 161 165 311
f 165 164 314 311
f 311 310 161
f 173 316 313 168
f 316 84 83 313
f 34 33 316 317
f 177 320 318 178
f 33 84 316
f 320 39 34 318
f 320 321 25 39
f 320 177 182 321
f 182 184 323 321
f 287 325 187 188
f 329 328 192 193
f 325 287 20
f 325 20 19
f 28 22 331 332
f 328 329 22
f 22 21 328
f 334 332 201 202
f 30 29 332 334
f 337 336 205 206
f 29 28 332
f 206 209 341 337
f 336 337 37
f 37 30 336
f 216 342 340 212
f 342 92 85 340
f 343 89 88 342
f 345 79 78 384
f 342 88 92
f 343 220 219 384
f 224 347 345 223
f 347 72 79 345
f 228 352 349 227
f 352 73 72 349
f 386 385 232 233
f 350 385 95 73
f 385 386 95
f 234 232 385 350
f 388 387 238 239
f 53 96 387 388
f 386 387 96 95
f 233 238 387 386
f 243 390 389 242
f 390 56 54 389
f 53 388 389 54
f 388 239 242 389
f 247 356 391 246
f 356 62 56 391
f 390 243 246 391
f 357 355 250 251
f 65 63 355 357
f 255 393 392 254
f 63 62 355
f 65 359 392 42
f 42 392 393
f 359 256 254 392
f 363 394 260 261
f 17 43 394 363
f 393 394 43 42
f 255 260 394 393
f 264 364 362 265
f 364 12 11 362
f 396 395 268 269
f 362 11 17
f 366 395 9 12
f 395 396 9
f 270 268 395 366
f 398 397 274 275
f 3 2 397 398
f 396 397 2 9
f 269 274 397 396
f 279 400 399 278
f 400 48 47 399
f 3 398 399 47
f 398 275 278 399
f 283 326 401 282
f 326 21 48 401
f 400 279 282 401
f 191 402 288 188
f 402 101 100 288
f 115 403 292 113
f 118 117 292 403
f 404 295 116 119
f 404 123 122 295
f 405 298 127 129
f 405 132 131 298
f 133 406 302 130
f 137 136 302 406
f 407 305 149 151
f 155 154 305 407
f 408 309 153 156
f 408 158 157 309
f 167 410 315 164
f 410 170 168 315
f 412 319 172 175
f 169 411 174
f 179 178 319 412
f 414 324 184 186
f 181 183 413
f 181 413 185
f 414 190 189 324
f 415 327 283 285
f 195 194 327 415
f 196 199 330 193
f 200 203 333 197
f 198 330 199
f 204 207 335 202
f 201 333 203
f 211 416 339 209
f 205 335 207
f 213 212 339 416
f 221 220 344 218
f 216 214 217
f 225 223 346 222
f 230 229 348 226
f 231 417 351 228
f 417 235 234 351
f 249 418 354 247
f 418 252 250 354
f 253 419 358 251
f 419 257 256 358
f 420 361 261 263
f 266 265 361 420
f 421 365 264 267
f 271 270 365 421
f 425 422 423 424
f 427 426 422 425
f 429 422 426 428
f 430 423 422 429
f 433 434 431 432
f 436 437 431 435
f 435 431 434
f 437 438 432 431
f 442 443 439 470
f 439 440 441
f 470 439 441
f 439 447 448 440
f 443 449 447
f 460 446 444 445
f 447 439 443
f 446 448 447 444
f 449 450 444 447
f 450 451 445 444
f 505 454 452 453
f 454 455 459 452
f 506 453 452 456
f 452 459 456
f 463 464 461 462
f 459 457 458
f 457 455 460
f 433 430 429 434
f 462 461 465
f 428 466 434 429
f 469 470 467 468
f 470 471 427 467
f 425 424 468 467
f 475 472 473 474
f 470 469 442
f 477 476 472 475
f 479 472 476 478
f 480 473 472 479
f 483 484 481 482
f 484 486 485 481
f 487 488 481 485
f 488 489 482 481
f 493 492 501 500
f 493 490 492
f 490 493 494
f 502 501 492 491
f 511 498 496 497
f 500 501 496 499
f 499 496 498
f 501 502 497 496
f 513 507 503 506
f 503 504 505
f 510 498 508 509
f 504 503 507
f 507 508 511 512
f 508 498 511
f 507 513 509 508
f 487 485 462 465
f 485 486 463 462
f 483 482 476 477
f 482 489 478 476
f 516 517 514 515
f 517 474 473 514
f 480 518 515 514
f 514 473 480
f 522 523 519 521
f 523 524 520 519
f 524 527 525 520
f 527 528 526 525
f 528 531 529 526
f 531 532 530 529
f 532 535 533 530
f 535 536 534 533
f 540 537 538 539
f 544 545 541 543
f 545 546 542 541
f 549 547 542 546
f 550 548 547 549
f 553 554 551 552
f 559 555 557 558
f 560 556 555 559
f 563 561 556 560
f 564 562 561 563
f 567 565 562 564
f 568 566 565 567
f 571 569 566 568
f 572 570 569 571
f 577 574 573 576
f 586 582 581 584
f 581 582 578
f 581 578 580
f 583 587 584 581
f 598 597 602 603
f 585 584 588
f 589 590 591
f 590 589 593
f 594 595 596
f 597 598 599
f 597 600 601
f 604 602 597 601
f 611 612 608 610
f 605 606 607
f 617 614 613 616
f 609 608 612
f 620 621 618 619
f 631 632 630 627
f 623 622 625
f 627 626 629
f 636 634 633 635
f 647 645 644 646
f 637 638 639
f 640 642 643
f 651 652 649 648
f 656 657 653 655
f 657 658 654 653
f 658 661 659 654
f 661 662 660 659
f 662 665 663 660
f 665 666 664 663
f 666 669 667 664
f 669 670 668 667
f 678 679 675 677
f 671 672 673
f 680 676 675 679
f 683 681 676 680
f 683 684 682 681
f 688 685 686 687
f 693 689 691 692
f 694 690 689 693
f 697 695 690 694
f 698 696 695 697
f 701 699 696 698
f 702 700 699 701
f 705 703 700 702
f 706 704 703 705
f 609 709 707 708
f 466 710 711 435
f 707 709 521
f 708 707 441
f 534 713 710 712
f 712 710 466
f 538 711 710 713
f 716 714 715 537
f 719 552 718 717
f 717 718 487
f 717 548 719
f 551 723 720 722
f 722 720 489
f 557 721 720 723
f 575 725 724 726
f 574 730 727 729
f 729 727 491
f 578 728 727 730
f 512 733 734 504
f 585 736 733 735
f 735 733 512
f 589 734 733 736
f 599 739 738 740
f 605 745 743 744
f 610 746 743 745
f 749 747 748 615
f 744 743 440
f 752 750 751 619
f 747 749 442
f 757 755 756 626
f 750 752 443
f 754 622 753
f 761 759 760 633
f 755 757 451
f 456 458 758
f 762 630 760 759
f 759 761 506
f 770 768 769 650
f 764 765 641
f 766 767 644
f 773 649 772 771
f 768 770 493
f 772 655 771
f 776 774 775 672
f 777 668 775 774
f 774 776 483
f 677 780 778 779
f 686 783 781 782
f 486 778 780
f 682 782 781 784
f 438 781 783
f 787 785 786 691
f 520 789 788 519
f 785 787 433
f 445 457 460
f 457 445 451
f 459 458 456
f 434 466 435
f 453 503 505
f 503 453 506
f 498 510 499
f 507 512 504
f 441 707 788 471
f 471 788 789
f 707 521 519 788
f 526 791 790 525
f 471 789 790 427
f 427 790 791
f 789 520 525 790
f 793 792 529 530
f 428 426 792 793
f 791 792 426 427
f 526 529 792 791
f 712 794 533 534
f 466 428 794 712
f 530 533 794 793
f 715 436 435 711
f 796 795 541 542
f 714 795 465 436
f 795 796 465
f 543 541 795 714
f 548 717 797 547
f 717 487 465 797
f 796 542 547 797
f 722 718 552 551
f 489 488 718 722
f 556 799 798 555
f 488 487 718
f 489 721 798 478
f 478 798 799
f 721 557 555 798
f 562 801 800 561
f 801 480 479 800
f 478 799 800 479
f 799 556 561 800
f 803 802 565 566
f 518 480 802 803
f 562 565 802 801
f 724 804 569 570
f 495 518 804 724
f 566 569 804 803
f 495 725 729 491
f 729 573 574
f 725 575 573 729
f 582 731 728 578
f 502 731 732 497
f 502 728 731
f 728 502 491
f 582 586 732
f 586 585 735 732
f 732 731 582
f 591 737 734 589
f 737 505 504 734
f 455 454 737 738
f 598 741 739 599
f 454 505 737
f 741 460 455 739
f 741 742 446 460
f 741 598 603 742
f 603 605 744 742
f 708 746 608 609
f 750 749 613 614
f 746 708 441
f 746 441 440
f 449 443 752 753
f 749 750 443
f 443 442 749
f 755 753 622 623
f 451 450 753 755
f 758 757 626 627
f 450 449 753
f 627 630 762 758
f 757 758 458
f 458 451 757
f 634 763 761 633
f 763 513 506 761
f 764 510 509 763
f 766 500 499 805
f 763 509 513
f 764 641 640 805
f 645 768 766 644
f 768 493 500 766
f 649 773 770 648
f 773 494 493 770
f 807 806 653 654
f 771 806 516 494
f 806 807 516
f 655 653 806 771
f 809 808 659 660
f 474 517 808 809
f 807 808 517 516
f 654 659 808 807
f 664 811 810 663
f 811 477 475 810
f 474 809 810 475
f 809 660 663 810
f 668 777 812 667
f 777 483 477 812
f 811 664 667 812
f 778 776 672 671
f 486 484 776 778
f 676 814 813 675
f 484 483 776
f 486 780 813 463
f 463 813 814
f 780 677 675 813
f 784 815 681 682
f 438 464 815 784
f 814 815 464 463
f 676 681 815 814
f 685 785 783 686
f 785 433 432 783
f 817 816 689 690
f 783 432 438
f 787 816 430 433
f 816 817 430
f 691 689 816 787
f 819 818 695 696
f 424 423 818 819
f 817 818 423 430
f 690 695 818 817
f 700 821 820 699
f 821 469 468 820
f 424 819 820 468
f 819 696 699 820
f 704 747 822 703
f 747 442 469 822
f 821 700 703 822
f 612 823 709 609
f 823 522 521 709
f 536 824 713 534
f 539 538 713 824
f 825 716 537 540
f 825 544 543 716
f 826 719 548 550
f 826 553 552 719
f 554 827 723 551
f 558 557 723 827
f 828 726 570 572
f 576 575 726 828
f 829 730 574 577
f 829 579 578 730
f 588 831 736 585
f 831 592 589 736
f 833 740 594 596
f 590 832 595
f 600 599 740 833
f 835 745 605 607
f 602 604 834
f 602 834 606
f 835 611 610 745
f 836 748 704 706
f 616 615 748 836
f 617 620 751 614
f 621 624 754 618
f 619 751 620
f 625 628 756 623
f 622 754 624
f 632 837 760 630
f 626 756 628
f 635 633 760 837
f 642 641 765 639
f 634 636 638
f 646 644 767 643
f 651 650 769 647
f 652 656 655 772
f 772 649 652
f 670 838 775 668
f 838 673 672 775
f 674 839 779 671
f 839 678 677 779
f 687 782 682 684
f 840 786 685 688
f 692 691 786 840
f 844 841 842 843
f 846 845 841 844
f 848 841 845 847
f 849 842 841 848
f 852 853 850 851
f 855 856 850 854
f 854 850 853
f 856 857 851 850
f 861 862 858 889
f 858 859 860
f 889 858 860
f 858 866 867 859
f 862 868 866
f 879 865 863 864
f 866 858 862
f 865 867 866 863
f 868 869 863 866
f 869 870 864 863
f 924 873 871 872
f 873 874 878 871
f 925 872 871 875
f 871 878 875
f 882 883 880 881
f 878 876 877
f 876 874 879
f 852 849 848 853
f 881 880 884
f 847 885 853 848
f 888 889 886 887
f 889 890 846 886
f 844 843 887 886
f 894 891 892 893
f 889 888 861
f 896 895 891 894
f 898 891 895 897
f 899 892 891 898
f 902 903 900 901
f 903 905 904 900
f 906 907 900 904
f 907 908 901 900
f 912 911 920 919
f 912 909 911
f 909 912 913
f 921 920 911 910
f 930 917 915 916
f 919 920 915 918
f 918 915 917
f 920 921 916 915
f 932 926 922 925
f 922 923 924
f 929 917 927 928
f 923 922 926
f 926 927 930 931
f 927 917 930
f 926 932 928 927
f 906 904 881 884
f 904 905 882 881
f 902 901 895 896
f 901 908 897 895
f 935 936 933 934
f 936 893 892 933
f 899 937 934 933
f 933 892 899
f 941 942 938 940
f 942 943 939 938
f 943 946 944 939
f 946 947 945 944
f 947 950 948 945
f 950 951 949 948
f 951 954 952 949
f 954 955 953 952
f 963 964 960 962
f 956 958 959
f 964 965 961 960
f 968 966 961 965
f 969 967 966 968
f 972 973 970 971
f 978 974 976 977
f 979 975 974 978
f 982 980 975 979
f 983 981 980 982
f 986 984 981 983
f 987 985 984 986
f 990 988 985 987
f 991 989 988 990
f 996 993 992 995
f 1005 1001 1000 1003
f 1000 1001 997
f 1000 997 999
f 1002 1006 1003 1000
f 1017 1016 1021 1022
f 1004 1003 1007
f 1008 1012 1013
f 1012 1008 1010
f 1011 1014 1015
f 1016 1017 1018
f 1016 1019 1020
f 1023 1021 1016 1020
f 1030 1031 1027 1029
f 1024 1025 1026
f 1036 1032 1034 1035
f 1028 1027 1031
f 1039 1040 1037 1038
f 1033 1032 1036
f 1050 1051 1048 1049
f 1042 1041 1044
f 1049 1045 1047
f 1055 1053 1052 1054
f 1066 1064 1063 1065
f 1056 1057 1058
f 1059 1061 1062
f 1070 1071 1068 1067
f 1075 1076 1072 1074
f 1076 1077 1073 1072
f 1077 1080 1078 1073
f 1080 1081 1079 1078
f 1081 1084 1082 1079
f 1084 1085 1083 1082
f 1085 1088 1086 1083
f 1088 1089 1087 1086
f 1097 1098 1094 1096
f 1090 1091 1092
f 1099 1095 1094 1098
f 1099 1102 1100 1095
f 1103 1101 1100 1102
f 1107 1105 1104 1106
f 1112 1108 1110 1111
f 1113 1109 1108 1112
f 1116 1114 1109 1113
f 1117 1115 1114 1116
f 1120 1118 1115 1117
f 1121 1119 1118 1120
f 1124 1122 1119 1121
f 1125 1123 1122 1124
f 1028 1128 1126 1127
f 885 1129 1130 854
f 1126 1128 940
f 1127 1126 860
f 953 1132 1129 1131
f 1131 1129 885
f 957 1130 1129 1132
f 1135 1133 1134 956
f 1138 971 1137 1136
f 1136 1137 906
f 1136 967 1138
f 970 1142 1139 1141
f 1141 1139 908
f 976 1140 1139 1142
f 989 1146 1143 1145
f 1145 1143 914
f 994 1144 1143 1146
f 993 1150 1147 1149
f 1149 1147 910
f 997 1148 1147 1150
f 931 1153 1154 923
f 1004 1156 1153 1155
f 1155 1153 931
f 1008 1154 1153 1156
f 1018 1159 1158 1160
f 1024 1165 1163 1164
f 1029 1166 1163 1165
f 1169 1167 1168 1034
f 1164 1163 859
f 1172 1170 1171 1038
f 1167 1169 861
f 1177 1175 1176 1045
f 1170 1172 862
f 1174 1041 1173
f 1181 1179 1180 1052
f 1175 1177 870
f 875 877 1178
f 1182 1048 1180 1179
f 1179 1181 925
f 1190 1188 1189 1069
f 1184 1185 1060
f 1186 1187 1063
f 1193 1068 1192 1191
f 1188 1190 912
f 1192 1074 1191
f 1196 1194 1195 1091
f 1197 1087 1195 1194
f 1194 1196 902
f 1096 1200 1198 1199
f 1104 1203 1201 1202
f 905 1198 1200
f 1101 1202 1201 1204
f 857 1201 1203
f 1207 1205 1206 1110
f 939 1209 1208 938
f 1205 1207 852
f 864 876 879
f 876 864 870
f 878 877 875
f 853 885 854
f 872 922 924
f 922 872 925
f 917 929 918
f 926 931 923
f 860 1126 1208 890
f 890 1208 1209
f 1126 940 938 1208
f 945 1211 1210 944
f 890 1209 1210 846
f 846 1210 1211
f 1209 939 944 1210
f 1213 1212 948 949
f 847 845 1212 1213
f 1211 1212 845 846
f 945 948 1212 1211
f 1131 1214 952 953
f 885 847 1214 1131
f 949 952 1214 1213
f 1134 855 854 1130
f 1216 1215 960 961
f 1133 1215 884 855
f 1215 1216 884
f 962 960 1215 1133
f 967 1136 1217 966
f 1136 906 884 1217
f 1216 961 966 1217
f 908 907 1137 1141
f 975 1219 1218 974
f 907 906 1137
f 908 1140 1218 897
f 897 1218 1219
f 1140 976 974 1218
f 981 1221 1220 980
f 1221 899 898 1220
f 897 1219 1220 898
f 1219 975 980 1220
f 1223 1222 984 985
f 937 899 1222 1223
f 981 984 1222 1221
f 1145 1224 988 989
f 914 937 1224 1145
f 985 988 1224 1223
f 914 1144 1149 910
f 1149 992 993
f 1144 994 992 1149
f 1001 1151 1148 997
f 921 1151 1152 916
f 921 1148 1151
f 1148 921 910
f 1001 1005 1152
f 1005 1004 1155 1152
f 1152 1151 1001
f 1013 1157 1154 1008
f 1157 924 923 1154
f 874 873 1157 1158
f 1017 1161 1159 1018
f 873 924 1157
f 1161 879 874 1159
f 1161 1162 865 879
f 1161 1017 1022 1162
f 1022 1024 1164 1162
f 1127 1166 1027 1028
f 1170 1169 1032 1033
f 1166 1127 860
f 1166 860 859
f 868 862 1172 1173
f 1169 1170 862
f 862 861 1169
f 1175 1173 1041 1042
f 870 869 1173 1175
f 1178 1177 1045 1049
f 869 868 1173
f 1049 1048 1182 1178
f 1177 1178 877
f 877 870 1177
f 1053 1183 1181 1052
f 1183 932 925 1181
f 1184 929 928 1183
f 1186 919 918 1225
f 1183 928 932
f 1184 1060 1059 1225
f 1064 1188 1186 1063
f 1188 912 919 1186
f 1068 1193 1190 1067
f 1193 913 912 1190
f 1227 1226 1072 1073
f 1191 1226 935 913
f 1226 1227 935
f 1074 1072 1226 1191
f 1229 1228 1078 1079
f 893 936 1228 1229
f 1227 1228 936 935
f 1073 1078 1228 1227
f 1083 1231 1230 1082
f 1231 896 894 1230
f 893 1229 1230 894
f 1229 1079 1082 1230
f 1087 1197 1232 1086
f 1197 902 896 1232
f 1231 1083 1086 1232
f 1198 1196 1091 1090
f 905 903 1196 1198
f 1095 1234 1233 1094
f 903 902 1196
f 905 1200 1233 882
f 882 1233 1234
f 1200 1096 1094 1233
f 1204 1235 1100 1101
f 857 883 1235 1204
f 1234 1235 883 882
f 1095 1100 1235 1234
f 1105 1205 1203 1104
f 1205 852 851 1203
f 1237 1236 1108 1109
f 1203 851 857
f 1207 1236 849 852
f 1236 1237 849
f 1110 1108 1236 1207
f 1239 1238 1114 1115
f 843 842 1238 1239
f 1237 1238 842 849
f 1109 1114 1238 1237
f 1119 1241 1240 1118
f 1241 888 887 1240
f 843 1239 1240 887
f 1239 1115 1118 1240
f 1123 1167 1242 1122
f 1167 861 888 1242
f 1241 1119 1122 1242
f 1031 1243 1128 1028
f 1243 941 940 1128
f 955 1244 1132 953
f 958 957 1132 1244
f 1245 1135 956 959
f 963 962 1135 1245
f 969 1246 1138 967
f 1246 972 971 1138
f 973 1247 1142 970
f 977 976 1142 1247
f 1248 1146 989 991
f 995 994 1146 1248
f 1249 1150 993 996
f 1249 998 997 1150
f 1007 1251 1156 1004
f 1251 1009 1008 1156
f 1253 1160 1011 1015
f 1012 1252 1014
f 1019 1018 1160 1253
f 1255 1165 1024 1026
f 1021 1023 1254
f 1021 1254 1025
f 1255 1030 1029 1165
f 1035 1168 1123 1125
f 1036 1039 1171 1033
f 1040 1043 1174 1037
f 1038 1171 1039
f 1044 1046 1176 1042
f 1041 1174 1043
f 1051 1256 1180 1048
f 1045 1176 1046
f 1054 1052 1180 1256
f 1061 1060 1185 1058
f 1053 1055 1057
f 1065 1063 1187 1062
f 1070 1069 1189 1066
f 1071 1075 1074 1192
f 1192 1068 1071
f 1089 1257 1195 1087
f 1257 1092 1091 1195
f 1093 1258 1199 1090
f 1258 1097 1096 1199
f 1259 1202 1101 1103
f 1106 1104 1202 1259
f 1260 1206 1105 1107
f 1111 1110 1206 1260
f 1264 1261 1262 1263
f 1266 1265 1261 1264
f 1268 1261 1265 1267
f 1269 1262 1261 1268
f 1272 1273 1270 1271
f 1275 1276 1270 1274
f 1274 1270 1273
f 1276 1277 1271 1270
f 1281 1282 1278 1309
f 1278 1279 1280
f 1309 1278 1280
f 1278 1286 1287 1279
f 1282 1288 1286
f 1299 1285 1283 1284
f 1286 1278 1282
f 1285 1287 1286 1283
f 1288 1289 1283 1286
f 1289 1290 1284 1283
f 1344 1293 1291 1292
f 1293 1294 1298 1291
f 1345 1292 1291 1295
f 1291 1298 1295
f 1302 1303 1300 1301
f 1298 1296 1297
f 1296 1294 1299
f 1272 1269 1268 1273
f 1301 1300 1304
f 1267 1305 1273 1268
f 1308 1309 1306 1307
f 1309 1310 1266 1306
f 1264 1263 1307 1306
f 1314 1311 1312 1313
f 1309 1308 1281
f 1316 1315 1311 1314
f 1318 1311 1315 1317
f 1319 1312 1311 1318
f 1322 1323 1320 1321
f 1323 1325 1324 1320
f 1326 1327 1320 1324
f 1327 1328 1321 1320
f 1332 1331 1340 1339
f 1332 1329 1331
f 1329 1332 1333
f 1341 1340 1331 1330
f 1350 1337 1335 1336
f 1339 1340 1335 1338
f 1338 1335 1337
f 1340 1341 1336 1335
f 1352 1346 1342 1345
f 1342 1343 1344
f 1349 1337 1347 1348
f 1343 1342 1346
f 1346 1347 1350 1351
f 1347 1337 1350
f 1346 1352 1348 1347
f 1326 1324 1301 1304
f 1324 1325 1302 1301
f 1322 1321 1315 1316
f 1321 1328 1317 1315
f 1355 1356 1353 1354
f 1356 1313 1312 1353
f 1319 1357 1354 1353
f 1353 1312 1319
f 1361 1362 1358 1360
f 1362 1363 1359 1358
f 1363 1366 1364 1359
f 1366 1367 1365 1364
f 1367 1370 1368 1365
f 1370 1371 1369 1368
f 1371 1374 1372 1369
f 1374 1375 1373 1372
f 1379 1376 1377 1378
f 1383 1384 1380 1382
f 1384 1385 1381 1380
f 1388 1386 1381 1385
f 1389 1387 1386 1388
f 1392 1393 1390 1391
f 1398 1394 1396 1397
f 1399 1395 1394 1398
f 1402 1400 1395 1399
f 1403 1401 1400 1402
f 1406 1404 1401 1403
f 1407 1405 1404 1406
f 1410 1408 1405 1407
f 1411 1409 1408 1410
f 1416 1413 1412 1415
f 1425 1421 1420 1423
f 1420 1421 1417
f 1420 1417 1419
f 1422 1426 1423 1420
f 1437 1436 1441 1442
f 1424 1423 1427
f 1428 1433 1429
f 1433 1428 1431
f 1432 1434 1435
f 1436 1437 1438
f 1436 1439 1440
f 1443 1441 1436 1440
f 1450 1451 1447 1449
f 1444 1445 1446
f 1456 1452 1454 1455
f 1448 1447 1451
f 1459 1460 1457 1458
f 1453 1452 1456
f 1470 1471 1469 1466
f 1462 1461 1464
f 1466 1465 1468
f 1474 1476 1472 1473
f 1486 1484 1483 1485
f 1475 1477 1478
f 1479 1481 1482
f 1490 1491 1487 1489
f 1495 1496 1492 1494
f 1488 1487 1491
f 1496 1497 1493 1492
f 1497 1500 1498 1493
f 1500 1501 1499 1498
f 1501 1504 1502 1499
f 1504 1505 1503 1502
f 1505 1508 1506 1503
f 1508 1509 1507 1506
f 1517 1518 1514 1516
f 1511 1510 1513
f 1518 1519 1515 1514
f 1519 1522 1520 1515
f 1523 1521 1520 1522
f 1527 1525 1524 1526
f 1532 1528 1530 1531
f 1533 1529 1528 1532
f 1536 1534 1529 1533
f 1537 1535 1534 1536
f 1540 1538 1535 1537
f 1541 1539 1538 1540
f 1544 1542 1539 1541
f 1545 1543 1542 1544
f 1448 1548 1546 1547
f 1305 1549 1550 1274
f 1546 1548 1360
f 1547 1546 1280
f 1373 1552 1549 1551
f 1551 1549 1305
f 1377 1550 1549 1552
f 1555 1553 1554 1376
f 1558 1391 1557 1556
f 1556 1557 1326
f 1556 1387 1558
f 1390 1562 1559 1561
f 1561 1559 1328
f 1396 1560 1559 1562
f 1409 1566 1563 1565
f 1565 1563 1334
f 1414 1564 1563 1566
f 1413 1570 1567 1569
f 1569 1567 1330
f 1417 1568 1567 1570
f 1351 1573 1574 1343
f 1424 1576 1573 1575
f 1575 1573 1351
f 1428 1574 1573 1576
f 1438 1579 1578 1580
f 1444 1585 1583 1584
f 1449 1586 1583 1585
f 1589 1587 1588 1454
f 1584 1583 1279
f 1592 1590 1591 1458
f 1587 1589 1281
f 1597 1595 1596 1465
f 1590 1592 1282
f 1594 1461 1593
f 1601 1599 1600 1472
f 1595 1597 1290
f 1295 1297 1598
f 1602 1469 1600 1599
f 1599 1601 1345
f 1610 1608 1609 1489
f 1604 1605 1480
f 1606 1607 1483
f 1613 1488 1612 1611
f 1608 1610 1332
f 1612 1494 1611
f 1616 1614 1615 1510
f 1617 1507 1615 1614
f 1614 1616 1322
f 1516 1620 1618 1619
f 1524 1623 1621 1622
f 1325 1618 1620
f 1521 1622 1621 1624
f 1277 1621 1623
f 1627 1625 1626 1530
f 1359 1629 1628 1358
f 1625 1627 1272
f 1284 1296 1299
f 1296 1284 1290
f 1298 1297 1295
f 1273 1305 1274
f 1292 1342 1344
f 1342 1292 1345
f 1337 1349 1338
f 1346 1351 1343
f 1280 1546 1628 1310
f 1310 1628 1629
f 1546 1360 1358 1628
f 1365 1631 1630 1364
f 1310 1629 1630 1266
f 1266 1630 1631
f 1629 1359 1364 1630
f 1633 1632 1368 1369
f 1267 1265 1632 1633
f 1631 1632 1265 1266
f 1365 1368 1632 1631
f 1551 1634 1372 1373
f 1305 1267 1634 1551
f 1369 1372 1634 1633
f 1554 1275 1274 1550
f 1636 1635 1380 1381
f 1553 1635 1304 1275
f 1635 1636 1304
f 1382 1380 1635 1553
f 1387 1556 1637 1386
f 1556 1326 1304 1637
f 1636 1381 1386 1637
f 1328 1327 1557 1561
f 1395 1639 1638 1394
f 1327 1326 1557
f 1328 1560 1638 1317
f 1317 1638 1639
f 1560 1396 1394 1638
f 1401 1641 1640 1400
f 1641 1319 1318 1640
f 1317 1639 1640 1318
f 1639 1395 1400 1640
f 1643 1642 1404 1405
f 1357 1319 1642 1643
f 1401 1404 1642 1641
f 1565 1644 1408 1409
f 1334 1357 1644 1565
f 1405 1408 1644 1643
f 1334 1564 1569 1330
f 1569 1412 1413
f 1564 1414 1412 1569
f 1421 1571 1568 1417
f 1341 1571 1572 1336
f 1341 1568 1571
f 1568 1341 1330
f 1421 1425 1572
f 1425 1424 1575 1572
f 1572 1571 1421
f 1429 1577 1574 1428
f 1577 1344 1343 1574
f 1294 1293 1577 1578
f 1437 1581 1579 1438
f 1293 1344 1577
f 1581 1299 1294 1579
f 1581 1582 1285 1299
f 1581 1437 1442 1582
f 1442 1444 1584 1582
f 1547 1586 1447 1448
f 1590 1589 1452 1453
f 1586 1547 1280
f 1586 1280 1279
f 1288 1282 1592 1593
f 1589 1590 1282
f 1282 1281 1589
f 1595 1593 1461 1462
f 1290 1289 1593 1595
f 1598 1597 1465 1466
f 1289 1288 1593
f 1466 1469 1602 1598
f 1597 1598 1297
f 1297 1290 1597
f 1476 1603 1601 1472
f 1603 1352 1345 1601
f 1604 1349 1348 1603
f 1606 1339 1338 1645
f 1603 1348 1352
f 1604 1480 1479 1645
f 1484 1608 1606 1483
f 1608 1332 1339 1606
f 1488 1613 1610 1487
f 1613 1333 1332 1610
f 1647 1646 1492 1493
f 1611 1646 1355 1333
f 1646 1647 1355
f 1494 1492 1646 1611
f 1649 1648 1498 1499
f 1313 1356 1648 1649
f 1647 1648 1356 1355
f 1493 1498 1648 1647
f 1503 1651 1650 1502
f 1651 1316 1314 1650
f 1313 1649 1650 1314
f 1499 1502 1650 1649
f 1507 1617 1652 1506
f 1617 1322 1316 1652
f 1651 1503 1506 1652
f 1618 1616 1510 1511
f 1325 1323 1616 1618
f 1515 1654 1653 1514
f 1323 1322 1616
f 1325 1620 1653 1302
f 1302 1653 1654
f 1620 1516 1514 1653
f 1624 1655 1520 1521
f 1277 1303 1655 1624
f 1654 1655 1303 1302
f 1515 1520 1655 1654
f 1525 1625 1623 1524
f 1625 1272 1271 1623
f 1657 1656 1528 1529
f 1623 1271 1277
f 1627 1656 1269 1272
f 1656 1657 1269
f 1530 1528 1656 1627
f 1659 1658 1534 1535
f 1263 1262 1658 1659
f 1657 1658 1262 1269
f 1529 1534 1658 1657
f 1539 1661 1660 1538
f 1661 1308 1307 1660
f 1263 1659 1660 1307
f 1659 1535 1538 1660
f 1543 1587 1662 1542
f 1587 1281 1308 1662
f 1661 1539 1542 1662
f 1451 1663 1548 1448
f 1663 1361 1360 1548
f 1375 1664 1552 1373
f 1378 1377 1552 1664
f 1665 1555 1376 1379
f 1665 1383 1382 1555
f 1666 1558 1387 1389
f 1666 1392 1391 1558
f 1393 1667 1562 1390
f 1397 1396 1562 1667
f 1668 1566 1409 1411
f 1415 1414 1566 1668
f 1669 1570 1413 1416
f 1669 1418 1417 1570
f 1427 1671 1576 1424
f 1671 1430 1428 1576
f 1673 1580 1432 1435
f 1433 1672 1434
f 1439 1438 1580 1673
f 1675 1585 1444 1446
f 1441 1443 1674
f 1441 1674 1445
f 1675 1450 1449 1585
f 1455 1588 1543 1545
f 1456 1459 1591 1453
f 1460 1463 1594 1457
f 1458 1591 1459
f 1464 1467 1596 1462
f 1461 1594 1463
f 1471 1676 1600 1469
f 1465 1596 1467
f 1473 1472 1600 1676
f 1481 1480 1605 1478
f 1476 1474 1477
f 1485 1483 1607 1482
f 1490 1489 1609 1486
f 1491 1677 1612 1488
f 1677 1495 1494 1612
f 1509 1678 1615 1507
f 1678 1512 1510 1615
f 1513 1679 1619 1511
f 1679 1517 1516 1619
f 1680 1622 1521 1523
f 1526 1524 1622 1680
f 1681 1626 1525 1527
f 1531 1530 1626 1681
f 1685 1682 1683 1684
f 1687 1686 1682 1685
f 1689 1688 1686 1687
f 1691 1690 1688 1689
f 1693 1692 1690 1691
f 1695 1694 1692 1693
f 1697 1696 1694 1695
f 1699 1698 1696 1697
f 1701 1700 1698 1699
f 1703 1702 1700 1701
f 1705 1704 1702 1703
f 1707 1706 1704 1705
f 1709 1708 1706 1707
f 1711 1710 1708 1709
f 1713 1712 1710 1711
f 1715 1714 1712 1713
f 1717 1716 1714 1715
f 1719 1718 1716 1717
f 1721 1720 1718 1719
f 1723 1722 1720 1721
f 1725 1724 1722 1723
f 1727 1726 1724 1725
f 1729 1728 1726 1727
f 1684 1683 1728 1729
f 1734 1733 1730 1731
f 1736 1735 1733 1734
f 1730 1733 1732
f 1738 1737 1735 1736
f 1733 1735 1732
f 1741 1740 1732 1739
f 1735 1737 1732
f 1732 1737 1738
f 1732 1738 1739
f 1731 1730 1740 1741
f 1686 1743 1742 1682
f 1740 1730 1732
f 1683 1682 1742 1744
f 1731 1742 1743
f 1746 1745 1688 1690
f 1734 1731 1745 1746
f 1743 1686 1688 1745
f 1694 1748 1747 1692
f 1690 1692 1747 1746
f 1734 1747 1748
f 1750 1749 1696 1698
f 1736 1734 1749 1750
f 1748 1694 1696 1749
f 1702 1752 1751 1700
f 1698 1700 1751 1750
f 1736 1751 1752
f 1754 1753 1704 1706
f 1738 1736 1753 1754
f 1752 1702 1704 1753
f 1710 1756 1755 1708
f 1706 1708 1755 1754
f 1738 1755 1756
f 1758 1757 1712 1714
f 1739 1738 1757 1758
f 1756 1710 1712 1757
f 1718 1760 1759 1716
f 1714 1716 1759 1758
f 1739 1759 1760
f 1762 1761 1720 1722
f 1741 1739 1761 1762
f 1760 1718 1720 1761
f 1726 1764 1763 1724
f 1722 1724 1763 1762
f 1741 1763 1764
f 1744 1765 1728 1683
f 1731 1741 1765 1744
f 1764 1726 1728 1765
f 1769 1766 1767 1768
f 1771 1770 1766 1769
f 1773 1772 1770 1771
f 1775 1774 1772 1773
f 1777 1776 1774 1775
f 1779 1778 1776 1777
f 1781 1780 1778 1779
f 1783 1782 1780 1781
f 1785 1784 1782 1783
f 1787 1786 1784 1785
f 1789 1788 1786 1787
f 1791 1790 1788 1789
f 1793 1792 1790 1791
f 1795 1794 1792 1793
f 1797 1796 1794 1795
f 1799 1798 1796 1797
f 1801 1800 1798 1799
f 1803 1802 1800 1801
f 1805 1804 1802 1803
f 1807 1806 1804 1805
f 1809 1808 1806 1807
f 1811 1810 1808 1809
f 1813 1812 1810 1811
f 1768 1767 1812 1813
f 1818 1817 1814 1815
f 1820 1819 1817 1818
f 1814 1817 1816
f 1823 1822 1816 1821
f 1817 1819 1816
f 1816 1819 1820
f 1816 1820 1821
f 1825 1824 1822 1823
f 1815 1814 1824 1825
f 1822 1824 1816
f 1770 1827 1826 1766
f 1824 1814 1816
f 1767 1766 1826 1828
f 1815 1826 1827
f 1830 1829 1772 1774
f 1818 1815 1829 1830
f 1827 1770 1772 1829
f 1778 1832 1831 1776
f 1774 1776 1831 1830
f 1818 1831 1832
f 1834 1833 1780 1782
f 1820 1818 1833 1834
f 1832 1778 1780 1833
f 1786 1836 1835 1784
f 1782 1784 1835 1834
f 1820 1835 1836
f 1838 1837 1788 1790
f 1821 1820 1837 1838
f 1836 1786 1788 1837
f 1794 1840 1839 1792
f 1790 1792 1839 1838
f 1821 1839 1840
f 1842 1841 1796 1798
f 1823 1821 1841 1842
f 1840 1794 1796 1841
f 1802 1844 1843 1800
f 1798 1800 1843 1842
f 1823 1843 1844
f 1846 1845 1804 1806
f 1825 1823 1845 1846
f 1844 1802 1804 1845
f 1810 1848 1847 1808
f 1806 1808 1847 1846
f 1825 1847 1848
f 1828 1849 1812 1767
f 1815 1825 1849 1828
f 1848 1810 1812 1849
f 1853 1850 1851 1852
f 1855 1854 1850 1853
f 1857 1856 1854 1855
f 1859 1858 1856 1857
f 1861 1860 1858 1859
f 1863 1862 1860 1861
f 1865 1864 1862 1863
f 1867 1866 1864 1865
f 1869 1868 1866 1867
f 1871 1870 1868 1869
f 1873 1872 1870 1871
f 1875 1874 1872 1873
f 1877 1876 1874 1875
f 1879 1878 1876 1877
f 1881 1880 1878 1879
f 1883 1882 1880 1881
f 1885 1884 1882 1883
f 1887 1886 1884 1885
f 1889 1888 1886 1887
f 1891 1890 1888 1889
f 1893 1892 1890 1891
f 1895 1894 1892 1893
f 1897 1896 1894 1895
f 1852 1851 1896 1897
f 1902 1901 1898 1899
f 1905 1904 1900 1903
f 1898 1901 1900
f 1900 1901 1902
f 1900 1902 1903
f 1907 1906 1904 1905
f 1909 1908 1906 1907
f 1904 1906 1900
f 1899 1898 1908 1909
f 1906 1908 1900
f 1854 1911 1910 1850
f 1908 1898 1900
f 1851 1850 1910 1912
f 1899 1910 1911
f 1914 1913 1856 1858
f 1902 1899 1913 1914
f 1911 1854 1856 1913
f 1862 1916 1915 1860
f 1858 1860 1915 1914
f 1902 1915 1916
f 1918 1917 1864 1866
f 1903 1902 1917 1918
f 1916 1862 1864 1917
f 1870 1920 1919 1868
f 1866 1868 1919 1918
f 1903 1919 1920
f 1922 1921 1872 1874
f 1905 1903 1921 1922
f 1920 1870 1872 1921
f 1878 1924 1923 1876
f 1874 1876 1923 1922
f 1905 1923 1924
f 1926 1925 1880 1882
f 1907 1905 1925 1926
f 1924 1878 1880 1925
f 1886 1928 1927 1884
f 1882 1884 1927 1926
f 1907 1927 1928
f 1930 1929 1888 1890
f 1909 1907 1929 1930
f 1928 1886 1888 1929
f 1894 1932 1931 1892
f 1890 1892 1931 1930
f 1909 1931 1932
f 1912 1933 1896 1851
f 1899 1909 1933 1912
f 1932 1894 1896 1933
f 1937 1934 1935 1936
f 1939 1938 1934 1937
f 1941 1940 1938 1939
f 1943 1942 1940 1941
f 1945 1944 1942 1943
f 1947 1946 1944 1945
f 1949 1948 1946 1947
f 1951 1950 1948 1949
f 1953 1952 1950 1951
f 1955 1954 1952 1953
f 1957 1956 1954 1955
f 1959 1958 1956 1957
f 1961 1960 1958 1959
f 1963 1962 1960 1961
f 1965 1964 1962 1963
f 1967 1966 1964 1965
f 1969 1968 1966 1967
f 1971 1970 1968 1969
f 1973 1972 1970 1971
f 1975 1974 1972 1973
f 1977 1976 1974 1975
f 1979 1978 1976 1977
f 1981 1980 1978 1979
f 1936 1935 1980 1981
f 1987 1986 1984 1985
f 1984 1982 1983
f 1984 1983 1985
f 1989 1988 1986 1987
f 1991 1990 1988 1989
f 1986 1988 1984
f 1993 1992 1990 1991
f 1988 1990 1984
f 1983 1982 1992 1993
f 1990 1992 1984
f 1938 1995 1994 1934
f 1992 1982 1984
f 1935 1934 1994 1996
f 1983 1994 1995
f 1998 1997 1940 1942
f 1985 1983 1997 1998
f 1995 1938 1940 1997
f 1946 2000 1999 1944
f 1942 1944 1999 1998
f 1985 1999 2000
f 2002 2001 1948 1950
f 1987 1985 2001 2002
f 2000 1946 1948 2001
f 1954 2004 2003 1952
f 1950 1952 2003 2002
f 1987 2003 2004
f 2006 2005 1956 1958
f 1989 1987 2005 2006
f 2004 1954 1956 2005
f 1962 2008 2007 1960
f 1958 1960 2007 2006
f 1989 2007 2008
f 2010 2009 1964 1966
f 1991 1989 2009 2010
f 2008 1962 1964 2009
f 1970 2012 2011 1968
f 1966 1968 2011 2010
f 1991 2011 2012
f 2014 2013 1972 1974
f 1993 1991 2013 2014
f 2012 1970 1972 2013
f 1978 2016 2015 1976
f 1974 1976 2015 2014
f 1993 2015 2016
f 1996 2017 1980 1935
f 1983 1993 2017 1996
f 2016 1978 1980 2017
o fon_logotip_front
v -0.019658 0.117186 0.003282
v -0.017598 0.117182 -0.006181
v -0.019658 0.117183 -0.003246
v -0.020389 0.117184 0.000018
v 0.019725 0.117183 -0.003246
v 0.017665 0.117182 -0.006181
v 0.019725 0.117186 0.003282
v 0.020455 0.117184 0.000018
v 0.014470 0.117188 0.008703
v 0.017665 0.117187 0.006216
v 0.014470 0.117181 -0.008668
v 0.010336 0.117189 0.010626
v 0.010336 0.117180 -0.010590
v 0.005459 0.117179 -0.011830
v 0.000033 0.117190 0.012304
v 0.005459 0.117189 0.011865
v 0.000033 0.117179 -0.012269
v -0.005392 0.117189 0.011865
v -0.005392 0.117179 -0.011830
v -0.010269 0.117180 -0.010590
v -0.014403 0.117188 0.008703
v -0.010269 0.117189 0.010626
v -0.014403 0.117181 -0.008668
v -0.017598 0.117187 0.006216
g fon_logotip_front_fon_logotip_front_polaris_logo
usemtl polaris_logo
s 1
f 2018 2019 2020 2021
f 2022 2023 2024 2025
f 2023 2026 2027 2024
f 2028 2029 2026 2023
f 2030 2031 2029 2028
f 2031 2032 2033 2029
f 2034 2035 2032 2031
f 2036 2037 2035 2034
f 2037 2038 2039 2035
f 2040 2041 2038 2037
f 2019 2018 2041 2040
o logo_front
v 0.002214 0.117486 0.003466
v -0.000000 0.117500 0.000000
v 0.000076 0.118556 0.003473
v 0.001995 0.117487 -0.003081
v 0.000075 0.118546 -0.003074
v 0.003517 0.118547 -0.000114
v 0.003507 0.117489 -0.001819
v 0.003502 0.117514 0.002018
v 0.003018 0.118522 0.002608
v 0.002676 0.118516 -0.002562
v 0.002129 0.117513 -0.003056
v 0.003462 0.117511 -0.001939
v 0.002766 0.118525 -0.002490
v 0.003529 0.117489 0.001889
v 0.003518 0.118550 0.000033
v 0.002347 0.117510 0.003427
v 0.002944 0.118530 0.002699
v 0.003690 0.117484 0.001927
v 0.015363 0.117483 -0.000099
v 0.003678 0.118568 0.000031
v 0.003678 0.118565 -0.000115
v 0.015303 0.117486 -0.000245
v 0.003667 0.117485 -0.001857
v 0.003583 0.117508 -0.002047
v 0.005623 0.117506 -0.005214
v 0.002885 0.118525 -0.002599
v 0.002795 0.118521 -0.002672
v 0.005505 0.117512 -0.005260
v 0.002245 0.117513 -0.003168
v 0.002036 0.117481 -0.003241
v 0.000075 0.117478 -0.010609
v 0.000075 0.118564 -0.003234
v 0.000076 0.118570 0.003634
v 0.000076 0.117484 0.011226
v 0.002253 0.117481 0.003626
v 0.002465 0.117509 0.003538
v 0.006033 0.117509 0.005521
v 0.003064 0.118532 0.002808
v 0.003137 0.118526 0.002717
v 0.006068 0.117516 0.005395
v 0.003623 0.117514 0.002125
v -0.002214 0.117486 0.003466
v -0.000076 0.118556 0.003473
v -0.000074 0.118546 -0.003074
v -0.001994 0.117487 -0.003081
v -0.003506 0.117489 -0.001819
v -0.003516 0.118547 -0.000114
v -0.003502 0.117514 0.002018
v -0.003017 0.118522 0.002608
v -0.002128 0.117513 -0.003056
v -0.002676 0.118516 -0.002562
v -0.003461 0.117511 -0.001939
v -0.002765 0.118525 -0.002490
v -0.003529 0.117489 0.001889
v -0.003517 0.118550 0.000033
v -0.002347 0.117510 0.003427
v -0.002944 0.118530 0.002699
v -0.003690 0.117484 0.001927
v -0.003678 0.118568 0.000031
v -0.015363 0.117483 -0.000099
v -0.003677 0.118565 -0.000115
v -0.003667 0.117485 -0.001857
v -0.015303 0.117486 -0.000245
v -0.003582 0.117508 -0.002047
v -0.002884 0.118525 -0.002599
v -0.005622 0.117506 -0.005214
v -0.002794 0.118521 -0.002672
v -0.002244 0.117513 -0.003168
v -0.005504 0.117512 -0.005260
v -0.002036 0.117481 -0.003241
v -0.000074 0.118564 -0.003234
v -0.000074 0.117478 -0.010609
v -0.000075 0.118570 0.003634
v -0.002253 0.117481 0.003626
v -0.000075 0.117484 0.011226
v -0.002464 0.117509 0.003538
v -0.003063 0.118532 0.002808
v -0.006032 0.117509 0.005521
v -0.003137 0.118526 0.002717
v -0.003623 0.117514 0.002125
v -0.006068 0.117516 0.005395
v 0.003689 0.116641 0.002002
v 0.016196 0.116640 -0.000169
v 0.016196 0.117343 -0.000169
v 0.003689 0.117344 0.002001
v 0.016195 0.116640 -0.000194
v 0.003666 0.116640 -0.001930
v 0.003666 0.117342 -0.001930
v 0.016195 0.117343 -0.000194
v 0.003629 0.116639 -0.002010
v 0.005900 0.116638 -0.005536
v 0.005900 0.117341 -0.005537
v 0.003629 0.117342 -0.002010
v 0.005876 0.116638 -0.005561
v 0.002203 0.116639 -0.003204
v 0.002203 0.117342 -0.003204
v 0.005876 0.117341 -0.005561
v 0.002426 0.116642 0.003585
v 0.006386 0.116643 0.005786
v 0.006386 0.117345 0.005786
v 0.002426 0.117344 0.003585
v 0.006409 0.116643 0.005760
v 0.003658 0.116641 0.002081
v 0.003658 0.117344 0.002081
v 0.006409 0.117345 0.005760
v 0.002113 0.116639 -0.003238
v 0.000021 0.116636 -0.011095
v 0.000021 0.117338 -0.011095
v 0.002113 0.117342 -0.003239
v 0.000023 0.116645 0.011683
v 0.002332 0.116642 0.003624
v 0.002332 0.117344 0.003623
v 0.000023 0.117347 0.011682
v -0.016195 0.116640 -0.000169
v -0.003689 0.116641 0.002002
v -0.003689 0.117344 0.002001
v -0.016195 0.117343 -0.000169
v -0.003666 0.116640 -0.001930
v -0.016195 0.116640 -0.000194
v -0.016195 0.117343 -0.000194
v -0.003666 0.117342 -0.001930
v -0.005900 0.116638 -0.005536
v -0.003629 0.116639 -0.002010
v -0.003629 0.117342 -0.002010
v -0.005900 0.117341 -0.005537
v -0.002203 0.116639 -0.003204
v -0.005875 0.116638 -0.005561
v -0.005875 0.117341 -0.005561
v -0.002203 0.117342 -0.003204
v -0.006386 0.116643 0.005786
v -0.002425 0.116642 0.003585
v -0.002425 0.117344 0.003585
v -0.006386 0.117345 0.005786
v -0.003657 0.116641 0.002081
v -0.006408 0.116643 0.005760
v -0.006408 0.117345 0.005760
v -0.003657 0.117344 0.002081
v -0.000021 0.116636 -0.011095
v -0.002113 0.116639 -0.003238
v -0.002113 0.117342 -0.003239
v -0.000021 0.117338 -0.011095
v -0.002331 0.116642 0.003624
v -0.000022 0.116645 0.011683
v -0.000022 0.117347 0.011682
v -0.002331 0.117344 0.003623
v -0.020079 0.117403 -0.003339
v -0.020825 0.117404 0.000018
v -0.020389 0.117192 0.000018
v -0.019658 0.117190 -0.003246
v -0.020079 0.117406 0.003376
v -0.019658 0.117193 0.003282
v -0.017975 0.117402 -0.006358
v -0.017598 0.117189 -0.006180
v -0.017975 0.117407 0.006394
v -0.017598 0.117194 0.006217
v -0.014712 0.117401 -0.008916
v -0.014403 0.117188 -0.008667
v -0.014712 0.117408 0.008952
v -0.014403 0.117195 0.008704
v -0.010490 0.117400 -0.010893
v -0.010269 0.117187 -0.010590
v -0.010490 0.117409 0.010929
v -0.010269 0.117196 0.010626
v -0.005508 0.117410 0.012204
v -0.005392 0.117197 0.011866
v -0.005508 0.117399 -0.012168
v -0.005392 0.117186 -0.011829
v 0.000033 0.117399 -0.012620
v 0.000033 0.117186 -0.012268
v 0.000033 0.117410 0.012656
v 0.000033 0.117197 0.012305
v 0.005459 0.117186 -0.011829
v 0.005574 0.117399 -0.012168
v 0.005574 0.117410 0.012204
v 0.005459 0.117197 0.011866
v 0.010556 0.117409 0.010929
v 0.010336 0.117196 0.010626
v 0.010336 0.117187 -0.010590
v 0.010556 0.117400 -0.010893
v 0.014470 0.117188 -0.008667
v 0.014778 0.117401 -0.008916
v 0.014778 0.117408 0.008952
v 0.014470 0.117195 0.008704
v 0.017664 0.117189 -0.006180
v 0.018041 0.117402 -0.006358
v 0.018041 0.117407 0.006394
v 0.017664 0.117194 0.006217
v 0.020145 0.117406 0.003376
v 0.019725 0.117193 0.003282
v 0.019725 0.117190 -0.003246
v 0.020145 0.117403 -0.003339
v 0.020455 0.117192 0.000018
v 0.020891 0.117404 0.000018
v -0.020500 0.117190 -0.003432
v -0.021261 0.117192 0.000018
v -0.020500 0.117193 0.003469
v -0.018352 0.117189 -0.006535
v -0.018352 0.117194 0.006571
v -0.015020 0.117188 -0.009164
v -0.015020 0.117195 0.009201
v -0.010710 0.117187 -0.011196
v -0.010710 0.117196 0.011233
v -0.005624 0.117197 0.012543
v -0.005624 0.117186 -0.012506
v 0.000033 0.117186 -0.012971
v 0.000033 0.117197 0.013007
v 0.005690 0.117186 -0.012506
v 0.005690 0.117197 0.012543
v 0.010776 0.117196 0.011233
v 0.010776 0.117187 -0.011196
v 0.015087 0.117188 -0.009164
v 0.015087 0.117195 0.009201
v 0.018418 0.117189 -0.006535
v 0.018418 0.117194 0.006571
v 0.020566 0.117193 0.003469
v 0.020566 0.117190 -0.003432
v 0.021328 0.117192 0.000018
g logo_front_logo_front_rim_details
usemtl rim_details
s 1
f 2042 2043 2044
f 2043 2045 2046
f 2043 2047 2048
f 2049 2043 2050
f 2043 2051 2052
f 2053 2054 2043
f 2055 2056 2043
f 2057 2058 2043
f 2059 2060 2061
f 2062 2063 2064
f 2065 2066 2067
f 2068 2069 2070
f 2071 2072 2073
f 2074 2075 2076
f 2077 2078 2079
f 2080 2081 2082
f 2083 2084 2043
f 2043 2085 2086
f 2043 2087 2088
f 2089 2090 2043
f 2043 2091 2092
f 2093 2043 2094
f 2095 2043 2096
f 2097 2043 2098
f 2099 2100 2101
f 2102 2103 2104
f 2105 2106 2107
f 2108 2109 2110
f 2111 2112 2113
f 2114 2115 2116
f 2117 2118 2119
f 2120 2121 2122
f 2123 2124 2125 2126
f 2127 2128 2129 2130
f 2131 2132 2133 2134
f 2135 2136 2137 2138
f 2139 2140 2141 2142
f 2143 2144 2145 2146
f 2147 2148 2149 2150
f 2151 2152 2153 2154
f 2155 2156 2157 2158
f 2159 2160 2161 2162
f 2163 2164 2165 2166
f 2167 2168 2169 2170
f 2171 2172 2173 2174
f 2175 2176 2177 2178
f 2179 2180 2181 2182
f 2183 2184 2185 2186
f 2185 2154 2075 2116
f 2153 2142 2077 2057 2042 2076
f 2081 2078 2141 2146
f 2145 2126 2059 2055 2049 2082
f 2063 2060 2125 2130
f 2129 2134 2065 2053 2048 2064
f 2069 2066 2133 2138
f 2137 2150 2071 2045 2052 2070
f 2047 2056 2061 2062
f 2051 2054 2067 2068
f 2085 2046 2073 2112
f 2084 2114 2074 2044
f 2050 2058 2079 2080
f 2115 2083 2097 2117 2173 2186
f 2177 2174 2119 2122
f 2095 2099 2157 2178 2121 2089
f 2161 2158 2101 2104
f 2093 2105 2165 2162 2103 2087
f 2169 2166 2107 2110
f 2086 2111 2181 2170 2109 2091
f 2113 2072 2149 2182
f 2100 2096 2088 2102
f 2106 2094 2092 2108
f 2118 2098 2090 2120
f 2125 2060 2059 2126
f 2129 2064 2063 2130
f 2133 2066 2065 2134
f 2137 2070 2069 2138
f 2141 2078 2077 2142
f 2145 2082 2081 2146
f 2149 2072 2071 2150
f 2153 2076 2075 2154
f 2062 2061 2060 2063
f 2116 2075 2074 2114
f 2046 2085 2043
f 2043 2054 2051
f 2080 2079 2078 2081
f 2043 2052 2045
f 2048 2053 2043
f 2049 2055 2043
f 2042 2057 2043
f 2056 2047 2043
f 2061 2056 2055 2059
f 2064 2048 2047 2062
f 2066 2069 2068 2067
f 2067 2054 2053 2065
f 2070 2052 2051 2068
f 2112 2073 2072 2113
f 2073 2046 2045 2071
f 2043 2084 2044
f 2076 2042 2044 2074
f 2058 2050 2043
f 2079 2058 2057 2077
f 2082 2049 2050 2080
f 2157 2099 2101 2158
f 2161 2104 2103 2162
f 2165 2105 2107 2166
f 2169 2110 2109 2170
f 2173 2117 2119 2174
f 2177 2122 2121 2178
f 2181 2111 2113 2182
f 2185 2116 2115 2186
f 2104 2101 2100 2102
f 2092 2094 2043
f 2122 2119 2118 2120
f 2086 2091 2043
f 2043 2093 2087
f 2043 2095 2089
f 2043 2097 2083
f 2043 2088 2096
f 2099 2095 2096 2100
f 2102 2088 2087 2103
f 2106 2108 2110 2107
f 2105 2093 2094 2106
f 2108 2092 2091 2109
f 2111 2086 2085 2112
f 2114 2084 2083 2115
f 2043 2090 2098
f 2117 2097 2098 2118
f 2120 2090 2089 2121
f 2184 2151 2154 2185
f 2152 2139 2142 2153
f 2140 2143 2146 2141
f 2144 2123 2126 2145
f 2124 2127 2130 2125
f 2128 2131 2134 2129
f 2132 2135 2138 2133
f 2136 2147 2150 2137
f 2172 2183 2186 2173
f 2176 2171 2174 2177
f 2156 2175 2178 2157
f 2160 2155 2158 2161
f 2164 2159 2162 2165
f 2168 2163 2166 2169
f 2180 2167 2170 2181
f 2148 2179 2182 2149
f 2187 2188 2189 2190
f 2191 2192 2189 2188
f 2193 2187 2190 2194
f 2195 2196 2192 2191
f 2197 2193 2194 2198
f 2199 2200 2196 2195
f 2201 2197 2198 2202
f 2203 2204 2200 2199
f 2205 2206 2204 2203
f 2207 2201 2202 2208
f 2209 2207 2208 2210
f 2211 2212 2206 2205
f 2209 2210 2213 2214
f 2211 2215 2216 2212
f 2215 2217 2218 2216
f 2214 2213 2219 2220
f 2220 2219 2221 2222
f 2217 2223 2224 2218
f 2222 2221 2225 2226
f 2223 2227 2228 2224
f 2227 2229 2230 2228
f 2226 2225 2231 2232
f 2232 2231 2233 2234
f 2229 2234 2233 2230
f 2188 2187 2235 2236
f 2237 2191 2188 2236
f 2187 2193 2238 2235
f 2239 2195 2191 2237
f 2193 2197 2240 2238
f 2241 2199 2195 2239
f 2197 2201 2242 2240
f 2243 2203 2199 2241
f 2244 2205 2203 2243
f 2201 2207 2245 2242
f 2207 2209 2246 2245
f 2247 2211 2205 2244
f 2246 2209 2214 2248
f 2215 2211 2247 2249
f 2217 2215 2249 2250
f 2248 2214 2220 2251
f 2251 2220 2222 2252
f 2223 2217 2250 2253
f 2252 2222 2226 2254
f 2227 2223 2253 2255
f 2229 2227 2255 2256
f 2254 2226 2232 2257
f 2257 2232 2234 2258
f 2234 2229 2256 2258
o rim_front
v 0.009456 0.105750 0.156814
v 0.019561 0.106061 0.159414
v 0.012277 0.105245 0.150544
v 0.007226 0.105242 0.151089
v -0.005297 0.105758 0.157262
v 0.000033 0.106104 0.161834
v 0.011282 0.106074 0.160911
v 0.006831 0.103944 0.141231
v 0.000101 0.104018 0.141937
v -0.000163 0.105250 0.151314
v 0.012206 0.104108 0.141923
v 0.007104 0.100889 0.133052
v 0.006605 0.081338 0.081325
v 0.000011 0.083233 0.087076
v 0.012331 0.103822 0.139932
v 0.011450 0.085826 0.092224
v 0.020027 0.081287 0.025804
v -0.020608 0.081287 0.022081
v 0.006218 0.081287 0.055060
v 0.011611 0.081325 0.054233
v 0.039740 0.081325 0.023696
v 0.027948 0.107959 0.160060
v 0.027948 0.109429 0.160060
v 0.023907 0.107826 0.159093
v 0.023907 0.109295 0.159093
v 0.023974 0.106568 0.159564
v 0.027948 0.106784 0.160060
v 0.088572 0.109445 0.136097
v 0.095548 0.109431 0.131390
v 0.098983 0.109412 0.128531
v 0.094977 0.108085 0.114241
v 0.099450 0.109203 0.125441
v 0.099185 0.107927 0.108039
v 0.095519 0.107895 0.111088
v 0.103835 0.107951 0.103825
v 0.013422 0.085746 0.061458
v 0.013394 0.088862 0.057359
v 0.013387 0.082625 0.056933
v 0.013393 0.082631 0.061610
v 0.013600 0.087695 0.081922
v 0.014089 0.105309 0.138126
v 0.014020 0.104950 0.130120
v 0.013582 0.094010 0.079727
v 0.013551 0.083109 0.080371
v 0.014068 0.104352 0.139431
v 0.014192 0.106661 0.148571
v 0.014192 0.108189 0.148493
v 0.014115 0.107197 0.141047
v 0.014160 0.105580 0.148584
v 0.019302 0.108930 0.155455
v 0.015608 0.106031 0.151722
v 0.015582 0.108561 0.151666
v 0.019236 0.106318 0.155449
v 0.028150 0.107986 0.144606
v 0.027280 0.107830 0.143524
v 0.029050 0.108140 0.145662
v 0.026387 0.107404 0.140597
v 0.026674 0.105631 0.131444
v 0.026733 0.107651 0.142296
v 0.028384 0.100948 0.108360
v 0.030218 0.096330 0.085746
v 0.034389 0.093638 0.071245
v 0.038124 0.092587 0.064150
v 0.031787 0.094462 0.076245
v 0.042443 0.091603 0.056029
v 0.045946 0.090889 0.049507
v 0.086033 0.108155 0.121715
v 0.084611 0.106539 0.108549
v 0.083604 0.108441 0.125805
v 0.078852 0.108436 0.128501
v 0.085508 0.108446 0.124595
v 0.069610 0.108445 0.133493
v 0.058175 0.108449 0.138954
v 0.046848 0.108431 0.143054
v 0.037659 0.108386 0.145583
v 0.032638 0.108312 0.146331
v 0.030383 0.108240 0.146198
v 0.024578 0.082453 0.044977
v 0.024430 0.087656 0.045142
v 0.035045 0.087311 0.035035
v 0.035029 0.082370 0.035020
v 0.016007 0.082539 0.052790
v 0.016254 0.088181 0.052586
v 0.090437 0.106304 0.101173
v 0.096083 0.106335 0.096073
v 0.085975 0.106263 0.104846
v 0.027458 0.044898 0.143765
v 0.029045 0.044898 0.145656
v 0.084611 0.044898 0.108550
v 0.086031 0.044898 0.121696
v 0.028384 0.071450 0.108362
v 0.026674 0.073775 0.131444
v 0.026036 0.045114 0.138956
v 0.028351 0.051716 0.108362
v 0.030164 0.052179 0.086166
v 0.036037 0.067431 0.068096
v 0.031704 0.051799 0.076366
v 0.035906 0.050702 0.068278
v 0.042111 0.051281 0.056609
v 0.045862 0.051244 0.049621
v 0.046848 0.044898 0.143054
v 0.058175 0.044898 0.138954
v 0.037659 0.044898 0.145583
v 0.083604 0.044898 0.125805
v 0.085508 0.044898 0.124595
v 0.078852 0.044898 0.128501
v 0.069610 0.044898 0.133493
v 0.032638 0.044898 0.146331
v 0.029514 0.044898 0.146102
v 0.026387 0.074608 0.140596
v 0.026731 0.044934 0.142293
v 0.026387 0.045042 0.140596
v 0.096083 0.044898 0.096073
v 0.090437 0.044898 0.101173
v 0.085975 0.044898 0.104846
v 0.018175 0.044898 0.063440
v 0.023256 0.044898 0.026209
v 0.042056 0.044937 0.041168
v 0.026849 0.044933 0.077751
v 0.012072 0.105390 0.162443
v 0.000033 0.105382 0.163451
v 0.000033 0.101501 0.163472
v 0.012115 0.101471 0.162458
v 0.022114 0.103673 0.160844
v 0.022114 0.101428 0.160844
v 0.022829 0.105612 0.160681
v 0.027974 0.105647 0.160054
v 0.027948 0.101426 0.160060
v 0.034619 0.101438 0.158613
v 0.034619 0.109441 0.158613
v 0.047127 0.101443 0.155011
v 0.062250 0.101443 0.149602
v 0.062250 0.109447 0.149602
v 0.047127 0.109446 0.155011
v 0.076769 0.101445 0.142733
v 0.088572 0.101442 0.136097
v 0.076769 0.109449 0.142733
v 0.095548 0.101428 0.131390
v 0.098982 0.101409 0.128532
v 0.099185 0.099921 0.108039
v 0.095521 0.099889 0.111086
v 0.103835 0.099945 0.103825
v 0.099445 0.101198 0.125427
v 0.094978 0.100079 0.114244
v 0.012430 0.044898 0.138410
v 0.022341 0.044933 0.138410
v -0.013246 0.044898 0.024991
v 0.024017 0.106179 0.160372
v 0.022739 0.106164 0.159122
v 0.020963 0.106084 0.160852
v 0.025089 0.106187 0.160323
v 0.014150 0.105334 0.150285
v 0.014060 0.105106 0.148522
v 0.015864 0.105527 0.152154
v 0.014267 0.105880 0.150264
v 0.013975 0.103891 0.139581
v 0.013449 0.081479 0.079786
v 0.012015 0.081318 0.078658
v 0.011693 0.081373 0.080167
v 0.013324 0.081431 0.055203
v 0.016111 0.081431 0.052549
v 0.013276 0.081438 0.056882
v 0.013441 0.082531 0.055216
v 0.094265 0.107891 0.112237
v 0.100161 0.109398 0.127443
v 0.030735 0.045043 0.078075
v 0.032055 0.045039 0.075434
v 0.030854 0.051873 0.078077
v 0.011980 0.106092 0.162349
v 0.000033 0.106123 0.163353
v 0.006416 0.081299 0.080772
v 0.000034 0.081318 0.081965
v 0.013712 0.092682 0.109695
v 0.013347 0.081426 0.067281
v 0.013018 0.081309 0.071104
v 0.024307 0.081431 0.045078
v 0.034952 0.081431 0.034942
v 0.027948 0.106201 0.160060
v 0.013465 0.088380 0.055210
v 0.014102 0.106994 0.139579
v 0.014285 0.108420 0.150256
v 0.029489 0.108203 0.146083
v 0.026918 0.107756 0.143011
v 0.030875 0.094766 0.078069
v 0.084431 0.106258 0.106211
v 0.086207 0.108436 0.124060
v 0.047229 0.090652 0.047219
v 0.049519 0.090889 0.045935
v 0.047221 0.051757 0.047211
v 0.049558 0.051894 0.045901
v 0.086207 0.044898 0.124060
v 0.084431 0.044898 0.106212
v 0.026918 0.044898 0.143011
v 0.028253 0.045042 0.108363
v 0.025832 0.045042 0.138410
v 0.040473 0.045049 0.059460
v 0.047116 0.045043 0.047141
v 0.094265 0.099885 0.112237
v 0.100161 0.101395 0.127443
v 0.005362 0.105758 -0.157215
v 0.019523 0.106061 -0.159402
v 0.011282 0.106074 -0.160865
v 0.000033 0.106104 -0.161788
v 0.006964 0.105232 -0.150945
v 0.000227 0.105249 -0.151267
v -0.000037 0.104018 -0.141892
v 0.012245 0.105243 -0.150464
v 0.006808 0.092618 -0.111167
v 0.000055 0.083219 -0.086994
v 0.006711 0.084180 -0.088846
v 0.011517 0.085460 -0.091172
v 0.012172 0.103831 -0.139951
v 0.007233 0.103922 -0.141060
v 0.025814 0.081287 -0.019970
v 0.023712 0.081325 -0.039677
v 0.011789 0.081324 -0.054378
v 0.006110 0.081287 -0.054964
v 0.027948 0.107959 -0.160014
v 0.027948 0.109429 -0.160014
v 0.034619 0.109441 -0.158567
v 0.027948 0.106784 -0.160014
v 0.023974 0.106568 -0.159518
v 0.023907 0.107826 -0.159047
v 0.023907 0.109295 -0.159047
v 0.047127 0.109446 -0.154965
v 0.062250 0.109447 -0.149555
v 0.047127 0.101443 -0.154965
v 0.076769 0.109449 -0.142686
v 0.088572 0.109445 -0.136051
v 0.095548 0.109431 -0.131344
v 0.098982 0.109412 -0.128485
v 0.094976 0.108085 -0.114193
v 0.099450 0.109203 -0.125394
v 0.095521 0.107895 -0.111040
v 0.103835 0.107951 -0.103779
v 0.013422 0.085737 -0.061407
v 0.013397 0.082664 -0.061997
v 0.013388 0.082613 -0.056868
v 0.013394 0.088856 -0.057287
v 0.013594 0.087925 -0.081151
v 0.014020 0.104948 -0.130066
v 0.014093 0.105371 -0.138482
v 0.013548 0.083026 -0.080346
v 0.014068 0.104326 -0.139109
v 0.013582 0.094007 -0.079670
v 0.014192 0.106650 -0.148528
v 0.014192 0.108189 -0.148447
v 0.014160 0.105579 -0.148526
v 0.014115 0.107197 -0.141001
v 0.019302 0.108930 -0.155408
v 0.019236 0.106318 -0.155402
v 0.015617 0.106034 -0.151684
v 0.015582 0.108561 -0.151620
v 0.028150 0.107986 -0.144560
v 0.027279 0.107830 -0.143476
v 0.028151 0.044898 -0.144560
v 0.029049 0.108140 -0.145614
v 0.026387 0.107404 -0.140551
v 0.026674 0.105631 -0.131398
v 0.026732 0.107651 -0.142247
v 0.028384 0.100948 -0.108313
v 0.030218 0.096331 -0.085702
v 0.034389 0.093638 -0.071199
v 0.038124 0.092587 -0.064104
v 0.031786 0.094462 -0.076202
v 0.042443 0.091603 -0.055982
v 0.045945 0.090890 -0.049463
v 0.086033 0.108154 -0.121665
v 0.084611 0.106539 -0.108503
v 0.083604 0.108441 -0.125759
v 0.078852 0.108436 -0.128455
v 0.085508 0.108446 -0.124549
v 0.069610 0.108445 -0.133447
v 0.058175 0.108449 -0.138907
v 0.046848 0.044898 -0.143007
v 0.046848 0.108431 -0.143007
v 0.037659 0.108386 -0.145537
v 0.032638 0.108312 -0.146285
v 0.030380 0.108239 -0.146152
v 0.024505 0.082441 -0.045000
v 0.035033 0.082372 -0.034970
v 0.035045 0.087311 -0.034988
v 0.024430 0.087656 -0.045096
v 0.015998 0.082527 -0.052752
v 0.016254 0.088181 -0.052539
v 0.090437 0.106304 -0.101127
v 0.096083 0.106335 -0.096026
v 0.085975 0.106263 -0.104800
v 0.029048 0.044898 -0.145614
v 0.026921 0.044898 -0.142977
v 0.084609 0.044898 -0.108477
v 0.086034 0.044898 -0.121686
v 0.028384 0.071450 -0.108315
v 0.028351 0.051716 -0.108316
v 0.026036 0.045114 -0.138910
v 0.026674 0.073775 -0.131398
v 0.030151 0.052220 -0.086283
v 0.036003 0.067376 -0.068113
v 0.035952 0.050719 -0.068144
v 0.031699 0.051822 -0.076329
v 0.042124 0.051372 -0.056540
v 0.045869 0.051300 -0.049560
v 0.058175 0.044898 -0.138907
v 0.037659 0.044898 -0.145537
v 0.083604 0.044898 -0.125759
v 0.085508 0.044898 -0.124549
v 0.078852 0.044898 -0.128455
v 0.069610 0.044898 -0.133447
v 0.032638 0.044898 -0.146285
v 0.030383 0.044898 -0.146152
v 0.026387 0.074608 -0.140550
v 0.026387 0.045042 -0.140550
v 0.026732 0.044934 -0.142247
v 0.090437 0.044898 -0.101127
v 0.096083 0.044898 -0.096026
v 0.085976 0.044898 -0.104799
v 0.024118 0.044898 -0.029834
v 0.017632 0.044898 -0.067641
v 0.034493 0.044937 -0.059982
v 0.012071 0.105388 -0.162397
v 0.012115 0.101471 -0.162412
v 0.000033 0.101501 -0.163426
v 0.000033 0.105383 -0.163405
v 0.022829 0.105612 -0.160635
v 0.022114 0.103673 -0.160798
v 0.022114 0.101428 -0.160798
v 0.027948 0.103670 -0.160014
v 0.027948 0.101426 -0.160014
v 0.027948 0.105424 -0.160014
v 0.034619 0.101438 -0.158567
v 0.062250 0.101443 -0.149555
v 0.076769 0.101445 -0.142686
v 0.088572 0.101442 -0.136051
v 0.095548 0.101428 -0.131344
v 0.098982 0.101409 -0.128485
v 0.099185 0.099921 -0.107993
v 0.095521 0.099889 -0.111040
v 0.099185 0.107927 -0.107993
v 0.103835 0.099945 -0.103779
v 0.099450 0.101199 -0.125395
v 0.094974 0.100079 -0.114186
v 0.012724 0.044898 -0.138363
v 0.022276 0.044932 -0.138363
v 0.026861 0.044933 -0.077432
v 0.024017 0.106179 -0.160325
v 0.020963 0.106084 -0.160805
v 0.022739 0.106164 -0.159076
v 0.025089 0.106187 -0.160276
v 0.014150 0.105334 -0.150239
v 0.014059 0.105101 -0.148437
v 0.014267 0.105882 -0.150218
v 0.015912 0.105533 -0.152157
v 0.013975 0.103891 -0.139534
v 0.013452 0.081481 -0.079716
v 0.011693 0.081373 -0.080121
v 0.012015 0.081318 -0.078612
v 0.013543 0.085395 -0.090260
v 0.013324 0.081431 -0.055157
v 0.016111 0.081431 -0.052503
v 0.013442 0.082533 -0.055168
v 0.013272 0.081439 -0.056953
v 0.094265 0.107891 -0.112191
v 0.100161 0.101395 -0.127397
v 0.100161 0.109398 -0.127397
v 0.030741 0.045042 -0.077982
v 0.030853 0.051916 -0.078031
v 0.011980 0.106092 -0.162303
v 0.000033 0.106123 -0.163307
v 0.006715 0.081322 -0.081181
v 0.000032 0.081318 -0.081919
v 0.013345 0.081425 -0.067253
v 0.013032 0.081316 -0.071277
v 0.024307 0.081431 -0.045031
v 0.034952 0.081431 -0.034896
v 0.027948 0.106201 -0.160014
v 0.013465 0.088380 -0.055164
v 0.014102 0.106994 -0.139533
v 0.014285 0.108420 -0.150210
v 0.029489 0.108203 -0.146037
v 0.026918 0.107756 -0.142965
v 0.030875 0.094766 -0.078023
v 0.084431 0.106258 -0.106165
v 0.086207 0.108436 -0.124014
v 0.086207 0.044898 -0.124013
v 0.084431 0.044898 -0.106166
v 0.029489 0.044898 -0.146036
v 0.028253 0.045042 -0.108317
v 0.025832 0.045042 -0.138363
v 0.036163 0.045040 -0.067550
v 0.045641 0.045042 -0.049756
v 0.094265 0.099885 -0.112191
v -0.019457 0.106061 0.159448
v -0.011216 0.106074 0.160911
v -0.006895 0.105232 0.150990
v -0.012179 0.105243 0.150509
v -0.006741 0.092618 0.111213
v -0.006644 0.084180 0.088892
v -0.011450 0.085429 0.091137
v -0.012105 0.103831 0.139997
v -0.007165 0.103922 0.141106
v -0.023641 0.081325 0.039728
v -0.011723 0.081324 0.054424
v -0.006043 0.081287 0.055010
v -0.027882 0.107959 0.160060
v -0.027882 0.109429 0.160060
v -0.034552 0.109441 0.158613
v -0.027882 0.106784 0.160060
v -0.023908 0.106568 0.159564
v -0.023840 0.107826 0.159093
v -0.023840 0.109295 0.159093
v -0.047060 0.109446 0.155011
v -0.062184 0.109447 0.149602
v -0.062184 0.101443 0.149602
v -0.088506 0.109445 0.136097
v -0.095481 0.109431 0.131390
v -0.098916 0.109412 0.128531
v -0.094908 0.108085 0.114238
v -0.099119 0.107927 0.108039
v -0.095454 0.107895 0.111086
v -0.103769 0.107951 0.103825
v -0.013327 0.085155 0.057322
v -0.013330 0.082667 0.061913
v -0.013307 0.082436 0.056882
v -0.013328 0.088859 0.057347
v -0.013528 0.087931 0.081205
v -0.013953 0.104950 0.130120
v -0.014026 0.105356 0.138493
v -0.013482 0.083029 0.080396
v -0.014002 0.104327 0.139159
v -0.013515 0.094010 0.079727
v -0.014126 0.106664 0.148593
v -0.014126 0.108192 0.148516
v -0.014092 0.105578 0.148574
v -0.014048 0.107197 0.141047
v -0.019234 0.108930 0.155454
v -0.019169 0.106318 0.155449
v -0.015552 0.106031 0.151733
v -0.015515 0.108561 0.151666
v -0.028085 0.107986 0.144608
v -0.027212 0.107830 0.143523
v -0.028982 0.108140 0.145661
v -0.026320 0.107404 0.140597
v -0.026608 0.105631 0.131445
v -0.026665 0.107651 0.142296
v -0.028318 0.100948 0.108361
v -0.030153 0.096330 0.085743
v -0.034322 0.093638 0.071245
v -0.038057 0.092587 0.064150
v -0.031721 0.094461 0.076244
v -0.042376 0.091603 0.056029
v -0.045878 0.090889 0.049509
v -0.085967 0.108156 0.121724
v -0.084544 0.106539 0.108550
v -0.083537 0.108441 0.125805
v -0.078786 0.108436 0.128501
v -0.085441 0.108446 0.124595
v -0.069543 0.108445 0.133493
v -0.058109 0.108449 0.138954
v -0.046781 0.108430 0.143054
v -0.037592 0.108386 0.145583
v -0.032572 0.108311 0.146331
v -0.030316 0.108240 0.146198
v -0.024444 0.082437 0.045041
v -0.034956 0.082371 0.035026
v -0.034978 0.087311 0.035035
v -0.024363 0.087656 0.045142
v -0.015931 0.082527 0.052798
v -0.016188 0.088181 0.052586
v -0.090370 0.106304 0.101173
v -0.096016 0.106335 0.096073
v -0.085909 0.106263 0.104846
v -0.027397 0.044898 0.143772
v -0.028980 0.044898 0.145659
v -0.084543 0.044898 0.108535
v -0.085968 0.044898 0.121732
v -0.028317 0.071450 0.108362
v -0.028285 0.051716 0.108362
v -0.025970 0.045114 0.138956
v -0.026608 0.073775 0.131444
v -0.030088 0.052201 0.086289
v -0.035946 0.067319 0.068140
v -0.035879 0.050713 0.068203
v -0.031632 0.051822 0.076378
v -0.045501 0.067667 0.050191
v -0.045482 0.050630 0.050164
v -0.046781 0.044898 0.143054
v -0.058109 0.044898 0.138954
v -0.037592 0.044898 0.145583
v -0.083537 0.044898 0.125805
v -0.085441 0.044898 0.124595
v -0.078786 0.044898 0.128501
v -0.069543 0.044898 0.133493
v -0.032572 0.044898 0.146331
v -0.030317 0.044898 0.146198
v -0.026320 0.074608 0.140596
v -0.026320 0.045042 0.140596
v -0.026665 0.044934 0.142293
v -0.090370 0.044898 0.101173
v -0.096016 0.044898 0.096073
v -0.085910 0.044898 0.104845
v -0.019758 0.044898 0.052101
v -0.034430 0.044937 0.060021
v -0.012004 0.105391 0.162443
v -0.012048 0.101471 0.162458
v -0.022763 0.105612 0.160681
v -0.022047 0.103673 0.160844
v -0.022047 0.101428 0.160844
v -0.027882 0.103670 0.160060
v -0.027882 0.101426 0.160060
v -0.027882 0.105424 0.160060
v -0.034552 0.101438 0.158613
v -0.047060 0.101443 0.155011
v -0.076703 0.101445 0.142733
v -0.076703 0.109449 0.142733
v -0.088506 0.101442 0.136097
v -0.095481 0.101428 0.131390
v -0.098915 0.101409 0.128532
v -0.099119 0.099921 0.108039
v -0.095454 0.099889 0.111086
v -0.103769 0.099945 0.103825
v -0.099378 0.101198 0.125428
v -0.099383 0.109203 0.125441
v -0.094909 0.100079 0.114239
v -0.012657 0.044898 0.138410
v -0.022210 0.044932 0.138410
v -0.026794 0.044933 0.077481
v -0.023951 0.106179 0.160372
v -0.020897 0.106084 0.160852
v -0.022672 0.106164 0.159122
v -0.025023 0.106187 0.160323
v -0.014084 0.105334 0.150285
v -0.013993 0.105101 0.148488
v -0.014200 0.105884 0.150264
v -0.015836 0.105532 0.152193
v -0.013907 0.103891 0.139580
v -0.013385 0.081481 0.079762
v -0.011627 0.081373 0.080167
v -0.011949 0.081318 0.078658
v -0.013476 0.085429 0.090398
v -0.013257 0.081431 0.055203
v -0.016045 0.081431 0.052549
v -0.013376 0.082542 0.055214
v -0.013205 0.081439 0.056995
v -0.094198 0.107891 0.112238
v -0.100094 0.109398 0.127443
v -0.030673 0.045042 0.078030
v -0.030786 0.051871 0.078078
v -0.011914 0.106092 0.162349
v -0.006648 0.081322 0.081227
v -0.013278 0.081425 0.067297
v -0.012965 0.081316 0.071330
v -0.024241 0.081431 0.045078
v -0.034886 0.081431 0.034942
v -0.027882 0.106201 0.160060
v -0.013399 0.088380 0.055210
v -0.014035 0.106994 0.139579
v -0.014219 0.108420 0.150256
v -0.029423 0.108203 0.146083
v -0.026851 0.107756 0.143011
v -0.030809 0.094766 0.078069
v -0.084364 0.106258 0.106211
v -0.086140 0.108436 0.124060
v -0.086140 0.044898 0.124060
v -0.084364 0.044898 0.106212
v -0.029422 0.044898 0.146082
v -0.026852 0.044898 0.143011
v -0.028187 0.045042 0.108363
v -0.025766 0.045042 0.138410
v -0.036106 0.045040 0.067579
v -0.045590 0.045042 0.049774
v -0.094198 0.099885 0.112237
v -0.100094 0.101395 0.127444
v -0.009390 0.105750 -0.156768
v -0.019495 0.106061 -0.159368
v -0.012212 0.105245 -0.150499
v -0.007159 0.105242 -0.151044
v -0.011216 0.106074 -0.160865
v -0.006764 0.103944 -0.141185
v -0.012140 0.104109 -0.141880
v -0.007038 0.100917 -0.133078
v -0.006537 0.081338 -0.081279
v -0.012261 0.103822 -0.139886
v -0.011383 0.085852 -0.092247
v -0.019960 0.081287 -0.025758
v -0.006151 0.081287 -0.055013
v -0.011544 0.081325 -0.054187
v -0.039665 0.081325 -0.023658
v -0.027882 0.107959 -0.160014
v -0.034552 0.109441 -0.158567
v -0.027882 0.109429 -0.160014
v -0.023840 0.107826 -0.159047
v -0.023840 0.109295 -0.159047
v -0.023908 0.106568 -0.159518
v -0.027882 0.106784 -0.160014
v -0.062184 0.109447 -0.149555
v -0.076703 0.109449 -0.142686
v -0.088506 0.109445 -0.136051
v -0.095481 0.109431 -0.131344
v -0.098915 0.109412 -0.128485
v -0.099383 0.109203 -0.125395
v -0.094910 0.108085 -0.114197
v -0.099119 0.107927 -0.107993
v -0.095454 0.107895 -0.111040
v -0.103769 0.107951 -0.103779
v -0.013356 0.085761 -0.061476
v -0.013328 0.088853 -0.057275
v -0.013320 0.082625 -0.056895
v -0.013326 0.082629 -0.061464
v -0.013533 0.087694 -0.081850
v -0.014022 0.105290 -0.138032
v -0.013953 0.104948 -0.130066
v -0.013515 0.094007 -0.079670
v -0.013485 0.083111 -0.080326
v -0.014002 0.104352 -0.139384
v -0.014126 0.106664 -0.148547
v -0.014126 0.108192 -0.148470
v -0.014048 0.107197 -0.141001
v -0.014092 0.105579 -0.148531
v -0.019235 0.108930 -0.155408
v -0.015547 0.106029 -0.151682
v -0.015515 0.108561 -0.151620
v -0.019169 0.106318 -0.155402
v -0.028084 0.107986 -0.144561
v -0.027212 0.107830 -0.143476
v -0.028982 0.108140 -0.145614
v -0.026320 0.107404 -0.140551
v -0.026608 0.105631 -0.131399
v -0.026665 0.107651 -0.142249
v -0.028319 0.100947 -0.108305
v -0.030152 0.096332 -0.085710
v -0.034322 0.093638 -0.071199
v -0.038057 0.092587 -0.064104
v -0.031720 0.094462 -0.076199
v -0.042376 0.091603 -0.055982
v -0.045878 0.090889 -0.049463
v -0.045851 0.051895 -0.049491
v -0.085967 0.108155 -0.121675
v -0.084544 0.106539 -0.108503
v -0.083537 0.108441 -0.125759
v -0.078786 0.108436 -0.128455
v -0.085441 0.108446 -0.124549
v -0.083537 0.044898 -0.125759
v -0.069543 0.108445 -0.133447
v -0.058109 0.108449 -0.138907
v -0.069543 0.044898 -0.133447
v -0.046781 0.108430 -0.143007
v -0.037592 0.108386 -0.145537
v -0.032572 0.108311 -0.146285
v -0.030315 0.108239 -0.146152
v -0.024509 0.082452 -0.044934
v -0.024363 0.087656 -0.045096
v -0.034978 0.087311 -0.034988
v -0.034959 0.082373 -0.034976
v -0.015936 0.082537 -0.052748
v -0.016188 0.088181 -0.052539
v -0.090370 0.106304 -0.101127
v -0.096016 0.106335 -0.096026
v -0.085909 0.106263 -0.104800
v -0.028091 0.044898 -0.144570
v -0.028982 0.044898 -0.145615
v -0.027217 0.044898 -0.143483
v -0.084544 0.044898 -0.108503
v -0.085966 0.044898 -0.121663
v -0.028317 0.071450 -0.108315
v -0.026608 0.073775 -0.131398
v -0.025970 0.045114 -0.138910
v -0.028285 0.051716 -0.108316
v -0.030103 0.052161 -0.086056
v -0.035926 0.067400 -0.068132
v -0.031637 0.051798 -0.076321
v -0.035842 0.050693 -0.068228
v -0.042085 0.051381 -0.056489
v -0.058109 0.044898 -0.138907
v -0.046781 0.044898 -0.143007
v -0.037592 0.044898 -0.145537
v -0.085440 0.044898 -0.124549
v -0.078786 0.044898 -0.128455
v -0.032572 0.044898 -0.146285
v -0.030316 0.044898 -0.146152
v -0.026320 0.074608 -0.140550
v -0.026665 0.044934 -0.142245
v -0.026320 0.045042 -0.140550
v -0.090370 0.044898 -0.101127
v -0.096016 0.044898 -0.096026
v -0.085909 0.044898 -0.104800
v -0.018109 0.044898 -0.063394
v -0.023190 0.044898 -0.026162
v -0.041989 0.044937 -0.041122
v -0.026782 0.044933 -0.077708
v -0.012005 0.105388 -0.162396
v -0.012048 0.101471 -0.162412
v -0.022047 0.103673 -0.160798
v -0.022047 0.101428 -0.160798
v -0.022763 0.105612 -0.160635
v -0.027908 0.105649 -0.160008
v -0.027882 0.101426 -0.160014
v -0.034552 0.101438 -0.158567
v -0.047060 0.101443 -0.154965
v -0.062184 0.101443 -0.149555
v -0.047060 0.109446 -0.154965
v -0.076703 0.101445 -0.142686
v -0.088506 0.101442 -0.136051
v -0.095481 0.101428 -0.131344
v -0.098915 0.101409 -0.128485
v -0.099119 0.099921 -0.107993
v -0.095454 0.099889 -0.111040
v -0.103769 0.099945 -0.103779
v -0.099381 0.101199 -0.125389
v -0.094908 0.100079 -0.114191
v -0.012360 0.044898 -0.138363
v -0.022275 0.044933 -0.138363
v -0.023951 0.106179 -0.160325
v -0.022672 0.106164 -0.159076
v -0.020897 0.106084 -0.160805
v -0.025023 0.106187 -0.160276
v -0.014084 0.105334 -0.150239
v -0.013993 0.105105 -0.148466
v -0.015787 0.105525 -0.152097
v -0.014200 0.105884 -0.150217
v -0.013908 0.103891 -0.139534
v -0.013382 0.081479 -0.079740
v -0.011949 0.081318 -0.078612
v -0.011627 0.081373 -0.080121
v -0.013257 0.081431 -0.055157
v -0.016045 0.081431 -0.052503
v -0.013209 0.081438 -0.056826
v -0.013375 0.082533 -0.055169
v -0.094198 0.107891 -0.112191
v -0.100094 0.109398 -0.127397
v -0.100094 0.101395 -0.127397
v -0.030667 0.045043 -0.078030
v -0.032011 0.045039 -0.075345
v -0.030786 0.051869 -0.078031
v -0.011914 0.106092 -0.162303
v -0.006349 0.081299 -0.080726
v -0.013645 0.092682 -0.109648
v -0.013280 0.081426 -0.067235
v -0.012951 0.081309 -0.071064
v -0.024241 0.081431 -0.045031
v -0.034886 0.081431 -0.034896
v -0.027882 0.106201 -0.160014
v -0.013399 0.088380 -0.055164
v -0.014035 0.106994 -0.139533
v -0.014219 0.108420 -0.150210
v -0.029423 0.108203 -0.146037
v -0.026851 0.107756 -0.142965
v -0.030809 0.094766 -0.078023
v -0.084364 0.106258 -0.106165
v -0.086140 0.108436 -0.124014
v -0.086140 0.044898 -0.124013
v -0.084364 0.044898 -0.106166
v -0.029422 0.044898 -0.146036
v -0.026852 0.044898 -0.142964
v -0.028187 0.045042 -0.108317
v -0.025766 0.045042 -0.138363
v -0.040409 0.045049 -0.059410
v -0.047049 0.045043 -0.047095
v -0.094198 0.099885 -0.112191
v -0.156758 0.105750 0.009446
v -0.159358 0.106061 0.019551
v -0.150489 0.105245 0.012267
v -0.151034 0.105242 0.007216
v -0.157205 0.105758 -0.005307
v -0.161778 0.106104 0.000023
v -0.160855 0.106074 0.011272
v -0.141174 0.103944 0.006821
v -0.141881 0.104018 0.000091
v -0.151258 0.105250 -0.000169
v -0.141869 0.104109 0.012197
v -0.133066 0.100916 0.007095
v -0.081269 0.081338 0.006593
v -0.086985 0.083220 0.000001
v -0.139876 0.103822 0.012319
v -0.092277 0.085867 0.011440
v -0.055002 0.081287 0.006207
v -0.054176 0.081325 0.011601
v -0.160004 0.107959 0.027938
v -0.160004 0.109429 0.027938
v -0.159037 0.107826 0.023897
v -0.159037 0.109295 0.023897
v -0.159508 0.106568 0.023964
v -0.160004 0.106784 0.027938
v -0.154955 0.109446 0.047117
v -0.149545 0.109447 0.062240
v -0.142676 0.109449 0.076759
v -0.136041 0.109445 0.088562
v -0.131334 0.109431 0.095538
v -0.128472 0.109412 0.098975
v -0.125388 0.109203 0.099441
v -0.114183 0.108085 0.094966
v -0.107982 0.107927 0.099175
v -0.111030 0.107895 0.095511
v -0.061405 0.085746 0.013412
v -0.057289 0.088859 0.013384
v -0.056877 0.082625 0.013377
v -0.061571 0.082631 0.013383
v -0.081830 0.087642 0.013589
v -0.138154 0.105336 0.014080
v -0.130062 0.104949 0.014010
v -0.079661 0.094008 0.013571
v -0.080321 0.083112 0.013541
v -0.139376 0.104353 0.014058
v -0.148522 0.106667 0.014183
v -0.148452 0.108191 0.014183
v -0.140990 0.107197 0.014104
v -0.148530 0.105581 0.014150
v -0.155399 0.108930 0.019293
v -0.151666 0.106030 0.015598
v -0.151610 0.108561 0.015572
v -0.155392 0.106318 0.019226
v -0.144551 0.107986 0.028141
v -0.143466 0.107829 0.027269
v -0.145604 0.108140 0.029038
v -0.140540 0.107404 0.026377
v -0.131388 0.105631 0.026664
v -0.142236 0.107651 0.026722
v -0.108304 0.100948 0.028374
v -0.085708 0.096334 0.030207
v -0.071189 0.093637 0.034378
v -0.064093 0.092587 0.038114
v -0.076185 0.094461 0.031780
v -0.055972 0.091603 0.042432
v -0.049455 0.090890 0.045934
v -0.121655 0.108154 0.086023
v -0.108493 0.106539 0.084601
v -0.125749 0.108441 0.083594
v -0.128445 0.108436 0.078842
v -0.124539 0.108446 0.085498
v -0.133437 0.108445 0.069599
v -0.138897 0.108449 0.058165
v -0.142997 0.108430 0.046838
v -0.145527 0.108386 0.037648
v -0.146275 0.108311 0.032628
v -0.146142 0.108240 0.030373
v -0.044920 0.082459 0.024569
v -0.045086 0.087656 0.024420
v -0.052736 0.082539 0.015994
v -0.052529 0.088181 0.016244
v -0.101117 0.106304 0.090426
v -0.104790 0.106263 0.085965
v -0.145604 0.044898 0.029038
v -0.143666 0.044898 0.027416
v -0.108467 0.044898 0.084599
v -0.121674 0.044898 0.086024
v -0.108305 0.071450 0.028374
v -0.131388 0.073775 0.026664
v -0.138900 0.045114 0.026026
v -0.108306 0.051716 0.028341
v -0.086096 0.052150 0.030155
v -0.068024 0.067382 0.036034
v -0.076303 0.051796 0.031697
v -0.068203 0.050702 0.035906
v -0.050119 0.067480 0.045565
v -0.050111 0.050636 0.045536
v -0.138897 0.044898 0.058165
v -0.142997 0.044898 0.046838
v -0.145527 0.044898 0.037649
v -0.124540 0.044898 0.085497
v -0.125749 0.044898 0.083594
v -0.128445 0.044898 0.078842
v -0.133437 0.044898 0.069599
v -0.146275 0.044898 0.032628
v -0.146142 0.044898 0.030373
v -0.140540 0.074608 0.026377
v -0.142238 0.044934 0.026721
v -0.140539 0.045042 0.026377
v -0.101117 0.044898 0.090426
v -0.104790 0.044898 0.085965
v -0.063384 0.044898 0.018165
v -0.041111 0.044937 0.042045
v -0.077695 0.044933 0.026839
v -0.162386 0.105391 0.012060
v -0.163395 0.105381 0.000023
v -0.163416 0.101501 0.000023
v -0.162401 0.101471 0.012104
v -0.160788 0.103673 0.022104
v -0.160788 0.101428 0.022104
v -0.160625 0.105612 0.022819
v -0.159998 0.105648 0.027964
v -0.160004 0.101426 0.027938
v -0.158557 0.101438 0.034609
v -0.158557 0.109441 0.034609
v -0.154955 0.101443 0.047117
v -0.149545 0.101443 0.062240
v -0.142676 0.101445 0.076759
v -0.136041 0.101442 0.088562
v -0.131333 0.101428 0.095539
v -0.128477 0.101409 0.098970
v -0.107982 0.099921 0.099175
v -0.111031 0.099889 0.095510
v -0.125389 0.101199 0.099442
v -0.114175 0.100078 0.094963
v -0.138353 0.044898 0.012420
v -0.138353 0.044933 0.022331
v -0.073027 0.044898 -0.015851
v -0.160315 0.106179 0.024007
v -0.159066 0.106164 0.022729
v -0.160795 0.106084 0.020953
v -0.160266 0.106187 0.025079
v -0.150228 0.105334 0.014140
v -0.148470 0.105107 0.014050
v -0.152084 0.105525 0.015839
v -0.150207 0.105880 0.014257
v -0.139525 0.103891 0.013965
v -0.079729 0.081479 0.013438
v -0.078602 0.081318 0.012005
v -0.080111 0.081373 0.011683
v -0.055147 0.081431 0.013314
v -0.052493 0.081431 0.016101
v -0.056824 0.081438 0.013266
v -0.055159 0.082527 0.013431
v -0.112181 0.107891 0.094255
v -0.112181 0.099885 0.094255
v -0.127387 0.109398 0.100151
v -0.078020 0.045043 0.030724
v -0.075357 0.045039 0.032056
v -0.078020 0.051811 0.030843
v -0.162293 0.106092 0.011970
v -0.163296 0.106123 0.000023
v -0.080715 0.081299 0.006406
v -0.081909 0.081318 0.000024
v -0.109638 0.092682 0.013702
v -0.067210 0.081426 0.013337
v -0.071057 0.081309 0.013007
v -0.045021 0.081431 0.024297
v -0.160004 0.106201 0.027938
v -0.055154 0.088380 0.013455
v -0.139523 0.106994 0.014092
v -0.150200 0.108420 0.014275
v -0.146026 0.108203 0.029479
v -0.142955 0.107756 0.026908
v -0.078013 0.094766 0.030865
v -0.106155 0.106258 0.084421
v -0.124004 0.108436 0.086197
v -0.124003 0.044898 0.086196
v -0.106155 0.044898 0.084421
v -0.146026 0.044898 0.029479
v -0.142953 0.044898 0.026908
v -0.108307 0.045042 0.028243
v -0.138353 0.045042 0.025822
v -0.059388 0.045049 0.040472
v -0.047085 0.045043 0.047105
v -0.127387 0.101395 0.100151
v 0.157273 0.105758 0.005341
v 0.159458 0.106061 0.019513
v 0.160922 0.106074 0.011272
v 0.161844 0.106104 0.000023
v 0.151002 0.105232 0.006951
v 0.151323 0.105249 0.000218
v 0.141948 0.104018 -0.000045
v 0.150519 0.105243 0.012235
v 0.111223 0.092618 0.006798
v 0.087086 0.083233 0.000045
v 0.088902 0.084180 0.006701
v 0.091204 0.085450 0.011506
v 0.140007 0.103831 0.012162
v 0.141117 0.103922 0.007220
v 0.054434 0.081324 0.011779
v 0.055020 0.081287 0.006099
v 0.160070 0.107959 0.027938
v 0.160070 0.109429 0.027938
v 0.158623 0.109441 0.034609
v 0.160070 0.106784 0.027938
v 0.159574 0.106568 0.023964
v 0.159103 0.107826 0.023897
v 0.159103 0.109295 0.023897
v 0.155021 0.109446 0.047117
v 0.149612 0.109447 0.062240
v 0.142743 0.109449 0.076759
v 0.136108 0.109445 0.088562
v 0.131402 0.109431 0.095533
v 0.128540 0.109412 0.098973
v 0.114254 0.108085 0.094967
v 0.125452 0.109203 0.099440
v 0.108049 0.107927 0.099175
v 0.061466 0.085737 0.013412
v 0.062128 0.082668 0.013388
v 0.056924 0.082613 0.013377
v 0.057370 0.088862 0.013384
v 0.138332 0.105325 0.014081
v 0.129910 0.104902 0.014008
v 0.080430 0.083035 0.013538
v 0.139161 0.104326 0.014058
v 0.080309 0.087750 0.013576
v 0.079737 0.094010 0.013571
v 0.148593 0.106656 0.014183
v 0.148509 0.108190 0.014183
v 0.148585 0.105580 0.014150
v 0.141057 0.107197 0.014104
v 0.155465 0.108930 0.019292
v 0.155459 0.106318 0.019226
v 0.151742 0.106033 0.015608
v 0.151677 0.108561 0.015572
v 0.144618 0.107986 0.028142
v 0.143534 0.107830 0.027270
v 0.145671 0.108140 0.029038
v 0.140607 0.107404 0.026377
v 0.131454 0.105631 0.026664
v 0.142304 0.107651 0.026722
v 0.108370 0.100948 0.028374
v 0.085777 0.096334 0.030207
v 0.071255 0.093637 0.034378
v 0.064160 0.092587 0.038114
v 0.076242 0.094459 0.031784
v 0.056039 0.091603 0.042432
v 0.121722 0.108154 0.086023
v 0.108560 0.106539 0.084601
v 0.125815 0.108441 0.083594
v 0.128511 0.108436 0.078842
v 0.124605 0.108446 0.085498
v 0.133503 0.108445 0.069599
v 0.138964 0.108449 0.058165
v 0.143064 0.108431 0.046838
v 0.145593 0.108386 0.037649
v 0.146341 0.108312 0.032628
v 0.146208 0.108240 0.030373
v 0.045054 0.082440 0.024498
v 0.045152 0.087656 0.024420
v 0.052807 0.082527 0.015989
v 0.052596 0.088181 0.016244
v 0.101183 0.106304 0.090426
v 0.104856 0.106263 0.085965
v 0.104851 0.044898 0.085971
v 0.144617 0.044898 0.028141
v 0.145668 0.044898 0.029036
v 0.143034 0.044898 0.026911
v 0.108528 0.044898 0.084599
v 0.121742 0.044898 0.086024
v 0.108372 0.071450 0.028374
v 0.108373 0.051716 0.028341
v 0.138966 0.045114 0.026026
v 0.131454 0.073775 0.026664
v 0.086284 0.052196 0.030145
v 0.068168 0.067367 0.035994
v 0.068325 0.050709 0.035876
v 0.076380 0.051826 0.031693
v 0.056558 0.051410 0.042134
v 0.143064 0.044898 0.046838
v 0.138964 0.044898 0.058165
v 0.145593 0.044898 0.037649
v 0.125815 0.044898 0.083594
v 0.124605 0.044898 0.085498
v 0.128511 0.044898 0.078842
v 0.133503 0.044898 0.069599
v 0.146341 0.044898 0.032628
v 0.146208 0.044898 0.030374
v 0.140606 0.074608 0.026377
v 0.140606 0.045042 0.026377
v 0.142305 0.044934 0.026722
v 0.101183 0.044898 0.090426
v 0.073097 0.044898 0.015896
v 0.060031 0.044937 0.034485
v 0.162453 0.105390 0.012061
v 0.162468 0.101471 0.012105
v 0.163482 0.101501 0.000023
v 0.163461 0.105381 0.000023
v 0.160691 0.105612 0.022819
v 0.160854 0.103673 0.022104
v 0.160854 0.101429 0.022104
v 0.160070 0.103670 0.027938
v 0.160070 0.101426 0.027938
v 0.160070 0.105424 0.027938
v 0.158623 0.101438 0.034609
v 0.155021 0.101443 0.047117
v 0.149612 0.101443 0.062240
v 0.142743 0.101445 0.076759
v 0.136108 0.101442 0.088562
v 0.131400 0.101428 0.095537
v 0.128542 0.101409 0.098972
v 0.108049 0.099921 0.099175
v 0.111096 0.099889 0.095511
v 0.111096 0.107895 0.095510
v 0.125435 0.101198 0.099434
v 0.114249 0.100079 0.094966
v 0.138420 0.044898 0.012713
v 0.138420 0.044932 0.022266
v 0.077488 0.044933 0.026851
v 0.160382 0.106179 0.024007
v 0.160862 0.106084 0.020953
v 0.159133 0.106164 0.022729
v 0.160333 0.106187 0.025079
v 0.150295 0.105334 0.014140
v 0.148493 0.105101 0.014049
v 0.150275 0.105880 0.014257
v 0.152206 0.105532 0.015894
v 0.139590 0.103891 0.013965
v 0.079772 0.081481 0.013441
v 0.080177 0.081373 0.011683
v 0.078668 0.081318 0.012005
v 0.090374 0.085417 0.013533
v 0.055213 0.081431 0.013314
v 0.052559 0.081431 0.016101
v 0.055225 0.082534 0.013432
v 0.057009 0.081439 0.013262
v 0.112248 0.107891 0.094255
v 0.127453 0.109398 0.100151
v 0.078040 0.045042 0.030730
v 0.078087 0.051829 0.030842
v 0.162360 0.106092 0.011970
v 0.163363 0.106123 0.000023
v 0.081237 0.081322 0.006705
v 0.081975 0.081318 0.000022
v 0.067305 0.081425 0.013334
v 0.071335 0.081316 0.013022
v 0.045088 0.081431 0.024297
v 0.160070 0.106201 0.027938
v 0.055220 0.088380 0.013455
v 0.139589 0.106994 0.014092
v 0.150266 0.108420 0.014275
v 0.146093 0.108203 0.029479
v 0.143021 0.107756 0.026908
v 0.078080 0.094766 0.030865
v 0.106221 0.106258 0.084421
v 0.124071 0.108436 0.086197
v 0.124070 0.044898 0.086197
v 0.106222 0.044898 0.084421
v 0.146092 0.044898 0.029479
v 0.108373 0.045042 0.028243
v 0.138420 0.045042 0.025822
v 0.067641 0.045040 0.036135
v 0.049791 0.045042 0.045642
v 0.112247 0.099885 0.094254
v 0.127454 0.101395 0.100151
v -0.159392 0.106061 -0.019467
v -0.160855 0.106074 -0.011226
v -0.150935 0.105232 -0.006908
v -0.150455 0.105243 -0.012189
v -0.111157 0.092618 -0.006751
v -0.088836 0.084180 -0.006654
v -0.091188 0.085470 -0.011461
v -0.139941 0.103831 -0.012116
v -0.141049 0.103922 -0.007177
v -0.054367 0.081324 -0.011732
v -0.054953 0.081287 -0.006053
v -0.160004 0.107959 -0.027892
v -0.160004 0.109429 -0.027892
v -0.158557 0.109441 -0.034563
v -0.160004 0.106784 -0.027892
v -0.159508 0.106568 -0.023918
v -0.159037 0.107826 -0.023850
v -0.159037 0.109295 -0.023850
v -0.154955 0.109446 -0.047070
v -0.149545 0.109447 -0.062194
v -0.142676 0.109449 -0.076713
v -0.136041 0.109445 -0.088516
v -0.131334 0.109431 -0.095491
v -0.128474 0.109412 -0.098926
v -0.114176 0.108084 -0.094917
v -0.125390 0.109204 -0.099395
v -0.111030 0.107895 -0.095464
v -0.061512 0.085778 -0.013367
v -0.061846 0.082667 -0.013340
v -0.056860 0.082625 -0.013331
v -0.057283 0.088857 -0.013338
v -0.081276 0.087969 -0.013539
v -0.130061 0.104949 -0.013963
v -0.138434 0.105355 -0.014036
v -0.080338 0.083028 -0.013492
v -0.139111 0.104328 -0.014012
v -0.079661 0.094008 -0.013525
v -0.148534 0.106664 -0.014136
v -0.148469 0.108193 -0.014136
v -0.148499 0.105577 -0.014103
v -0.140990 0.107197 -0.014058
v -0.155397 0.108930 -0.019244
v -0.155392 0.106318 -0.019180
v -0.151676 0.106035 -0.015563
v -0.151610 0.108561 -0.015525
v -0.144551 0.107986 -0.028095
v -0.143466 0.107830 -0.027223
v -0.145604 0.108140 -0.028992
v -0.140540 0.107404 -0.026331
v -0.131386 0.105630 -0.026618
v -0.142240 0.107651 -0.026675
v -0.108304 0.100949 -0.028328
v -0.085708 0.096334 -0.030161
v -0.071189 0.093638 -0.034332
v -0.064093 0.092587 -0.038067
v -0.076189 0.094462 -0.031730
v -0.055972 0.091603 -0.042386
v -0.049454 0.090890 -0.045887
v -0.121664 0.108155 -0.085977
v -0.108493 0.106539 -0.084554
v -0.125749 0.108441 -0.083548
v -0.128445 0.108436 -0.078796
v -0.124539 0.108446 -0.085451
v -0.133437 0.108445 -0.069553
v -0.138897 0.108449 -0.058119
v -0.142997 0.108430 -0.046792
v -0.145527 0.108386 -0.037602
v -0.142997 0.044898 -0.046792
v -0.146275 0.108311 -0.032582
v -0.146142 0.108240 -0.030326
v -0.044990 0.082442 -0.024449
v -0.045086 0.087656 -0.024373
v -0.052739 0.082527 -0.015945
v -0.052529 0.088181 -0.016198
v -0.101117 0.106304 -0.090380
v -0.104790 0.106263 -0.085919
v -0.145604 0.044898 -0.028992
v -0.143588 0.044898 -0.027312
v -0.121658 0.044898 -0.085977
v -0.108494 0.044898 -0.084554
v -0.108305 0.071450 -0.028328
v -0.108306 0.051716 -0.028295
v -0.138900 0.045114 -0.025980
v -0.131388 0.073775 -0.026618
v -0.086276 0.052196 -0.030094
v -0.068057 0.067180 -0.035970
v -0.068145 0.050712 -0.035890
v -0.076320 0.051820 -0.031642
v -0.050123 0.067757 -0.045518
v -0.050108 0.050634 -0.045491
v -0.138897 0.044898 -0.058119
v -0.145527 0.044898 -0.037602
v -0.125749 0.044898 -0.083548
v -0.124539 0.044898 -0.085451
v -0.128445 0.044898 -0.078796
v -0.133437 0.044898 -0.069553
v -0.146275 0.044898 -0.032582
v -0.146142 0.044898 -0.030326
v -0.140540 0.074608 -0.026330
v -0.140539 0.045042 -0.026330
v -0.142232 0.044935 -0.026674
v -0.101117 0.044898 -0.090380
v -0.104790 0.044898 -0.085919
v -0.059971 0.044937 -0.034436
v -0.162386 0.105391 -0.012015
v -0.162401 0.101471 -0.012058
v -0.160625 0.105612 -0.022773
v -0.160788 0.103673 -0.022057
v -0.160788 0.101428 -0.022057
v -0.160004 0.103670 -0.027892
v -0.160004 0.101426 -0.027892
v -0.160004 0.105424 -0.027892
v -0.158557 0.101438 -0.034563
v -0.154955 0.101443 -0.047070
v -0.149545 0.101443 -0.062194
v -0.142676 0.101445 -0.076713
v -0.136041 0.101442 -0.088516
v -0.131334 0.101428 -0.095491
v -0.128475 0.101409 -0.098926
v -0.107982 0.099921 -0.099129
v -0.111030 0.099889 -0.095464
v -0.107982 0.107927 -0.099129
v -0.114179 0.100079 -0.094917
v -0.125390 0.101200 -0.099395
v -0.138353 0.044898 -0.012667
v -0.138353 0.044932 -0.022221
v -0.077423 0.044933 -0.026805
v -0.160315 0.106179 -0.023961
v -0.160795 0.106084 -0.020907
v -0.159066 0.106164 -0.022683
v -0.160266 0.106187 -0.025033
v -0.150228 0.105334 -0.014094
v -0.148432 0.105101 -0.014003
v -0.150207 0.105883 -0.014210
v -0.152137 0.105532 -0.015846
v -0.139524 0.103891 -0.013918
v -0.079706 0.081481 -0.013395
v -0.080111 0.081373 -0.011637
v -0.078602 0.081318 -0.011959
v -0.090331 0.085426 -0.013486
v -0.055147 0.081431 -0.013267
v -0.052493 0.081431 -0.016055
v -0.055158 0.082534 -0.013386
v -0.056943 0.081439 -0.013216
v -0.112181 0.107891 -0.094208
v -0.127387 0.109398 -0.100104
v -0.077974 0.045042 -0.030683
v -0.078021 0.051888 -0.030796
v -0.162293 0.106092 -0.011924
v -0.081171 0.081322 -0.006659
v -0.067273 0.081425 -0.013288
v -0.071269 0.081316 -0.012975
v -0.045021 0.081431 -0.024251
v -0.160004 0.106201 -0.027892
v -0.055154 0.088380 -0.013409
v -0.139523 0.106994 -0.014045
v -0.150200 0.108420 -0.014229
v -0.146026 0.108203 -0.029433
v -0.142955 0.107756 -0.026862
v -0.078013 0.094766 -0.030819
v -0.106155 0.106258 -0.084374
v -0.124004 0.108436 -0.086150
v -0.124003 0.044898 -0.086150
v -0.106155 0.044898 -0.084374
v -0.146026 0.044898 -0.029433
v -0.142954 0.044898 -0.026862
v -0.108307 0.045042 -0.028197
v -0.138353 0.045042 -0.025776
v -0.067584 0.045040 -0.036084
v -0.049721 0.045042 -0.045598
v -0.112181 0.099885 -0.094208
v -0.127387 0.101395 -0.100105
v 0.156824 0.105750 -0.009400
v 0.159425 0.106061 -0.019506
v 0.150554 0.105245 -0.012221
v 0.151099 0.105242 -0.007170
v 0.160922 0.106074 -0.011226
v 0.141241 0.103944 -0.006775
v 0.141939 0.104109 -0.012150
v 0.133067 0.100891 -0.007046
v 0.081335 0.081338 -0.006547
v 0.139942 0.103822 -0.012274
v 0.092322 0.085859 -0.011397
v 0.055069 0.081287 -0.006162
v 0.054243 0.081325 -0.011554
v 0.160070 0.107959 -0.027892
v 0.158623 0.109441 -0.034563
v 0.160070 0.109429 -0.027892
v 0.159103 0.107826 -0.023850
v 0.159103 0.109295 -0.023850
v 0.159574 0.106568 -0.023918
v 0.160070 0.106784 -0.027892
v 0.155021 0.109446 -0.047070
v 0.149612 0.109447 -0.062194
v 0.155021 0.101443 -0.047070
v 0.142743 0.109449 -0.076713
v 0.136108 0.109445 -0.088516
v 0.131400 0.109431 -0.095491
v 0.128539 0.109412 -0.098928
v 0.114256 0.108085 -0.094921
v 0.125449 0.109203 -0.099392
v 0.108049 0.107927 -0.099129
v 0.111096 0.107895 -0.095464
v 0.061584 0.085764 -0.013367
v 0.057363 0.088860 -0.013338
v 0.056947 0.082636 -0.013331
v 0.061502 0.082622 -0.013336
v 0.081709 0.087635 -0.013541
v 0.138092 0.105291 -0.014032
v 0.129909 0.104902 -0.013961
v 0.079737 0.094010 -0.013525
v 0.079883 0.083126 -0.013493
v 0.117395 0.096484 -0.013819
v 0.148604 0.106653 -0.014136
v 0.148526 0.108192 -0.014136
v 0.141057 0.107197 -0.014058
v 0.139627 0.104381 -0.014014
v 0.148566 0.105577 -0.014103
v 0.155465 0.108930 -0.019246
v 0.151737 0.106032 -0.015557
v 0.151677 0.108561 -0.015525
v 0.155459 0.106318 -0.019180
v 0.144618 0.107986 -0.028094
v 0.143533 0.107830 -0.027222
v 0.145671 0.108140 -0.028992
v 0.140607 0.107404 -0.026331
v 0.131453 0.105630 -0.026618
v 0.142305 0.107651 -0.026675
v 0.108370 0.100948 -0.028328
v 0.085773 0.096334 -0.030161
v 0.071255 0.093638 -0.034332
v 0.064160 0.092587 -0.038067
v 0.076254 0.094461 -0.031731
v 0.056039 0.091603 -0.042386
v 0.049520 0.090890 -0.045888
v 0.121735 0.108156 -0.085977
v 0.108560 0.106539 -0.084554
v 0.125815 0.108441 -0.083548
v 0.128511 0.108436 -0.078796
v 0.124604 0.108446 -0.085453
v 0.133503 0.108445 -0.069553
v 0.138964 0.108449 -0.058119
v 0.143064 0.108431 -0.046792
v 0.145593 0.108386 -0.037602
v 0.146341 0.108312 -0.032582
v 0.146208 0.108240 -0.030326
v 0.044990 0.082451 -0.024519
v 0.045152 0.087656 -0.024373
v 0.052797 0.082538 -0.015954
v 0.052596 0.088181 -0.016198
v 0.101183 0.106304 -0.090380
v 0.104851 0.044898 -0.085925
v 0.104856 0.106263 -0.085919
v 0.145666 0.044898 -0.028989
v 0.143739 0.044898 -0.027375
v 0.108539 0.044898 -0.084552
v 0.121742 0.044898 -0.085978
v 0.108372 0.071450 -0.028328
v 0.131454 0.073775 -0.026618
v 0.138966 0.045114 -0.025980
v 0.108373 0.051716 -0.028295
v 0.086168 0.052147 -0.030109
v 0.068132 0.067388 -0.035966
v 0.076375 0.051813 -0.031649
v 0.068351 0.050680 -0.035817
v 0.056559 0.051358 -0.042088
v 0.049630 0.051287 -0.045806
v 0.143064 0.044898 -0.046792
v 0.138964 0.044898 -0.058119
v 0.145593 0.044898 -0.037602
v 0.125815 0.044898 -0.083548
v 0.124605 0.044898 -0.085451
v 0.128511 0.044898 -0.078796
v 0.133503 0.044898 -0.069553
v 0.146341 0.044898 -0.032582
v 0.146208 0.044898 -0.030326
v 0.140606 0.074608 -0.026330
v 0.142303 0.044934 -0.026675
v 0.140606 0.045042 -0.026330
v 0.101183 0.044898 -0.090380
v 0.063450 0.044898 -0.018119
v 0.041177 0.044937 -0.041999
v 0.077763 0.044933 -0.026793
v 0.162453 0.105391 -0.012016
v 0.162468 0.101471 -0.012058
v 0.160854 0.103673 -0.022057
v 0.160854 0.101429 -0.022057
v 0.160692 0.105612 -0.022773
v 0.160064 0.105650 -0.027918
v 0.160070 0.101426 -0.027892
v 0.158623 0.101438 -0.034563
v 0.149612 0.101443 -0.062194
v 0.142743 0.101445 -0.076713
v 0.136108 0.101442 -0.088516
v 0.131400 0.101428 -0.095491
v 0.128540 0.101409 -0.098928
v 0.108049 0.099921 -0.099129
v 0.111097 0.099889 -0.095463
v 0.114243 0.100079 -0.094916
v 0.125454 0.101199 -0.099394
v 0.138420 0.044898 -0.012373
v 0.138420 0.044933 -0.022285
v 0.160382 0.106179 -0.023961
v 0.159133 0.106164 -0.022683
v 0.160862 0.106084 -0.020907
v 0.160333 0.106187 -0.025033
v 0.150295 0.105334 -0.014094
v 0.148511 0.105103 -0.014003
v 0.152167 0.105527 -0.015809
v 0.150273 0.105884 -0.014210
v 0.139591 0.103891 -0.013919
v 0.079796 0.081479 -0.013392
v 0.078668 0.081318 -0.011959
v 0.080177 0.081373 -0.011637
v 0.055213 0.081431 -0.013267
v 0.052559 0.081431 -0.016055
v 0.056895 0.081438 -0.013220
v 0.055226 0.082533 -0.013385
v 0.112248 0.099885 -0.094208
v 0.127453 0.109398 -0.100104
v 0.078086 0.045043 -0.030678
v 0.075417 0.045039 -0.032013
v 0.078079 0.050943 -0.030785
v 0.162360 0.106092 -0.011924
v 0.080782 0.081299 -0.006359
v 0.109705 0.092682 -0.013655
v 0.067309 0.081426 -0.013291
v 0.071120 0.081309 -0.012961
v 0.045088 0.081431 -0.024251
v 0.160070 0.106201 -0.027892
v 0.112247 0.107891 -0.094208
v 0.055220 0.088380 -0.013409
v 0.139589 0.106994 -0.014045
v 0.150266 0.108420 -0.014229
v 0.146093 0.108203 -0.029433
v 0.146093 0.044898 -0.029434
v 0.143021 0.107756 -0.026862
v 0.078080 0.094766 -0.030819
v 0.078080 0.068450 -0.030819
v 0.106221 0.106258 -0.084374
v 0.124071 0.108436 -0.086150
v 0.124070 0.044898 -0.086150
v 0.106222 0.044898 -0.084374
v 0.143021 0.044898 -0.026862
v 0.108373 0.045042 -0.028197
v 0.138420 0.045042 -0.025776
v 0.059495 0.045049 -0.040404
v 0.047152 0.045043 -0.047059
v 0.127454 0.101395 -0.100105
v -0.047147 0.051080 0.047203
v -0.047162 0.090652 0.047219
v -0.047162 0.090652 -0.047173
v -0.047148 0.051086 -0.047157
v 0.047213 0.051067 -0.047157
v 0.047229 0.090652 -0.047173
v 0.008197 0.107713 0.166859
v 0.048608 0.107715 0.160174
v 0.032146 0.107676 0.161484
v 0.016165 0.107676 0.163853
v 0.000029 0.107676 0.164647
v 0.000029 0.107676 0.169074
v 0.016599 0.107676 0.168258
v 0.033010 0.107676 0.165825
v 0.063029 0.107676 0.152116
v 0.047817 0.107676 0.157557
v 0.049102 0.107676 0.161792
v 0.064723 0.107676 0.156205
v 0.085936 0.107713 0.143276
v 0.091491 0.107676 0.136903
v 0.077633 0.107676 0.145207
v 0.079719 0.107676 0.149110
v 0.093950 0.107676 0.140583
v 0.112230 0.107713 0.123767
v 0.116438 0.107676 0.116429
v 0.104466 0.107676 0.127277
v 0.107274 0.107676 0.130699
v 0.119568 0.107676 0.119559
v 0.134217 0.107713 0.099498
v 0.136911 0.107676 0.091482
v 0.127286 0.107676 0.104457
v 0.130708 0.107676 0.107265
v 0.140592 0.107676 0.093941
v 0.154142 0.107712 0.065125
v 0.152124 0.107676 0.063020
v 0.145215 0.107676 0.077624
v 0.149119 0.107676 0.079711
v 0.156214 0.107676 0.064714
v 0.163663 0.107713 0.032569
v 0.161493 0.107676 0.032137
v 0.157565 0.107676 0.047808
v 0.161801 0.107676 0.049093
v 0.165834 0.107676 0.033001
v 0.166869 0.107713 0.008185
v 0.164656 0.107676 0.000020
v 0.163861 0.107676 0.016156
v 0.168266 0.107676 0.016590
v 0.169082 0.107676 0.000020
v 0.166064 0.107713 -0.016333
v 0.159779 0.107714 -0.049673
v 0.161493 0.107676 -0.032097
v 0.163861 0.107676 -0.016116
v 0.168266 0.107676 -0.016550
v 0.165834 0.107676 -0.032960
v 0.152124 0.107676 -0.062980
v 0.157565 0.107676 -0.047768
v 0.161801 0.107676 -0.049053
v 0.156214 0.107676 -0.064674
v 0.139181 0.107711 -0.092964
v 0.136911 0.107676 -0.091441
v 0.145215 0.107676 -0.077583
v 0.149119 0.107676 -0.079670
v 0.140592 0.107676 -0.093901
v 0.112227 0.107713 -0.123729
v 0.116438 0.107676 -0.116388
v 0.127286 0.107676 -0.104417
v 0.130708 0.107676 -0.107225
v 0.119568 0.107676 -0.119518
v 0.085927 0.107713 -0.143241
v 0.091491 0.107676 -0.136862
v 0.104466 0.107676 -0.127236
v 0.107274 0.107676 -0.130658
v 0.093950 0.107676 -0.140542
v 0.048611 0.107715 -0.160133
v 0.063029 0.107676 -0.152075
v 0.077633 0.107676 -0.145166
v 0.079719 0.107676 -0.149070
v 0.064723 0.107676 -0.156164
v 0.032146 0.107676 -0.161443
v 0.047817 0.107676 -0.157516
v 0.049102 0.107676 -0.161752
v 0.033010 0.107676 -0.165785
v 0.008191 0.107713 -0.166819
v 0.000029 0.107676 -0.164606
v 0.016165 0.107676 -0.163812
v 0.016599 0.107676 -0.168217
v 0.000029 0.107676 -0.169033
v -0.016324 0.107713 0.166055
v -0.016107 0.107676 0.163853
v -0.032088 0.107676 0.161484
v -0.050521 0.107713 0.159555
v -0.016541 0.107676 0.168258
v -0.032951 0.107676 0.165825
v -0.047759 0.107676 0.157557
v -0.062971 0.107676 0.152116
v -0.049044 0.107676 0.161792
v -0.064665 0.107676 0.156205
v -0.086579 0.107713 0.142800
v -0.077574 0.107676 0.145207
v -0.091433 0.107676 0.136903
v -0.079661 0.107676 0.149110
v -0.093892 0.107676 0.140583
v -0.112632 0.107712 0.123382
v -0.104408 0.107676 0.127277
v -0.116379 0.107676 0.116429
v -0.107216 0.107676 0.130699
v -0.119509 0.107676 0.119559
v -0.139726 0.107712 0.091986
v -0.127227 0.107676 0.104457
v -0.136853 0.107676 0.091482
v -0.130649 0.107676 0.107265
v -0.140533 0.107676 0.093941
v -0.145157 0.107676 0.077624
v -0.152066 0.107676 0.063020
v -0.160125 0.107715 0.048601
v -0.149061 0.107676 0.079711
v -0.156156 0.107676 0.064714
v -0.157507 0.107676 0.047808
v -0.161434 0.107676 0.032137
v -0.161743 0.107676 0.049093
v -0.165776 0.107676 0.033001
v -0.166810 0.107713 0.008180
v -0.163803 0.107676 0.016156
v -0.164597 0.107676 0.000020
v -0.168208 0.107676 0.016590
v -0.169024 0.107676 0.000020
v -0.164280 0.107712 -0.031471
v -0.163803 0.107676 -0.016116
v -0.161434 0.107676 -0.032097
v -0.168208 0.107676 -0.016550
v -0.165776 0.107676 -0.032960
v -0.157507 0.107676 -0.047768
v -0.152066 0.107676 -0.062980
v -0.154111 0.107713 -0.063827
v -0.161743 0.107676 -0.049053
v -0.156156 0.107676 -0.064674
v -0.143231 0.107713 -0.085878
v -0.145157 0.107676 -0.077583
v -0.136853 0.107676 -0.091441
v -0.149061 0.107676 -0.079670
v -0.140533 0.107676 -0.093901
v -0.123723 0.107713 -0.112173
v -0.127227 0.107676 -0.104417
v -0.116379 0.107676 -0.116388
v -0.130649 0.107676 -0.107225
v -0.119509 0.107676 -0.119518
v -0.092952 0.107711 -0.139133
v -0.104408 0.107676 -0.127236
v -0.091432 0.107676 -0.136862
v -0.107216 0.107676 -0.130658
v -0.093892 0.107676 -0.140542
v -0.077574 0.107676 -0.145166
v -0.062971 0.107676 -0.152075
v -0.049663 0.107714 -0.159730
v -0.079661 0.107676 -0.149070
v -0.064665 0.107676 -0.156164
v -0.047759 0.107676 -0.157516
v -0.032088 0.107676 -0.161443
v -0.049044 0.107676 -0.161752
v -0.032951 0.107676 -0.165785
v -0.016324 0.107713 -0.166014
v -0.016107 0.107676 -0.163812
v -0.016541 0.107676 -0.168217
v 0.013713 0.093059 0.138946
v 0.031252 0.104166 0.156987
v 0.027270 0.093076 0.136967
v 0.000031 0.104170 0.160070
v 0.000029 0.093076 0.139650
v 0.015719 0.104183 0.159320
v 0.040552 0.093057 0.133604
v 0.061277 0.104167 0.147881
v 0.053463 0.093076 0.129021
v 0.046495 0.104183 0.153198
v 0.065835 0.093057 0.123131
v 0.088951 0.104171 0.133096
v 0.077603 0.093076 0.116118
v 0.075486 0.104183 0.141190
v 0.088595 0.093064 0.107938
v 0.113191 0.104164 0.113189
v 0.098762 0.093076 0.098754
v 0.101577 0.104183 0.123757
v 0.107945 0.093063 0.088587
v 0.133103 0.104168 0.088937
v 0.116127 0.093076 0.077595
v 0.123765 0.104183 0.101568
v 0.123144 0.093060 0.065828
v 0.147891 0.104168 0.061268
v 0.129030 0.093076 0.053454
v 0.141199 0.104183 0.075477
v 0.133622 0.093062 0.040545
v 0.157008 0.104172 0.031244
v 0.136976 0.093076 0.027261
v 0.153207 0.104183 0.046486
v 0.138966 0.093065 0.013706
v 0.160076 0.104168 0.000022
v 0.139659 0.093076 0.000020
v 0.159329 0.104183 0.015710
v 0.138964 0.093064 -0.013663
v 0.157005 0.104171 -0.031204
v 0.136976 0.093076 -0.027220
v 0.159329 0.104183 -0.015669
v 0.133633 0.093068 -0.040505
v 0.147893 0.104168 -0.061226
v 0.129030 0.093076 -0.053414
v 0.153207 0.104183 -0.046446
v 0.123143 0.093059 -0.065786
v 0.133099 0.104165 -0.088892
v 0.116127 0.093076 -0.077554
v 0.141199 0.104183 -0.075436
v 0.107939 0.093058 -0.088539
v 0.113197 0.104167 -0.113148
v 0.098762 0.093076 -0.098713
v 0.123765 0.104183 -0.101527
v 0.088591 0.093060 -0.107891
v 0.088950 0.104173 -0.133061
v 0.077603 0.093076 -0.116077
v 0.101577 0.104183 -0.123716
v 0.065836 0.093062 -0.123099
v 0.061275 0.104168 -0.147843
v 0.053463 0.093076 -0.128981
v 0.075486 0.104183 -0.141149
v 0.040552 0.093057 -0.133563
v 0.031251 0.104167 -0.156948
v 0.027269 0.093076 -0.136926
v 0.046495 0.104183 -0.153157
v 0.013710 0.093057 -0.138901
v 0.000027 0.104170 -0.160029
v 0.000029 0.093076 -0.139609
v 0.015719 0.104183 -0.159279
v -0.013653 0.093057 0.138943
v -0.031193 0.104165 0.156985
v -0.027211 0.093076 0.136967
v -0.015660 0.104183 0.159320
v -0.040495 0.093060 0.133609
v -0.061218 0.104169 0.147886
v -0.053405 0.093076 0.129021
v -0.046437 0.104183 0.153198
v -0.065778 0.093060 0.123137
v -0.088888 0.104168 0.133094
v -0.077545 0.093076 0.116118
v -0.075427 0.104183 0.141190
v -0.088534 0.093061 0.107934
v -0.113142 0.104170 0.113193
v -0.098704 0.093076 0.098754
v -0.101518 0.104183 0.123757
v -0.107887 0.093063 0.088585
v -0.133047 0.104170 0.088941
v -0.116069 0.093076 0.077595
v -0.123707 0.104183 0.101568
v -0.123090 0.093062 0.065830
v -0.147835 0.104169 0.061267
v -0.128972 0.093076 0.053454
v -0.141140 0.104183 0.075477
v -0.133562 0.093061 0.040544
v -0.156941 0.104168 0.031245
v -0.136918 0.093076 0.027261
v -0.153149 0.104183 0.046486
v -0.138901 0.093061 0.013704
v -0.160023 0.104172 0.000022
v -0.139601 0.093076 0.000020
v -0.159270 0.104183 0.015710
v -0.138898 0.093060 -0.013662
v -0.156935 0.104165 -0.031205
v -0.136918 0.093076 -0.027220
v -0.159270 0.104183 -0.015669
v -0.133566 0.093064 -0.040507
v -0.147840 0.104172 -0.061228
v -0.128972 0.093076 -0.053414
v -0.153149 0.104183 -0.046446
v -0.123090 0.093062 -0.065788
v -0.133051 0.104172 -0.088899
v -0.116069 0.093076 -0.077554
v -0.141140 0.104183 -0.075436
v -0.107882 0.093058 -0.088536
v -0.113148 0.104172 -0.113152
v -0.098704 0.093076 -0.098713
v -0.123707 0.104183 -0.101527
v -0.088531 0.093057 -0.107887
v -0.088889 0.104170 -0.133055
v -0.077545 0.093076 -0.116077
v -0.101518 0.104183 -0.123716
v -0.065779 0.093064 -0.123103
v -0.061222 0.104172 -0.147849
v -0.053405 0.093076 -0.128981
v -0.075427 0.104183 -0.141149
v -0.040495 0.093055 -0.133559
v -0.031193 0.104165 -0.156945
v -0.027211 0.093076 -0.136926
v -0.046437 0.104183 -0.153157
v -0.013654 0.093058 -0.138904
v -0.015660 0.104183 -0.159279
v 0.013116 0.073721 0.132911
v 0.026499 0.088532 0.133103
v 0.026079 0.073682 0.130982
v 0.000035 0.073723 0.133556
v 0.000029 0.088482 0.135701
v 0.013328 0.088482 0.135047
v 0.039418 0.088545 0.129868
v 0.051954 0.088523 0.125380
v 0.051128 0.073682 0.123384
v 0.038790 0.073682 0.127797
v 0.062977 0.073723 0.117786
v 0.075416 0.088522 0.112839
v 0.074213 0.073682 0.111045
v 0.063988 0.088482 0.119679
v 0.084740 0.073739 0.103248
v 0.095982 0.088547 0.095964
v 0.094447 0.073682 0.094439
v 0.086103 0.088482 0.104902
v 0.104922 0.088539 0.086097
v 0.112853 0.088530 0.075403
v 0.111053 0.073682 0.074204
v 0.103246 0.073682 0.084728
v 0.117795 0.073719 0.062966
v 0.125388 0.088527 0.051948
v 0.123393 0.073682 0.051119
v 0.119688 0.088482 0.063979
v 0.127811 0.073722 0.038790
v 0.133113 0.088548 0.026500
v 0.130991 0.073682 0.026070
v 0.129866 0.088482 0.039406
v 0.132921 0.073735 0.013115
v 0.133565 0.073729 0.000026
v 0.135055 0.088482 0.013319
v 0.135710 0.088482 0.000020
v 0.132922 0.073734 -0.013060
v 0.133112 0.088534 -0.026449
v 0.130991 0.073682 -0.026030
v 0.135055 0.088482 -0.013279
v 0.127812 0.073713 -0.038740
v 0.125389 0.088539 -0.051912
v 0.123393 0.073682 -0.051078
v 0.129866 0.088482 -0.039365
v 0.117795 0.073741 -0.062934
v 0.112850 0.088525 -0.075365
v 0.111053 0.073682 -0.074164
v 0.119688 0.088482 -0.063938
v 0.103252 0.073725 -0.084693
v 0.095980 0.088532 -0.095923
v 0.094447 0.073682 -0.094398
v 0.104911 0.088482 -0.086054
v 0.084745 0.073727 -0.103201
v 0.075418 0.088535 -0.112799
v 0.074213 0.073682 -0.111004
v 0.086103 0.088482 -0.104861
v 0.062977 0.073721 -0.117745
v 0.051952 0.088516 -0.125339
v 0.051128 0.073682 -0.123343
v 0.063988 0.088482 -0.119638
v 0.038794 0.073734 -0.127764
v 0.026498 0.088511 -0.133059
v 0.026079 0.073682 -0.130942
v 0.039415 0.088482 -0.129817
v 0.013118 0.073718 -0.132869
v 0.000031 0.088520 -0.135668
v 0.000029 0.073682 -0.133507
v 0.013328 0.088482 -0.135006
v -0.013265 0.088536 0.135057
v -0.013059 0.073682 0.132904
v -0.026014 0.073731 0.130993
v -0.026441 0.088482 0.133094
v -0.039353 0.088540 0.129869
v -0.038731 0.073682 0.127797
v -0.051070 0.073726 0.123393
v -0.051894 0.088482 0.125373
v -0.062914 0.073732 0.117791
v -0.075354 0.088521 0.112841
v -0.074155 0.073682 0.111045
v -0.063930 0.088482 0.119679
v -0.084682 0.073728 0.103245
v -0.095913 0.088531 0.095972
v -0.094389 0.073682 0.094439
v -0.086045 0.088482 0.104902
v -0.103195 0.073721 0.084731
v -0.112785 0.088505 0.075410
v -0.110995 0.073682 0.074204
v -0.104852 0.088482 0.086095
v -0.117735 0.073721 0.062969
v -0.125330 0.088520 0.051945
v -0.123334 0.073682 0.051119
v -0.119629 0.088482 0.063979
v -0.127754 0.073732 0.038789
v -0.130940 0.073726 0.026074
v -0.133045 0.088482 0.026490
v -0.129808 0.088482 0.039406
v -0.132863 0.073736 0.013116
v -0.133510 0.073749 0.000028
v -0.135652 0.088482 0.000020
v -0.134997 0.088482 0.013319
v -0.132863 0.073730 -0.013063
v -0.133050 0.088510 -0.026449
v -0.130933 0.073682 -0.026030
v -0.134997 0.088482 -0.013279
v -0.127755 0.073723 -0.038739
v -0.125330 0.088521 -0.051907
v -0.123334 0.073682 -0.051078
v -0.129808 0.088482 -0.039365
v -0.119636 0.088547 -0.063949
v -0.117730 0.073682 -0.062923
v -0.110999 0.073732 -0.074174
v -0.112785 0.088482 -0.075360
v -0.103193 0.073714 -0.084690
v -0.095917 0.088499 -0.095921
v -0.094389 0.073682 -0.094398
v -0.104852 0.088482 -0.086054
v -0.084684 0.073720 -0.103202
v -0.075360 0.088535 -0.112799
v -0.074155 0.073682 -0.111004
v -0.086045 0.088482 -0.104861
v -0.062918 0.073738 -0.117748
v -0.051067 0.073719 -0.123352
v -0.051894 0.088482 -0.125333
v -0.063930 0.088482 -0.119638
v -0.038732 0.073716 -0.127762
v -0.026439 0.088521 -0.133061
v -0.026021 0.073682 -0.130942
v -0.039356 0.088482 -0.129817
v -0.013057 0.073724 -0.132871
v -0.013270 0.088482 -0.135006
v 0.011326 0.068016 0.114721
v 0.025475 0.070574 0.127962
v 0.022512 0.068014 0.113049
v 0.000029 0.070574 0.130471
v 0.000029 0.068014 0.115263
v 0.012814 0.070572 0.129828
v 0.033485 0.068016 0.110312
v 0.049951 0.070575 0.120542
v 0.044131 0.068014 0.106491
v 0.037893 0.070572 0.124840
v 0.054361 0.068016 0.101664
v 0.072504 0.070574 0.108485
v 0.064055 0.068014 0.095841
v 0.061516 0.070572 0.115054
v 0.073145 0.068016 0.089113
v 0.092268 0.070574 0.092263
v 0.081518 0.068014 0.081509
v 0.082777 0.070572 0.100849
v 0.089121 0.068016 0.073135
v 0.108495 0.070574 0.072492
v 0.095850 0.068014 0.064046
v 0.100857 0.070572 0.082768
v 0.101674 0.068016 0.054348
v 0.120551 0.070575 0.049941
v 0.106500 0.068014 0.044122
v 0.115063 0.070572 0.061507
v 0.110321 0.068016 0.033476
v 0.127974 0.070575 0.025468
v 0.113058 0.068014 0.022503
v 0.124848 0.070572 0.037884
v 0.114729 0.068016 0.011318
v 0.130477 0.070574 0.000022
v 0.115272 0.068014 0.000020
v 0.129837 0.070572 0.012805
v 0.114727 0.068016 -0.011278
v 0.127973 0.070575 -0.025431
v 0.113058 0.068014 -0.022462
v 0.129837 0.070572 -0.012765
v 0.110318 0.068016 -0.033438
v 0.120548 0.070574 -0.049902
v 0.106500 0.068014 -0.044081
v 0.124848 0.070572 -0.037843
v 0.101674 0.068016 -0.054309
v 0.108495 0.070574 -0.072455
v 0.095850 0.068014 -0.064005
v 0.115063 0.070572 -0.061467
v 0.089119 0.068016 -0.073097
v 0.092271 0.070575 -0.092224
v 0.081518 0.068014 -0.081469
v 0.100857 0.070572 -0.082727
v 0.073146 0.068016 -0.089074
v 0.072504 0.070574 -0.108445
v 0.064055 0.068014 -0.095801
v 0.082777 0.070572 -0.100808
v 0.054364 0.068017 -0.101625
v 0.049953 0.070574 -0.120498
v 0.044131 0.068014 -0.106450
v 0.061516 0.070572 -0.115014
v 0.033489 0.068017 -0.110271
v 0.025482 0.070574 -0.127919
v 0.022512 0.068014 -0.113008
v 0.037893 0.070572 -0.124799
v 0.011328 0.068016 -0.114678
v 0.000029 0.070574 -0.130430
v 0.000029 0.068014 -0.115222
v 0.012814 0.070572 -0.129787
v -0.011269 0.068016 0.114719
v -0.025423 0.070574 0.127961
v -0.022454 0.068014 0.113049
v -0.012756 0.070572 0.129828
v -0.033430 0.068017 0.110314
v -0.049891 0.070575 0.120542
v -0.044072 0.068014 0.106491
v -0.037834 0.070572 0.124840
v -0.054300 0.068016 0.101665
v -0.072446 0.070574 0.108484
v -0.063996 0.068014 0.095841
v -0.061458 0.070572 0.115054
v -0.073088 0.068016 0.089112
v -0.092212 0.070574 0.092260
v -0.081460 0.068014 0.081509
v -0.082718 0.070572 0.100849
v -0.089066 0.068017 0.073136
v -0.108436 0.070575 0.072496
v -0.095792 0.068014 0.064046
v -0.100799 0.070572 0.082768
v -0.101612 0.068016 0.054354
v -0.120491 0.070574 0.049943
v -0.106441 0.068014 0.044122
v -0.115005 0.070572 0.061507
v -0.110260 0.068016 0.033478
v -0.127914 0.070574 0.025470
v -0.112999 0.068014 0.022503
v -0.124790 0.070572 0.037884
v -0.114670 0.068016 0.011316
v -0.130421 0.070574 0.000021
v -0.115214 0.068014 0.000020
v -0.129778 0.070572 0.012805
v -0.114669 0.068016 -0.011273
v -0.127915 0.070574 -0.025428
v -0.112999 0.068014 -0.022462
v -0.129778 0.070572 -0.012765
v -0.110261 0.068016 -0.033435
v -0.120487 0.070574 -0.049903
v -0.106441 0.068014 -0.044081
v -0.124790 0.070572 -0.037843
v -0.101617 0.068017 -0.054315
v -0.108438 0.070575 -0.072454
v -0.095792 0.068014 -0.064005
v -0.115005 0.070572 -0.061467
v -0.089065 0.068016 -0.073096
v -0.092213 0.070574 -0.092223
v -0.081460 0.068014 -0.081469
v -0.100799 0.070572 -0.082727
v -0.073087 0.068016 -0.089074
v -0.072442 0.070574 -0.108447
v -0.063996 0.068014 -0.095801
v -0.082718 0.070572 -0.100808
v -0.054300 0.068017 -0.101628
v -0.049888 0.070574 -0.120499
v -0.044072 0.068014 -0.106450
v -0.061458 0.070572 -0.115014
v -0.033424 0.068017 -0.110275
v -0.025418 0.070574 -0.127921
v -0.022453 0.068014 -0.113008
v -0.037834 0.070572 -0.124799
v -0.011267 0.068016 -0.114679
v -0.012756 0.070572 -0.129787
v 0.080169 0.097952 0.149952
v 0.094480 0.097952 0.141376
v 0.120242 0.097952 0.120234
v 0.131445 0.097952 0.107870
v 0.141385 0.097952 0.094471
v 0.157095 0.097952 0.065079
v 0.162714 0.097952 -0.049330
v 0.149960 0.097952 -0.080119
v 0.141384 0.097952 -0.094431
v 0.131445 0.097952 -0.107830
v 0.094480 0.097952 -0.141335
v 0.000029 0.097952 -0.169987
v -0.149902 0.097952 0.080160
v -0.169978 0.097952 0.000020
v -0.149902 0.097952 -0.080119
v -0.149902 0.106903 -0.080119
v -0.094422 0.097952 -0.141335
v -0.065030 0.097952 -0.157046
v -0.049321 0.097952 -0.162664
v 0.011455 -0.092486 0.115968
v 0.000030 -0.092378 0.116380
v 0.022727 -0.092341 0.114090
v 0.033836 -0.092457 0.111472
v 0.044535 -0.092349 0.107486
v 0.054953 -0.092498 0.102791
v 0.064676 -0.092381 0.096774
v 0.073917 -0.092460 0.090053
v 0.082311 -0.092381 0.082301
v 0.090082 -0.092476 0.073921
v 0.096775 -0.092376 0.064667
v 0.102747 -0.092461 0.054925
v 0.107530 -0.092378 0.044550
v 0.111485 -0.092460 0.033829
v 0.114117 -0.092355 0.022723
v 0.115980 -0.092489 0.011448
v 0.116373 -0.092367 0.000019
v 0.115943 -0.092463 -0.011396
v 0.114170 -0.092390 -0.022682
v 0.111486 -0.092462 -0.033790
v 0.107536 -0.092381 -0.044509
v 0.102746 -0.092460 -0.054884
v 0.096771 -0.092373 -0.064624
v 0.090089 -0.092489 -0.073902
v 0.082260 -0.092336 -0.082218
v 0.073918 -0.092459 -0.090010
v 0.064656 -0.092347 -0.096685
v 0.054960 -0.092493 -0.102737
v 0.044557 -0.092377 -0.107481
v 0.033841 -0.092460 -0.111434
v 0.022776 -0.092525 -0.114303
v 0.011457 -0.092489 -0.115929
v 0.000029 -0.092381 -0.116344
v -0.011388 -0.092464 -0.115894
v -0.022653 -0.092339 -0.114048
v -0.033782 -0.092484 -0.111471
v -0.044607 -0.092576 -0.107740
v -0.054882 -0.092472 -0.102712
v -0.064584 -0.092348 -0.096696
v -0.073877 -0.092485 -0.090044
v -0.082427 -0.092557 -0.082437
v -0.090002 -0.092459 -0.073867
v -0.096731 -0.092387 -0.064633
v -0.102693 -0.092464 -0.054886
v -0.107473 -0.092378 -0.044507
v -0.111482 -0.092499 -0.033798
v -0.114049 -0.092345 -0.022663
v -0.115885 -0.092464 -0.011398
v -0.116341 -0.092386 0.000021
v -0.115918 -0.092487 0.011447
v -0.114262 -0.092502 0.022755
v -0.111485 -0.092501 0.033841
v -0.107475 -0.092380 0.044551
v -0.102689 -0.092460 0.054923
v -0.096713 -0.092372 0.064662
v -0.090006 -0.092461 0.073908
v -0.082251 -0.092380 0.082301
v -0.073858 -0.092458 0.090051
v -0.064618 -0.092380 0.096771
v -0.054881 -0.092471 0.102753
v -0.044502 -0.092381 0.107525
v -0.033777 -0.092458 0.111474
v -0.022670 -0.092375 0.114140
v -0.011388 -0.092462 0.115932
v 0.011020 0.059969 0.111998
v 0.000029 0.041970 0.112518
v 0.000029 0.061016 0.112550
v 0.021983 0.061016 0.110388
v 0.021976 0.041946 0.110356
v 0.032652 0.059980 0.107703
v 0.043092 0.061016 0.103984
v 0.043080 0.042000 0.103955
v 0.053041 0.060038 0.099266
v 0.062517 0.060090 0.093591
v 0.071385 0.060058 0.087015
v 0.079569 0.060040 0.079604
v 0.086990 0.041959 0.071387
v 0.087015 0.061016 0.071408
v 0.093594 0.061016 0.062539
v 0.093567 0.041950 0.062521
v 0.099242 0.041993 0.053051
v 0.099270 0.061016 0.053066
v 0.103970 0.060024 0.043107
v 0.107681 0.041965 0.032676
v 0.107712 0.061016 0.032686
v 0.110397 0.061016 0.021974
v 0.110365 0.041955 0.021968
v 0.112000 0.059969 0.011089
v 0.112559 0.061016 0.000020
v 0.112527 0.041969 0.000020
v 0.111984 0.041981 -0.011006
v 0.112016 0.061016 -0.011009
v 0.110391 0.060022 -0.021900
v 0.107681 0.041966 -0.032636
v 0.107712 0.061016 -0.032645
v 0.103993 0.061016 -0.043043
v 0.103963 0.041943 -0.043031
v 0.099277 0.059984 -0.052986
v 0.093605 0.059951 -0.062458
v 0.086990 0.041978 -0.071347
v 0.087015 0.061016 -0.071367
v 0.079600 0.061016 -0.079550
v 0.079577 0.041911 -0.079527
v 0.071396 0.042009 -0.086940
v 0.071416 0.061016 -0.086965
v 0.062547 0.061016 -0.093545
v 0.062529 0.041950 -0.093518
v 0.053102 0.059908 -0.099192
v 0.043116 0.060088 -0.103920
v 0.032722 0.059906 -0.107641
v 0.022009 0.060060 -0.110329
v 0.011056 0.041948 -0.111934
v 0.011059 0.061016 -0.111966
v 0.000029 0.061016 -0.112509
v 0.000029 0.041966 -0.112477
v -0.010997 0.041944 -0.111934
v -0.011000 0.061016 -0.111966
v -0.021894 0.060073 -0.110341
v -0.032603 0.060040 -0.107660
v -0.043005 0.060084 -0.103942
v -0.053001 0.041958 -0.099192
v -0.053016 0.061016 -0.099221
v -0.062455 0.060047 -0.093552
v -0.071338 0.041961 -0.086940
v -0.071358 0.061016 -0.086965
v -0.079506 0.059947 -0.079567
v -0.086929 0.060078 -0.071381
v -0.093508 0.060033 -0.062517
v -0.099187 0.060065 -0.053046
v -0.103935 0.061016 -0.043043
v -0.103905 0.041944 -0.043031
v -0.107630 0.059971 -0.032679
v -0.110338 0.061016 -0.021933
v -0.110307 0.041988 -0.021927
v -0.111925 0.041931 -0.011006
v -0.111957 0.061016 -0.011009
v -0.112500 0.061016 0.000020
v -0.112468 0.041970 0.000020
v -0.111925 0.041942 0.011047
v -0.111957 0.061016 0.011050
v -0.110332 0.060077 0.021943
v -0.107623 0.041944 0.032676
v -0.107654 0.061016 0.032686
v -0.103935 0.061016 0.043084
v -0.103905 0.041961 0.043071
v -0.099221 0.059990 0.053024
v -0.093547 0.059963 0.062500
v -0.086972 0.059991 0.071369
v -0.079541 0.061016 0.079591
v -0.079519 0.041964 0.079568
v -0.071338 0.041954 0.086981
v -0.071358 0.061016 0.087006
v -0.062489 0.061016 0.093585
v -0.062471 0.042023 0.093559
v -0.053045 0.059948 0.099232
v -0.043065 0.059998 0.103958
v -0.032668 0.060002 0.107681
v -0.021959 0.059958 0.110368
v -0.010997 0.041964 0.111975
v -0.011000 0.061016 0.112007
v 0.017427 -0.121915 0.177047
v -0.000011 -0.121910 0.177902
v 0.034693 -0.121912 0.174492
v 0.034736 -0.116555 0.174503
v 0.017466 -0.116555 0.177063
v 0.000029 -0.116555 0.177922
v -0.017444 -0.121915 0.177040
v -0.034713 -0.121910 0.174476
v -0.017408 -0.116555 0.177063
v -0.034678 -0.116555 0.174503
v -0.051643 -0.121914 0.170229
v -0.068079 -0.121904 0.164347
v -0.051612 -0.116555 0.170259
v -0.068051 -0.116555 0.164380
v -0.083847 -0.121928 0.156883
v -0.098821 -0.121926 0.147907
v -0.083832 -0.116555 0.156913
v -0.098807 -0.116555 0.147940
v -0.112848 -0.121912 0.137497
v -0.125779 -0.121918 0.125775
v -0.112829 -0.116555 0.137538
v -0.125766 -0.116555 0.125815
v -0.137498 -0.121916 0.112837
v -0.147895 -0.121914 0.098814
v -0.137489 -0.116555 0.112878
v -0.147890 -0.116555 0.098857
v -0.156866 -0.121911 0.083836
v -0.164327 -0.121915 0.068057
v -0.156864 -0.116555 0.083881
v -0.164330 -0.116555 0.068100
v -0.170203 -0.121913 0.051618
v -0.174442 -0.121914 0.034685
v -0.170210 -0.116555 0.051662
v -0.174454 -0.116555 0.034727
v -0.176997 -0.121915 0.017418
v -0.177852 -0.121910 -0.000020
v -0.177013 -0.116555 0.017458
v -0.177872 -0.116555 0.000020
v -0.176990 -0.121915 -0.017455
v -0.174427 -0.121914 -0.034720
v -0.177013 -0.116555 -0.017417
v -0.174454 -0.116555 -0.034686
v -0.170179 -0.121910 -0.051653
v -0.164299 -0.121907 -0.068083
v -0.170210 -0.116555 -0.051621
v -0.164330 -0.116555 -0.068059
v -0.156832 -0.121919 -0.083859
v -0.147856 -0.121925 -0.098831
v -0.156864 -0.116555 -0.083841
v -0.147890 -0.116555 -0.098816
v -0.137448 -0.121908 -0.112856
v -0.125726 -0.121906 -0.125787
v -0.137489 -0.116555 -0.112838
v -0.125766 -0.116555 -0.125775
v -0.112793 -0.121923 -0.137501
v -0.098771 -0.121926 -0.147900
v -0.112829 -0.116555 -0.137497
v -0.098807 -0.116555 -0.147899
v -0.083787 -0.121910 -0.156874
v -0.068009 -0.121907 -0.164335
v -0.083832 -0.116555 -0.156873
v -0.068050 -0.116555 -0.164339
v -0.051576 -0.121925 -0.170208
v -0.034646 -0.121929 -0.174448
v -0.051612 -0.116555 -0.170218
v -0.034677 -0.116555 -0.174462
v -0.017379 -0.121926 -0.177005
v 0.000059 -0.121922 -0.177861
v -0.017408 -0.116555 -0.177022
v 0.000029 -0.116555 -0.177881
v 0.017494 -0.121926 -0.177000
v 0.034760 -0.121928 -0.174438
v 0.017466 -0.116555 -0.177022
v 0.034736 -0.116555 -0.174462
v 0.051691 -0.121925 -0.170191
v 0.068129 -0.121922 -0.164309
v 0.051670 -0.116555 -0.170218
v 0.068109 -0.116555 -0.164339
v 0.083907 -0.121923 -0.156841
v 0.098879 -0.121923 -0.147867
v 0.083890 -0.116555 -0.156873
v 0.098866 -0.116555 -0.147899
v 0.112897 -0.121922 -0.137463
v 0.125831 -0.121923 -0.125740
v 0.112887 -0.116555 -0.137497
v 0.125824 -0.116555 -0.125775
v 0.137551 -0.121923 -0.112802
v 0.147949 -0.121930 -0.098780
v 0.137547 -0.116555 -0.112838
v 0.147948 -0.116555 -0.098816
v 0.156923 -0.121909 -0.083798
v 0.164384 -0.121907 -0.068017
v 0.156922 -0.116555 -0.083841
v 0.164388 -0.116555 -0.068059
v 0.170258 -0.121924 -0.051588
v 0.174498 -0.121923 -0.034655
v 0.170268 -0.116555 -0.051621
v 0.174512 -0.116555 -0.034686
v 0.177056 -0.121918 -0.017383
v 0.177910 -0.121925 0.000046
v 0.177072 -0.116555 -0.017417
v 0.177930 -0.116555 0.000020
v 0.177049 -0.121918 0.017487
v 0.174487 -0.121922 0.034753
v 0.177072 -0.116555 0.017458
v 0.174512 -0.116555 0.034727
v 0.170241 -0.121923 0.051685
v 0.164358 -0.121926 0.068121
v 0.170268 -0.116555 0.051662
v 0.164388 -0.116555 0.068100
v 0.156888 -0.121909 0.083903
v 0.147916 -0.121926 0.098872
v 0.156922 -0.116555 0.083881
v 0.147949 -0.116555 0.098857
v 0.137507 -0.121916 0.112896
v 0.125783 -0.121917 0.125829
v 0.137547 -0.116555 0.112878
v 0.125824 -0.116555 0.125815
v 0.112848 -0.121908 0.137545
v 0.098829 -0.121926 0.147941
v 0.112887 -0.116555 0.137538
v 0.098866 -0.116555 0.147940
v 0.083850 -0.121911 0.156912
v 0.068075 -0.121924 0.164373
v 0.083890 -0.116555 0.156913
v 0.068109 -0.116555 0.164380
v 0.051636 -0.121925 0.170249
v 0.051671 -0.116555 0.170259
v 0.016716 -0.123096 0.169471
v 0.006617 -0.123077 0.163751
v 0.038433 -0.123077 0.159320
v 0.025828 -0.123061 0.173920
v 0.000029 -0.123060 0.175710
v 0.080753 -0.123095 0.151044
v 0.062669 -0.123077 0.151247
v 0.073851 -0.123060 0.159651
v 0.051028 -0.123060 0.168143
v 0.084348 -0.123077 0.140620
v 0.103568 -0.123060 0.142186
v 0.110065 -0.123077 0.121344
v 0.131652 -0.123096 0.108037
v 0.124260 -0.123060 0.124251
v 0.126559 -0.123077 0.103861
v 0.144702 -0.123076 0.077349
v 0.141239 -0.123061 0.104739
v 0.161234 -0.123095 0.056211
v 0.162345 -0.123060 0.067254
v 0.154971 -0.123060 0.082839
v 0.159070 -0.123077 0.039817
v 0.170996 -0.123060 0.041272
v 0.170449 -0.123095 -0.016763
v 0.163760 -0.123077 0.006608
v 0.175758 -0.123060 -0.007088
v 0.174870 -0.123060 0.017241
v 0.162040 -0.123077 -0.024068
v 0.170996 -0.123060 -0.041231
v 0.156666 -0.123077 -0.047495
v 0.147174 -0.123095 -0.086540
v 0.147569 -0.123077 -0.071261
v 0.162345 -0.123060 -0.067213
v 0.126836 -0.123076 -0.104047
v 0.150094 -0.123060 -0.091696
v 0.095244 -0.123096 -0.142479
v 0.117029 -0.123060 -0.131299
v 0.135837 -0.123060 -0.111434
v 0.098729 -0.123077 -0.130776
v 0.089163 -0.123060 -0.151600
v 0.070092 -0.123077 -0.148199
v 0.057863 -0.123060 -0.166078
v 0.023692 -0.123095 -0.169049
v 0.039773 -0.123077 -0.158875
v 0.025827 -0.123061 -0.173879
v 0.008032 -0.123077 -0.163728
v -0.007083 -0.123060 -0.175709
v -0.042811 -0.123095 -0.165235
v -0.024060 -0.123077 -0.161990
v -0.034246 -0.123060 -0.172293
v -0.055239 -0.123077 -0.154327
v -0.059198 -0.123061 -0.165504
v -0.108610 -0.123095 -0.132350
v -0.084223 -0.123077 -0.140440
v -0.089102 -0.123060 -0.151601
v -0.110101 -0.123077 -0.121425
v -0.124202 -0.123060 -0.124211
v -0.111425 -0.123060 -0.135788
v -0.131562 -0.123077 -0.097505
v -0.150137 -0.123096 -0.080244
v -0.151593 -0.123060 -0.089110
v -0.135779 -0.123060 -0.111434
v -0.144328 -0.123077 -0.077140
v -0.154700 -0.123077 -0.053908
v -0.165496 -0.123061 -0.059205
v -0.169041 -0.123095 -0.023638
v -0.163223 -0.123076 -0.016061
v -0.173711 -0.123060 -0.027287
v -0.175700 -0.123060 0.007133
v -0.165592 -0.123095 0.040907
v -0.162248 -0.123077 0.022718
v -0.170935 -0.123060 0.041283
v -0.154701 -0.123077 0.053946
v -0.162286 -0.123060 0.067254
v -0.137415 -0.123096 0.101455
v -0.141209 -0.123077 0.083092
v -0.150752 -0.123060 0.090436
v -0.122289 -0.123077 0.109050
v -0.131290 -0.123060 0.117019
v -0.094521 -0.123095 0.141531
v -0.097598 -0.123077 0.131726
v -0.097578 -0.123060 0.146101
v -0.111425 -0.123060 0.135828
v -0.069953 -0.123077 0.148108
v -0.042809 -0.123095 0.165276
v -0.059196 -0.123061 0.165546
v -0.082789 -0.123060 0.154963
v -0.047486 -0.123077 0.156657
v -0.024060 -0.123077 0.162030
v -0.027278 -0.123060 0.173761
v 0.016715 0.107284 0.169187
v 0.033192 0.107295 0.166740
v 0.000054 0.107285 0.170009
v 0.000029 0.097952 0.170027
v 0.016693 0.097952 0.169207
v 0.033196 0.097952 0.166761
v 0.049383 0.107275 0.162688
v 0.065086 0.107294 0.157065
v 0.049379 0.097952 0.162705
v 0.065088 0.097952 0.157086
v 0.080161 0.107267 0.149939
v 0.094468 0.107295 0.141358
v 0.107870 0.107269 0.131424
v 0.120241 0.106902 0.120235
v 0.120219 0.107330 0.120211
v 0.107879 0.097952 0.131436
v 0.131445 0.106903 0.107871
v 0.141386 0.106903 0.094469
v 0.141358 0.107330 0.094453
v 0.131420 0.107330 0.107850
v 0.149950 0.107276 0.080147
v 0.157089 0.107257 0.065068
v 0.149960 0.097952 0.080160
v 0.162701 0.107275 0.049359
v 0.166749 0.107287 0.033186
v 0.162714 0.097952 0.049370
v 0.166770 0.097952 0.033187
v 0.169200 0.107272 0.016689
v 0.170015 0.107295 0.000020
v 0.169216 0.097952 0.016684
v 0.170036 0.097952 0.000020
v 0.169200 0.107273 -0.016649
v 0.166750 0.107287 -0.033142
v 0.169216 0.097952 -0.016643
v 0.166770 0.097952 -0.033146
v 0.162708 0.107252 -0.049320
v 0.157077 0.107292 -0.065028
v 0.157095 0.097952 -0.065039
v 0.149960 0.106903 -0.080119
v 0.141385 0.106899 -0.094431
v 0.141358 0.107330 -0.094412
v 0.149932 0.107330 -0.080104
v 0.131445 0.106902 -0.107830
v 0.120200 0.107281 -0.120209
v 0.131420 0.107330 -0.107809
v 0.120242 0.097952 -0.120193
v 0.107843 0.107278 -0.131402
v 0.094480 0.106903 -0.141335
v 0.094462 0.107330 -0.141308
v 0.107879 0.097952 -0.131395
v 0.080137 0.107283 -0.149907
v 0.065059 0.107284 -0.157039
v 0.080169 0.097952 -0.149911
v 0.065088 0.097952 -0.157046
v 0.049345 0.107285 -0.162655
v 0.033153 0.107280 -0.166710
v 0.049379 0.097952 -0.162664
v 0.033196 0.097952 -0.166720
v 0.016651 0.107281 -0.169152
v -0.000011 0.107280 -0.169969
v 0.016693 0.097952 -0.169166
v -0.016672 0.107282 -0.169144
v -0.033167 0.107276 -0.166696
v -0.016634 0.097952 -0.169166
v -0.033137 0.097952 -0.166720
v -0.049321 0.106903 -0.162664
v -0.065009 0.107253 -0.157044
v -0.049311 0.107330 -0.162633
v -0.080128 0.107285 -0.149881
v -0.094445 0.107281 -0.141298
v -0.080110 0.097952 -0.149911
v -0.107836 0.107276 -0.131360
v -0.120189 0.107283 -0.120162
v -0.107821 0.097952 -0.131395
v -0.120184 0.097952 -0.120193
v -0.131388 0.107284 -0.107799
v -0.141325 0.107284 -0.094400
v -0.131386 0.097952 -0.107830
v -0.141326 0.097952 -0.094431
v -0.157036 0.107281 -0.064995
v -0.149873 0.107330 -0.080104
v -0.157037 0.097952 -0.065039
v -0.162651 0.107279 -0.049284
v -0.166700 0.107277 -0.033108
v -0.162656 0.097952 -0.049330
v -0.166711 0.097952 -0.033146
v -0.169141 0.107284 -0.016618
v -0.169960 0.107285 0.000050
v -0.169157 0.097952 -0.016643
v -0.169135 0.107282 0.016722
v -0.166687 0.107277 0.033218
v -0.169157 0.097952 0.016684
v -0.166711 0.097952 0.033187
v -0.162631 0.107284 0.049390
v -0.157009 0.107286 0.065099
v -0.162656 0.097952 0.049370
v -0.157037 0.097952 0.065079
v -0.149866 0.107281 0.080189
v -0.141290 0.107283 0.094493
v -0.141326 0.097952 0.094471
v -0.131347 0.107281 0.107890
v -0.120143 0.107281 0.120249
v -0.131387 0.097952 0.107870
v -0.120184 0.097952 0.120234
v -0.107779 0.107281 0.131447
v -0.094405 0.107292 0.141362
v -0.107821 0.097952 0.131436
v -0.094422 0.097952 0.141376
v -0.080104 0.107266 0.149938
v -0.065022 0.107294 0.157066
v -0.080111 0.097952 0.149952
v -0.065030 0.097952 0.157086
v -0.049308 0.107273 0.162693
v -0.033133 0.107287 0.166741
v -0.049321 0.097952 0.162705
v -0.033138 0.097952 0.166761
v -0.016640 0.107275 0.169191
v -0.016634 0.097952 0.169207
v 0.016071 0.106455 0.162872
v 0.000023 0.106452 0.163662
v 0.000029 0.107330 0.163726
v 0.016075 0.107330 0.162936
v 0.031965 0.107325 0.160579
v 0.031954 0.106459 0.160520
v -0.016017 0.106453 0.162871
v -0.031901 0.107324 0.160580
v -0.016017 0.107330 0.162936
v -0.031896 0.106459 0.160520
v -0.047468 0.106454 0.156616
v -0.062612 0.107325 0.151265
v -0.047491 0.107330 0.156675
v -0.062595 0.106459 0.151208
v -0.077135 0.107324 0.144394
v -0.090916 0.107325 0.136137
v -0.077111 0.106459 0.144340
v -0.090886 0.106459 0.136085
v -0.103821 0.107326 0.126565
v -0.115728 0.107326 0.115777
v -0.103784 0.106459 0.126517
v -0.115684 0.106459 0.115734
v -0.126511 0.107323 0.103874
v -0.136083 0.107324 0.090973
v -0.126468 0.106459 0.103834
v -0.136036 0.106459 0.090936
v -0.144341 0.107325 0.077192
v -0.151213 0.107325 0.062668
v -0.144290 0.106459 0.077161
v -0.151158 0.106459 0.062644
v -0.156562 0.106453 0.047529
v -0.160528 0.107325 0.031964
v -0.156625 0.107330 0.047541
v -0.160470 0.106459 0.031946
v -0.162885 0.107326 0.016067
v -0.163674 0.107325 0.000020
v -0.162825 0.106459 0.016060
v -0.163615 0.106459 0.000020
v -0.162885 0.107326 -0.016022
v -0.160530 0.107325 -0.031912
v -0.162825 0.106459 -0.016019
v -0.160470 0.106459 -0.031905
v -0.156625 0.107325 -0.047495
v -0.151216 0.107325 -0.062621
v -0.156566 0.106459 -0.047482
v -0.151158 0.106459 -0.062603
v -0.144289 0.106455 -0.077119
v -0.136086 0.107326 -0.090928
v -0.144344 0.107330 -0.077149
v -0.136036 0.106459 -0.090895
v -0.126462 0.106452 -0.103796
v -0.115726 0.107326 -0.115737
v -0.126515 0.107330 -0.103832
v -0.115684 0.106459 -0.115693
v -0.103820 0.107326 -0.126525
v -0.090884 0.106456 -0.136044
v -0.090921 0.107330 -0.136096
v -0.103784 0.106459 -0.126477
v -0.077138 0.107326 -0.144353
v -0.062613 0.107326 -0.151224
v -0.077111 0.106459 -0.144299
v -0.062594 0.106459 -0.151167
v -0.047487 0.107325 -0.156634
v -0.031903 0.107326 -0.160539
v -0.047473 0.106459 -0.156575
v -0.031896 0.106459 -0.160479
v -0.016002 0.106454 -0.162832
v 0.000033 0.107326 -0.163683
v -0.016016 0.107330 -0.162895
v 0.000029 0.106459 -0.163623
v 0.016064 0.107324 -0.162894
v 0.031967 0.107327 -0.160538
v 0.016069 0.106459 -0.162833
v 0.031954 0.106459 -0.160479
v 0.047554 0.107325 -0.156631
v 0.062678 0.107325 -0.151221
v 0.047532 0.106459 -0.156575
v 0.062653 0.106459 -0.151167
v 0.077167 0.106456 -0.144299
v 0.090981 0.107325 -0.136092
v 0.077198 0.107330 -0.144353
v 0.090945 0.106459 -0.136044
v 0.103885 0.107326 -0.126519
v 0.115787 0.107325 -0.115733
v 0.103842 0.106459 -0.126476
v 0.115743 0.106459 -0.115693
v 0.126521 0.106454 -0.103796
v 0.136143 0.107326 -0.090929
v 0.126574 0.107330 -0.103832
v 0.136094 0.106459 -0.090895
v 0.144405 0.107325 -0.077142
v 0.151273 0.107325 -0.062622
v 0.144348 0.106459 -0.077120
v 0.151216 0.106459 -0.062603
v 0.156684 0.107325 -0.047495
v 0.160588 0.107325 -0.031913
v 0.156625 0.106459 -0.047482
v 0.160529 0.106459 -0.031905
v 0.162943 0.107325 -0.016019
v 0.163732 0.107323 0.000018
v 0.162883 0.106459 -0.016019
v 0.163673 0.106459 0.000020
v 0.162943 0.107326 0.016066
v 0.160586 0.107324 0.031961
v 0.162883 0.106459 0.016060
v 0.160529 0.106459 0.031946
v 0.156623 0.106455 0.047524
v 0.151272 0.107326 0.062667
v 0.156684 0.107330 0.047541
v 0.151216 0.106459 0.062644
v 0.144399 0.107324 0.077194
v 0.136141 0.107325 0.090973
v 0.144348 0.106459 0.077161
v 0.136094 0.106459 0.090936
v 0.126522 0.106454 0.103837
v 0.115788 0.107325 0.115773
v 0.126574 0.107330 0.103873
v 0.115743 0.106459 0.115734
v 0.103880 0.107326 0.126565
v 0.090942 0.106453 0.136085
v 0.090979 0.107330 0.136136
v 0.103842 0.106459 0.126517
v 0.077193 0.107324 0.144394
v 0.062675 0.107323 0.151262
v 0.077169 0.106459 0.144340
v 0.062653 0.106459 0.151208
v 0.047553 0.107325 0.156672
v 0.047532 0.106459 0.156616
v 0.016060 0.106173 0.162787
v 0.000029 0.106173 0.163577
v 0.031937 0.106173 0.160434
v 0.047507 0.106173 0.156532
v 0.062619 0.106173 0.151127
v 0.077128 0.106173 0.144263
v 0.090896 0.106173 0.136013
v 0.103787 0.106173 0.126450
v 0.115681 0.106173 0.115672
v 0.126458 0.106173 0.103778
v 0.136021 0.106173 0.090887
v 0.144271 0.106173 0.077119
v 0.151136 0.106173 0.062611
v 0.156541 0.106173 0.047498
v 0.160443 0.106173 0.031929
v 0.162796 0.106173 0.016052
v 0.163586 0.106173 0.000020
v 0.162796 0.106173 -0.016011
v 0.160443 0.106173 -0.031888
v 0.156541 0.106173 -0.047457
v 0.151136 0.106173 -0.062570
v 0.144271 0.106173 -0.077079
v 0.136021 0.106173 -0.090847
v 0.126458 0.106173 -0.103737
v 0.115681 0.106173 -0.115631
v 0.103787 0.106173 -0.126409
v 0.090896 0.106173 -0.135972
v 0.077128 0.106173 -0.144222
v 0.062619 0.106173 -0.151086
v 0.047506 0.106173 -0.156491
v 0.031937 0.106173 -0.160393
v 0.016060 0.106173 -0.162746
v 0.000029 0.106173 -0.163536
v -0.016002 0.106173 0.162787
v -0.031879 0.106173 0.160434
v -0.047448 0.106173 0.156532
v -0.062561 0.106173 0.151127
v -0.077070 0.106173 0.144263
v -0.090838 0.106173 0.136013
v -0.103729 0.106173 0.126450
v -0.115623 0.106173 0.115672
v -0.126400 0.106173 0.103778
v -0.135963 0.106173 0.090887
v -0.144213 0.106173 0.077119
v -0.151077 0.106173 0.062611
v -0.156483 0.106173 0.047498
v -0.160384 0.106173 0.031929
v -0.162738 0.106173 0.016052
v -0.163527 0.106173 0.000020
v -0.162738 0.106173 -0.016011
v -0.160384 0.106173 -0.031888
v -0.156483 0.106173 -0.047457
v -0.151077 0.106173 -0.062570
v -0.144213 0.106173 -0.077079
v -0.135963 0.106173 -0.090847
v -0.126400 0.106173 -0.103737
v -0.115623 0.106173 -0.115631
v -0.103729 0.106173 -0.126409
v -0.090838 0.106173 -0.135972
v -0.077070 0.106173 -0.144222
v -0.062561 0.106173 -0.151086
v -0.047448 0.106173 -0.156491
v -0.031879 0.106173 -0.160393
v -0.016002 0.106173 -0.162746
v 0.013372 0.091087 0.135494
v 0.000029 0.091087 0.136151
v 0.026587 0.091087 0.133535
v 0.039545 0.091087 0.130288
v 0.052124 0.091087 0.125789
v 0.064200 0.091087 0.120076
v 0.075659 0.091087 0.113209
v 0.086389 0.091087 0.105250
v 0.096288 0.091087 0.096279
v 0.105258 0.091087 0.086380
v 0.113218 0.091087 0.075651
v 0.120084 0.091087 0.064191
v 0.125798 0.091087 0.052115
v 0.130297 0.091087 0.039537
v 0.133544 0.091087 0.026578
v 0.135503 0.091087 0.013363
v 0.136160 0.091087 0.000020
v 0.135503 0.091087 -0.013323
v 0.133544 0.091087 -0.026537
v 0.130297 0.091087 -0.039496
v 0.125797 0.091087 -0.052075
v 0.120084 0.091087 -0.064150
v 0.113218 0.091087 -0.075610
v 0.105258 0.091087 -0.086339
v 0.096288 0.091087 -0.096239
v 0.086388 0.091087 -0.105209
v 0.075659 0.091087 -0.113168
v 0.064200 0.091087 -0.120035
v 0.052124 0.091087 -0.125748
v 0.039545 0.091087 -0.130247
v 0.026587 0.091087 -0.133495
v 0.013372 0.091087 -0.135453
v 0.000029 0.091087 -0.136110
v -0.013314 0.091087 0.135494
v -0.026529 0.091087 0.133535
v -0.039487 0.091087 0.130288
v -0.052066 0.091087 0.125789
v -0.064142 0.091087 0.120076
v -0.075601 0.091087 0.113209
v -0.086330 0.091087 0.105250
v -0.096230 0.091087 0.096279
v -0.105200 0.091087 0.086380
v -0.113159 0.091087 0.075651
v -0.120026 0.091087 0.064191
v -0.125739 0.091087 0.052115
v -0.130238 0.091087 0.039537
v -0.133486 0.091087 0.026578
v -0.135444 0.091087 0.013363
v -0.136101 0.091087 0.000020
v -0.135444 0.091087 -0.013323
v -0.133486 0.091087 -0.026537
v -0.130238 0.091087 -0.039496
v -0.125739 0.091087 -0.052075
v -0.120026 0.091087 -0.064150
v -0.113159 0.091087 -0.075610
v -0.105200 0.091087 -0.086339
v -0.096230 0.091087 -0.096239
v -0.086330 0.091087 -0.105209
v -0.075601 0.091087 -0.113168
v -0.064141 0.091087 -0.120035
v -0.052066 0.091087 -0.125748
v -0.039487 0.091087 -0.130247
v -0.026528 0.091087 -0.133495
v -0.013314 0.091087 -0.135453
v 0.013072 0.071107 0.132447
v 0.000029 0.071107 0.133090
v 0.025990 0.071107 0.130533
v 0.038657 0.071107 0.127358
v 0.050953 0.071107 0.122960
v 0.062757 0.071107 0.117376
v 0.073959 0.071107 0.110664
v 0.084447 0.071107 0.102883
v 0.094123 0.071107 0.094115
v 0.102892 0.071107 0.084438
v 0.110672 0.071107 0.073950
v 0.117385 0.071107 0.062748
v 0.122969 0.071107 0.050944
v 0.127367 0.071107 0.038648
v 0.130542 0.071107 0.025981
v 0.132456 0.071107 0.013063
v 0.133099 0.071107 0.000020
v 0.132456 0.071107 -0.013023
v 0.130542 0.071107 -0.025940
v 0.127367 0.071107 -0.038607
v 0.122969 0.071107 -0.050903
v 0.117384 0.071107 -0.062707
v 0.110672 0.071107 -0.073909
v 0.102892 0.071107 -0.084397
v 0.094123 0.071107 -0.094074
v 0.084446 0.071107 -0.102842
v 0.073958 0.071107 -0.110623
v 0.062757 0.071107 -0.117335
v 0.050953 0.071107 -0.122920
v 0.038657 0.071107 -0.127318
v 0.025990 0.071107 -0.130492
v 0.013072 0.071107 -0.132407
v 0.000029 0.071107 -0.133049
v -0.013014 0.071107 0.132447
v -0.025931 0.071107 0.130533
v -0.038598 0.071107 0.127358
v -0.050894 0.071107 0.122960
v -0.062698 0.071107 0.117376
v -0.073900 0.071107 0.110664
v -0.084388 0.071107 0.102883
v -0.094065 0.071107 0.094115
v -0.102834 0.071107 0.084438
v -0.110614 0.071107 0.073950
v -0.117326 0.071107 0.062748
v -0.122911 0.071107 0.050944
v -0.127309 0.071107 0.038648
v -0.130483 0.071107 0.025981
v -0.132398 0.071107 0.013063
v -0.133040 0.071107 0.000020
v -0.132398 0.071107 -0.013023
v -0.130483 0.071107 -0.025940
v -0.127309 0.071107 -0.038607
v -0.122911 0.071107 -0.050903
v -0.117326 0.071107 -0.062707
v -0.110614 0.071107 -0.073909
v -0.102834 0.071107 -0.084397
v -0.094065 0.071107 -0.094074
v -0.084388 0.071107 -0.102842
v -0.073900 0.071107 -0.110623
v -0.062698 0.071107 -0.117335
v -0.050894 0.071107 -0.122920
v -0.038598 0.071107 -0.127318
v -0.025931 0.071107 -0.130492
v -0.013014 0.071107 -0.132407
v 0.011068 0.067477 0.112103
v 0.000029 0.067477 0.112646
v 0.022001 0.067477 0.110482
v 0.032722 0.067477 0.107795
v 0.043129 0.067477 0.104073
v 0.053120 0.067477 0.099346
v 0.062601 0.067477 0.093665
v 0.071477 0.067477 0.087080
v 0.079668 0.067477 0.079659
v 0.087089 0.067477 0.071469
v 0.093674 0.067477 0.062592
v 0.099355 0.067477 0.053111
v 0.104082 0.067477 0.043120
v 0.107804 0.067477 0.032714
v 0.110491 0.067477 0.021993
v 0.112111 0.067477 0.011060
v 0.112655 0.067477 0.000020
v 0.112111 0.067477 -0.011019
v 0.110491 0.067477 -0.021952
v 0.107804 0.067477 -0.032673
v 0.104082 0.067477 -0.043080
v 0.099355 0.067477 -0.053070
v 0.093674 0.067477 -0.062551
v 0.087089 0.067477 -0.071428
v 0.079668 0.067477 -0.079618
v 0.071477 0.067477 -0.087040
v 0.062601 0.067477 -0.093625
v 0.053120 0.067477 -0.099306
v 0.043129 0.067477 -0.104032
v 0.032722 0.067477 -0.107755
v 0.022001 0.067477 -0.110441
v 0.011068 0.067477 -0.112062
v 0.000029 0.067477 -0.112605
v -0.011010 0.067477 0.112103
v -0.021943 0.067477 0.110482
v -0.032664 0.067477 0.107795
v -0.043071 0.067477 0.104073
v -0.053062 0.067477 0.099346
v -0.062542 0.067477 0.093665
v -0.071419 0.067477 0.087080
v -0.079609 0.067477 0.079659
v -0.087031 0.067477 0.071469
v -0.093616 0.067477 0.062592
v -0.099297 0.067477 0.053111
v -0.104024 0.067477 0.043120
v -0.107746 0.067477 0.032714
v -0.110433 0.067477 0.021993
v -0.112053 0.067477 0.011060
v -0.112597 0.067477 0.000020
v -0.112053 0.067477 -0.011019
v -0.110433 0.067477 -0.021952
v -0.107746 0.067477 -0.032673
v -0.104023 0.067477 -0.043080
v -0.099297 0.067477 -0.053070
v -0.093616 0.067477 -0.062551
v -0.087031 0.067477 -0.071428
v -0.079609 0.067477 -0.079618
v -0.071419 0.067477 -0.087040
v -0.062542 0.067477 -0.093625
v -0.053062 0.067477 -0.099306
v -0.043071 0.067477 -0.104032
v -0.032664 0.067477 -0.107755
v -0.021943 0.067477 -0.110441
v -0.011010 0.067477 -0.112062
v 0.011067 -0.089702 0.112085
v 0.011062 -0.082315 0.111979
v 0.021954 -0.083275 0.110378
v 0.021998 -0.089702 0.110465
v 0.000029 -0.089702 0.112629
v 0.000001 -0.083256 0.112535
v 0.032717 -0.089702 0.107778
v 0.032687 -0.082312 0.107678
v 0.043057 -0.083209 0.103983
v 0.043122 -0.089702 0.104057
v 0.053112 -0.089702 0.099331
v 0.053062 -0.082231 0.099238
v 0.062534 -0.082277 0.093562
v 0.062591 -0.089702 0.093651
v 0.071466 -0.089702 0.087067
v 0.071400 -0.082194 0.086985
v 0.079582 -0.082049 0.079570
v 0.079655 -0.089702 0.079646
v 0.087075 -0.089702 0.071457
v 0.086986 -0.083262 0.071419
v 0.093563 -0.083146 0.062557
v 0.093659 -0.089702 0.062582
v 0.099340 -0.089702 0.053103
v 0.099245 -0.083283 0.053080
v 0.103969 -0.082313 0.043070
v 0.104066 -0.089702 0.043114
v 0.107787 -0.089702 0.032708
v 0.107688 -0.083145 0.032711
v 0.110376 -0.083269 0.021997
v 0.110474 -0.089702 0.021989
v 0.112094 -0.089702 0.011058
v 0.111990 -0.082315 0.011041
v 0.112544 -0.083303 0.000046
v 0.112637 -0.089702 0.000020
v 0.112094 -0.089702 -0.011017
v 0.112004 -0.083222 -0.010975
v 0.110370 -0.082292 -0.021929
v 0.110474 -0.089702 -0.021948
v 0.107787 -0.089702 -0.032668
v 0.107707 -0.083145 -0.032611
v 0.103990 -0.083261 -0.043011
v 0.104066 -0.089702 -0.043073
v 0.099340 -0.089702 -0.053062
v 0.099246 -0.082299 -0.053013
v 0.093569 -0.082147 -0.062485
v 0.093659 -0.089702 -0.062541
v 0.087075 -0.089702 -0.071417
v 0.087019 -0.083291 -0.071338
v 0.079606 -0.083256 -0.079522
v 0.079655 -0.089702 -0.079606
v 0.071466 -0.089702 -0.087026
v 0.071428 -0.083227 -0.086936
v 0.062562 -0.083256 -0.093517
v 0.062591 -0.089702 -0.093610
v 0.053112 -0.089702 -0.099290
v 0.053062 -0.082263 -0.099197
v 0.043079 -0.082160 -0.103920
v 0.043122 -0.089702 -0.104016
v 0.032717 -0.089702 -0.107738
v 0.032680 -0.082308 -0.107639
v 0.021974 -0.082348 -0.110322
v 0.021998 -0.089702 -0.110424
v 0.011067 -0.089702 -0.112044
v 0.011091 -0.083178 -0.111948
v 0.000062 -0.083180 -0.112494
v 0.000029 -0.089702 -0.112588
v -0.011008 -0.089702 -0.112044
v -0.010964 -0.083170 -0.111954
v -0.021919 -0.082284 -0.110321
v -0.021939 -0.089702 -0.110424
v -0.032659 -0.089702 -0.107738
v -0.032628 -0.082306 -0.107637
v -0.043025 -0.082331 -0.103918
v -0.043064 -0.089702 -0.104016
v -0.053053 -0.089702 -0.099290
v -0.052978 -0.083174 -0.099224
v -0.062477 -0.082138 -0.093520
v -0.062532 -0.089702 -0.093610
v -0.071408 -0.089702 -0.087026
v -0.071328 -0.083258 -0.086970
v -0.079524 -0.082360 -0.079529
v -0.079597 -0.089702 -0.079606
v -0.087017 -0.089702 -0.071417
v -0.086936 -0.082325 -0.071350
v -0.093515 -0.082139 -0.062480
v -0.093601 -0.089702 -0.062541
v -0.099281 -0.089702 -0.053062
v -0.099190 -0.082362 -0.053009
v -0.103908 -0.083188 -0.043068
v -0.104007 -0.089702 -0.043073
v -0.107729 -0.089702 -0.032668
v -0.107628 -0.082153 -0.032635
v -0.110319 -0.083273 -0.021954
v -0.110415 -0.089702 -0.021948
v -0.112035 -0.089702 -0.011017
v -0.111939 -0.083234 -0.011034
v -0.112485 -0.083251 -0.000007
v -0.112579 -0.089702 0.000020
v -0.112035 -0.089702 0.011058
v -0.111945 -0.083170 0.011014
v -0.110312 -0.082282 0.021969
v -0.110415 -0.089702 0.021989
v -0.107729 -0.089702 0.032708
v -0.107648 -0.083171 0.032651
v -0.103931 -0.083247 0.043054
v -0.104007 -0.089702 0.043114
v -0.099281 -0.089702 0.053103
v -0.099187 -0.082366 0.053056
v -0.093513 -0.082284 0.062524
v -0.093601 -0.089702 0.062582
v -0.087017 -0.089702 0.071457
v -0.086935 -0.082270 0.071391
v -0.079554 -0.083201 0.079557
v -0.079597 -0.089702 0.079646
v -0.071408 -0.089702 0.087067
v -0.071375 -0.083194 0.086973
v -0.062507 -0.083210 0.093555
v -0.062533 -0.089702 0.093651
v -0.053053 -0.089702 0.099331
v -0.053003 -0.082247 0.099238
v -0.043023 -0.082328 0.103960
v -0.043064 -0.089702 0.104057
v -0.032659 -0.089702 0.107778
v -0.032628 -0.082323 0.107678
v -0.021919 -0.082306 0.110361
v -0.021940 -0.089702 0.110465
v -0.011008 -0.089702 0.112085
v -0.011027 -0.083199 0.111989
v 0.017454 -0.122952 0.176934
v 0.000029 -0.122952 0.177792
v 0.034711 -0.122952 0.174376
v -0.017395 -0.122952 0.176934
v -0.034652 -0.122952 0.174376
v -0.051574 -0.122952 0.170135
v -0.068001 -0.122952 0.164260
v -0.083771 -0.122952 0.156799
v -0.098735 -0.122952 0.147832
v -0.112746 -0.122952 0.137438
v -0.125674 -0.122952 0.125724
v -0.137388 -0.122952 0.112796
v -0.147782 -0.122952 0.098785
v -0.156749 -0.122952 0.083820
v -0.164210 -0.122952 0.068051
v -0.170085 -0.122952 0.051624
v -0.174326 -0.122952 0.034702
v -0.176884 -0.122952 0.017445
v -0.177742 -0.122952 0.000020
v -0.176884 -0.122952 -0.017404
v -0.174326 -0.122952 -0.034661
v -0.170085 -0.122952 -0.051583
v -0.164210 -0.122952 -0.068010
v -0.156749 -0.122952 -0.083780
v -0.147782 -0.122952 -0.098744
v -0.137388 -0.122952 -0.112755
v -0.125674 -0.122952 -0.125683
v -0.112746 -0.122952 -0.137397
v -0.098735 -0.122952 -0.147791
v -0.083771 -0.122952 -0.156758
v -0.068001 -0.122952 -0.164219
v -0.051574 -0.122952 -0.170094
v -0.034652 -0.122952 -0.174335
v -0.017395 -0.122952 -0.176893
v 0.000029 -0.122952 -0.177751
v 0.017454 -0.122952 -0.176893
v 0.034711 -0.122952 -0.174335
v 0.051633 -0.122952 -0.170094
v 0.068059 -0.122952 -0.164219
v 0.083829 -0.122952 -0.156758
v 0.098794 -0.122952 -0.147791
v 0.112805 -0.122952 -0.137397
v 0.125733 -0.122952 -0.125683
v 0.137447 -0.122952 -0.112755
v 0.147841 -0.122952 -0.098744
v 0.156808 -0.122952 -0.083780
v 0.164269 -0.122952 -0.068010
v 0.170144 -0.122952 -0.051583
v 0.174385 -0.122952 -0.034661
v 0.176943 -0.122952 -0.017404
v 0.177801 -0.122952 0.000020
v 0.176943 -0.122952 0.017445
v 0.174385 -0.122952 0.034702
v 0.170144 -0.122952 0.051624
v 0.164269 -0.122952 0.068051
v 0.156808 -0.122952 0.083820
v 0.147841 -0.122952 0.098785
v 0.137447 -0.122952 0.112796
v 0.125733 -0.122952 0.125724
v 0.112805 -0.122952 0.137438
v 0.098794 -0.122952 0.147832
v 0.083829 -0.122952 0.156799
v 0.068059 -0.122952 0.164260
v 0.051633 -0.122952 0.170135
v 0.015861 -0.123021 0.160762
v 0.000029 -0.123021 0.161542
v 0.015481 -0.120469 0.156916
v 0.000028 -0.120378 0.157538
v 0.030755 -0.120357 0.154481
v 0.031541 -0.123021 0.158438
v 0.046916 -0.123021 0.154585
v 0.045808 -0.120493 0.150919
v 0.060318 -0.120394 0.145570
v 0.061841 -0.123021 0.149247
v 0.076169 -0.123021 0.142468
v 0.074352 -0.120475 0.139066
v 0.087554 -0.120396 0.131015
v 0.089766 -0.123021 0.134321
v 0.102496 -0.123021 0.124877
v 0.100049 -0.120473 0.121893
v 0.111409 -0.120369 0.111387
v 0.114242 -0.123021 0.114233
v 0.124886 -0.123021 0.102487
v 0.121931 -0.120496 0.100058
v 0.130994 -0.120372 0.087525
v 0.134329 -0.123021 0.089757
v 0.142477 -0.123021 0.076160
v 0.139104 -0.120494 0.074351
v 0.145537 -0.120362 0.060288
v 0.149256 -0.123021 0.061832
v 0.154594 -0.123021 0.046907
v 0.150926 -0.120490 0.045789
v 0.154524 -0.120380 0.030750
v 0.158447 -0.123021 0.031532
v 0.160771 -0.123021 0.015852
v 0.156924 -0.120469 0.015473
v 0.157578 -0.120399 0.000020
v 0.161551 -0.123021 0.000020
v 0.160771 -0.123021 -0.015811
v 0.156935 -0.120476 -0.015433
v 0.154528 -0.120383 -0.030712
v 0.158447 -0.123021 -0.031491
v 0.154594 -0.123021 -0.046866
v 0.150924 -0.120488 -0.045746
v 0.145533 -0.120360 -0.060245
v 0.149256 -0.123021 -0.061791
v 0.142477 -0.123021 -0.076119
v 0.139106 -0.120497 -0.074314
v 0.130981 -0.120360 -0.087474
v 0.134329 -0.123021 -0.089716
v 0.124885 -0.123021 -0.102447
v 0.121887 -0.120459 -0.099985
v 0.111410 -0.120376 -0.111357
v 0.114242 -0.123021 -0.114193
v 0.102496 -0.123021 -0.124836
v 0.100047 -0.120473 -0.121854
v 0.087567 -0.120411 -0.130993
v 0.089766 -0.123021 -0.134280
v 0.076169 -0.123021 -0.142427
v 0.074375 -0.120503 -0.139060
v 0.060319 -0.120388 -0.145519
v 0.061841 -0.123021 -0.149206
v 0.046916 -0.123021 -0.154544
v 0.045803 -0.120491 -0.150876
v 0.030839 -0.120664 -0.154895
v 0.031540 -0.123021 -0.158397
v 0.015861 -0.123021 -0.160721
v 0.015481 -0.120451 -0.156849
v 0.000030 -0.120382 -0.157503
v 0.000029 -0.123021 -0.161501
v -0.015802 -0.123021 -0.160721
v -0.015423 -0.120451 -0.156849
v -0.030706 -0.120394 -0.154493
v -0.031482 -0.123021 -0.158397
v -0.046857 -0.123021 -0.154544
v -0.045749 -0.120514 -0.150911
v -0.060411 -0.120654 -0.145891
v -0.061782 -0.123021 -0.149206
v -0.076110 -0.123021 -0.142427
v -0.074301 -0.120493 -0.139052
v -0.087488 -0.120386 -0.130962
v -0.089707 -0.123021 -0.134280
v -0.102438 -0.123021 -0.124836
v -0.099980 -0.120463 -0.121843
v -0.111649 -0.120655 -0.111655
v -0.114184 -0.123021 -0.114193
v -0.124827 -0.123021 -0.102447
v -0.121839 -0.120468 -0.099994
v -0.130948 -0.120380 -0.087487
v -0.134271 -0.123021 -0.089716
v -0.142418 -0.123021 -0.076119
v -0.139054 -0.120501 -0.074315
v -0.145497 -0.120377 -0.060258
v -0.149197 -0.123021 -0.061791
v -0.154535 -0.123021 -0.046866
v -0.150828 -0.120463 -0.045742
v -0.154489 -0.120397 -0.030716
v -0.158389 -0.123021 -0.031491
v -0.160713 -0.123021 -0.015811
v -0.156877 -0.120476 -0.015435
v -0.157501 -0.120387 0.000017
v -0.161492 -0.123021 0.000020
v -0.160713 -0.123021 0.015852
v -0.156866 -0.120469 0.015475
v -0.154878 -0.120660 0.030836
v -0.158389 -0.123021 0.031532
v -0.154535 -0.123021 0.046907
v -0.150836 -0.120468 0.045786
v -0.145499 -0.120378 0.060299
v -0.149197 -0.123021 0.061832
v -0.142418 -0.123021 0.076160
v -0.139006 -0.120466 0.074336
v -0.130949 -0.120384 0.087539
v -0.134271 -0.123021 0.089757
v -0.124827 -0.123021 0.102487
v -0.121876 -0.120498 0.100059
v -0.111345 -0.120367 0.111387
v -0.114184 -0.123021 0.114233
v -0.102438 -0.123021 0.124877
v -0.099977 -0.120457 0.121873
v -0.087490 -0.120390 0.131007
v -0.089707 -0.123021 0.134321
v -0.076111 -0.123021 0.142468
v -0.074285 -0.120464 0.139053
v -0.060239 -0.120364 0.145531
v -0.061782 -0.123021 0.149247
v -0.046857 -0.123021 0.154585
v -0.045739 -0.120489 0.150916
v -0.030700 -0.120375 0.154506
v -0.031482 -0.123021 0.158438
v -0.015802 -0.123021 0.160762
v -0.015423 -0.120468 0.156914
v 0.016680 0.107569 0.169078
v 0.033171 0.107569 0.166634
v 0.000029 0.107569 0.169898
v 0.049341 0.107569 0.162581
v 0.065038 0.107569 0.156967
v 0.080108 0.107569 0.149837
v 0.094408 0.107569 0.141268
v 0.107797 0.107569 0.131336
v 0.120151 0.107569 0.120142
v 0.131345 0.107569 0.107788
v 0.141277 0.107569 0.094399
v 0.149846 0.107569 0.080099
v 0.156975 0.107569 0.065030
v 0.162590 0.107569 0.049333
v 0.166642 0.107569 0.033162
v 0.169087 0.107569 0.016671
v 0.169907 0.107569 0.000020
v 0.169087 0.107569 -0.016630
v 0.166642 0.107569 -0.033121
v 0.162590 0.107569 -0.049292
v 0.156975 0.107569 -0.064989
v 0.149846 0.107569 -0.080058
v 0.141277 0.107569 -0.094358
v 0.131345 0.107569 -0.107747
v 0.120151 0.107569 -0.120101
v 0.107797 0.107569 -0.131295
v 0.094408 0.107569 -0.141228
v 0.080108 0.107569 -0.149796
v 0.065038 0.107569 -0.156926
v 0.049341 0.107569 -0.162540
v 0.033171 0.107569 -0.166593
v 0.016680 0.107569 -0.169037
v 0.000029 0.107569 -0.169857
v -0.016621 0.107569 -0.169037
v -0.033112 0.107569 -0.166593
v -0.049283 0.107569 -0.162540
v -0.064980 0.107569 -0.156926
v -0.080049 0.107569 -0.149796
v -0.094350 0.107569 -0.141228
v -0.107739 0.107569 -0.131295
v -0.120092 0.107569 -0.120101
v -0.131286 0.107569 -0.107747
v -0.141219 0.107569 -0.094358
v -0.149787 0.107569 -0.080058
v -0.156917 0.107569 -0.064989
v -0.162531 0.107569 -0.049292
v -0.166584 0.107569 -0.033121
v -0.169028 0.107569 -0.016630
v -0.169848 0.107569 0.000020
v -0.169028 0.107569 0.016671
v -0.166584 0.107569 0.033162
v -0.162531 0.107569 0.049333
v -0.156917 0.107569 0.065030
v -0.149788 0.107569 0.080099
v -0.141219 0.107569 0.094399
v -0.131286 0.107569 0.107788
v -0.120092 0.107569 0.120142
v -0.107739 0.107569 0.131336
v -0.094350 0.107569 0.141268
v -0.080049 0.107569 0.149837
v -0.064980 0.107569 0.156967
v -0.049283 0.107569 0.162581
v -0.033112 0.107569 0.166634
v -0.016621 0.107569 0.169078
v 0.016084 0.107569 0.163032
v 0.000029 0.107569 0.163823
v 0.031985 0.107569 0.160676
v -0.016026 0.107569 0.163032
v -0.031927 0.107569 0.160676
v -0.047520 0.107569 0.156768
v -0.062655 0.107569 0.151354
v -0.077186 0.107569 0.144480
v -0.090975 0.107569 0.136217
v -0.103885 0.107569 0.126640
v -0.115797 0.107569 0.115846
v -0.126590 0.107569 0.103934
v -0.136168 0.107569 0.091024
v -0.144430 0.107569 0.077235
v -0.151305 0.107569 0.062705
v -0.156718 0.107569 0.047569
v -0.160626 0.107569 0.031977
v -0.162983 0.107569 0.016076
v -0.163773 0.107569 0.000020
v -0.162983 0.107569 -0.016035
v -0.160626 0.107569 -0.031936
v -0.156718 0.107569 -0.047528
v -0.151305 0.107569 -0.062664
v -0.144430 0.107569 -0.077195
v -0.136168 0.107569 -0.090983
v -0.126590 0.107569 -0.103894
v -0.115797 0.107569 -0.115806
v -0.103885 0.107569 -0.126599
v -0.090975 0.107569 -0.136176
v -0.077186 0.107569 -0.144439
v -0.062655 0.107569 -0.151313
v -0.047519 0.107569 -0.156727
v -0.031927 0.107569 -0.160635
v -0.016026 0.107569 -0.162991
v 0.000029 0.107569 -0.163782
v 0.016084 0.107569 -0.162991
v 0.031985 0.107569 -0.160635
v 0.047578 0.107569 -0.156727
v 0.062714 0.107569 -0.151313
v 0.077244 0.107569 -0.144439
v 0.091033 0.107569 -0.136176
v 0.103943 0.107569 -0.126599
v 0.115855 0.107569 -0.115806
v 0.126649 0.107569 -0.103894
v 0.136226 0.107569 -0.090983
v 0.144488 0.107569 -0.077195
v 0.151363 0.107569 -0.062664
v 0.156777 0.107569 -0.047528
v 0.160684 0.107569 -0.031936
v 0.163041 0.107569 -0.016035
v 0.163832 0.107569 0.000020
v 0.163041 0.107569 0.016076
v 0.160684 0.107569 0.031977
v 0.156777 0.107569 0.047569
v 0.151363 0.107569 0.062705
v 0.144489 0.107569 0.077235
v 0.136226 0.107569 0.091024
v 0.126649 0.107569 0.103934
v 0.115855 0.107569 0.115846
v 0.103943 0.107569 0.126640
v 0.091033 0.107569 0.136217
v 0.077244 0.107569 0.144480
v 0.062714 0.107569 0.151354
v 0.047578 0.107569 0.156768
v 0.023359 0.111763 0.034070
v 0.028810 0.111944 0.028798
v 0.019105 0.111486 0.038008
v 0.022726 0.082733 0.046643
v 0.028141 0.082733 0.041778
v 0.035132 0.082733 0.035121
v -0.023298 0.111680 0.034101
v -0.019005 0.111213 0.038152
v -0.028746 0.111920 0.028806
v -0.035065 0.082733 0.035121
v -0.028075 0.082733 0.041778
v -0.022659 0.082733 0.046643
v 0.000216 0.111969 0.038788
v -0.012531 0.111537 0.038890
v 0.000033 0.082733 0.043824
v -0.012023 0.082733 0.043848
v 0.012089 0.082733 0.043848
v 0.012743 0.111538 0.038890
v 0.017236 0.107315 0.040233
v 0.020125 0.082732 0.047712
v 0.016938 0.082733 0.044518
v -0.017180 0.107337 0.040235
v -0.020080 0.082733 0.047737
v -0.016871 0.082733 0.044518
v 0.023373 0.111696 -0.034040
v 0.028816 0.111927 -0.028753
v 0.028141 0.082733 -0.041731
v 0.035132 0.082733 -0.035075
v 0.022726 0.082733 -0.046597
v 0.019058 0.111247 -0.038102
v -0.023289 0.111698 -0.034055
v -0.019069 0.111362 -0.037986
v -0.028075 0.082733 -0.041731
v -0.022659 0.082733 -0.046597
v -0.035065 0.082733 -0.035075
v -0.028757 0.111901 -0.028757
v -0.000139 0.111963 -0.038743
v 0.012588 0.111521 -0.038846
v 0.000033 0.082733 -0.043778
v 0.012089 0.082733 -0.043801
v -0.012023 0.082733 -0.043801
v -0.012703 0.111522 -0.038847
v 0.017248 0.107339 -0.040190
v 0.020142 0.082733 -0.047687
v 0.016938 0.082733 -0.044472
v -0.017157 0.107371 -0.040168
v -0.020062 0.082732 -0.047669
v -0.016871 0.082733 -0.044472
v -0.034016 0.111736 0.023359
v -0.037951 0.111477 0.019099
v -0.046586 0.082733 0.022716
v -0.041721 0.082733 0.028131
v -0.034049 0.111669 -0.023307
v -0.038096 0.111198 -0.019021
v -0.041721 0.082733 -0.028085
v -0.046586 0.082733 -0.022669
v -0.038733 0.111962 0.000189
v -0.038836 0.111522 -0.012531
v -0.043768 0.082733 0.000023
v -0.043791 0.082733 -0.012033
v -0.043791 0.082733 0.012079
v -0.038837 0.111523 0.012759
v -0.040176 0.107323 0.017225
v -0.047654 0.082732 0.020114
v -0.044462 0.082733 0.016928
v -0.040182 0.107335 -0.017192
v -0.047678 0.082733 -0.020088
v -0.044462 0.082733 -0.016881
v 0.034094 0.111716 0.023356
v 0.041788 0.082733 0.028131
v 0.046653 0.082733 0.022716
v 0.038141 0.111286 0.019050
v 0.034097 0.111759 -0.023286
v 0.038025 0.111424 -0.019070
v 0.041788 0.082733 -0.028085
v 0.046653 0.082733 -0.022669
v 0.038798 0.111968 -0.000158
v 0.038901 0.111530 0.012588
v 0.043834 0.082733 0.000023
v 0.043858 0.082733 0.012079
v 0.043858 0.082733 -0.012033
v 0.038900 0.111536 -0.012685
v 0.040242 0.107345 0.017235
v 0.047744 0.082733 0.020133
v 0.044528 0.082733 0.016928
v 0.040218 0.107379 -0.017163
v 0.047725 0.082732 -0.020071
v 0.044528 0.082733 -0.016881
v 0.012763 0.116913 0.021156
v 0.013926 0.116844 0.034514
v 0.020360 0.116878 0.030005
v 0.020863 0.116913 0.013233
v 0.030264 0.116876 0.020253
v -0.012900 0.116912 -0.021348
v -0.013177 0.116913 0.020853
v -0.020197 0.116876 0.030254
v -0.013860 0.116844 0.034514
v -0.000164 0.116881 0.034748
v 0.000230 0.116881 -0.034701
v 0.013243 0.116913 -0.020806
v 0.013926 0.116844 -0.034468
v -0.013860 0.116844 -0.034468
v 0.020263 0.116876 -0.030208
v -0.020294 0.116878 -0.029959
v -0.020796 0.116913 -0.013187
v -0.030198 0.116876 -0.020207
v -0.021099 0.116913 0.012754
v -0.034458 0.116844 0.013916
v -0.029949 0.116878 0.020350
v -0.034458 0.116844 -0.013870
v -0.034691 0.116881 -0.000174
v 0.034758 0.116881 0.000220
v 0.034525 0.116844 0.013916
v 0.021166 0.116913 -0.012707
v 0.034525 0.116844 -0.013870
v 0.030015 0.116878 -0.020304
v 0.016748 0.116061 0.038060
v 0.012476 0.116593 0.037915
v 0.016628 0.110554 0.039128
v 0.017407 0.111186 0.039540
v 0.018169 0.116597 0.036614
v -0.016681 0.116061 0.038060
v -0.012410 0.116593 0.037915
v -0.018103 0.116597 0.036614
v -0.017303 0.111452 0.039456
v -0.016579 0.110869 0.039073
v 0.016748 0.116061 -0.038014
v 0.016646 0.110834 -0.039033
v 0.012476 0.116593 -0.037869
v 0.018169 0.116597 -0.036567
v 0.017370 0.111452 -0.039410
v -0.016681 0.116061 -0.038014
v -0.017348 0.111128 -0.039512
v -0.018103 0.116597 -0.036567
v -0.012410 0.116593 -0.037869
v -0.016560 0.110497 -0.039091
v -0.038004 0.116061 0.016738
v -0.037859 0.116593 0.012466
v -0.039080 0.110504 0.016616
v -0.039492 0.111160 0.017400
v -0.036557 0.116597 0.018159
v -0.038004 0.116061 -0.016691
v -0.037859 0.116593 -0.012420
v -0.036557 0.116597 -0.018113
v -0.039400 0.111452 -0.017313
v -0.039022 0.110834 -0.016589
v 0.038071 0.116061 0.016738
v 0.039085 0.110858 0.016636
v 0.037925 0.116593 0.012466
v 0.036624 0.116597 0.018159
v 0.039466 0.111452 0.017359
v 0.038071 0.116061 -0.016691
v 0.039140 0.110540 -0.016571
v 0.039562 0.111147 -0.017355
v 0.036624 0.116597 -0.018113
v 0.037925 0.116593 -0.012420
v 0.022313 0.116776 0.032802
v 0.027690 0.116776 0.027680
v -0.022246 0.116776 0.032802
v -0.027623 0.116776 0.027680
v 0.020796 0.082733 0.048261
v -0.020729 0.082733 0.048259
v 0.016255 0.082733 0.043918
v 0.000033 0.116770 0.037867
v -0.016189 0.082733 0.043918
v 0.000033 0.116770 -0.037821
v 0.022313 0.116776 -0.032755
v 0.027690 0.116776 -0.027633
v -0.022246 0.116776 -0.032755
v -0.027623 0.116776 -0.027633
v 0.020795 0.082733 -0.048213
v -0.020729 0.082733 -0.048214
v -0.016189 0.082733 -0.043871
v 0.016255 0.082733 -0.043871
v -0.032745 0.116776 0.022302
v -0.032745 0.116776 -0.022256
v -0.048204 0.082733 0.020786
v -0.048203 0.082733 -0.020739
v -0.043861 0.082733 0.016245
v -0.037811 0.116770 0.000023
v -0.043861 0.082733 -0.016199
v 0.037877 0.116770 0.000023
v 0.032812 0.116776 0.022302
v 0.032812 0.116776 -0.022256
v 0.048270 0.082733 0.020785
v 0.048271 0.082733 -0.020739
v 0.043928 0.082733 -0.016199
v 0.043928 0.082733 0.016245
v 0.098710 0.103111 -0.098660
v 0.106050 0.103074 -0.091321
v 0.091392 0.103074 -0.105979
v 0.044098 0.068155 -0.044036
v 0.051744 0.068122 -0.036389
v 0.045611 0.064598 -0.069831
v 0.059996 0.068967 -0.082756
v 0.059090 0.056639 -0.083662
v 0.044241 0.055542 -0.071202
v 0.031227 0.060229 -0.056907
v 0.029392 0.054445 -0.058742
v 0.033108 0.066011 -0.055025
v 0.047028 0.073654 -0.068414
v 0.060948 0.081296 -0.081804
v 0.095737 0.073337 -0.074324
v 0.096178 0.057736 -0.073883
v 0.108638 0.058833 -0.088732
v 0.108661 0.077706 -0.088709
v 0.095249 0.088938 -0.074812
v 0.108638 0.096579 -0.088732
v 0.081860 0.081296 -0.060892
v 0.082812 0.068967 -0.059940
v 0.083718 0.056639 -0.059034
v 0.044077 0.068155 0.044102
v 0.091376 0.103074 0.106040
v 0.098713 0.103111 0.098703
v 0.106035 0.103074 0.091382
v 0.036445 0.068122 0.051734
v 0.069888 0.064598 0.045601
v 0.082812 0.068967 0.059986
v 0.083718 0.056639 0.059080
v 0.071258 0.055542 0.044231
v 0.056963 0.060229 0.031217
v 0.058798 0.054445 0.029382
v 0.055082 0.066011 0.033098
v 0.068471 0.073654 0.047018
v 0.081860 0.081296 0.060938
v 0.074381 0.073337 0.095727
v 0.073939 0.057736 0.096168
v 0.088788 0.058833 0.108628
v 0.088765 0.077706 0.108651
v 0.074868 0.088938 0.095239
v 0.088788 0.096579 0.108628
v 0.060948 0.081296 0.081850
v 0.059996 0.068967 0.082802
v 0.059090 0.056639 0.083708
v -0.098645 0.103111 0.098705
v -0.105984 0.103074 0.091367
v -0.091327 0.103074 0.106024
v -0.044025 0.068155 0.044088
v -0.051678 0.068122 0.036435
v -0.045545 0.064598 0.069877
v -0.059930 0.068967 0.082802
v -0.059024 0.056639 0.083708
v -0.044174 0.055542 0.071248
v -0.031160 0.060229 0.056953
v -0.029325 0.054445 0.058788
v -0.033042 0.066011 0.055072
v -0.046962 0.073654 0.068461
v -0.060882 0.081296 0.081850
v -0.095670 0.073337 0.074371
v -0.096112 0.057736 0.073929
v -0.108572 0.058833 0.088778
v -0.108595 0.077706 0.088755
v -0.095183 0.088938 0.074858
v -0.108572 0.096579 0.088778
v -0.081794 0.081296 0.060938
v -0.082746 0.068967 0.059986
v -0.083652 0.056639 0.059080
v -0.098647 0.103111 -0.098657
v -0.091311 0.103074 -0.105993
v -0.105967 0.103074 -0.091338
v -0.044029 0.068154 -0.044038
v -0.036378 0.068122 -0.051689
v -0.069821 0.064598 -0.045555
v -0.082746 0.068967 -0.059940
v -0.083652 0.056639 -0.059034
v -0.071192 0.055542 -0.044184
v -0.056896 0.060229 -0.031170
v -0.058732 0.054445 -0.029335
v -0.055015 0.066011 -0.033052
v -0.068404 0.073654 -0.046972
v -0.081793 0.081296 -0.060892
v -0.074314 0.073337 -0.095680
v -0.073873 0.057736 -0.096122
v -0.088722 0.058833 -0.108582
v -0.088699 0.077706 -0.108605
v -0.074802 0.088938 -0.095193
v -0.088722 0.096579 -0.108582
v -0.060882 0.081296 -0.081804
v -0.059930 0.068967 -0.082756
v -0.059024 0.056639 -0.083662
v -0.043917 0.052301 0.044196
v -0.055983 0.052339 0.032130
v -0.032283 0.052337 0.055830
v -0.098654 0.052305 0.098696
v 0.098706 0.052305 0.098710
v 0.105974 0.052335 0.091442
v 0.091490 0.052337 0.105926
v 0.032141 0.052339 0.056039
v 0.055840 0.052337 0.032339
v 0.043984 0.052301 -0.044150
v 0.056050 0.052339 -0.032083
v 0.032349 0.052337 -0.055785
v 0.098721 0.052305 -0.098649
v -0.044140 0.052301 -0.043927
v -0.032074 0.052339 -0.055993
v -0.055774 0.052337 -0.032293
v -0.098640 0.052305 -0.098664
v 0.075099 0.094232 -0.094962
v 0.061341 0.085496 -0.081411
v 0.088857 0.102967 -0.108513
v 0.088788 0.096579 -0.108582
v 0.074868 0.088938 -0.095193
v 0.067917 0.076761 -0.047526
v 0.081467 0.085496 -0.061284
v 0.054366 0.068025 -0.033768
v 0.055082 0.066011 -0.033052
v 0.068471 0.073654 -0.046972
v 0.073847 0.052442 -0.096214
v 0.058836 0.052438 -0.083916
v 0.073939 0.057736 -0.096122
v 0.088857 0.052446 -0.108513
v 0.088788 0.058833 -0.108582
v 0.091453 0.052335 -0.105917
v 0.071674 0.052435 -0.043768
v 0.083973 0.052438 -0.058779
v 0.071258 0.055542 -0.044184
v 0.059376 0.052431 -0.028757
v 0.058798 0.054445 -0.029335
v 0.095018 0.094232 0.075089
v 0.081467 0.085496 0.061331
v 0.108569 0.102967 0.088847
v 0.108638 0.096579 0.088778
v 0.095249 0.088938 0.074858
v 0.047582 0.076761 0.067906
v 0.061341 0.085496 0.081457
v 0.033824 0.068025 0.054356
v 0.033108 0.066011 0.055072
v 0.047028 0.073654 0.068461
v 0.096271 0.052442 0.073836
v 0.083973 0.052438 0.058826
v 0.096178 0.057736 0.073929
v 0.108569 0.052446 0.088847
v 0.108638 0.058833 0.088778
v 0.043825 0.052435 0.071664
v 0.058836 0.052438 0.083962
v 0.044241 0.055542 0.071248
v 0.028814 0.052431 0.059366
v 0.029392 0.054445 0.058788
v -0.075033 0.094232 0.095008
v -0.061274 0.085496 0.081457
v -0.088791 0.102967 0.108559
v -0.088722 0.096579 0.108628
v -0.074802 0.088938 0.095239
v -0.067850 0.076761 0.047572
v -0.081401 0.085496 0.061331
v -0.054299 0.068025 0.033814
v -0.055015 0.066011 0.033098
v -0.068404 0.073654 0.047018
v -0.073780 0.052442 0.096261
v -0.058769 0.052438 0.083962
v -0.073873 0.057736 0.096168
v -0.088791 0.052446 0.108559
v -0.088722 0.058833 0.108628
v -0.091386 0.052335 0.105963
v -0.071608 0.052435 0.043815
v -0.083906 0.052438 0.058825
v -0.071192 0.055542 0.044231
v -0.059309 0.052431 0.028804
v -0.058732 0.054445 0.029382
v -0.094952 0.094232 -0.075043
v -0.081401 0.085496 -0.061284
v -0.108503 0.102967 -0.088801
v -0.108572 0.096579 -0.088732
v -0.095183 0.088938 -0.074812
v -0.047516 0.076761 -0.067860
v -0.061274 0.085496 -0.081411
v -0.033758 0.068025 -0.054309
v -0.033042 0.066011 -0.055025
v -0.046962 0.073654 -0.068414
v -0.096204 0.052442 -0.073790
v -0.083906 0.052438 -0.058779
v -0.096112 0.057736 -0.073883
v -0.108503 0.052446 -0.088801
v -0.108572 0.058833 -0.088732
v -0.105907 0.052335 -0.091397
v -0.043758 0.052435 -0.071618
v -0.058769 0.052438 -0.083916
v -0.044174 0.055542 -0.071202
v -0.028747 0.052431 -0.059320
v -0.029325 0.054445 -0.058742
v 0.036451 0.068122 -0.051682
v 0.074381 0.073337 -0.095680
v 0.088765 0.077706 -0.108605
v 0.069888 0.064598 -0.045555
v 0.056963 0.060229 -0.031170
v 0.051738 0.068122 0.036441
v 0.095737 0.073337 0.074371
v 0.108661 0.077706 0.088755
v 0.045611 0.064598 0.069877
v 0.031227 0.060229 0.056953
v -0.036385 0.068122 0.051728
v -0.074314 0.073337 0.095727
v -0.088699 0.077706 0.108651
v -0.069821 0.064598 0.045601
v -0.056896 0.060229 0.031217
v -0.051672 0.068122 -0.036394
v -0.095670 0.073337 -0.074324
v -0.108595 0.077706 -0.088709
v -0.045545 0.064598 -0.069831
v -0.031160 0.060229 -0.056907
v -0.105869 0.052337 0.091481
v 0.044206 0.052301 0.043974
v 0.105936 0.052337 -0.091434
v -0.091424 0.052337 -0.105880
v 0.047582 0.076761 -0.067860
v 0.033824 0.068025 -0.054309
v 0.095018 0.094232 -0.075043
v 0.108569 0.102967 -0.088801
v 0.043825 0.052435 -0.071618
v 0.028814 0.052431 -0.059320
v 0.096271 0.052442 -0.073790
v 0.108569 0.052446 -0.088801
v 0.067917 0.076761 0.047572
v 0.054366 0.068025 0.033814
v 0.075099 0.094232 0.095008
v 0.088857 0.102967 0.108559
v 0.071674 0.052435 0.043815
v 0.059376 0.052431 0.028804
v 0.073846 0.052442 0.096261
v 0.088857 0.052446 0.108559
v -0.047516 0.076761 0.067906
v -0.033758 0.068025 0.054356
v -0.094952 0.094232 0.075089
v -0.108503 0.102967 0.088847
v -0.043758 0.052435 0.071664
v -0.028747 0.052431 0.059366
v -0.096204 0.052442 0.073836
v -0.108503 0.052446 0.088847
v -0.067850 0.076761 -0.047526
v -0.054299 0.068025 -0.033768
v -0.075033 0.094232 -0.094962
v -0.088791 0.102967 -0.108513
v -0.071608 0.052435 -0.043768
v -0.059309 0.052431 -0.028757
v -0.073780 0.052442 -0.096214
v -0.088791 0.052446 -0.108513
v 0.012926 0.081323 0.061669
v -0.012859 0.081323 0.061669
v 0.012926 0.081323 -0.061623
v -0.012859 0.081323 -0.061623
v -0.061613 0.081323 0.012916
v 0.061679 0.081323 0.012916
v -0.061613 0.081323 -0.012869
v 0.061679 0.081323 -0.012869
v 0.055201 0.081263 0.000010
v 0.056225 0.081251 -0.004766
v 0.058860 0.081256 -0.008860
v 0.058775 0.081257 0.008795
v 0.056225 0.081251 0.004813
v 0.062830 0.081250 0.011247
v 0.067502 0.081263 0.012114
v 0.078832 0.081260 0.004861
v 0.079756 0.081261 0.000045
v 0.076154 0.081254 0.008933
v 0.078792 0.081261 -0.004883
v 0.076251 0.081254 -0.008764
v 0.072236 0.081250 -0.011217
v 0.067572 0.081263 -0.012069
v 0.072264 0.081247 0.011216
v 0.062799 0.081248 -0.011157
v 0.056773 0.080664 -0.004439
v 0.055908 0.078349 0.000023
v 0.056828 0.078346 -0.004416
v 0.059275 0.080664 -0.008249
v 0.059317 0.078346 -0.008205
v 0.055849 0.080662 0.000023
v 0.056827 0.078348 0.004461
v 0.059275 0.080664 0.008296
v 0.059317 0.078346 0.008251
v 0.056774 0.080662 0.004487
v 0.063084 0.080658 0.010797
v 0.067544 0.078346 0.011659
v 0.063105 0.078346 0.010740
v 0.067543 0.080662 0.011721
v 0.071983 0.078346 0.010740
v 0.075813 0.080663 0.008297
v 0.075772 0.078346 0.008251
v 0.072004 0.080662 0.010797
v 0.078316 0.080666 0.004487
v 0.079181 0.078349 0.000023
v 0.078261 0.078346 0.004462
v 0.079240 0.080662 0.000023
v 0.078262 0.078348 -0.004415
v 0.075773 0.078348 -0.008204
v 0.078315 0.080662 -0.004440
v 0.075812 0.080662 -0.008250
v 0.071983 0.078346 -0.010693
v 0.067544 0.080662 -0.011674
v 0.067544 0.078346 -0.011613
v 0.072004 0.080662 -0.010751
v 0.063105 0.078345 -0.010693
v 0.063083 0.080662 -0.010750
v 0.060299 0.077756 -0.007222
v 0.057871 0.077756 -0.003983
v 0.061698 0.077718 0.004914
v 0.057298 0.077756 0.000023
v 0.072486 0.077719 0.005951
v 0.057871 0.077756 0.004030
v 0.060299 0.077756 0.007268
v 0.063538 0.077756 0.009696
v 0.067544 0.077756 0.010269
v 0.071551 0.077756 0.009696
v 0.074789 0.077756 0.007268
v 0.077218 0.077756 0.004030
v 0.073392 0.077718 -0.004866
v 0.077791 0.077756 0.000023
v 0.077218 0.077756 -0.003983
v 0.074789 0.077756 -0.007222
v 0.071551 0.077756 -0.009650
v 0.062654 0.077718 -0.005824
v 0.067544 0.077756 -0.010223
v 0.063538 0.077756 -0.009650
v 0.056695 0.081143 -0.004479
v 0.055761 0.081143 0.000023
v 0.059219 0.081143 -0.008320
v 0.056695 0.081143 0.004526
v 0.059219 0.081143 0.008367
v 0.063051 0.081143 0.010885
v 0.067539 0.081143 0.011813
v 0.078392 0.081143 0.004527
v 0.079327 0.081143 0.000023
v 0.075866 0.081143 0.008369
v 0.078392 0.081143 -0.004480
v 0.075866 0.081143 -0.008322
v 0.072029 0.081143 -0.010839
v 0.067539 0.081143 -0.011767
v 0.072029 0.081143 0.010886
v 0.063051 0.081143 -0.010838
v 0.056911 0.077864 -0.004381
v 0.055999 0.077864 0.000023
v 0.059381 0.077864 -0.008141
v 0.056911 0.077864 0.004428
v 0.059381 0.077864 0.008187
v 0.063140 0.077864 0.010657
v 0.067544 0.077864 0.011569
v 0.071949 0.077864 0.010657
v 0.075708 0.077864 0.008187
v 0.078178 0.077864 0.004428
v 0.079090 0.077864 0.000023
v 0.078178 0.077864 -0.004381
v 0.075708 0.077864 -0.008141
v 0.071949 0.077864 -0.010610
v 0.067544 0.077864 -0.011522
v 0.063140 0.077864 -0.010610
v 0.000020 0.081263 -0.055145
v -0.004756 0.081251 -0.056168
v -0.008849 0.081256 -0.058804
v 0.008806 0.081257 -0.058719
v 0.004823 0.081251 -0.056168
v 0.011257 0.081250 -0.062774
v 0.012124 0.081263 -0.067445
v 0.004871 0.081260 -0.078775
v 0.000055 0.081261 -0.079701
v 0.008944 0.081254 -0.076098
v -0.004873 0.081261 -0.078736
v -0.008753 0.081254 -0.076195
v -0.011207 0.081250 -0.072180
v -0.012059 0.081263 -0.067516
v 0.011226 0.081247 -0.072207
v -0.011147 0.081248 -0.062743
v -0.004406 0.078345 -0.056772
v 0.000033 0.078347 -0.055852
v -0.008239 0.080662 -0.059220
v -0.008195 0.078346 -0.059260
v -0.004430 0.080661 -0.056717
v 0.000033 0.080661 -0.055792
v 0.004497 0.080662 -0.056717
v 0.008261 0.078347 -0.059260
v 0.004472 0.078346 -0.056771
v 0.008306 0.080661 -0.059220
v 0.010807 0.080658 -0.063028
v 0.011669 0.078347 -0.067488
v 0.010750 0.078346 -0.063049
v 0.011731 0.080661 -0.067487
v 0.010750 0.078347 -0.071928
v 0.008307 0.080662 -0.075756
v 0.008261 0.078346 -0.075716
v 0.010807 0.080661 -0.071947
v 0.004471 0.078352 -0.078206
v 0.000033 0.080660 -0.079183
v 0.000033 0.078346 -0.079124
v 0.004497 0.080661 -0.078258
v -0.004406 0.078350 -0.078206
v -0.008240 0.080663 -0.075756
v -0.008195 0.078346 -0.075716
v -0.004430 0.080661 -0.078258
v -0.010683 0.078346 -0.071927
v -0.011664 0.080662 -0.067488
v -0.011603 0.078346 -0.067488
v -0.010741 0.080661 -0.071947
v -0.010683 0.078345 -0.063049
v -0.010740 0.080661 -0.063027
v -0.007212 0.077756 -0.060243
v -0.003973 0.077756 -0.057815
v 0.004923 0.077718 -0.061640
v 0.000033 0.077756 -0.057242
v -0.006895 0.077721 -0.070406
v 0.004040 0.077756 -0.057815
v 0.007278 0.077756 -0.060243
v 0.009706 0.077756 -0.063481
v 0.009431 0.077737 -0.071484
v 0.010280 0.077756 -0.067488
v 0.000710 0.077718 -0.075081
v 0.007278 0.077756 -0.074733
v 0.004040 0.077756 -0.077161
v 0.000033 0.077756 -0.077734
v -0.003973 0.077756 -0.077161
v -0.007212 0.077756 -0.074733
v -0.009640 0.077756 -0.071495
v -0.005813 0.077718 -0.062597
v -0.010213 0.077756 -0.067488
v -0.009640 0.077756 -0.063481
v -0.004469 0.081143 -0.056639
v 0.000033 0.081143 -0.055704
v -0.008310 0.081143 -0.059163
v 0.004536 0.081143 -0.056639
v 0.008377 0.081143 -0.059163
v 0.010895 0.081143 -0.062995
v 0.011823 0.081143 -0.067483
v 0.004537 0.081143 -0.078335
v 0.000033 0.081143 -0.079271
v 0.008379 0.081143 -0.075809
v -0.004470 0.081143 -0.078335
v -0.008312 0.081143 -0.075809
v -0.010829 0.081143 -0.071973
v -0.011757 0.081143 -0.067483
v 0.010896 0.081143 -0.071973
v -0.010828 0.081143 -0.062995
v -0.004371 0.077864 -0.056855
v 0.000033 0.077864 -0.055943
v -0.008130 0.077864 -0.059324
v 0.004438 0.077864 -0.056855
v 0.008197 0.077864 -0.059324
v 0.010667 0.077864 -0.063084
v 0.011579 0.077864 -0.067488
v 0.010667 0.077864 -0.071893
v 0.008197 0.077864 -0.075652
v 0.004438 0.077864 -0.078121
v 0.000033 0.077864 -0.079034
v -0.004371 0.077864 -0.078121
v -0.008130 0.077864 -0.075652
v -0.010600 0.077864 -0.071893
v -0.011512 0.077864 -0.067488
v -0.010600 0.077864 -0.063084
v -0.055135 0.081263 0.000036
v -0.056158 0.081251 0.004812
v -0.058794 0.081256 0.008906
v -0.058709 0.081257 -0.008749
v -0.056158 0.081251 -0.004766
v -0.062764 0.081250 -0.011201
v -0.067434 0.081263 -0.012067
v -0.078765 0.081260 -0.004814
v -0.079690 0.081261 0.000001
v -0.076087 0.081254 -0.008888
v -0.078726 0.081261 0.004930
v -0.076185 0.081254 0.008809
v -0.072170 0.081250 0.011263
v -0.067504 0.081263 0.012115
v -0.072198 0.081247 -0.011169
v -0.062734 0.081248 0.011203
v -0.056760 0.078349 0.004461
v -0.055782 0.080659 0.000023
v -0.055842 0.078346 0.000023
v -0.059209 0.080662 0.008295
v -0.059250 0.078346 0.008251
v -0.056707 0.080661 0.004486
v -0.056761 0.078350 -0.004417
v -0.059210 0.080661 -0.008250
v -0.059250 0.078346 -0.008205
v -0.056707 0.080661 -0.004441
v -0.063039 0.078346 -0.010694
v -0.067477 0.080660 -0.011674
v -0.067478 0.078346 -0.011613
v -0.063017 0.080661 -0.010751
v -0.071917 0.078347 -0.010694
v -0.075707 0.078347 -0.008205
v -0.071937 0.080661 -0.010751
v -0.075745 0.080661 -0.008250
v -0.078195 0.078348 -0.004416
v -0.079173 0.080660 0.000022
v -0.079114 0.078346 0.000023
v -0.078248 0.080661 -0.004441
v -0.078195 0.078346 0.004461
v -0.075706 0.078345 0.008251
v -0.078248 0.080661 0.004487
v -0.075745 0.080661 0.008296
v -0.071917 0.078342 0.010739
v -0.067478 0.080661 0.011720
v -0.067478 0.078346 0.011659
v -0.071937 0.080661 0.010797
v -0.063039 0.078344 0.010740
v -0.063017 0.080661 0.010797
v -0.060233 0.077756 0.007268
v -0.057805 0.077756 0.004030
v -0.061631 0.077718 -0.004867
v -0.057232 0.077756 0.000023
v -0.072420 0.077719 -0.005904
v -0.057805 0.077756 -0.003984
v -0.060233 0.077756 -0.007222
v -0.063471 0.077756 -0.009650
v -0.067478 0.077756 -0.010223
v -0.071485 0.077756 -0.009650
v -0.074723 0.077756 -0.007222
v -0.077151 0.077756 -0.003984
v -0.073325 0.077718 0.004914
v -0.077724 0.077756 0.000023
v -0.077151 0.077756 0.004030
v -0.074723 0.077756 0.007268
v -0.071485 0.077756 0.009696
v -0.062587 0.077718 0.005870
v -0.067478 0.077756 0.010269
v -0.063471 0.077756 0.009696
v -0.056629 0.081143 0.004525
v -0.055694 0.081143 0.000023
v -0.059153 0.081143 0.008366
v -0.056629 0.081143 -0.004479
v -0.059153 0.081143 -0.008320
v -0.062985 0.081143 -0.010838
v -0.067473 0.081143 -0.011767
v -0.078325 0.081143 -0.004481
v -0.079261 0.081143 0.000023
v -0.075799 0.081143 -0.008322
v -0.078325 0.081143 0.004527
v -0.075799 0.081143 0.008368
v -0.071963 0.081143 0.010886
v -0.067473 0.081143 0.011813
v -0.071963 0.081143 -0.010840
v -0.062985 0.081143 0.010884
v -0.056845 0.077864 0.004427
v -0.055932 0.077864 0.000023
v -0.059314 0.077864 0.008187
v -0.056845 0.077864 -0.004382
v -0.059314 0.077864 -0.008141
v -0.063073 0.077864 -0.010610
v -0.067478 0.077864 -0.011523
v -0.071882 0.077864 -0.010610
v -0.075642 0.077864 -0.008141
v -0.078111 0.077864 -0.004382
v -0.079023 0.077864 0.000023
v -0.078111 0.077864 0.004427
v -0.075642 0.077864 0.008187
v -0.071882 0.077864 0.010656
v -0.067478 0.077864 0.011568
v -0.063074 0.077864 0.010656
v 0.000046 0.081263 0.055191
v 0.004822 0.081251 0.056214
v 0.008915 0.081256 0.058850
v -0.008739 0.081257 0.058765
v -0.004756 0.081251 0.056214
v -0.011191 0.081250 0.062820
v -0.012057 0.081263 0.067491
v -0.004804 0.081260 0.078821
v 0.000011 0.081261 0.079746
v -0.008877 0.081254 0.076143
v 0.004939 0.081261 0.078782
v 0.008820 0.081254 0.076241
v 0.011273 0.081250 0.072226
v 0.012125 0.081263 0.067561
v -0.011159 0.081247 0.072254
v 0.011213 0.081248 0.062790
v 0.004471 0.078350 0.056817
v 0.000033 0.080662 0.055839
v 0.000033 0.078346 0.055898
v 0.008260 0.078346 0.059306
v 0.008306 0.080661 0.059266
v 0.004497 0.080661 0.056764
v -0.004405 0.078348 0.056817
v -0.008194 0.078345 0.059306
v -0.004430 0.080661 0.056764
v -0.008240 0.080661 0.059266
v -0.010683 0.078341 0.063095
v -0.011664 0.080661 0.067532
v -0.011603 0.078346 0.067534
v -0.010741 0.080661 0.063073
v -0.010684 0.078344 0.071973
v -0.008194 0.078349 0.075763
v -0.010741 0.080661 0.071993
v -0.008240 0.080661 0.075802
v -0.004406 0.078348 0.078251
v 0.000033 0.080662 0.079230
v 0.000033 0.078346 0.079170
v -0.004431 0.080661 0.078305
v 0.004472 0.078349 0.078252
v 0.008260 0.078347 0.075763
v 0.004497 0.080661 0.078305
v 0.008306 0.080661 0.075802
v 0.010750 0.078347 0.071973
v 0.011730 0.080660 0.067533
v 0.011669 0.078346 0.067534
v 0.010807 0.080661 0.071993
v 0.010750 0.078345 0.063095
v 0.010807 0.080661 0.063073
v 0.002951 0.077721 0.060606
v 0.007278 0.077756 0.060289
v 0.004040 0.077756 0.057861
v -0.004858 0.077718 0.061688
v 0.000033 0.077756 0.057288
v -0.003974 0.077756 0.057861
v -0.007212 0.077756 0.060289
v -0.009640 0.077756 0.063528
v -0.005814 0.077718 0.072425
v -0.010213 0.077756 0.067534
v -0.009640 0.077756 0.071541
v -0.007212 0.077756 0.074779
v -0.003974 0.077756 0.077207
v 0.004030 0.077737 0.076932
v 0.000033 0.077756 0.077780
v 0.007626 0.077718 0.068211
v 0.007278 0.077756 0.074779
v 0.009706 0.077756 0.071541
v 0.010279 0.077756 0.067534
v 0.009706 0.077756 0.063528
v 0.004535 0.081143 0.056685
v 0.000033 0.081143 0.055751
v 0.008376 0.081143 0.059209
v -0.004469 0.081143 0.056685
v -0.008310 0.081143 0.059209
v -0.010828 0.081143 0.063041
v -0.011757 0.081143 0.067529
v -0.004471 0.081143 0.078382
v 0.000033 0.081143 0.079317
v -0.008312 0.081143 0.075856
v 0.004537 0.081143 0.078382
v 0.008378 0.081143 0.075856
v 0.010896 0.081143 0.072019
v 0.011823 0.081143 0.067529
v -0.010830 0.081143 0.072019
v 0.010894 0.081143 0.063041
v 0.004438 0.077864 0.056901
v 0.000033 0.077864 0.055989
v 0.008197 0.077864 0.059370
v -0.004371 0.077864 0.056901
v -0.008131 0.077864 0.059370
v -0.010600 0.077864 0.063130
v -0.011512 0.077864 0.067534
v -0.010600 0.077864 0.071939
v -0.008131 0.077864 0.075698
v -0.004371 0.077864 0.078168
v 0.000033 0.077864 0.079080
v 0.004438 0.077864 0.078168
v 0.008197 0.077864 0.075698
v 0.010666 0.077864 0.071939
v 0.011579 0.077864 0.067534
v 0.010666 0.077864 0.063130
g rim_front_rim_front_rim_base
usemtl rim_base
s 1
f 2266 2267 2268
f 2270 2272 2267
f 2270 2273 2274
f 2275 2276 2277
f 2277 2278 2275
f 2388 2281 2280
f 2289 2290 2401
f 2294 2295 2296
f 2299 2300 2298
f 2308 2310 2309
f 2309 2311 2308
f 2345 2313 2312
f 2354 2355 2356
f 2354 2321 2320
f 2364 2365 2330
f 2330 2328 2364
f 2334 2361 2366
f 2361 2334 2333
f 2342 2371 2372
f 2371 2342 2343
f 2405 2375 2374
f 2385 2384 2382
f 2393 2394 2395
f 2288 2396 2397
f 2405 2403 2782
f 2404 2403 2377
f 2410 2261 2412
f 2414 2273 2269
f 2415 2416 2417
f 2415 2417 2274
f 2418 2278 2420
f 2424 2377 2425
f 2266 2269 2273
f 2429 2430 2271
f 2271 2430 2272
f 2271 2274 2417
f 2431 2302 2415
f 2415 2433 2416
f 2278 2419 2434
f 2260 2412 2261
f 2412 2260 2407
f 2396 2288 2287
f 2445 2324 2447
f 2451 2369 2317
f 2451 2317 2441
f 2358 2447 2324
f 2425 2377 2454
f 2454 2357 2356
f 2456 2399 2292
f 2292 2422 2456
f 2374 2377 2403
f 2403 2405 2374
f 2462 2458 2463
f 2466 2467 2468
f 2477 2478 2476
f 2476 2478 2479
f 2483 2484 2485
f 2485 2478 2483
f 2499 2500 2498
f 2498 2503 2499
f 2509 2510 2508
f 2514 2547 2515
f 2514 2513 2548
f 2549 2527 2526
f 2526 2550 2549
f 2559 2557 2556
f 2533 2561 2532
f 2533 2535 2562
f 2563 2564 2530
f 2563 2529 2565
f 2566 2529 2531
f 2570 2571 2569
f 2544 2546 2574
f 2575 2405 2576
f 2576 2577 2575
f 2587 2588 2585
f 2585 2588 2586
f 2594 2595 2596
f 2596 2597 2594
f 2491 2490 2599
f 2600 2601 2602
f 2600 2405 2968
f 2576 2602 2577
f 2607 2465 2608
f 2501 2615 2612
f 2616 2474 2617
f 2621 2491 2598
f 2621 2593 2489
f 2613 2627 2614
f 2630 2612 2614
f 2631 2473 2632
f 2610 2510 2509
f 2610 2459 2465
f 2478 2485 2588
f 2591 2590 2486
f 2486 2487 2591
f 2492 2596 2595
f 2500 2499 2635
f 2642 2550 2641
f 2647 2577 2602
f 2620 2595 2649
f 2405 2600 2576
f 2652 2263 2268
f 2654 2272 2655
f 2663 2664 2662
f 2662 2664 2665
f 2679 2680 2681
f 2684 2685 2683
f 2683 2688 2684
f 2694 2695 2693
f 2732 2711 2710
f 2710 2733 2732
f 2717 2718 2746
f 2715 2716 2750
f 2719 2746 2718
f 2719 2720 2752
f 2768 2769 2766
f 2766 2769 2767
f 2771 2671 2772
f 2774 2674 2775
f 2779 2675 2781
f 2782 2783 2784
f 2759 2784 2760
f 2789 2653 2790
f 2686 2797 2794
f 2798 2660 2799
f 2795 2807 2796
f 2809 2794 2796
f 2810 2659 2811
f 2792 2695 2694
f 2792 2650 2653
f 2664 2770 2769
f 2770 2664 2669
f 2674 2774 2673
f 2776 2677 2676
f 2685 2684 2814
f 2827 2760 2784
f 2829 2781 2675
f 2802 2677 2829
f 2405 2782 2759
f 2836 2464 2463
f 2838 2467 2464
f 2838 2840 2841
f 2842 2276 2843
f 2843 2844 2842
f 2847 2848 2846
f 2863 2864 2865
f 2868 2869 2867
f 2877 2879 2878
f 2878 2880 2877
f 2893 2892 2894
f 2897 2899 2900
f 2898 2903 2901
f 2927 2928 2929
f 2927 2890 2889
f 2930 2894 2892
f 2904 2931 2932
f 2931 2904 2902
f 2898 2900 2935
f 2934 2900 2899
f 2939 2940 2938
f 2916 2941 2943
f 2941 2916 2914
f 2405 2945 2944
f 2953 2952 2950
f 2957 2958 2956
f 2969 2968 2947
f 2974 2833 2976
f 2978 2840 2837
f 2979 2980 2981
f 2979 2981 2841
f 2982 2844 2984
f 2989 2947 2990
f 2836 2837 2840
f 2993 2628 2839
f 2839 2628 2467
f 2839 2841 2981
f 2994 2871 2979
f 2979 2996 2980
f 2844 2983 2997
f 2832 2976 2833
f 2976 2832 2971
f 2958 2957 2853
f 2958 2847 2955
f 2959 2960 2854
f 2856 2960 2961
f 2860 2861 2964
f 2966 2859 2858
f 3003 2937 3010
f 2937 3003 2907
f 2990 2947 3014
f 3014 2930 2929
f 2964 2986 3016
f 2944 2947 2968
f 2968 2405 2944
f 3024 3025 3026
f 3028 3030 3025
f 3028 3031 3032
f 3033 3034 2276
f 3140 3036 3035
f 3051 3052 3053
f 3056 3057 3055
f 3065 3067 3066
f 3066 3068 3065
f 3069 3099 3100
f 3099 3069 3071
f 3102 3082 3101
f 3108 3109 3110
f 3108 3078 3077
f 3111 3081 3080
f 3089 3113 3114
f 3113 3089 3088
f 3084 3116 3117
f 3116 3084 3086
f 3123 3124 3122
f 3097 2757 3125
f 2757 3097 2728
f 3153 2405 3127
f 3137 3136 3134
f 3141 3140 3139
f 3142 3143 3043
f 3147 3050 3148
f 3048 3149 3150
f 3153 3151 3506
f 3152 3151 3129
f 3158 3019 3160
f 3162 3031 3027
f 3163 3164 3165
f 3163 3165 3032
f 3166 3034 3168
f 3170 3048 3171
f 3173 3129 3174
f 3024 3027 3031
f 3178 3179 3029
f 3029 3179 3030
f 3029 3032 3165
f 3180 3059 3163
f 3163 3182 3164
f 3034 3167 3183
f 3018 3160 3019
f 3160 3018 3155
f 3043 3042 3142
f 3145 3046 3045
f 3047 3172 3149
f 3191 3126 3194
f 3126 3191 3098
f 3188 3121 3195
f 3121 3188 3092
f 3174 3129 3199
f 3199 3112 3110
f 3150 3171 3048
f 3201 3149 3172
f 3127 3129 3151
f 3151 3153 3127
f 3206 3202 3207
f 3210 3211 3212
f 3219 3220 3218
f 3218 3220 3221
f 3238 3241 3240
f 3240 3242 3238
f 3249 3250 3248
f 3263 2446 2448
f 3282 3253 3284
f 3285 3265 3264
f 3264 3286 3285
f 3295 3293 3292
f 3271 3272 3298
f 3299 3267 3301
f 3302 3267 3269
f 3269 3270 3302
f 3306 3307 3305
f 3320 3321 3318
f 3318 3321 3319
f 3326 3230 3327
f 3331 3231 3332
f 3333 3334 3335
f 3309 3335 3310
f 3340 3209 3341
f 3240 3348 3345
f 3349 3216 3350
f 3346 3359 3347
f 3362 3345 3347
f 3363 2279 2435
f 3343 3250 3249
f 3343 3203 3209
f 3229 3325 3228
f 3238 3239 3366
f 3371 3281 3280
f 3371 3265 3374
f 3378 3310 3335
f 3353 3332 3231
f 3381 3327 3230
f 3381 3232 3331
f 3384 3021 3026
f 3386 3030 3387
f 3394 3395 3393
f 3393 3395 3396
f 3414 3415 3413
f 3413 3418 3414
f 3424 3425 3423
f 3427 3458 3429
f 3427 3428 3459
f 3449 3472 3446
f 3449 3448 3473
f 3442 3443 3476
f 3478 3473 3448
f 3478 3451 3479
f 3481 3482 3480
f 3456 3457 3484
f 3493 3494 3491
f 3491 3494 3492
f 3497 3496 3402
f 3499 3498 3403
f 3499 3405 3500
f 3501 3502 3503
f 3503 2965 3501
f 3506 3507 3508
f 3153 3508 3485
f 3513 3385 3514
f 3416 3521 3518
f 3522 3391 3523
f 3527 3407 3505
f 3519 3531 3520
f 3533 3518 3520
f 3534 2845 2998
f 3516 3425 3424
f 3516 3382 3385
f 3535 3494 3493
f 3401 3402 3496
f 3405 3499 3404
f 3408 3503 3502
f 3415 3414 3537
f 3544 3460 3543
f 3542 3484 3457
f 3542 3461 3545
f 3546 3479 3451
f 3550 3485 3508
f 3526 3504 3406
f 3526 3502 3552
f 3559 3208 3207
f 3561 3211 3208
f 3561 3563 3564
f 2472 2276 3565
f 3565 3566 2472
f 3568 3569 3567
f 3568 3576 3574
f 3585 3586 3587
f 3590 3591 3589
f 3589 3594 3590
f 3600 3602 3601
f 3601 3603 3600
f 3618 3637 3617
f 3604 3635 3636
f 3635 3604 3606
f 3644 3645 3646
f 3644 3613 3612
f 3625 3649 3651
f 3649 3625 3624
f 3654 3655 3622
f 3622 3620 3654
f 3659 3660 3658
f 3661 3633 3632
f 3670 3669 3667
f 3678 3584 3679
f 3309 3682 3333
f 3683 3682 3664
f 3688 3556 3690
f 3692 3563 3560
f 3693 3694 3695
f 3693 3695 3564
f 3696 3566 3698
f 3677 3701 3580
f 3702 3664 3703
f 3559 3560 3563
f 3706 3360 3562
f 3562 3360 3211
f 3562 3564 3695
f 3693 3709 3694
f 3566 3697 3710
f 3555 3690 3556
f 3690 3555 3685
f 3576 3673 3575
f 3576 3568 3672
f 3674 3675 3577
f 3581 3681 3680
f 3712 3581 3700
f 3716 3627 3717
f 3719 3611 3720
f 3638 3723 3722
f 3722 3617 3638
f 3724 3637 3618
f 3618 3721 3724
f 3720 3643 3704
f 3643 3720 3611
f 3703 3664 3728
f 3728 3647 3646
f 3730 3681 3701
f 3662 3664 3682
f 3682 3309 3662
f 3153 2946 2945
f 2945 2405 3153
f 2759 3128 2405
f 3309 2376 2375
f 2375 2405 3309
f 2455 2447 2358
f 2455 2376 3379
f 3200 3731 3112
f 3200 3128 2828
f 3731 2743 2742
f 3734 3471 3470
f 3015 2946 3551
f 3015 3734 2894
f 3729 3735 3648
f 3729 3663 2648
f 3738 3745 3746
f 3738 3746 3739
f 3738 3747 3748
f 3749 3750 3751
f 3749 3752 3753
f 3754 3755 3756
f 3754 3757 3758
f 3759 3760 3761
f 3759 3762 3763
f 3764 3765 3766
f 3774 3775 3776
f 3774 3777 3778
f 3780 3785 3786
f 3780 3787 3788
f 3789 3790 3791
f 3789 3792 3793
f 3799 3806 3800
f 3804 3811 3812
f 3813 3814 3815
f 3813 3816 3817
f 3826 3821 3827
f 3821 3820 3824
f 3831 3828 3832
f 3833 3837 3836
f 3841 3838 3842
f 3838 3840 3843
f 3850 3845 3851
f 3845 3844 3848
f 3855 3852 3856
f 3857 3861 3860
f 3857 3859 3862
f 3870 3867 3871
f 3875 3872 3876
f 3880 3877 3881
f 3877 3879 3882
f 3889 3884 3890
f 3884 3883 3887
f 3894 3898 3897
f 3897 3899 3894
f 3900 3896 3895
f 3895 3903 3900
f 3904 3902 3901
f 3901 3907 3904
f 3908 3906 3905
f 3905 3911 3908
f 3912 3910 3909
f 3909 3915 3912
f 3916 3914 3913
f 3913 3919 3916
f 3920 3918 3917
f 3917 3923 3920
f 3924 3922 3921
f 3921 3927 3924
f 3928 3926 3925
f 3925 3931 3928
f 3932 3930 3929
f 3929 3935 3932
f 3936 3934 3933
f 3933 3939 3936
f 3940 3938 3937
f 3937 3943 3940
f 3944 3942 3941
f 3941 3947 3944
f 3948 3946 3945
f 3945 3951 3948
f 3952 3950 3949
f 3949 3955 3952
f 3956 3954 3953
f 3953 3959 3956
f 3960 3962 3961
f 3961 3963 3960
f 3964 3966 3965
f 3965 3967 3964
f 3968 3970 3969
f 3969 3971 3968
f 3972 3974 3973
f 3973 3975 3972
f 3976 3978 3977
f 3977 3979 3976
f 3980 3982 3981
f 3981 3983 3980
f 3984 3986 3985
f 3985 3987 3984
f 3988 3990 3989
f 3989 3991 3988
f 3992 3994 3993
f 3993 3995 3992
f 3996 3998 3997
f 3997 3999 3996
f 4000 4002 4001
f 4001 4003 4000
f 4004 4006 4005
f 4005 4007 4004
f 4008 4010 4009
f 4009 4011 4008
f 4012 4014 4013
f 4013 4015 4012
f 4016 4018 4017
f 4017 4019 4016
f 4020 3958 3957
f 3957 4021 4020
f 4032 4030 4029
f 4029 4035 4032
f 4036 4034 4033
f 4036 4033 4039
f 4041 4044 4042
f 4041 4047 4044
f 4048 4046 4045
f 4048 4045 4051
f 4052 4050 4049
f 4052 4049 4054
f 4060 4058 4057
f 4057 4063 4060
f 4061 4064 4062
f 4061 4067 4064
f 4068 4066 4065
f 4065 4071 4068
f 4072 4070 4069
f 4072 4069 4075
f 4076 4074 4073
f 4073 4079 4076
f 4080 4078 4077
f 4080 4077 4083
f 4084 4082 4081
f 4081 4087 4084
f 4088 4025 4089
f 4088 4026 4025
f 4092 4090 4093
f 4092 4091 4090
f 4096 4098 4097
f 4097 4099 4096
f 4101 4100 4102
f 4101 4103 4100
f 4105 4104 4106
f 4104 4105 4107
f 4108 4110 4109
f 4109 4111 4108
f 4120 4122 4121
f 4121 4123 4120
f 4124 4126 4125
f 4125 4127 4124
f 4132 4134 4133
f 4133 4135 4132
f 4137 4136 4138
f 4137 4139 4136
f 4144 4146 4145
f 4145 4147 4144
f 4148 4086 4085
f 4148 4085 4149
f 4150 4154 4153
f 4153 4155 4150
f 4156 4152 4151
f 4151 4159 4156
f 4160 4158 4157
f 4157 4163 4160
f 4164 4162 4161
f 4161 4167 4164
f 4168 4166 4165
f 4165 4171 4168
f 4172 4170 4169
f 4169 4175 4172
f 4176 4174 4173
f 4173 4179 4176
f 4180 4178 4177
f 4177 4183 4180
f 4184 4182 4181
f 4181 4187 4184
f 4188 4186 4185
f 4185 4191 4188
f 4192 4190 4189
f 4189 4195 4192
f 4196 4194 4193
f 4193 4199 4196
f 4200 4198 4197
f 4197 4203 4200
f 4204 4202 4201
f 4201 4207 4204
f 4208 4206 4205
f 4205 4211 4208
f 4212 4210 4209
f 4209 4215 4212
f 4216 4218 4217
f 4217 4219 4216
f 4220 4222 4221
f 4221 4223 4220
f 4224 4226 4225
f 4225 4227 4224
f 4228 4230 4229
f 4229 4231 4228
f 4232 4234 4233
f 4233 4235 4232
f 4236 4238 4237
f 4237 4239 4236
f 4240 4242 4241
f 4241 4243 4240
f 4244 4246 4245
f 4245 4247 4244
f 4248 4250 4249
f 4249 4251 4248
f 4252 4254 4253
f 4253 4255 4252
f 4256 4258 4257
f 4257 4259 4256
f 4260 4262 4261
f 4261 4263 4260
f 4264 4266 4265
f 4265 4267 4264
f 4268 4270 4269
f 4269 4271 4268
f 4272 4274 4273
f 4273 4275 4272
f 4276 4214 4213
f 4213 4277 4276
f 4689 4280 4687
f 4282 4690 4281
f 4711 4285 4712
f 4286 4287 4716
f 4716 4713 4286
f 4755 4293 4292
f 4297 4299 5372
f 4300 4301 5376
f 4302 4303 5380
f 4304 4305 5384
f 4306 4307 5388
f 4308 4309 5392
f 4310 4311 5396
f 4312 4313 5400
f 4314 4315 5404
f 4316 4317 5408
f 4318 4319 5412
f 4320 4321 5416
f 4322 4323 5420
f 4324 4325 5424
f 4328 4329 5432
f 4330 4331 5436
f 4334 4335 5444
f 4338 4339 5452
f 4340 4341 5456
f 4342 4343 5460
f 4344 4345 5464
f 4348 4349 5472
f 4350 4351 5476
f 4352 4353 5480
f 4354 4355 5484
f 4356 4357 5488
f 4358 4359 5492
f 4360 4298 5371
f 5177 4362 4361
f 4361 4362 4363
f 4361 4365 5177
f 5183 4365 4366
f 4366 4367 4368
f 4366 4368 5183
f 5187 4368 4369
f 4369 4368 4367
f 5207 4383 4384
f 4384 4386 5207
f 5219 4393 4394
f 4394 4393 4392
f 5231 4403 4404
f 4425 4427 5263
f 5267 4427 4428
f 4428 4430 5267
f 4438 4437 4439
f 5283 4441 4442
f 4444 4446 5287
f 5295 4450 4451
f 4451 4450 4449
f 4455 4454 4456
f 4585 4588 4589
f 4590 4591 4594
f 4590 4594 4596
f 4590 4596 4597
f 4597 4596 4599
f 4597 4601 4598
f 4602 4600 4605
f 4602 4606 4603
f 4607 4608 4611
f 4607 4611 4613
f 4614 4618 4616
f 4614 4617 4619
f 4614 4621 4618
f 4619 4617 4622
f 4619 4622 4624
f 4626 4627 4629
f 4631 4632 4634
f 4631 4635 4633
f 4636 4637 4639
f 4636 4641 4638
f 4636 4639 4642
f 4636 4642 4643
f 4636 4645 4640
f 4643 4642 4646
f 4653 4654 4656
f 4658 4659 4661
f 4658 4662 4660
f 4663 4664 4667
f 4663 4667 4668
f 4668 4667 4671
f 4694 4692 4691
f 4694 4691 4696
f 4697 4695 4699
f 4709 4711 4710
f 4716 4717 4718
f 4716 4719 4717
f 4721 4724 4722
f 4721 4726 4724
f 4739 4740 4741
f 4740 4744 4742
f 4753 4754 4293
f 4293 4755 4753
f 4799 4800 4798
f 4798 4801 4799
f 4802 4803 4804
f 4802 4805 4803
f 4822 4823 4824
f 4822 4825 4823
f 4839 4840 4838
f 4838 4841 4839
f 4843 4844 4842
f 4842 4845 4843
f 4850 4848 4847
f 4850 4847 4852
f 4859 4860 4858
f 4859 4858 4861
f 4871 4872 4870
f 4871 4870 4873
f 4878 4879 4880
f 4878 4881 4879
f 4899 4900 4898
f 4898 4901 4899
f 4907 4908 4906
f 4906 4909 4907
f 4914 4912 4911
f 4914 4911 4916
f 4696 4283 4695
f 4709 4708 4284
f 4296 4295 4739
f 4739 4738 4296
f 5304 4588 5306
f 5315 4662 5314
f 5317 4660 5316
f 5333 4638 5332
f 5335 4635 5334
f 5349 4618 5348
f 5357 4606 5356
f 5361 4601 5360
f 4586 5369 5368
f 4587 5373 5374
f 4600 5389 5390
f 5410 4615 5409
f 4617 5413 5414
f 4647 5457 5458
f 4650 5461 5462
f 4672 5493 5494
f 5642 5644 5643
f 5669 5671 5670
f 5686 5688 5687
f 5709 5711 5710
f 5712 5713 5714
f 5721 5713 5712
f 5722 5725 5717
f 5717 5723 5722
f 5717 5725 5727
f 5730 5731 5732
f 5734 5731 5730
f 5730 5728 5734
f 5735 5738 5737
f 5737 5738 5739
f 5719 5783 5782
f 5645 5785 5646
f 5785 5645 5748
f 5726 5791 5790
f 5666 5794 5667
f 5794 5666 5754
f 5729 5793 5799
f 5689 5801 5690
f 5801 5689 5768
f 5716 5781 5806
f 5706 5808 5707
f 5808 5706 5774
f 5814 5815 5812
f 5835 5836 5837
f 5836 5835 5839
f 5860 5861 5858
f 5883 5884 5881
f 5904 5906 5907
f 5909 5908 5912
f 5913 5915 5916
f 5917 5919 5920
f 5927 5816 5926
f 5926 5816 5928
f 5934 5936 5931
f 5948 5839 5947
f 5947 5839 5949
f 5955 5909 5952
f 5968 5862 5967
f 5967 5862 5969
f 5975 5977 5972
f 5989 5885 5988
f 5988 5885 5990
f 5996 5998 5993
f 5815 5814 6004
f 5835 5838 6009
f 5861 5860 6014
f 5884 5883 6019
f 5977 5907 5906
f 6025 5912 5908
f 5936 5916 5915
f 5998 5920 5919
f 6032 5915 6033
f 6026 6035 6034
f 6040 5912 6041
f 5910 6043 6042
f 6048 5906 6049
f 6024 6051 6050
f 6056 5919 6057
f 6027 6059 6058
f 2432 2297 2420
f 2683 2686 2680
f 2680 2808 2801
f 2801 2681 2680
f 2498 2501 2495
f 2495 2629 2619
f 2619 2496 2495
f 2995 2866 2984
f 3181 3054 3168
f 3242 3240 3235
f 3235 3361 3352
f 3352 3236 3235
f 3409 3412 3418
f 3410 3532 3525
f 3525 3411 3410
f 3708 3588 3698
f 6068 6069 3565
f 3565 2276 6068
f 3217 6071 6072
f 6071 3217 3216
f 6080 3709 6081
f 6084 6085 6086
f 6084 6089 6085
f 6094 6095 6096
f 6095 6094 6097
f 6102 6103 6104
f 6102 6105 6103
f 6114 6112 6111
f 6111 6115 6114
f 6133 6116 6117
f 6118 6119 6121
f 6118 6122 6123
f 6120 6124 6125
f 6120 6126 6127
f 6128 6129 6130
f 6128 6131 6132
f 6133 6134 6135
f 6168 6169 2843
f 2843 2276 6168
f 2475 6171 6172
f 6171 2475 2474
f 6180 2996 6181
f 6184 6187 6186
f 6186 6188 6184
f 6190 6191 6192
f 6191 6190 6193
f 6194 6195 6196
f 6195 6194 6197
f 6202 6200 6199
f 6199 6205 6202
f 6206 6204 6203
f 6206 6203 6209
f 6210 6208 6207
f 6210 6207 6213
f 6214 6212 6211
f 6211 6215 6214
f 6233 6216 6217
f 6218 6219 6221
f 6218 6222 6223
f 6224 6227 6226
f 6226 6227 6228
f 6226 6229 6230
f 6220 6231 6232
f 6233 6234 6235
f 6268 6269 3033
f 3033 2276 6268
f 3392 6271 6272
f 6271 3392 3391
f 6280 3182 6281
f 6287 6284 6288
f 6287 6289 6284
f 6290 6286 6285
f 6290 6285 6293
f 6294 6292 6291
f 6294 6291 6297
f 6298 6296 6295
f 6295 6300 6298
f 6306 6304 6303
f 6306 6303 6308
f 6311 6314 6312
f 6311 6315 6314
f 6333 6316 6317
f 6318 6319 6321
f 6318 6322 6323
f 6320 6324 6325
f 6320 6326 6327
f 6328 6329 6330
f 6328 6331 6332
f 6333 6334 6335
f 6368 6369 2277
f 2277 2276 6368
f 2661 6371 6372
f 6371 2661 2660
f 6380 2433 6381
f 6390 6386 6385
f 6390 6385 6392
f 6395 6398 6396
f 6395 6400 6398
f 6406 6404 6403
f 6406 6403 6408
f 6414 6412 6411
f 6411 6415 6414
f 6416 6417 6418
f 6419 6420 6421
f 6419 6422 6423
f 6424 6425 6426
f 6424 6427 6428
f 6429 6432 6431
f 6431 6432 6433
f 6431 6434 6435
f 5177 4365 5178
f 5183 4368 5184
f 5192 4373 5195
f 5200 4380 5203
f 5207 4386 5208
f 5212 4390 5215
f 5220 4396 5223
f 5236 4408 5239
f 5248 4417 5251
f 5252 4420 5255
f 5263 4427 5264
f 5267 4430 5268
f 5276 4438 5279
f 5287 4446 5288
f 5300 4455 5303
f 5370 5371 4297
f 5375 5372 4300
f 5379 5376 4302
f 5383 5380 4304
f 5387 5384 4306
f 5391 5388 4308
f 5395 5392 4310
f 5399 5396 4312
f 5403 5400 4314
f 5407 5404 4316
f 5411 5408 4318
f 5415 5412 4320
f 5419 5416 4322
f 5423 5420 4324
f 5427 5424 4326
f 5435 5432 4330
f 5439 5436 4332
f 5447 5444 4336
f 5455 5452 4340
f 5459 5456 4342
f 5463 5460 4344
f 5467 5464 4346
f 5475 5472 4350
f 5479 5476 4352
f 5483 5480 4354
f 5487 5484 4356
f 5491 5488 4358
f 5495 5492 4360
f 2262 2268 2263 2259
f 2264 2265 2259 2263
f 2261 2269 2266 2262
f 2260 2259 2265
f 2262 2266 2268
f 2283 2282 2280 2281
f 2270 2271 2272
f 2271 2270 2274
f 2275 2278 2279
f 2284 2285 2280 2282
f 2303 2299 2298 2302
f 2280 2285 2388
f 2297 2294 2296
f 2298 2300 2301
f 2306 2299 2304 2305
f 2307 2304 2299 2303
f 2311 2284 2282 2308
f 2282 2283 2308
f 2338 2339 2336 2337
f 2340 2341 2337 2336
f 2312 2314 2346 2345
f 2326 2347 2348 2325
f 2352 2349 2350 2351
f 2319 2318 2349 2353
f 2353 2349 2352
f 2318 2316 2350 2349
f 2320 2322 2355 2354
f 2324 2323 2357 2358
f 2357 2354 2356
f 2323 2321 2354 2357
f 2333 2332 2359 2361
f 2359 2331 2360
f 2328 2327 2362 2364
f 2331 2359 2332
f 2327 2329 2363 2362
f 2360 2331 2330 2365
f 2366 2367 2335 2334
f 2370 2368 2317 2369
f 2351 2350 2368 2370
f 2316 2315 2368 2350
f 2372 2373 2344 2342
f 2317 2368 2315
f 2380 2381 2378 2379
f 2374 2375 2376
f 2376 2377 2374
f 2381 2383 2382 2378
f 2383 2386 2385 2382
f 2382 2384 2378
f 2392 2389 2390 2391
f 2385 2386 2387
f 2387 2388 2385
f 2388 2387 2389 2392
f 2391 2390 2393 2395
f 2408 2406 2407 2260
f 2292 2399 2398
f 2384 2409 2406 2408
f 2284 2407 2406 2409
f 2413 2410 2412 2309
f 2410 2411 2261
f 2307 2411 2410 2413
f 2421 2418 2420 2296
f 2418 2419 2278
f 2421 2340 2419 2418
f 2355 2426 2424 2425
f 2422 2289 2402
f 2408 2427 2378 2384
f 2426 2353 2424
f 2260 2265 2427 2408
f 2428 2427 2265 2264
f 2379 2378 2427 2428
f 2417 2416 2429 2271
f 2266 2270 2267
f 2270 2266 2273
f 2303 2414 2411 2307
f 2414 2431 2274 2273
f 2411 2414 2269
f 2269 2261 2411
f 2431 2415 2274
f 2414 2303 2302 2431
f 2297 2432 2415 2302
f 2415 2432 2433
f 2435 2434 2336 2339
f 2279 2278 2434 2435
f 2340 2336 2434 2419
f 2407 2284 2311 2412
f 2412 2311 2309
f 2409 2436 2285 2284
f 2436 2385 2388
f 2285 2436 2388
f 2409 2384 2385 2436
f 2394 2396 2287 2286
f 2395 2394 2286
f 2400 2293 2291 2398
f 2437 2421 2296 2295
f 2398 2291 2292
f 2401 2402 2289
f 2341 2340 2421 2437
f 2439 2413 2309 2310
f 2299 2306 2438
f 2299 2438 2300
f 2305 2304 2413 2439
f 2448 2446 2445 2447
f 2304 2307 2413
f 2444 2449 2363 2329
f 2325 2348 2449
f 2373 2450 2443 2344
f 2449 2444 2325
f 2322 2442 2426 2355
f 2443 2450 2347
f 2347 2326 2443
f 2442 2319 2353 2426
f 2441 2313 2345 2451
f 2440 2335 2367
f 2346 2440 2367
f 2440 2346 2314
f 2377 2424 2452 2404
f 2353 2352 2452 2424
f 2453 2452 2352 2351
f 2358 2357 2454 2455
f 2404 2452 2453
f 2425 2454 2356
f 2356 2355 2425
f 2290 2423 2457 2401
f 2454 2377 2376
f 2455 2454 2376
f 2402 2456 2422
f 2457 2288 2397
f 2465 2459 2458 2462
f 2288 2457 2423
f 2464 2471 2462 2463
f 2460 2458 2459
f 2458 2460 2461
f 2471 2470 2465 2462
f 2470 2471 2466 2469
f 2469 2466 2468
f 2471 2464 2467 2466
f 2475 2472 2473 2474
f 2480 2481 2476 2479
f 2472 2475 2276
f 2482 2477 2476 2481
f 2502 2501 2498 2500
f 2496 2494 2495
f 2494 2496 2497
f 2500 2504 2506 2502
f 2507 2505 2504 2500
f 2481 2480 2509 2508
f 2508 2482 2481
f 2540 2541 2538 2539
f 2508 2510 2511
f 2514 2512 2513
f 2512 2514 2515
f 2533 2534 2535
f 2534 2533 2532
f 2541 2543 2542 2538
f 2554 2551 2552 2553
f 2554 2517 2519 2551
f 2520 2555 2551 2519
f 2558 2523 2521 2556
f 2552 2551 2555
f 2556 2557 2558
f 2556 2522 2524 2559
f 2556 2521 2522
f 2525 2560 2559 2524
f 2561 2566 2531 2532
f 2528 2563 2530
f 2563 2528 2529
f 2566 2565 2529
f 2562 2535 2536 2567
f 2537 2568 2567 2536
f 2571 2518 2516 2569
f 2517 2554 2569 2516
f 2553 2570 2569 2554
f 2573 2545 2544 2572
f 2580 2581 2578 2579
f 2572 2544 2574
f 2575 2577 3663
f 2583 2584 2579 2578
f 2578 2582 2583
f 2584 2583 2585 2586
f 2582 2587 2585 2583
f 2605 2603 2604 2459
f 2485 2484 2589
f 2590 2589 2484
f 2491 2599 2598
f 2480 2606 2603 2605
f 2582 2604 2603 2606
f 2506 2609 2607 2608
f 2610 2607 2609 2510
f 2615 2469 2613 2612
f 2607 2610 2465
f 2612 2613 2614
f 2617 2542 2618 2616
f 2619 2616 2618 2496
f 2578 2625 2604 2582
f 2616 2619 2474
f 2620 2492 2595
f 2621 2622 2491
f 2622 2621 2489
f 2623 2555 2624
f 2623 2624 2558
f 2581 2626 2625 2578
f 2460 2625 2626 2461
f 2459 2604 2625 2460
f 2469 2468 2627 2613
f 2468 2467 2628 2627
f 2502 2506 2608 2611
f 2470 2611 2608 2465
f 2501 2502 2611 2615
f 2469 2615 2611 2470
f 2612 2629 2495 2501
f 2538 2631 2632 2539
f 2630 2629 2612
f 2542 2617 2631 2538
f 2473 2631 2617 2474
f 2509 2480 2605 2610
f 2588 2587 2633 2478
f 2610 2605 2459
f 2587 2582 2606 2633
f 2479 2633 2606 2480
f 2592 2488 2489 2593
f 2478 2633 2479
f 2484 2486 2590
f 2496 2618 2634 2497
f 2488 2592 2591
f 2591 2487 2488
f 2596 2493 2597
f 2543 2634 2618 2542
f 2510 2609 2636 2511
f 2635 2507 2500
f 2505 2636 2609 2504
f 2609 2506 2504
f 2564 2642 2641 2530
f 2641 2550 2526
f 2574 2546 2640 2643
f 2549 2643 2640 2527
f 2555 2520 2639 2624
f 2523 2558 2624 2639
f 2568 2537 2637 2644
f 2515 2547 2644 2637
f 2518 2571 2548 2638
f 2638 2548 2513
f 2602 2601 2645 2623
f 2552 2645 2646 2553
f 2646 2645 2601
f 2555 2623 2645 2552
f 2557 2647 2623 2558
f 2623 2647 2602
f 2559 2648 2647 2557
f 2648 3663 2577
f 2647 2648 2577
f 2599 2490 2620 2649
f 2648 2559 2560
f 2653 2650 2263 2652
f 2576 2600 2602
f 2267 2658 2652 2268
f 2651 2263 2650
f 2263 2651 2264
f 2658 2657 2653 2652
f 2657 2658 2654 2656
f 2656 2654 2655
f 2658 2267 2272 2654
f 2661 2276 2659 2660
f 2666 2667 2662 2665
f 2668 2663 2662 2667
f 2687 2686 2683 2685
f 2669 2670 2671
f 2772 2671 2670
f 2779 2780 2675
f 2685 2689 2691 2687
f 2692 2690 2689 2685
f 2667 2666 2694 2693
f 2693 2668 2667
f 2723 2724 2721 2722
f 2693 2695 2696
f 2724 2726 2725 2721
f 2731 2699 2697 2730
f 2737 2734 2735 2736
f 2730 2697 2698
f 2737 2701 2703 2734
f 2704 2738 2734 2703
f 2741 2707 2705 2739
f 2735 2734 2738
f 2739 2740 2741
f 2740 2739 2742 2743
f 2739 2705 2706
f 2739 2706 2708 2742
f 2745 2716 2717 2744
f 2742 2708 2709
f 2748 2714 2712 2747
f 2744 2717 2746
f 2713 2749 2747 2712
f 2713 2715 2750 2749
f 2702 2753 2754 2755
f 2750 2716 2745
f 2719 2751 2746
f 2751 2719 2752
f 2701 2737 2753 2700
f 2700 2753 2702
f 2736 2754 2753 2737
f 2757 2728 2727 2756
f 2729 2758 2756 2727
f 2380 2379 2761 2762
f 2759 2760 3128
f 2764 2765 2762 2761
f 2761 2763 2764
f 2765 2764 2766 2767
f 2763 2768 2766 2764
f 2787 2785 2786 2650
f 2771 2772 2773
f 2776 2777 2677
f 2666 2788 2785 2787
f 2763 2786 2785 2788
f 2691 2791 2789 2790
f 2792 2789 2791 2695
f 2797 2656 2795 2794
f 2789 2792 2653
f 2794 2795 2796
f 2799 2725 2800 2798
f 2801 2798 2800 2681
f 2761 2806 2786 2763
f 2798 2801 2660
f 2804 2738 2805
f 2804 2805 2741
f 2379 2428 2806 2761
f 2651 2806 2428 2264
f 2650 2786 2806 2651
f 2656 2655 2807 2795
f 2655 2272 2430 2807
f 2687 2691 2790 2793
f 2657 2793 2790 2653
f 2686 2687 2793 2797
f 2656 2797 2793 2657
f 2794 2808 2680 2686
f 2721 2810 2811 2722
f 2809 2808 2794
f 2725 2799 2810 2721
f 2659 2810 2799 2660
f 2694 2666 2787 2792
f 2769 2768 2812 2664
f 2792 2787 2650
f 2768 2763 2788 2812
f 2665 2812 2788 2666
f 2773 2672 2673 2774
f 2664 2812 2665
f 2671 2770 2669
f 2672 2773 2772
f 2679 2800 2813 2682
f 2776 2678 2778
f 2678 2776 2676
f 2726 2813 2800 2725
f 2800 2679 2681
f 2695 2791 2815 2696
f 2814 2692 2685
f 2690 2815 2791 2689
f 2791 2691 2689
f 2710 2820 2821 2733
f 2748 2821 2820 2714
f 2758 2729 2819 2822
f 2732 2822 2819 2711
f 2738 2704 2818 2805
f 2707 2741 2805 2818
f 2752 2720 2816 2823
f 2699 2731 2823 2816
f 2730 2698 2817 2824
f 2784 2783 2825 2804
f 2824 2817 2702
f 2824 2702 2755
f 2735 2825 2826 2736
f 2826 2825 2783
f 2738 2804 2825 2735
f 2740 2827 2804 2741
f 2804 2827 2784
f 2743 2828 2827 2740
f 2828 3128 2760
f 2827 2828 2760
f 2775 2674 2803 2830
f 2802 2829 2675
f 2829 2677 2777
f 2780 2779 2830 2803
f 2833 2834 2831 2832
f 2759 2782 2784
f 2834 2463 2458 2831
f 2461 2835 2831 2458
f 2833 2837 2836 2834
f 2832 2831 2835
f 2834 2836 2463
f 2850 2849 2846 2848
f 2838 2839 2467
f 2839 2838 2841
f 2842 2844 2845
f 2851 2852 2846 2849
f 2872 2868 2867 2871
f 2846 2852 2847
f 2866 2863 2865
f 2867 2869 2870
f 2875 2868 2873 2874
f 2876 2873 2868 2872
f 2880 2851 2849 2877
f 2849 2850 2877
f 2910 2911 2908 2909
f 2898 2897 2900
f 2901 2903 2902
f 2912 2913 2909 2908
f 2882 2881 2917 2919
f 2881 2883 2918 2917
f 2896 2920 2921 2895
f 2925 2922 2923 2924
f 2888 2887 2922 2926
f 2926 2922 2925
f 2887 2885 2923 2922
f 2889 2891 2928 2927
f 2892 2890 2927 2930
f 2930 2927 2929
f 2932 2933 2905 2904
f 2907 2906 2936 2937
f 2898 2935 2903
f 2931 2902 2903
f 2936 2905 2933
f 2924 2923 2938 2940
f 2905 2936 2906
f 2885 2884 2938 2923
f 2884 2886 2939 2938
f 2580 2949 2948 2581
f 2941 2915 2942
f 2915 2941 2914
f 2944 2945 2946
f 2946 2947 2944
f 2949 2951 2950 2948
f 2951 2954 2953 2950
f 2950 2952 2948
f 2972 2970 2971 2832
f 2953 2954 2955
f 2956 2958 2955
f 2966 2967 2859
f 2952 2973 2970 2972
f 2851 2971 2970 2973
f 2977 2974 2976 2878
f 2974 2975 2833
f 2876 2975 2974 2977
f 2985 2982 2984 2865
f 2982 2983 2844
f 2985 2912 2983 2982
f 2962 2988 2987 2857
f 2964 2861 2986
f 2988 2966 2858 2987
f 2928 2991 2989 2990
f 2972 2992 2948 2952
f 2991 2926 2989
f 2832 2835 2992 2972
f 2626 2992 2835 2461
f 2581 2948 2992 2626
f 2981 2980 2993 2839
f 2836 2838 2464
f 2838 2836 2840
f 2872 2978 2975 2876
f 2978 2994 2841 2840
f 2975 2978 2837
f 2837 2833 2975
f 2994 2979 2841
f 2978 2872 2871 2994
f 2866 2995 2979 2871
f 2979 2995 2996
f 2998 2997 2908 2911
f 2845 2844 2997 2998
f 2912 2908 2997 2983
f 2971 2851 2880 2976
f 2976 2880 2878
f 2955 2847 2999 2953
f 2973 2999 2852 2851
f 2852 2999 2847
f 2973 2952 2953 2999
f 2853 2957 2959 2854
f 2854 2960 2855
f 2857 2856 2961 2962
f 2965 2862 2860 2963
f 2856 2855 2960
f 3000 2985 2865 2864
f 2963 2860 2964
f 2913 2912 2985 3000
f 3002 2977 2878 2879
f 2868 2875 3001
f 2868 3001 2869
f 2874 2873 2977 3002
f 3007 3008 2934 2899
f 2873 2876 2977
f 2895 2921 3008
f 2943 3009 3006 2916
f 3008 3007 2895
f 2891 3005 2991 2928
f 3006 3009 2920
f 2920 2896 3006
f 3005 2888 2926 2991
f 2886 3004 3011 2939
f 2918 3003 3010
f 3003 2918 2883
f 3004 2882 2919 3011
f 2947 2989 3012 2969
f 2926 2925 3012 2989
f 3013 3012 2925 2924
f 2894 2930 3014 3015
f 2969 3012 3013
f 2990 3014 2929
f 2929 2928 2990
f 2986 2859 2967 3016
f 3014 2947 2946
f 3015 3014 2946
f 3019 3020 3017 3018
f 3020 3026 3021 3017
f 3022 3023 3017 3021
f 3019 3027 3024 3020
f 3018 3017 3023
f 3020 3024 3026
f 3038 3037 3035 3036
f 3028 3029 3030
f 3029 3028 3032
f 2276 3034 2659
f 3039 3040 3035 3037
f 3060 3056 3055 3059
f 3035 3040 3140
f 3048 3047 3149
f 3054 3051 3053
f 3055 3057 3058
f 3063 3056 3061 3062
f 3064 3061 3056 3060
f 3068 3039 3037 3065
f 3037 3038 3065
f 2723 2722 3093 3094
f 3095 3096 3094 3093
f 3106 3103 3104 3105
f 3070 3069 3100
f 3101 3082 3083
f 3076 3075 3103 3107
f 3107 3103 3106
f 3075 3073 3104 3103
f 3077 3079 3109 3108
f 3110 3112 3111 3108
f 3080 3078 3108 3111
f 3114 3115 3090 3089
f 3117 3118 3085 3084
f 3119 3087 3085 3118
f 3092 3091 3120 3121
f 3087 3119 3113
f 3113 3088 3087
f 3120 3090 3115
f 3105 3104 3122 3124
f 3090 3120 3091
f 3073 3072 3122 3104
f 3072 3074 3123 3122
f 3132 3133 3130 3131
f 3126 3097 3125
f 3097 3126 3098
f 3127 2405 3128
f 3128 3129 3127
f 3133 3135 3134 3130
f 3135 3138 3137 3134
f 3134 3136 3130
f 3156 3154 3155 3018
f 3137 3138 3139
f 3139 3140 3137
f 3144 3043 3143
f 3145 3146 3046
f 3136 3157 3154 3156
f 3039 3155 3154 3157
f 3161 3158 3160 3066
f 3158 3159 3019
f 3064 3159 3158 3161
f 3169 3166 3168 3053
f 3166 3167 3034
f 3169 3095 3167 3166
f 3109 3175 3173 3174
f 3170 3171 3050
f 3156 3176 3130 3136
f 3175 3107 3173
f 3018 3023 3176 3156
f 3177 3176 3023 3022
f 3131 3130 3176 3177
f 3165 3164 3178 3029
f 3024 3028 3025
f 3028 3024 3031
f 3060 3162 3159 3064
f 3162 3180 3032 3031
f 3159 3162 3027
f 3027 3019 3159
f 3180 3163 3032
f 3162 3060 3059 3180
f 3054 3181 3163 3059
f 3163 3181 3182
f 2811 3183 3093 2722
f 2659 3034 3183 2811
f 3095 3093 3183 3167
f 3155 3039 3068 3160
f 3160 3068 3066
f 3157 3184 3040 3039
f 3184 3137 3140
f 3040 3184 3140
f 3157 3136 3137 3184
f 3142 3042 3041 3141
f 3144 3145 3045 3044
f 3141 3041 3140
f 3043 3144 3044
f 2778 2678 3049 3147
f 3185 3169 3053 3052
f 3147 3049 3050
f 3096 3095 3169 3185
f 3187 3161 3066 3067
f 3056 3063 3186
f 3056 3186 3057
f 3062 3061 3161 3187
f 3192 3193 3116 3086
f 3061 3064 3161
f 3082 3102 3193 3192
f 3079 3190 3175 3109
f 3191 3194 3101
f 3101 3083 3191
f 3190 3076 3107 3175
f 3074 3189 3196 3123
f 3099 3188 3195
f 3188 3099 3071
f 3196 3070 3100
f 3129 3173 3197 3152
f 3070 3196 3189
f 3107 3106 3197 3173
f 3198 3197 3106 3105
f 3172 3046 3146 3201
f 3152 3197 3198
f 3174 3199 3110
f 3110 3109 3174
f 3199 3200 3112
f 3199 3129 3128
f 3200 3199 3128
f 3148 3050 3171
f 3209 3203 3202 3206
f 3208 3215 3206 3207
f 3204 3202 3203
f 3202 3204 3205
f 3215 3214 3209 3206
f 3214 3215 3210 3213
f 3213 3210 3212
f 3215 3208 3211 3210
f 3217 2275 2279 3216
f 3222 3223 3218 3221
f 2275 3217 2276
f 3224 3219 3218 3223
f 3243 3239 3238 3242
f 3236 3234 3235
f 3234 3236 3237
f 3238 3244 3246 3241
f 3247 3245 3244 3238
f 3223 3222 3249 3248
f 3248 3224 3223
f 2338 3276 3275 2339
f 3248 3250 3251
f 3276 3278 3277 3275
f 3283 3254 3252 3282
f 3280 3281 3279
f 3290 3287 3288 3289
f 3282 3252 3253
f 3290 3256 3258 3287
f 3259 3291 3287 3258
f 3294 3262 3260 3292
f 3288 3287 3291
f 3292 3293 3294
f 3292 3261 3263 3295
f 3292 3260 3261
f 3297 3270 3271 3296
f 3295 3263 2448
f 3300 3268 3266 3299
f 3296 3271 3298
f 3298 3272 3273 3303
f 3299 3266 3267
f 3302 3301 3267
f 3302 3270 3297
f 3274 3304 3303 3273
f 3307 3257 3255 3305
f 3256 3290 3305 3255
f 3289 3306 3305 3290
f 2371 2343 3279 3308
f 3313 3314 3311 3312
f 3308 3279 3281
f 3309 3310 2376
f 3316 3317 3312 3311
f 3311 3315 3316
f 3317 3316 3318 3319
f 3315 3320 3318 3316
f 3338 3336 3337 3203
f 3229 3326 3325
f 3326 3229 3230
f 3328 3329 3330
f 3222 3339 3336 3338
f 3315 3337 3336 3339
f 3246 3342 3340 3341
f 3343 3340 3342 3250
f 3348 3213 3346 3345
f 3340 3343 3209
f 3345 3346 3347
f 3350 3277 3351 3349
f 3352 3349 3351 3236
f 3311 3357 3337 3315
f 3349 3352 3216
f 3355 3291 3356
f 3355 3356 3294
f 3314 3358 3357 3311
f 3204 3357 3358 3205
f 3203 3337 3357 3204
f 3213 3212 3359 3346
f 3212 3211 3360 3359
f 3241 3246 3341 3344
f 3214 3344 3341 3209
f 3240 3241 3344 3348
f 3213 3348 3344 3214
f 3345 3361 3235 3240
f 3275 3363 2435 2339
f 3362 3361 3345
f 3277 3350 3363 3275
f 2279 3363 3350 3216
f 3249 3222 3338 3343
f 3321 3320 3364 3220
f 3343 3338 3203
f 3320 3315 3339 3364
f 3221 3364 3339 3222
f 3323 3322 3225 3226
f 3220 3364 3221
f 3322 3321 3220 3225
f 3324 3227 3228 3325
f 3324 3323 3226 3227
f 2400 3328 3233 2293
f 3236 3351 3365 3237
f 3330 3233 3328
f 3231 3331 3232
f 3278 3365 3351 3277
f 3250 3342 3367 3251
f 3366 3247 3238
f 3245 3367 3342 3244
f 3342 3246 3244
f 3264 3372 3373 3286
f 3300 3373 3372 3268
f 3291 3259 3370 3356
f 3371 3374 3281
f 3374 3265 3285
f 3262 3294 3356 3370
f 3304 3274 3368 3375
f 3254 3283 3375 3368
f 3257 3307 3284 3369
f 3369 3284 3253
f 3335 3334 3376 3355
f 3288 3376 3377 3289
f 3377 3376 3334
f 3291 3355 3376 3288
f 3293 3378 3355 3294
f 3355 3378 3335
f 3295 3379 3378 3293
f 3379 2376 3310
f 3378 3379 3310
f 3329 3380 3353 3330
f 3379 3295 2448
f 3353 3380 3332
f 3385 3382 3021 3384
f 3354 3381 3230
f 3381 3354 3232
f 3309 3333 3335
f 3025 3390 3384 3026
f 3383 3021 3382
f 3021 3383 3022
f 3390 3389 3385 3384
f 3389 3390 3386 3388
f 3388 3386 3387
f 3390 3025 3030 3386
f 3392 2842 2845 3391
f 3397 3398 3393 3396
f 2842 3392 2276
f 3399 3394 3393 3398
f 3417 3416 3413 3415
f 3411 3409 3410
f 3409 3411 3412
f 3415 3419 3421 3417
f 3422 3420 3419 3415
f 3398 3397 3424 3423
f 3423 3399 3398
f 2910 3453 3452 2911
f 3423 3425 3426
f 3449 3447 3448
f 3447 3449 3446
f 3453 3455 3454 3452
f 3441 3440 3460 3461
f 3427 3459 3458
f 3465 3462 3463 3464
f 3465 3431 3433 3462
f 3434 3466 3462 3433
f 3469 3437 3435 3467
f 3463 3462 3466
f 3467 3468 3469
f 3468 3467 3470 3471
f 3467 3435 3436
f 3467 3436 3438 3470
f 3475 3444 3442 3474
f 3470 3438 3439
f 3443 3445 3477 3476
f 3474 3442 3476
f 3472 3477 3445 3446
f 3482 3432 3430 3480
f 3450 3478 3448
f 3478 3450 3451
f 3431 3465 3480 3430
f 3464 3481 3480 3465
f 2942 2915 3456 3483
f 3132 3131 3486 3487
f 3483 3456 3484
f 3153 3485 2946
f 3489 3490 3487 3486
f 3486 3488 3489
f 3490 3489 3491 3492
f 3488 3493 3491 3489
f 3403 3498 3497 3402
f 3511 3509 3510 3382
f 3406 3504 3505
f 3397 3512 3509 3511
f 3488 3510 3509 3512
f 3421 3515 3513 3514
f 3516 3513 3515 3425
f 3521 3388 3519 3518
f 3513 3516 3385
f 3518 3519 3520
f 3523 3454 3524 3522
f 3525 3522 3524 3411
f 3486 3530 3510 3488
f 3522 3525 3391
f 3526 3408 3502
f 3528 3466 3529
f 3528 3529 3469
f 3131 3177 3530 3486
f 3383 3530 3177 3022
f 3382 3510 3530 3383
f 3388 3387 3531 3519
f 3387 3030 3179 3531
f 3417 3421 3514 3517
f 3389 3517 3514 3385
f 3416 3417 3517 3521
f 3388 3521 3517 3389
f 3518 3532 3410 3416
f 3452 3534 2998 2911
f 3533 3532 3518
f 3454 3523 3534 3452
f 2845 3534 3523 3391
f 3424 3397 3511 3516
f 3493 3488 3512 3535
f 3516 3511 3382
f 3396 3535 3512 3397
f 3396 3395 3494 3535
f 3496 3495 3400 3401
f 3411 3524 3536 3412
f 3494 3400 3495
f 3400 3494 3395
f 3404 3499 3403
f 3503 2862 2965
f 3407 3406 3505
f 3455 3536 3524 3454
f 3425 3515 3538 3426
f 3537 3422 3415
f 3420 3538 3515 3419
f 3515 3421 3419
f 3475 3544 3543 3444
f 3543 3460 3440
f 3466 3434 3541 3529
f 3542 3545 3484
f 3542 3441 3461
f 3437 3469 3529 3541
f 3429 3458 3546 3539
f 3539 3546 3451
f 3459 3428 3540 3547
f 3432 3482 3547 3540
f 3508 3507 3548 3528
f 3463 3548 3549 3464
f 3549 3548 3507
f 3466 3528 3548 3463
f 3468 3550 3528 3469
f 3528 3550 3508
f 3471 3551 3550 3468
f 3551 2946 3485
f 3550 3551 3485
f 3500 3405 3527 3553
f 3526 3552 3504
f 3556 3557 3554 3555
f 3553 3527 3505
f 3153 3506 3508
f 3557 3207 3202 3554
f 3205 3558 3554 3202
f 3556 3560 3559 3557
f 3555 3554 3558
f 3557 3559 3207
f 3571 3570 3567 3569
f 3561 3562 3211
f 3562 3561 3564
f 2261 2262 2259 2260
f 2472 3566 2473
f 3572 3573 3567 3570
f 3597 3590 3595 3596
f 3567 3573 3568
f 3574 3576 3575
f 3588 3585 3587
f 3589 3591 3592
f 3589 3593 3594
f 3599 3595 3590 3598
f 3603 3572 3570 3600
f 3570 3571 3600
f 2540 2539 3628 3629
f 3630 3631 3629 3628
f 3642 3639 3640 3641
f 3632 3633 3634
f 3605 3604 3636
f 3638 3617 3637
f 3611 3610 3639 3643
f 3643 3639 3642
f 3610 3608 3640 3639
f 3612 3614 3645 3644
f 3616 3615 3647 3648
f 3647 3644 3646
f 3615 3613 3644 3647
f 3620 3619 3652 3654
f 3649 3623 3650
f 3623 3649 3624
f 3619 3621 3653 3652
f 3650 3623 3622 3655
f 3651 3656 3626 3625
f 3656 3657 3627 3626
f 3641 3640 3658 3660
f 3608 3607 3658 3640
f 3607 3609 3659 3658
f 2575 3662 3309 2405
f 3661 2545 2573
f 2545 3661 3632
f 3313 3666 3665 3314
f 3662 2575 3663
f 3663 3664 3662
f 3666 3668 3667 3665
f 3668 3671 3670 3667
f 3667 3669 3665
f 3686 3684 3685 3555
f 3670 3671 3672
f 3669 3687 3684 3686
f 3572 3685 3684 3687
f 3691 3688 3690 3601
f 3688 3689 3556
f 3599 3689 3688 3691
f 3699 3696 3698 3587
f 3692 3598 3594
f 3696 3697 3566
f 3699 3630 3697 3696
f 3645 3704 3702 3703
f 3701 3681 3582
f 3686 3705 3665 3669
f 3704 3643 3702
f 3555 3558 3705 3686
f 3358 3705 3558 3205
f 3314 3665 3705 3358
f 3695 3694 3706 3562
f 3559 3561 3208
f 3561 3559 3563
f 3598 3692 3689 3599
f 3593 3693 3707 3594
f 3689 3692 3560
f 3560 3556 3689
f 3692 3707 3564 3563
f 3707 3693 3564
f 3588 3708 3693 3593
f 3594 3707 3692
f 3693 3708 3709
f 2632 3710 3628 2539
f 2473 3566 3710 2632
f 3630 3628 3710 3697
f 3685 3572 3603 3690
f 3690 3603 3601
f 3672 3568 3711 3670
f 3687 3711 3573 3572
f 3573 3711 3568
f 3687 3669 3670 3711
f 3575 3673 3674 3577
f 3577 3675 3578
f 3580 3579 3676 3677
f 3675 3676 3579 3578
f 2597 2493 3583 3678
f 3713 3699 3587 3586
f 3678 3583 3584
f 3581 3582 3681
f 3712 3700 3584
f 3631 3630 3699 3713
f 3715 3691 3601 3602
f 3590 3597 3714
f 3590 3714 3591
f 3590 3594 3598
f 3596 3595 3691 3715
f 3609 3718 3725 3659
f 3595 3599 3691
f 3606 3716 3717
f 3614 3719 3720
f 3721 3634 3633
f 3722 3723 3653
f 3653 3621 3722
f 3633 3724 3721
f 3645 3720 3704
f 3720 3645 3614
f 3717 3627 3657
f 3717 3635 3606
f 3725 3605 3636
f 3664 3702 3726 3683
f 3605 3725 3718
f 3643 3642 3726 3702
f 3727 3726 3642 3641
f 3648 3647 3728 3729
f 3683 3726 3727
f 3703 3728 3646
f 3646 3645 3703
f 2447 2455 3379 2448
f 3728 3664 3663
f 3729 3728 3663
f 3700 3581 3680
f 3679 3584 3700
f 3677 3730 3701
f 3731 3200 2828 2743
f 3732 3731 2742 2709
f 3732 3081 3111 3731
f 3733 3734 3470 3439
f 3731 3111 3112
f 3733 2893 2894
f 3734 3015 3551 3471
f 2894 3734 3733
f 3735 3729 2648 2560
f 3736 3735 2560 2525
f 3736 3616 3648 3735
f 3739 3740 3737 3738
f 3743 3744 3738 3737
f 3737 3740 3741
f 3737 3742 3743
f 3745 3738 3749 3751
f 3738 3744 3747
f 3752 3749 3738 3748
f 3750 3749 3754 3756
f 3757 3754 3749 3753
f 3755 3754 3759 3761
f 3762 3759 3754 3758
f 3760 3759 3764 3766
f 3767 3764 3759 3763
f 3771 3764 3769 3770
f 3764 3767 3768
f 3772 3773 3769 3764
f 3764 3771 3765
f 3764 3768 3772
f 3770 3769 3774 3776
f 3777 3774 3769 3773
f 3781 3782 3779 3780
f 3775 3774 3779 3782
f 3783 3779 3774 3778
f 3784 3780 3779 3783
f 3785 3780 3789 3791
f 3780 3786 3781
f 3780 3784 3787
f 3792 3789 3780 3788
f 3795 3796 3789 3794
f 3797 3798 3794 3789
f 3789 3796 3790
f 3789 3793 3797
f 3800 3801 3794 3799
f 3802 3803 3799 3794
f 3794 3801 3795
f 3794 3798 3802
f 3805 3806 3799 3804
f 3807 3808 3804 3799
f 3799 3803 3807
f 3809 3804 3813 3815
f 3804 3809 3810
f 3804 3810 3805
f 3804 3808 3811
f 3816 3813 3804 3812
f 3820 3821 3818 3819
f 3823 3822 3818 3821
f 3737 3818 3822 3742
f 3741 3819 3818 3737
f 3821 3828 3831 3827
f 3821 3824 3825
f 3826 3823 3821
f 3828 3829 3830
f 3821 3825 3829 3828
f 3828 3833 3836 3832
f 3833 3834 3835
f 3830 3834 3833 3828
f 3833 3838 3841 3837
f 3838 3839 3840
f 3833 3835 3839 3838
f 3844 3845 3838 3843
f 3845 3847 3846 3838
f 3845 3852 3855 3851
f 3846 3842 3838
f 3848 3849 3845
f 3850 3847 3845
f 3852 3853 3854
f 3849 3853 3852 3845
f 3852 3857 3860 3856
f 3857 3858 3859
f 3854 3858 3857 3852
f 3864 3857 3862 3863
f 3864 3866 3865 3857
f 3864 3867 3870 3866
f 3865 3861 3857
f 3867 3868 3869
f 3863 3868 3867 3864
f 3867 3872 3875 3871
f 3872 3873 3874
f 3869 3873 3872 3867
f 3872 3877 3880 3876
f 3877 3878 3879
f 3874 3878 3877 3872
f 3883 3884 3877 3882
f 3884 3886 3885 3877
f 3814 3813 3891 3892
f 3885 3881 3877
f 3884 3887 3888
f 3889 3886 3884
f 3813 3817 3893 3891
f 3890 3884 3891 3893
f 3888 3892 3891 3884
f 4027 4022 4025 4026
f 3894 3895 3896
f 3895 3894 3899
f 3900 3901 3902
f 3901 3900 3903
f 3904 3905 3906
f 3905 3904 3907
f 3908 3909 3910
f 3909 3908 3911
f 3912 3913 3914
f 3913 3912 3915
f 3916 3917 3918
f 3917 3916 3919
f 3920 3921 3922
f 3921 3920 3923
f 3924 3925 3926
f 3925 3924 3927
f 3928 3929 3930
f 3929 3928 3931
f 3932 3933 3934
f 3933 3932 3935
f 3936 3937 3938
f 3937 3936 3939
f 3940 3941 3942
f 3941 3940 3943
f 3944 3945 3946
f 3945 3944 3947
f 3948 3949 3950
f 3949 3948 3951
f 3952 3953 3954
f 3953 3952 3955
f 3956 3957 3958
f 3957 3956 3959
f 3960 3897 3898
f 3897 3960 3963
f 3964 3961 3962
f 3961 3964 3967
f 3968 3965 3966
f 3965 3968 3971
f 3972 3969 3970
f 3969 3972 3975
f 3976 3973 3974
f 3973 3976 3979
f 3980 3977 3978
f 3977 3980 3983
f 3984 3981 3982
f 3981 3984 3987
f 3988 3985 3986
f 3985 3988 3991
f 3992 3989 3990
f 3989 3992 3995
f 3996 3993 3994
f 3993 3996 3999
f 4000 3997 3998
f 3997 4000 4003
f 4004 4001 4002
f 4001 4004 4007
f 4008 4005 4006
f 4005 4008 4011
f 4012 4009 4010
f 4009 4012 4015
f 4016 4013 4014
f 4013 4016 4019
f 4020 4017 4018
f 4017 4020 4021
f 4022 4023 4024
f 4030 4031 4028 4029
f 4023 4022 4027
f 4024 4023 4028 4031
f 4042 4043 4040 4041
f 4032 4033 4034
f 4033 4032 4035
f 4036 4037 4038
f 4037 4036 4039
f 4043 4038 4037 4040
f 4054 4055 4053 4052
f 4044 4045 4046
f 4045 4044 4047
f 4049 4050 4048
f 4049 4048 4051
f 4055 4059 4056 4053
f 4056 4057 4058
f 4095 4094 4096 4099
f 4057 4056 4059
f 4060 4061 4062
f 4061 4060 4063
f 4064 4065 4066
f 4064 4067 4065
f 4069 4070 4068
f 4069 4068 4071
f 4073 4074 4072
f 4073 4072 4075
f 4076 4077 4078
f 4077 4076 4079
f 4080 4081 4082
f 4081 4080 4083
f 4085 4086 4084
f 4085 4084 4087
f 4090 4088 4089
f 4090 4091 4088
f 4094 4092 4093
f 4094 4095 4092
f 4115 4112 4113 4114
f 4100 4097 4098
f 4097 4100 4103
f 4104 4101 4102
f 4101 4104 4107
f 4108 4105 4106
f 4105 4108 4111
f 4112 4109 4110
f 4119 4116 4117 4118
f 4112 4115 4109
f 4114 4113 4116 4119
f 4118 4117 4120 4123
f 4129 4128 4125 4126
f 4124 4121 4122
f 4121 4124 4127
f 4135 4131 4130 4132
f 4128 4129 4130
f 4128 4130 4131
f 4142 4143 4140 4141
f 4136 4133 4134
f 4133 4136 4139
f 4140 4137 4138
f 4147 4142 4141 4144
f 4137 4140 4143
f 5188 5187 4369 4370
f 4145 4146 4148
f 4145 4148 4149
f 4150 4151 4152
f 4151 4150 4155
f 4156 4157 4158
f 4157 4156 4159
f 4160 4161 4162
f 4161 4160 4163
f 4164 4165 4166
f 4165 4164 4167
f 4168 4169 4170
f 4169 4168 4171
f 4172 4173 4174
f 4173 4172 4175
f 4176 4177 4178
f 4177 4176 4179
f 4180 4181 4182
f 4181 4180 4183
f 4184 4185 4186
f 4185 4184 4187
f 4188 4189 4190
f 4189 4188 4191
f 4192 4193 4194
f 4193 4192 4195
f 4196 4197 4198
f 4197 4196 4199
f 4200 4201 4202
f 4201 4200 4203
f 4204 4205 4206
f 4205 4204 4207
f 4208 4209 4210
f 4209 4208 4211
f 4212 4213 4214
f 4213 4212 4215
f 4216 4153 4154
f 4153 4216 4219
f 4220 4217 4218
f 4217 4220 4223
f 4224 4221 4222
f 4221 4224 4227
f 4228 4225 4226
f 4225 4228 4231
f 4232 4229 4230
f 4229 4232 4235
f 4236 4233 4234
f 4233 4236 4239
f 4240 4237 4238
f 4237 4240 4243
f 4244 4241 4242
f 4241 4244 4247
f 4248 4245 4246
f 4245 4248 4251
f 4252 4249 4250
f 4249 4252 4255
f 4256 4253 4254
f 4253 4256 4259
f 4260 4257 4258
f 4257 4260 4263
f 4264 4261 4262
f 4261 4264 4267
f 4268 4265 4266
f 4265 4268 4271
f 4272 4269 4270
f 4269 4272 4275
f 4276 4273 4274
f 4273 4276 4277
f 4687 4280 4281
f 4281 4690 4687
f 4712 4285 4286
f 4286 4713 4712
f 4716 4287 4719
f 4292 4293 4752
f 4297 5371 4298
f 4300 5372 4299
f 4302 5376 4301
f 4304 5380 4303
f 4306 5384 4305
f 4308 5388 4307
f 4310 5392 4309
f 4312 5396 4311
f 4314 5400 4313
f 4316 5404 4315
f 4318 5408 4317
f 4320 5412 4319
f 4322 5416 4321
f 4324 5420 4323
f 4326 5424 4325
f 4330 5432 4329
f 4332 5436 4331
f 4336 5444 4335
f 4340 5452 4339
f 4342 5456 4341
f 4344 5460 4343
f 4346 5464 4345
f 4350 5472 4349
f 4352 5476 4351
f 4354 5480 4353
f 4356 5484 4355
f 4358 5488 4357
f 4360 5492 4359
f 4361 4364 4365
f 4366 4365 4364
f 4370 4371 5191 5188
f 5192 5191 4371 4372
f 4375 4376 4373 4374
f 4373 5192 4372
f 4374 4373 4372
f 4376 4375 4378 4377
f 4382 4383 4380 4381
f 4377 4378 4379
f 4377 4379 5200
f 4380 5200 4379
f 4381 4380 4379
f 4386 4385 4388 4387
f 4384 4383 4382
f 4384 4385 4386
f 4392 4393 4390 4391
f 4387 4388 4389
f 4387 4389 5212
f 4390 5212 4389
f 4391 4390 4389
f 5220 5219 4394 4395
f 4398 4399 4396 4397
f 4396 5220 4395
f 4397 4396 4395
f 4398 4401 4400 4399
f 4403 4400 4401 4402
f 5232 5231 4404 4405
f 4404 4403 4402
f 4405 4406 5235 5232
f 5236 5235 4406 4407
f 4411 4408 4409 4410
f 4408 5236 4407
f 4409 4408 4407
f 4411 4410 4413 4412
f 4414 4415 5247 5244
f 4412 4413 4414
f 4412 4414 5244
f 5248 5247 4415 4416
f 4422 4423 5259 5256
f 4417 5248 4416
f 4418 4417 4416
f 4417 4418 4419
f 4417 4419 5252
f 4420 5252 4419
f 4421 4420 4419
f 4420 4421 4422
f 4420 4422 5256
f 5260 5259 4423 4424
f 4424 4425 5263 5260
f 4429 4432 4431 4430
f 4425 4426 4427
f 4428 4427 4426
f 4428 4429 4430
f 4434 4431 4432 4433
f 4434 4433 4436 4435
f 4441 4438 4439 4440
f 4435 4436 4437
f 4435 4437 5276
f 4438 5276 4437
f 5284 5283 4442 4443
f 4442 4441 4440
f 4443 4444 5287 5284
f 4445 4448 4447 4446
f 4444 4445 4446
f 4449 4450 4447 4448
f 5296 5295 4451 4452
f 4452 4453 5299 5296
f 5300 5299 4453 4454
f 4362 4455 4456 4363
f 4455 5300 4454
f 4461 4457 4459 4460
f 4462 4458 4457 4461
f 4465 4463 4458 4462
f 4466 4464 4463 4465
f 4469 4467 4464 4466
f 4470 4468 4467 4469
f 4473 4471 4468 4470
f 4474 4472 4471 4473
f 4477 4475 4472 4474
f 4478 4476 4475 4477
f 4481 4479 4476 4478
f 4482 4480 4479 4481
f 4485 4483 4480 4482
f 4486 4484 4483 4485
f 4489 4487 4484 4486
f 4490 4488 4487 4489
f 4493 4491 4488 4490
f 4494 4492 4491 4493
f 4497 4495 4492 4494
f 4498 4496 4495 4497
f 4501 4499 4496 4498
f 4502 4500 4499 4501
f 4505 4503 4500 4502
f 4506 4504 4503 4505
f 4509 4507 4504 4506
f 4510 4508 4507 4509
f 4513 4511 4508 4510
f 4514 4512 4511 4513
f 4517 4515 4512 4514
f 4518 4516 4515 4517
f 4521 4519 4516 4518
f 4522 4520 4519 4521
f 4525 4523 4520 4522
f 4526 4524 4523 4525
f 4529 4527 4524 4526
f 4530 4528 4527 4529
f 4533 4531 4528 4530
f 4534 4532 4531 4533
f 4537 4535 4532 4534
f 4538 4536 4535 4537
f 4541 4539 4536 4538
f 4542 4540 4539 4541
f 4545 4543 4540 4542
f 4546 4544 4543 4545
f 4549 4547 4544 4546
f 4550 4548 4547 4549
f 4553 4551 4548 4550
f 4554 4552 4551 4553
f 4557 4555 4552 4554
f 4558 4556 4555 4557
f 4561 4559 4556 4558
f 4562 4560 4559 4561
f 4565 4563 4560 4562
f 4566 4564 4563 4565
f 4569 4567 4564 4566
f 4570 4568 4567 4569
f 4573 4571 4568 4570
f 4574 4572 4571 4573
f 4577 4575 4572 4574
f 4578 4576 4575 4577
f 4581 4579 4576 4578
f 4582 4580 4579 4581
f 4584 4583 4580 4582
f 4460 4459 4583 4584
f 4593 4588 4585 4590
f 4585 4586 4587
f 4590 4585 4587
f 4590 4587 4591
f 4590 4592 4593
f 4595 4590 4597 4598
f 4590 4595 4592
f 4604 4601 4597 4602
f 4597 4599 4600
f 4602 4597 4600
f 4602 4603 4604
f 4605 4608 4607 4602
f 4610 4606 4602 4607
f 4607 4609 4610
f 4615 4614 4607 4613
f 4607 4612 4609
f 4612 4607 4614 4616
f 4621 4614 4619 4620
f 4614 4615 4617
f 4624 4627 4626 4619
f 4619 4623 4620
f 4619 4625 4623
f 4629 4632 4631 4626
f 4626 4628 4625
f 4619 4626 4625
f 4626 4630 4628
f 4634 4637 4636 4631
f 4631 4633 4630
f 4626 4631 4630
f 4638 4635 4631 4636
f 4645 4636 4643 4644
f 4636 4640 4641
f 4650 4654 4653 4649
f 4643 4646 4647
f 4643 4648 4644
f 4649 4643 4647
f 4649 4647 4650
f 4649 4651 4648
f 4643 4649 4648
f 4649 4652 4651
f 4656 4659 4658 4653
f 4653 4655 4652
f 4649 4653 4652
f 4653 4657 4655
f 4657 4653 4658 4660
f 4661 4664 4663 4658
f 4666 4662 4658 4663
f 4663 4665 4666
f 4670 4663 4668 4669
f 4586 4585 4668 4672
f 4663 4670 4665
f 4668 4671 4672
f 4668 4673 4669
f 4673 4668 4585 4589
f 4678 4674 4676 4677
f 4679 4675 4674 4678
f 4679 4682 4680 4675
f 4683 4681 4680 4682
f 4683 4278 4684 4681
f 4279 4685 4684 4278
f 4279 4689 4686 4685
f 4687 4688 4686
f 4692 4693 4690 4691
f 4686 4689 4687
f 4693 4688 4687 4690
f 4700 4698 4697 4699
f 4694 4696 4695
f 4700 4703 4701 4698
f 4704 4702 4701 4703
f 4704 4707 4705 4702
f 4708 4706 4705 4707
f 4714 4715 4712 4713
f 4709 4706 4708
f 4718 4714 4713 4716
f 4710 4712 4715
f 4712 4710 4711
f 4723 4720 4717 4719
f 4720 4721 4722
f 4727 4725 4724 4726
f 4720 4723 4721
f 4730 4728 4725 4727
f 4731 4729 4728 4730
f 4734 4732 4729 4731
f 4289 4733 4732 4734
f 4737 4735 4733 4289
f 4738 4736 4735 4737
f 4294 4743 4742 4744
f 4736 4739 4741
f 4736 4738 4739
f 4747 4745 4743 4294
f 4748 4746 4745 4747
f 4751 4749 4746 4748
f 4752 4750 4749 4751
f 4758 4756 4753 4755
f 4750 4293 4754
f 4750 4752 4293
f 4759 4757 4756 4758
f 4762 4760 4757 4759
f 4291 4761 4760 4762
f 4765 4763 4761 4291
f 4766 4764 4763 4765
f 4769 4767 4764 4766
f 4770 4768 4767 4769
f 4290 4771 4768 4770
f 4773 4772 4771 4290
f 4776 4774 4772 4773
f 4777 4775 4774 4776
f 4780 4778 4775 4777
f 4781 4779 4778 4780
f 4781 4784 4782 4779
f 4785 4783 4782 4784
f 4785 4788 4786 4783
f 4789 4787 4786 4788
f 4789 4791 4790 4787
f 4677 4676 4790 4791
f 4795 4792 4793 4794
f 4794 4793 4798 4800
f 4796 4792 4795
f 4792 4796 4797
f 4808 4806 4803 4805
f 4799 4802 4804
f 4799 4801 4802
f 4809 4807 4806 4808
f 4812 4810 4807 4809
f 4813 4811 4810 4812
f 4813 4816 4814 4811
f 4817 4815 4814 4816
f 4820 4818 4815 4817
f 4821 4819 4818 4820
f 4828 4826 4823 4825
f 4819 4822 4824
f 4822 4819 4821
f 4828 4829 4827 4826
f 4832 4830 4827 4829
f 4833 4831 4830 4832
f 4836 4834 4831 4833
f 4837 4835 4834 4836
f 4845 4849 4846 4843
f 4835 4838 4840
f 4835 4837 4838
f 4842 4844 4839
f 4842 4839 4841
f 4847 4848 4846
f 4852 4853 4851 4850
f 4847 4846 4849
f 4853 4856 4854 4851
f 4856 4857 4855 4854
f 4864 4862 4859 4861
f 4858 4860 4855
f 4858 4855 4857
f 4865 4863 4862 4864
f 4865 4868 4866 4863
f 4868 4869 4867 4866
f 4873 4876 4874 4871
f 4867 4870 4872
f 4870 4867 4869
f 4876 4877 4875 4874
f 4881 4884 4882 4879
f 4875 4878 4880
f 4878 4875 4877
f 4884 4885 4883 4882
f 4885 4888 4886 4883
f 4888 4889 4887 4886
f 4889 4892 4890 4887
f 4892 4893 4891 4890
f 4896 4894 4891 4893
f 4896 4897 4895 4894
f 4901 4904 4902 4899
f 4898 4900 4895
f 4898 4895 4897
f 4904 4905 4903 4902
f 4913 4910 4907 4909
f 4906 4908 4903
f 4906 4903 4905
f 4910 4911 4912
f 4916 4917 4915 4914
f 4911 4910 4913
f 4919 4918 4915 4917
f 4797 4796 4918 4919
f 3897 4921 4920 3899
f 4690 4282 4691
f 4696 4691 4282
f 4699 4695 4283
f 4709 4284 4711
f 4723 4288 4721
f 4726 4721 4288
f 4744 4740 4295
f 4739 4295 4740
f 4793 4792 4920 4921
f 4922 4920 4792 4797
f 4922 3895 3899 4920
f 3895 4922 4923 3903
f 4922 4797 4919 4923
f 4924 4923 4919 4917
f 3901 3903 4923 4924
f 3901 4924 4925 3907
f 4917 4916 4925 4924
f 4926 4925 4916 4911
f 4926 3905 3907 4925
f 3905 4926 4927 3911
f 4911 4913 4927 4926
f 4928 4927 4913 4909
f 3909 3911 4927 4928
f 3909 4928 4929 3915
f 4928 4909 4906 4929
f 4905 4930 4929 4906
f 3913 3915 4929 4930
f 3913 4930 4931 3919
f 4930 4905 4904 4931
f 4901 4932 4931 4904
f 3917 3919 4931 4932
f 3917 4932 4933 3923
f 4901 4898 4933 4932
f 4934 4933 4898 4897
f 3921 3923 4933 4934
f 3921 4934 4935 3927
f 4897 4896 4935 4934
f 4936 4935 4896 4893
f 3925 3927 4935 4936
f 3925 4936 4937 3931
f 4936 4893 4892 4937
f 4889 4938 4937 4892
f 3929 3931 4937 4938
f 3929 4938 4939 3935
f 4938 4889 4888 4939
f 4885 4940 4939 4888
f 3933 3935 4939 4940
f 3933 4940 4941 3939
f 4940 4885 4884 4941
f 4881 4942 4941 4884
f 3937 3939 4941 4942
f 3937 4942 4943 3943
f 4942 4881 4878 4943
f 4944 4943 4878 4877
f 3941 3943 4943 4944
f 3941 4944 4945 3947
f 4944 4877 4876 4945
f 4873 4946 4945 4876
f 3945 3947 4945 4946
f 4946 4947 3951 3945
f 4946 4873 4870 4947
f 4869 4948 4947 4870
f 3949 3951 4947 4948
f 3949 4948 4949 3955
f 4948 4869 4868 4949
f 4865 4950 4949 4868
f 3953 3955 4949 4950
f 4950 4951 3959 3953
f 4950 4865 4864 4951
f 4861 4952 4951 4864
f 3957 3959 4951 4952
f 3961 4954 4953 3963
f 4801 4798 4953 4954
f 4921 4953 4798 4793
f 3897 3963 4953 4921
f 3965 4956 4955 3967
f 4956 4805 4802 4955
f 4954 4955 4802 4801
f 3961 3967 4955 4954
f 3969 4958 4957 3971
f 4809 4808 4957 4958
f 4805 4956 4957 4808
f 3965 3971 4957 4956
f 3973 4960 4959 3975
f 4813 4812 4959 4960
f 4958 4959 4812 4809
f 4958 3969 3975 4959
f 3977 4962 4961 3979
f 4817 4816 4961 4962
f 4960 4961 4816 4813
f 3973 3979 4961 4960
f 3981 4964 4963 3983
f 4821 4820 4963 4964
f 4962 4963 4820 4817
f 4962 3977 3983 4963
f 4966 4965 3987 3985
f 4966 4825 4822 4965
f 4821 4964 4965 4822
f 3981 3987 4965 4964
f 3989 4968 4967 3991
f 4968 4829 4828 4967
f 4825 4966 4967 4828
f 3985 3991 4967 4966
f 3993 4970 4969 3995
f 4833 4832 4969 4970
f 4968 4969 4832 4829
f 3989 3995 4969 4968
f 4972 4971 3999 3997
f 4837 4836 4971 4972
f 4970 4971 4836 4833
f 3993 3999 4971 4970
f 4001 4974 4973 4003
f 4841 4838 4973 4974
f 4972 4973 4838 4837
f 3997 4003 4973 4972
f 4005 4976 4975 4007
f 4976 4845 4842 4975
f 4974 4975 4842 4841
f 4001 4007 4975 4974
f 4978 4977 4011 4009
f 4978 4847 4849 4977
f 4845 4976 4977 4849
f 4005 4011 4977 4976
f 4013 4980 4979 4015
f 4980 4853 4852 4979
f 4847 4978 4979 4852
f 4009 4015 4979 4978
f 4017 4982 4981 4019
f 4982 4857 4856 4981
f 4853 4980 4981 4856
f 4013 4019 4981 4980
f 3957 4952 4983 4021
f 4952 4861 4858 4983
f 4857 4982 4983 4858
f 4017 4021 4983 4982
f 4026 4985 4984 4027
f 4985 3898 3894 4984
f 4986 4984 3894 3896
f 4023 4027 4984 4986
f 4023 4986 4987 4028
f 4986 3896 3900 4987
f 4988 4987 3900 3902
f 4988 4029 4028 4987
f 4029 4988 4989 4035
f 4988 3902 3904 4989
f 4990 4989 3904 3906
f 4990 4033 4035 4989
f 4033 4990 4991 4039
f 4990 3906 3908 4991
f 4992 4991 3908 3910
f 4037 4039 4991 4992
f 4037 4992 4993 4040
f 4992 3910 3912 4993
f 4994 4993 3912 3914
f 4994 4041 4040 4993
f 4041 4994 4995 4047
f 4994 3914 3916 4995
f 4996 4995 3916 3918
f 4045 4047 4995 4996
f 4045 4996 4997 4051
f 4996 3918 3920 4997
f 4998 4997 3920 3922
f 4998 4049 4051 4997
f 4049 4998 4999 4054
f 4998 3922 3924 4999
f 5000 4999 3924 3926
f 4055 4054 4999 5000
f 4055 5000 5001 4059
f 5000 3926 3928 5001
f 5002 5001 3928 3930
f 5002 4057 4059 5001
f 4057 5002 5003 4063
f 3930 3932 5003 5002
f 5004 5003 3932 3934
f 4061 4063 5003 5004
f 5004 5005 4067 4061
f 5004 3934 3936 5005
f 5006 5005 3936 3938
f 4065 4067 5005 5006
f 5006 5007 4071 4065
f 5006 3938 3940 5007
f 5008 5007 3940 3942
f 4069 4071 5007 5008
f 5008 5009 4075 4069
f 5008 3942 3944 5009
f 5010 5009 3944 3946
f 4073 4075 5009 5010
f 4073 5010 5011 4079
f 5010 3946 3948 5011
f 5012 5011 3948 3950
f 4077 4079 5011 5012
f 5012 5013 4083 4077
f 5012 3950 3952 5013
f 5014 5013 3952 3954
f 4081 4083 5013 5014
f 4081 5014 5015 4087
f 5014 3954 3956 5015
f 5016 5015 3956 3958
f 4085 4087 5015 5016
f 4091 5018 5017 4088
f 5018 3962 3960 5017
f 4985 5017 3960 3898
f 4026 4088 5017 4985
f 4095 5020 5019 4092
f 5020 3966 3964 5019
f 5018 5019 3964 3962
f 5018 4091 4092 5019
f 5022 5021 4099 4097
f 5022 3970 3968 5021
f 5020 5021 3968 3966
f 4095 4099 5021 5020
f 5024 5023 4103 4101
f 5024 3974 3972 5023
f 3970 5022 5023 3972
f 4097 4103 5023 5022
f 5026 5025 4107 4105
f 5026 3978 3976 5025
f 5024 5025 3976 3974
f 5024 4101 4107 5025
f 4109 5028 5027 4111
f 5028 3982 3980 5027
f 5026 5027 3980 3978
f 4105 4111 5027 5026
f 5030 5029 4115 4114
f 5030 3986 3984 5029
f 3982 5028 5029 3984
f 4109 4115 5029 5028
f 4118 5032 5031 4119
f 5032 3990 3988 5031
f 5030 5031 3988 3986
f 4114 4119 5031 5030
f 5034 5033 4123 4121
f 5034 3994 3992 5033
f 5032 5033 3992 3990
f 4118 4123 5033 5032
f 4125 5036 5035 4127
f 5036 3998 3996 5035
f 5034 5035 3996 3994
f 4121 4127 5035 5034
f 5038 5037 4128 4131
f 5038 4002 4000 5037
f 5036 5037 4000 3998
f 4125 4128 5037 5036
f 5040 5039 4135 4133
f 5040 4006 4004 5039
f 5038 5039 4004 4002
f 4131 4135 5039 5038
f 4137 5042 5041 4139
f 5042 4010 4008 5041
f 5040 5041 4008 4006
f 5040 4133 4139 5041
f 4142 5044 5043 4143
f 5044 4014 4012 5043
f 5042 5043 4012 4010
f 5042 4137 4143 5043
f 4145 5046 5045 4147
f 4018 4016 5045 5046
f 5044 5045 4016 4014
f 4142 4147 5045 5044
f 4085 5016 5047 4149
f 5016 3958 4020 5047
f 5046 5047 4020 4018
f 5046 4145 4149 5047
f 4153 5049 5048 4155
f 5049 4025 4022 5048
f 4024 5050 5048 4022
f 4151 4155 5048 5050
f 5050 5051 4159 4151
f 5050 4024 4031 5051
f 4030 5052 5051 4031
f 4157 4159 5051 5052
f 5052 5053 4163 4157
f 5052 4030 4032 5053
f 4034 5054 5053 4032
f 4161 4163 5053 5054
f 5054 5055 4167 4161
f 5054 4034 4036 5055
f 4038 5056 5055 4036
f 4165 4167 5055 5056
f 4165 5056 5057 4171
f 4038 4043 5057 5056
f 5058 5057 4043 4042
f 5058 4169 4171 5057
f 4169 5058 5059 4175
f 4042 4044 5059 5058
f 5060 5059 4044 4046
f 4173 4175 5059 5060
f 4173 5060 5061 4179
f 4046 4048 5061 5060
f 5062 5061 4048 4050
f 4177 4179 5061 5062
f 4177 5062 5063 4183
f 4050 4052 5063 5062
f 5064 5063 4052 4053
f 4181 4183 5063 5064
f 4181 5064 5065 4187
f 5064 4053 4056 5065
f 4058 5066 5065 4056
f 4185 4187 5065 5066
f 4185 5066 5067 4191
f 4058 4060 5067 5066
f 4062 5068 5067 4060
f 4189 4191 5067 5068
f 4189 5068 5069 4195
f 5068 4062 4064 5069
f 5070 5069 4064 4066
f 4193 4195 5069 5070
f 4193 5070 5071 4199
f 4066 4068 5071 5070
f 5072 5071 4068 4070
f 4197 4199 5071 5072
f 4197 5072 5073 4203
f 4070 4072 5073 5072
f 5074 5073 4072 4074
f 4201 4203 5073 5074
f 4201 5074 5075 4207
f 5074 4074 4076 5075
f 5076 5075 4076 4078
f 5076 4205 4207 5075
f 4205 5076 5077 4211
f 5076 4078 4080 5077
f 5078 5077 4080 4082
f 4209 4211 5077 5078
f 4209 5078 5079 4215
f 4082 4084 5079 5078
f 5080 5079 4084 4086
f 4213 4215 5079 5080
f 4217 5082 5081 4219
f 5082 4090 4089 5081
f 5049 5081 4089 4025
f 4153 4219 5081 5049
f 4221 5084 5083 4223
f 5084 4094 4093 5083
f 4090 5082 5083 4093
f 4217 4223 5083 5082
f 5086 5085 4227 4225
f 5086 4098 4096 5085
f 4094 5084 5085 4096
f 4221 4227 5085 5084
f 4229 5088 5087 4231
f 5088 4102 4100 5087
f 4098 5086 5087 4100
f 4225 4231 5087 5086
f 4233 5090 5089 4235
f 5090 4106 4104 5089
f 4102 5088 5089 4104
f 4229 4235 5089 5088
f 4237 5092 5091 4239
f 5092 4110 4108 5091
f 4106 5090 5091 4108
f 4233 4239 5091 5090
f 4241 5094 5093 4243
f 5094 4113 4112 5093
f 5092 5093 4112 4110
f 4237 4243 5093 5092
f 4245 5096 5095 4247
f 4117 4116 5095 5096
f 4113 5094 5095 4116
f 4241 4247 5095 5094
f 4249 5098 5097 4251
f 4122 4120 5097 5098
f 5096 5097 4120 4117
f 4245 4251 5097 5096
f 4253 5100 5099 4255
f 5100 4126 4124 5099
f 4122 5098 5099 4124
f 4249 4255 5099 5098
f 5102 5101 4259 4257
f 5102 4130 4129 5101
f 5100 5101 4129 4126
f 4253 4259 5101 5100
f 4261 5104 5103 4263
f 5104 4134 4132 5103
f 4130 5102 5103 4132
f 4257 4263 5103 5102
f 4265 5106 5105 4267
f 5106 4138 4136 5105
f 4134 5104 5105 4136
f 4261 4267 5105 5104
f 4269 5108 5107 4271
f 4141 4140 5107 5108
f 5106 5107 4140 4138
f 5106 4265 4271 5107
f 4273 5110 5109 4275
f 4146 4144 5109 5110
f 5108 5109 4144 4141
f 4269 4275 5109 5108
f 4213 5080 5111 4277
f 4086 4148 5111 5080
f 5110 5111 4148 4146
f 5110 4273 4277 5111
f 4363 5113 5112 4361
f 4154 4150 5112 5113
f 5114 5112 4150 4152
f 5114 4364 4361 5112
f 4364 5114 5115 4366
f 5114 4152 4156 5115
f 5116 5115 4156 4158
f 4367 4366 5115 5116
f 5116 5117 4369 4367
f 5116 4158 4160 5117
f 5118 5117 4160 4162
f 4370 4369 5117 5118
f 5118 5119 4371 4370
f 5118 4162 4164 5119
f 5120 5119 4164 4166
f 4372 4371 5119 5120
f 4372 5120 5121 4374
f 5120 4166 4168 5121
f 5122 5121 4168 4170
f 4375 4374 5121 5122
f 5122 5123 4378 4375
f 5122 4170 4172 5123
f 5124 5123 4172 4174
f 4379 4378 5123 5124
f 5124 5125 4381 4379
f 5124 4174 4176 5125
f 5126 5125 4176 4178
f 5126 4382 4381 5125
f 4382 5126 5127 4384
f 4178 4180 5127 5126
f 5128 5127 4180 4182
f 5128 4385 4384 5127
f 5128 5129 4388 4385
f 5128 4182 4184 5129
f 4186 5130 5129 4184
f 4389 4388 5129 5130
f 5130 5131 4391 4389
f 5130 4186 4188 5131
f 4190 5132 5131 4188
f 4392 4391 5131 5132
f 4392 5132 5133 4394
f 5132 4190 4192 5133
f 5134 5133 4192 4194
f 5134 4395 4394 5133
f 4395 5134 5135 4397
f 5134 4194 4196 5135
f 5136 5135 4196 4198
f 4398 4397 5135 5136
f 5136 5137 4401 4398
f 5136 4198 4200 5137
f 5138 5137 4200 4202
f 5138 4402 4401 5137
f 4402 5138 5139 4404
f 5138 4202 4204 5139
f 4206 5140 5139 4204
f 4405 4404 5139 5140
f 4405 5140 5141 4406
f 5140 4206 4208 5141
f 4210 5142 5141 4208
f 4407 4406 5141 5142
f 5142 5143 4409 4407
f 5142 4210 4212 5143
f 4214 5144 5143 4212
f 4410 4409 5143 5144
f 4454 5146 5145 4456
f 5146 4218 4216 5145
f 5113 5145 4216 4154
f 5113 4363 4456 5145
f 4452 5148 5147 4453
f 5148 4222 4220 5147
f 5146 5147 4220 4218
f 5146 4454 4453 5147
f 4449 5150 5149 4451
f 4226 4224 5149 5150
f 5148 5149 4224 4222
f 5148 4452 4451 5149
f 4445 5152 5151 4448
f 5152 4230 4228 5151
f 5150 5151 4228 4226
f 4449 4448 5151 5150
f 4443 5154 5153 4444
f 5154 4234 4232 5153
f 4230 5152 5153 4232
f 5152 4445 4444 5153
f 4440 5156 5155 4442
f 4238 4236 5155 5156
f 5154 5155 4236 4234
f 5154 4443 4442 5155
f 5158 5157 4439 4437
f 5158 4242 4240 5157
f 5156 5157 4240 4238
f 5156 4440 4439 5157
f 5160 5159 4436 4433
f 5160 4246 4244 5159
f 4242 5158 5159 4244
f 4437 4436 5159 5158
f 4429 5162 5161 4432
f 4250 4248 5161 5162
f 5160 5161 4248 4246
f 5160 4433 4432 5161
f 4426 5164 5163 4428
f 4254 4252 5163 5164
f 5162 5163 4252 4250
f 5162 4429 4428 5163
f 5166 5165 4425 4424
f 5166 4258 4256 5165
f 5164 5165 4256 4254
f 5164 4426 4425 5165
f 5168 5167 4423 4422
f 5168 4262 4260 5167
f 5166 5167 4260 4258
f 4424 4423 5167 5166
f 4419 5170 5169 4421
f 5170 4266 4264 5169
f 5168 5169 4264 4262
f 5168 4422 4421 5169
f 5172 5171 4418 4416
f 5172 4270 4268 5171
f 4266 5170 5171 4268
f 4419 4418 5171 5170
f 5174 5173 4415 4414
f 5174 4274 4272 5173
f 5172 5173 4272 4270
f 4416 4415 5173 5172
f 5144 5175 4413 4410
f 5144 4214 4276 5175
f 4274 5174 5175 4276
f 4414 4413 5175 5174
f 5178 5179 5176 5177
f 4299 4297 5176 5179
f 5180 5176 4297 4298
f 5180 5181 5177 5176
f 5185 5182 5183 5184
f 5185 4301 4300 5182
f 5179 5182 4300 4299
f 5178 5183 5182 5179
f 5189 5186 5187 5188
f 5189 4303 4302 5186
f 4301 5185 5186 4302
f 5184 5187 5186 5185
f 5193 5190 5191 5192
f 5193 4305 4304 5190
f 5189 5190 4304 4303
f 5188 5191 5190 5189
f 5197 5194 5195 5196
f 5197 4307 4306 5194
f 5193 5194 4306 4305
f 5193 5192 5195 5194
f 5200 5201 5198 5199
f 5201 4309 4308 5198
f 5197 5198 4308 4307
f 5197 5196 5199 5198
f 5204 5205 5202 5203
f 5205 4311 4310 5202
f 5201 5202 4310 4309
f 5200 5203 5202 5201
f 5208 5209 5206 5207
f 5209 4313 4312 5206
f 4311 5205 5206 4312
f 5205 5204 5207 5206
f 5213 5210 5211 5212
f 5213 4315 4314 5210
f 5209 5210 4314 4313
f 5208 5211 5210 5209
f 5216 5217 5214 5215
f 5217 4317 4316 5214
f 5213 5214 4316 4315
f 5212 5215 5214 5213
f 5221 5218 5219 5220
f 5221 4319 4318 5218
f 5217 5218 4318 4317
f 5216 5219 5218 5217
f 5224 5225 5222 5223
f 4321 4320 5222 5225
f 5221 5222 4320 4319
f 5221 5220 5223 5222
f 5228 5229 5226 5227
f 5229 4323 4322 5226
f 5225 5226 4322 4321
f 5225 5224 5227 5226
f 5233 5230 5231 5232
f 5233 4325 4324 5230
f 4323 5229 5230 4324
f 5228 5231 5230 5229
f 5236 5237 5234 5235
f 5237 4327 4326 5234
f 5233 5234 4326 4325
f 5233 5232 5235 5234
f 5241 5238 5239 5240
f 5241 4329 4328 5238
f 4327 5237 5238 4328
f 5236 5239 5238 5237
f 5245 5242 5243 5244
f 5245 4331 4330 5242
f 5241 5242 4330 4329
f 5240 5243 5242 5241
f 5249 5246 5247 5248
f 5249 4333 4332 5246
f 4331 5245 5246 4332
f 5244 5247 5246 5245
f 5253 5250 5251 5252
f 5253 4335 4334 5250
f 5249 5250 4334 4333
f 5248 5251 5250 5249
f 5256 5257 5254 5255
f 5257 4337 4336 5254
f 4335 5253 5254 4336
f 5253 5252 5255 5254
f 5261 5258 5259 5260
f 5261 4339 4338 5258
f 5257 5258 4338 4337
f 5256 5259 5258 5257
f 5265 5262 5263 5264
f 5265 4341 4340 5262
f 5261 5262 4340 4339
f 5261 5260 5263 5262
f 5268 5269 5266 5267
f 4343 4342 5266 5269
f 5265 5266 4342 4341
f 5264 5267 5266 5265
f 5272 5273 5270 5271
f 5273 4345 4344 5270
f 5269 5270 4344 4343
f 5269 5268 5271 5270
f 5277 5274 5275 5276
f 4347 4346 5274 5277
f 5273 5274 4346 4345
f 5272 5275 5274 5273
f 5280 5281 5278 5279
f 5281 4349 4348 5278
f 4347 5277 5278 4348
f 5276 5279 5278 5277
f 5285 5282 5283 5284
f 5285 4351 4350 5282
f 5281 5282 4350 4349
f 5281 5280 5283 5282
f 5289 5286 5287 5288
f 5289 4353 4352 5286
f 5285 5286 4352 4351
f 5284 5287 5286 5285
f 5293 5290 5291 5292
f 5293 4355 4354 5290
f 5289 5290 4354 4353
f 5288 5291 5290 5289
f 5297 5294 5295 5296
f 5297 4357 4356 5294
f 5293 5294 4356 4355
f 5292 5295 5294 5293
f 5301 5298 5299 5300
f 5301 4359 4358 5298
f 5297 5298 4358 4357
f 5296 5299 5298 5297
f 5181 5180 5302 5303
f 5180 4298 4360 5302
f 5301 5302 4360 4359
f 5300 5303 5302 5301
f 5305 5304 4457 4458
f 4589 4588 5304 5305
f 4459 4457 5304 5306
f 5308 5307 4463 4464
f 4589 5305 5307 4673
f 5307 5308 4673
f 4458 4463 5307 5305
f 5310 5309 4467 4468
f 4673 5308 5309 4669
f 5309 5310 4669
f 4464 4467 5309 5308
f 4472 5312 5311 4471
f 4665 4670 5311 5312
f 5310 5311 4670 4669
f 5310 4468 4471 5311
f 5314 5313 4475 4476
f 5314 4662 4666 5313
f 4665 5312 5313 4666
f 4472 4475 5313 5312
f 5316 5315 4479 4480
f 5316 4660 4662 5315
f 4476 4479 5315 5314
f 5318 5317 4483 4484
f 4657 4660 5317 5318
f 4480 4483 5317 5316
f 5320 5319 4487 4488
f 4657 5318 5319 4655
f 5319 5320 4655
f 4484 4487 5319 5318
f 5322 5321 4491 4492
f 4655 5320 5321 4652
f 5321 5322 4652
f 4488 4491 5321 5320
f 5324 5323 4495 4496
f 4652 5322 5323 4651
f 5323 5324 4651
f 4492 4495 5323 5322
f 5326 5325 4499 4500
f 4651 5324 5325 4648
f 5325 5326 4648
f 4496 4499 5325 5324
f 4504 5328 5327 4503
f 5326 5327 4644 4648
f 5327 5328 4644
f 5326 4500 4503 5327
f 5330 5329 4507 4508
f 4640 4645 5329 5330
f 5328 5329 4645 4644
f 4504 4507 5329 5328
f 4512 5332 5331 4511
f 5332 4638 4641 5331
f 4640 5330 5331 4641
f 5330 4508 4511 5331
f 5334 5333 4515 4516
f 5334 4635 4638 5333
f 4512 4515 5333 5332
f 4520 5336 5335 4519
f 4633 4635 5335 5336
f 5334 4516 4519 5335
f 4524 5338 5337 4523
f 4633 5336 5337 4630
f 5337 5338 4630
f 5336 4520 4523 5337
f 4528 5340 5339 4527
f 4630 5338 5339 4628
f 5339 5340 4628
f 5338 4524 4527 5339
f 4532 5342 5341 4531
f 5340 5341 4625 4628
f 5341 5342 4625
f 5340 4528 4531 5341
f 4536 5344 5343 4535
f 5342 5343 4623 4625
f 5343 5344 4623
f 5342 4532 4535 5343
f 4540 5346 5345 4539
f 5344 5345 4620 4623
f 5345 5346 4620
f 5344 4536 4539 5345
f 4544 5348 5347 4543
f 4618 4621 5347 5348
f 5346 5347 4621 4620
f 5346 4540 4543 5347
f 5350 5349 4547 4548
f 4616 4618 5349 5350
f 4544 4547 5349 5348
f 4552 5352 5351 4551
f 4616 5350 5351 4612
f 5351 5352 4612
f 5350 4548 4551 5351
f 4556 5354 5353 4555
f 4612 5352 5353 4609
f 5353 5354 4609
f 5352 4552 4555 5353
f 4560 5356 5355 4559
f 4606 4610 5355 5356
f 4609 5354 5355 4610
f 5354 4556 4559 5355
f 4564 5358 5357 4563
f 4603 4606 5357 5358
f 5356 4560 4563 5357
f 4568 5360 5359 4567
f 5360 4601 4604 5359
f 4603 5358 5359 4604
f 4564 4567 5359 5358
f 5362 5361 4571 4572
f 4598 4601 5361 5362
f 4568 4571 5361 5360
f 4576 5364 5363 4575
f 4598 5362 5363 4595
f 5363 5364 4595
f 4572 4575 5363 5362
f 4580 5366 5365 4579
f 4595 5364 5365 4592
f 5365 5366 4592
f 4576 4579 5365 5364
f 5306 5367 4583 4459
f 5306 4588 4593 5367
f 4592 5366 5367 4593
f 5366 4580 4583 5367
f 5371 5370 5368 5369
f 5372 5373 5368 5370
f 4587 4586 5368 5373
f 5373 5372 5375 5374
f 5376 5377 5374 5375
f 4591 4587 5374 5377
f 5377 5378 4594 4591
f 5376 5379 5378 5377
f 5380 5381 5378 5379
f 4594 5381 5382 4596
f 4594 5378 5381
f 5380 5383 5382 5381
f 5384 5385 5382 5383
f 5385 5386 4599 4596
f 4596 5382 5385
f 5385 5384 5387 5386
f 5388 5389 5386 5387
f 5389 4600 4599 5386
f 5389 5388 5391 5390
f 5392 5393 5390 5391
f 5393 5394 4605 4600
f 5390 5393 4600
f 5393 5392 5395 5394
f 5396 5397 5394 5395
f 4605 5397 5398 4608
f 4605 5394 5397
f 5396 5399 5398 5397
f 5400 5401 5398 5399
f 4608 5401 5402 4611
f 4608 5398 5401
f 5400 5403 5402 5401
f 5404 5405 5402 5403
f 5405 5406 4613 4611
f 4611 5402 5405
f 5404 5407 5406 5405
f 5409 5406 5407 5408
f 5409 4615 4613 5406
f 5408 5411 5410 5409
f 5413 5410 5411 5412
f 5413 4617 4615 5410
f 5412 5415 5414 5413
f 5416 5417 5414 5415
f 5417 5418 4622 4617
f 5414 5417 4617
f 5416 5419 5418 5417
f 5420 5421 5418 5419
f 5421 5422 4624 4622
f 4622 5418 5421
f 5420 5423 5422 5421
f 5425 5422 5423 5424
f 4624 5425 5426 4627
f 4624 5422 5425
f 5424 5427 5426 5425
f 5428 5429 5426 5427
f 5429 5430 4629 4627
f 4627 5426 5429
f 5428 5431 5430 5429
f 5432 5433 5430 5431
f 4629 5433 5434 4632
f 4629 5430 5433
f 5432 5435 5434 5433
f 5436 5437 5434 5435
f 5437 5438 4634 4632
f 4632 5434 5437
f 5436 5439 5438 5437
f 5441 5438 5439 5440
f 4634 5441 5442 4637
f 4634 5438 5441
f 5440 5443 5442 5441
f 5445 5442 5443 5444
f 5445 5446 4639 4637
f 4637 5442 5445
f 5444 5447 5446 5445
f 5448 5449 5446 5447
f 4639 5449 5450 4642
f 5446 5449 4639
f 5448 5451 5450 5449
f 5452 5453 5450 5451
f 5453 5454 4646 4642
f 4642 5450 5453
f 5453 5452 5455 5454
f 5456 5457 5454 5455
f 5457 4647 4646 5454
f 5456 5459 5458 5457
f 5460 5461 5458 5459
f 5461 4650 4647 5458
f 5460 5463 5462 5461
f 5464 5465 5462 5463
f 5465 5466 4654 4650
f 5462 5465 4650
f 5464 5467 5466 5465
f 5468 5469 5466 5467
f 5469 5470 4656 4654
f 4654 5466 5469
f 5468 5471 5470 5469
f 5472 5473 5470 5471
f 5473 5474 4659 4656
f 4656 5470 5473
f 5472 5475 5474 5473
f 5476 5477 5474 5475
f 5477 5478 4661 4659
f 4659 5474 5477
f 5476 5479 5478 5477
f 5481 5478 5479 5480
f 5481 5482 4664 4661
f 4661 5478 5481
f 5480 5483 5482 5481
f 5484 5485 5482 5483
f 4664 5485 5486 4667
f 4664 5482 5485
f 5484 5487 5486 5485
f 5488 5489 5486 5487
f 5489 5490 4671 4667
f 4667 5486 5489
f 5489 5488 5491 5490
f 5492 5493 5490 5491
f 5493 4672 4671 5490
f 5492 5495 5494 5493
f 5371 5369 5494 5495
f 4586 4672 5494 5369
f 4675 5497 5496 4674
f 3744 3743 5496 5497
f 3742 5498 5496 3743
f 5498 4676 4674 5496
f 5500 5499 4680 4681
f 5500 3748 3747 5499
f 3744 5497 5499 3747
f 4675 4680 5499 5497
f 4685 5502 5501 4684
f 3753 3752 5501 5502
f 3748 5500 5501 3752
f 4681 4684 5501 5500
f 4688 5504 5503 4686
f 3758 3757 5503 5504
f 5502 5503 3757 3753
f 4685 4686 5503 5502
f 4692 5506 5505 4693
f 5506 3763 3762 5505
f 3758 5504 5505 3762
f 5504 4688 4693 5505
f 5508 5507 4694 4695
f 5508 3768 3767 5507
f 5506 5507 3767 3763
f 4692 4694 5507 5506
f 5510 5509 4697 4698
f 5510 3773 3772 5509
f 3768 5508 5509 3772
f 4695 4697 5509 5508
f 4702 5512 5511 4701
f 3778 3777 5511 5512
f 3773 5510 5511 3777
f 5510 4698 4701 5511
f 5514 5513 4705 4706
f 5514 3784 3783 5513
f 3778 5512 5513 3783
f 4702 4705 5513 5512
f 4710 5516 5515 4709
f 5516 3788 3787 5515
f 3784 5514 5515 3787
f 5514 4706 4709 5515
f 4714 5518 5517 4715
f 5518 3793 3792 5517
f 3788 5516 5517 3792
f 5516 4710 4715 5517
f 5520 5519 4718 4717
f 5520 3798 3797 5519
f 3793 5518 5519 3797
f 4714 4718 5519 5518
f 4722 5522 5521 4720
f 3803 3802 5521 5522
f 3798 5520 5521 3802
f 4717 4720 5521 5520
f 4725 5524 5523 4724
f 5524 3808 3807 5523
f 3803 5522 5523 3807
f 5522 4722 4724 5523
f 5526 5525 4728 4729
f 5526 3812 3811 5525
f 5524 5525 3811 3808
f 5524 4725 4728 5525
f 5528 5527 4732 4733
f 3817 3816 5527 5528
f 3812 5526 5527 3816
f 4729 4732 5527 5526
f 5530 5529 4735 4736
f 5530 3890 3893 5529
f 3817 5528 5529 3893
f 4733 4735 5529 5528
f 4740 5532 5531 4741
f 5532 3886 3889 5531
f 5530 5531 3889 3890
f 5530 4736 4741 5531
f 5534 5533 4742 4743
f 5534 3881 3885 5533
f 3886 5532 5533 3885
f 5532 4740 4742 5533
f 4746 5536 5535 4745
f 3876 3880 5535 5536
f 3881 5534 5535 3880
f 4743 4745 5535 5534
f 4750 5538 5537 4749
f 3871 3875 5537 5538
f 5536 5537 3875 3876
f 5536 4746 4749 5537
f 5540 5539 4754 4753
f 3866 3870 5539 5540
f 5538 5539 3870 3871
f 5538 4750 4754 5539
f 5542 5541 4756 4757
f 5542 3861 3865 5541
f 3866 5540 5541 3865
f 4753 4756 5541 5540
f 4761 5544 5543 4760
f 3856 3860 5543 5544
f 5542 5543 3860 3861
f 5542 4757 4760 5543
f 5546 5545 4763 4764
f 3851 3855 5545 5546
f 5544 5545 3855 3856
f 4761 4763 5545 5544
f 4768 5548 5547 4767
f 3847 3850 5547 5548
f 5546 5547 3850 3851
f 5546 4764 4767 5547
f 5550 5549 4771 4772
f 5550 3842 3846 5549
f 5548 5549 3846 3847
f 4768 4771 5549 5548
f 5552 5551 4774 4775
f 3837 3841 5551 5552
f 3842 5550 5551 3841
f 4772 4774 5551 5550
f 5554 5553 4778 4779
f 5554 3832 3836 5553
f 3837 5552 5553 3836
f 4775 4778 5553 5552
f 4783 5556 5555 4782
f 3827 3831 5555 5556
f 5554 5555 3831 3832
f 4779 4782 5555 5554
f 5558 5557 4786 4787
f 3823 3826 5557 5558
f 5556 5557 3826 3827
f 4783 4786 5557 5556
f 4676 5498 5559 4790
f 3742 3822 5559 5498
f 5558 5559 3822 3823
f 5558 4787 4790 5559
f 4794 5561 5560 4795
f 5561 3741 3740 5560
f 5562 5560 3740 3739
f 5562 4796 4795 5560
f 5564 5563 4800 4799
f 5564 3820 3819 5563
f 5561 5563 3819 3741
f 4794 4800 5563 5561
f 4803 5566 5565 4804
f 5566 3825 3824 5565
f 5564 5565 3824 3820
f 5564 4799 4804 5565
f 5568 5567 4806 4807
f 3830 3829 5567 5568
f 5566 5567 3829 3825
f 4803 4806 5567 5566
f 4811 5570 5569 4810
f 3835 3834 5569 5570
f 5568 5569 3834 3830
f 5568 4807 4810 5569
f 4815 5572 5571 4814
f 3840 3839 5571 5572
f 5570 5571 3839 3835
f 5570 4811 4814 5571
f 4819 5574 5573 4818
f 3844 3843 5573 5574
f 5572 5573 3843 3840
f 5572 4815 4818 5573
f 4823 5576 5575 4824
f 5576 3849 3848 5575
f 3844 5574 5575 3848
f 5574 4819 4824 5575
f 5578 5577 4826 4827
f 5578 3854 3853 5577
f 3849 5576 5577 3853
f 4823 4826 5577 5576
f 4831 5580 5579 4830
f 5580 3859 3858 5579
f 3854 5578 5579 3858
f 5578 4827 4830 5579
f 5582 5581 4834 4835
f 5582 3863 3862 5581
f 3859 5580 5581 3862
f 4831 4834 5581 5580
f 5584 5583 4840 4839
f 3869 3868 5583 5584
f 5582 5583 3868 3863
f 4835 4840 5583 5582
f 4843 5586 5585 4844
f 5586 3874 3873 5585
f 3869 5584 5585 3873
f 5584 4839 4844 5585
f 5588 5587 4846 4848
f 5588 3879 3878 5587
f 5586 5587 3878 3874
f 4843 4846 5587 5586
f 5590 5589 4850 4851
f 5590 3883 3882 5589
f 3879 5588 5589 3882
f 4848 4850 5589 5588
f 4855 5592 5591 4854
f 3888 3887 5591 5592
f 5590 5591 3887 3883
f 5590 4851 4854 5591
f 5594 5593 4860 4859
f 5594 3814 3892 5593
f 5592 5593 3892 3888
f 4855 4860 5593 5592
f 5596 5595 4862 4863
f 5596 3809 3815 5595
f 5594 5595 3815 3814
f 4859 4862 5595 5594
f 4867 5598 5597 4866
f 3805 3810 5597 5598
f 5596 5597 3810 3809
f 4863 4866 5597 5596
f 4871 5600 5599 4872
f 5600 3800 3806 5599
f 5598 5599 3806 3805
f 5598 4867 4872 5599
f 4875 5602 5601 4874
f 5602 3795 3801 5601
f 5600 5601 3801 3800
f 5600 4871 4874 5601
f 5604 5603 4880 4879
f 3790 3796 5603 5604
f 3795 5602 5603 3796
f 4875 4880 5603 5602
f 5606 5605 4882 4883
f 5606 3785 3791 5605
f 3790 5604 5605 3791
f 4879 4882 5605 5604
f 4887 5608 5607 4886
f 3781 3786 5607 5608
f 5606 5607 3786 3785
f 5606 4883 4886 5607
f 5610 5609 4890 4891
f 3775 3782 5609 5610
f 5608 5609 3782 3781
f 4887 4890 5609 5608
f 4895 5612 5611 4894
f 3770 3776 5611 5612
f 5610 5611 3776 3775
f 5610 4891 4894 5611
f 5614 5613 4900 4899
f 3765 3771 5613 5614
f 5612 5613 3771 3770
f 4895 4900 5613 5612
f 5616 5615 4902 4903
f 5616 3760 3766 5615
f 3765 5614 5615 3766
f 4899 4902 5615 5614
f 5618 5617 4908 4907
f 5618 3755 3761 5617
f 3760 5616 5617 3761
f 4903 4908 5617 5616
f 4912 5620 5619 4910
f 5620 3750 3756 5619
f 5618 5619 3756 3755
f 4907 4910 5619 5618
f 5622 5621 4914 4915
f 5622 3745 3751 5621
f 5620 5621 3751 3750
f 5620 4912 4914 5621
f 4796 5562 5623 4918
f 5562 3739 3746 5623
f 3745 5622 5623 3746
f 4915 4918 5623 5622
f 5628 5624 5626 5627
f 5629 5625 5624 5628
f 5633 5634 5630 5632
f 5634 5635 5631 5630
f 5637 5639 5638 5636
f 5641 5636 5638 5640
f 5651 5650 5648 5649
f 5645 5646 5647
f 5653 5648 5650 5652
f 5655 5657 5656 5654
f 5658 5659 5654 5656
f 5661 5663 5662 5660
f 5665 5660 5662 5664
f 5675 5672 5673 5674
f 5666 5667 5668
f 5633 5632 5672 5675
f 5658 5678 5676 5659
f 5678 5679 5677 5676
f 5681 5683 5682 5680
f 5685 5680 5682 5684
f 5629 5693 5692 5625
f 5689 5690 5691
f 5695 5692 5693 5694
f 5697 5699 5698 5696
f 5651 5649 5696 5698
f 5701 5703 5702 5700
f 5705 5700 5702 5704
f 5716 5715 5712 5714
f 5706 5707 5708
f 5718 5721 5712 5717
f 5715 5717 5712
f 5718 5719 5720
f 5721 5718 5720
f 5729 5728 5717 5727
f 5722 5723 5724
f 5723 5726 5724
f 5719 5718 5730 5732
f 5715 5735 5737 5717
f 5718 5717 5730
f 5728 5729 5733
f 5734 5728 5733
f 5730 5717 5728
f 5735 5715 5736
f 5726 5723 5737 5739
f 5715 5716 5736
f 5641 5742 5740 5741
f 5723 5717 5737
f 5742 5642 5743 5740
f 5626 5744 5740 5743
f 5713 5741 5740 5744
f 5720 5747 5745 5746
f 5631 5748 5745 5747
f 5749 5745 5748 5645
f 5637 5746 5745 5749
f 5661 5752 5750 5751
f 5724 5753 5750 5752
f 5653 5754 5750 5753
f 5754 5666 5751 5750
f 5655 5757 5755 5756
f 5725 5758 5755 5757
f 5665 5759 5755 5758
f 5759 5669 5756 5755
f 5685 5762 5760 5761
f 5762 5686 5763 5760
f 5673 5764 5760 5763
f 5731 5761 5760 5764
f 5733 5767 5765 5766
f 5677 5768 5765 5767
f 5769 5765 5768 5689
f 5681 5766 5765 5769
f 5701 5772 5770 5771
f 5736 5773 5770 5772
f 5695 5774 5770 5773
f 5774 5706 5771 5770
f 5777 5775 5776 5709
f 5697 5778 5775 5777
f 5738 5779 5775 5778
f 5705 5776 5775 5779
f 5744 5780 5714 5713
f 5744 5626 5624 5780
f 5625 5781 5780 5624
f 5781 5716 5714 5780
f 5632 5630 5782 5783
f 5747 5782 5630 5631
f 5747 5720 5719 5782
f 5784 5743 5642 5643
f 5627 5626 5743 5784
f 5640 5786 5742 5641
f 5785 5631 5635
f 5631 5785 5748
f 5786 5644 5642 5742
f 5746 5787 5721 5720
f 5746 5637 5636 5787
f 5741 5787 5636 5641
f 5741 5713 5721 5787
f 5788 5749 5645 5647
f 5639 5637 5749 5788
f 5752 5789 5722 5724
f 5752 5661 5660 5789
f 5758 5789 5660 5665
f 5758 5725 5722 5789
f 5649 5648 5790 5791
f 5753 5790 5648 5653
f 5753 5724 5726 5790
f 5757 5792 5727 5725
f 5757 5655 5654 5792
f 5659 5793 5792 5654
f 5793 5729 5727 5792
f 5795 5756 5669 5670
f 5794 5653 5652
f 5653 5794 5754
f 5657 5655 5756 5795
f 5664 5796 5759 5665
f 5796 5671 5669 5759
f 5797 5751 5666 5668
f 5663 5661 5751 5797
f 5764 5798 5732 5731
f 5764 5673 5672 5798
f 5632 5783 5798 5672
f 5783 5719 5732 5798
f 5659 5676 5799 5793
f 5767 5799 5676 5677
f 5767 5733 5729 5799
f 5800 5763 5686 5687
f 5674 5673 5763 5800
f 5684 5802 5762 5685
f 5801 5677 5679
f 5677 5801 5768
f 5802 5688 5686 5762
f 5766 5803 5734 5733
f 5766 5681 5680 5803
f 5761 5803 5680 5685
f 5761 5731 5734 5803
f 5804 5769 5689 5691
f 5683 5681 5769 5804
f 5772 5805 5735 5736
f 5772 5701 5700 5805
f 5779 5805 5700 5705
f 5779 5738 5735 5805
f 5625 5692 5806 5781
f 5773 5806 5692 5695
f 5773 5736 5716 5806
f 5778 5807 5739 5738
f 5778 5697 5696 5807
f 5649 5791 5807 5696
f 5791 5726 5739 5807
f 5809 5777 5709 5710
f 5808 5695 5694
f 5695 5808 5774
f 5699 5697 5777 5809
f 5704 5810 5776 5705
f 5810 5711 5709 5776
f 5811 5771 5706 5708
f 5703 5701 5771 5811
f 5815 5816 5813 5812
f 5819 5820 5817 5818
f 5820 5822 5821 5817
f 5823 5824 5817 5821
f 5824 5825 5818 5817
f 5828 5829 5826 5827
f 5829 5831 5830 5826
f 5832 5833 5826 5830
f 5833 5834 5827 5826
f 5842 5843 5840 5841
f 5835 5837 5838
f 5843 5845 5844 5840
f 5846 5847 5840 5844
f 5847 5848 5841 5840
f 5851 5852 5849 5850
f 5852 5854 5853 5849
f 5855 5856 5849 5853
f 5856 5857 5850 5849
f 5861 5862 5859 5858
f 5865 5866 5863 5864
f 5866 5868 5867 5863
f 5869 5870 5863 5867
f 5870 5871 5864 5863
f 5874 5875 5872 5873
f 5875 5877 5876 5872
f 5878 5879 5872 5876
f 5879 5880 5873 5872
f 5884 5885 5882 5881
f 5888 5889 5886 5887
f 5889 5891 5890 5886
f 5892 5893 5886 5890
f 5893 5894 5887 5886
f 5897 5898 5895 5896
f 5898 5900 5899 5895
f 5901 5902 5895 5899
f 5902 5903 5896 5895
f 5924 5925 5921 5923
f 5904 5907 5905
f 5910 5911 5908
f 5913 5916 5914
f 5917 5920 5918
f 5921 5922 5814
f 5923 5921 5814
f 5925 5825 5922 5921
f 5930 5926 5928 5929
f 5832 5927 5926 5930
f 5819 5933 5931 5932
f 5933 5935 5934 5931
f 5915 5932 5931 5936
f 5939 5937 5938 5834
f 5941 5940 5937 5939
f 5945 5946 5942 5944
f 5937 5940 5914
f 5938 5937 5914
f 5942 5943 5838
f 5944 5942 5838
f 5946 5848 5943 5942
f 5951 5947 5949 5950
f 5855 5948 5947 5951
f 5842 5954 5952 5953
f 5954 5956 5955 5952
f 5912 5953 5952 5909
f 5959 5957 5958 5857
f 5961 5960 5957 5959
f 5965 5966 5962 5964
f 5957 5960 5911
f 5958 5957 5911
f 5962 5963 5860
f 5964 5962 5860
f 5966 5871 5963 5962
f 5971 5967 5969 5970
f 5878 5968 5967 5971
f 5865 5974 5972 5973
f 5974 5976 5975 5972
f 5906 5973 5972 5977
f 5980 5978 5979 5880
f 5982 5981 5978 5980
f 5986 5987 5983 5985
f 5978 5981 5905
f 5979 5978 5905
f 5983 5984 5883
f 5985 5983 5883
f 5987 5894 5984 5983
f 5992 5988 5990 5991
f 5901 5989 5988 5992
f 5888 5995 5993 5994
f 5995 5997 5996 5993
f 5919 5994 5993 5998
f 6001 5999 6000 5903
f 6003 6002 5999 6001
f 5935 5933 6005 6006
f 5999 6002 5918
f 6000 5999 5918
f 5933 5819 5818 6005
f 5825 5925 6005 5818
f 5925 5924 6006 6005
f 5834 5833 6007 5939
f 5833 5832 5930 6007
f 5929 6008 6007 5930
f 6008 5941 5939 6007
f 5956 5954 6010 6011
f 5954 5842 5841 6010
f 5848 5946 6010 5841
f 5946 5945 6011 6010
f 5857 5856 6012 5959
f 5856 5855 5951 6012
f 5950 6013 6012 5951
f 6013 5961 5959 6012
f 5976 5974 6015 6016
f 5974 5865 5864 6015
f 5871 5966 6015 5864
f 5966 5965 6016 6015
f 5880 5879 6017 5980
f 5879 5878 5971 6017
f 5970 6018 6017 5971
f 6018 5982 5980 6017
f 5997 5995 6020 6021
f 5995 5888 5887 6020
f 5894 5987 6020 5887
f 5987 5986 6021 6020
f 5903 5902 6022 6001
f 5902 5901 5992 6022
f 5991 6023 6022 5992
f 6023 6003 6001 6022
f 5922 6028 6004 5814
f 6024 5905 5907
f 6025 5908 5911
f 6026 5914 5916
f 6027 5918 5920
f 5825 5824 6028 5922
f 6029 6028 5824 5823
f 5816 5927 6030 5813
f 6028 6029 6004
f 5927 5832 5830 6030
f 5831 6031 6030 5830
f 5932 6032 5820 5819
f 5813 6030 6031
f 5822 5820 6032 6033
f 5915 6032 5932
f 5834 5938 6034 5827
f 5914 6026 6034 5938
f 6035 5828 5827 6034
f 5943 6036 6009 5838
f 5848 5847 6036 5943
f 6037 6036 5847 5846
f 5839 5948 6038 5836
f 6036 6037 6009
f 5948 5855 5853 6038
f 5854 6039 6038 5853
f 5953 6040 5843 5842
f 5836 6038 6039
f 5845 5843 6040 6041
f 5912 6040 5953
f 5857 5958 6042 5850
f 5911 5910 6042 5958
f 6043 5851 5850 6042
f 5963 6044 6014 5860
f 5871 5870 6044 5963
f 6045 6044 5870 5869
f 5862 5968 6046 5859
f 6044 6045 6014
f 5968 5878 5876 6046
f 5877 6047 6046 5876
f 5973 6048 5866 5865
f 5859 6046 6047
f 5868 5866 6048 6049
f 5906 6048 5973
f 5880 5979 6050 5873
f 5905 6024 6050 5979
f 6051 5874 5873 6050
f 5984 6052 6019 5883
f 5894 5893 6052 5984
f 6053 6052 5893 5892
f 5885 5989 6054 5882
f 6052 6053 6019
f 5989 5901 5899 6054
f 5900 6055 6054 5899
f 5994 6056 5889 5888
f 5882 6054 6055
f 5891 5889 6056 6057
f 5919 6056 5994
f 5903 6000 6058 5896
f 5918 6027 6058 6000
f 6059 5897 5896 6058
f 2295 2294 2298 2301
f 6060 2433 2432 2420
f 2297 2298 2294
f 2298 2297 2302
f 2420 2278 6060
f 2682 2688 2683 2679
f 2420 2297 2296
f 2679 2683 2680
f 2808 2809 6061 2801
f 2497 2503 2498 2494
f 6061 2660 2801
f 2494 2498 2495
f 2629 2630 6062 2619
f 2864 2863 2867 2870
f 6062 2474 2619
f 6063 2996 2995 2984
f 2866 2867 2863
f 2867 2866 2871
f 2984 2844 6063
f 3052 3051 3055 3058
f 2984 2866 2865
f 6064 3182 3181 3168
f 3054 3055 3051
f 3055 3054 3059
f 3168 3034 6064
f 3237 3243 3242 3234
f 3168 3054 3053
f 3234 3242 3235
f 3361 3362 6065 3352
f 3416 3410 3409 3413
f 6065 3216 3352
f 3532 3533 6066 3525
f 3413 3409 3418
f 3586 3585 3589 3592
f 6066 3391 3525
f 6067 3709 3708 3698
f 3588 3589 3585
f 3589 3588 3593
f 3698 3566 6067
f 6071 3216 6065 6073
f 3698 3588 3587
f 3565 6069 6070
f 6070 3566 3565
f 6068 3217 6072
f 3217 6068 2276
f 3362 6074 6073 6065
f 3359 6075 6077 3347
f 3360 6076 6075 3359
f 3360 3706 6078 6076
f 3706 3694 6079 6078
f 6079 3694 3709 6080
f 3362 3347 6077 6082
f 6082 6074 3362
f 3709 6067 6083 6081
f 6067 3566 6070 6083
f 6086 6088 6087 6084
f 6089 6093 6090 6085
f 6090 6091 6092
f 6092 6091 6094 6096
f 6091 6090 6093
f 6101 6098 6095 6097
f 6098 6099 6100
f 6100 6099 6102 6104
f 6098 6101 6099
f 6105 6108 6106 6103
f 6108 6109 6107 6106
f 6109 6113 6110 6107
f 6110 6111 6112
f 6119 6118 6133 6117
f 6111 6110 6113
f 6114 6087 6088
f 6114 6115 6087
f 6124 6120 6118 6123
f 6118 6120 6133
f 6118 6121 6122
f 6129 6128 6120 6127
f 6120 6125 6126
f 6134 6133 6128 6132
f 6128 6130 6131
f 6068 6137 6136 6069
f 6133 6120 6128
f 6133 6135 6116
f 6137 6089 6084 6136
f 6087 6138 6136 6084
f 6138 6070 6069 6136
f 6140 6139 6072 6071
f 6091 6093 6139 6140
f 6137 6139 6093 6089
f 6068 6072 6139 6137
f 6074 6142 6141 6073
f 6097 6094 6141 6142
f 6140 6141 6094 6091
f 6140 6071 6073 6141
f 6076 6144 6143 6075
f 6144 6105 6102 6143
f 6099 6145 6143 6102
f 6145 6077 6075 6143
f 6147 6146 6078 6079
f 6109 6108 6146 6147
f 6144 6146 6108 6105
f 6076 6078 6146 6144
f 6081 6149 6148 6080
f 6111 6113 6148 6149
f 6147 6148 6113 6109
f 6147 6079 6080 6148
f 6145 6150 6082 6077
f 6145 6099 6101 6150
f 6097 6142 6150 6101
f 6074 6082 6150 6142
f 6138 6151 6083 6070
f 6138 6087 6115 6151
f 6111 6149 6151 6115
f 6081 6083 6151 6149
f 6153 6152 6086 6085
f 6153 6119 6117 6152
f 6154 6152 6117 6116
f 6154 6088 6086 6152
f 6156 6155 6090 6092
f 6156 6122 6121 6155
f 6153 6155 6121 6119
f 6153 6085 6090 6155
f 6158 6157 6096 6095
f 6158 6124 6123 6157
f 6156 6157 6123 6122
f 6156 6092 6096 6157
f 6160 6159 6098 6100
f 6160 6126 6125 6159
f 6158 6159 6125 6124
f 6158 6095 6098 6159
f 6162 6161 6104 6103
f 6162 6129 6127 6161
f 6160 6161 6127 6126
f 6160 6100 6104 6161
f 6164 6163 6106 6107
f 6164 6131 6130 6163
f 6162 6163 6130 6129
f 6162 6103 6106 6163
f 6166 6165 6110 6112
f 6166 6134 6132 6165
f 6164 6165 6132 6131
f 6164 6107 6110 6165
f 6154 6167 6114 6088
f 6154 6116 6135 6167
f 6166 6167 6135 6134
f 6166 6112 6114 6167
f 6171 2474 6062 6173
f 2843 6169 6170
f 6170 2844 2843
f 6168 2475 6172
f 2475 6168 2276
f 2630 6174 6173 6062
f 2627 6175 6177 2614
f 2628 6176 6175 2627
f 2628 2993 6178 6176
f 2993 2980 6179 6178
f 6179 2980 2996 6180
f 2630 2614 6177 6182
f 6182 6174 2630
f 2996 6063 6183 6181
f 6063 2844 6170 6183
f 6189 6185 6184 6188
f 6201 6198 6195 6197
f 6185 6190 6192
f 6190 6185 6189
f 6191 6194 6196
f 6194 6191 6193
f 6198 6199 6200
f 6219 6218 6233 6217
f 6198 6201 6199
f 6202 6203 6204
f 6202 6205 6203
f 6207 6208 6206
f 6207 6206 6209
f 6210 6211 6212
f 6211 6210 6213
f 6186 6187 6214
f 6214 6215 6186
f 6225 6224 6218 6223
f 6218 6220 6233
f 6218 6221 6222
f 6231 6220 6226 6230
f 6224 6220 6218
f 6226 6220 6224
f 6226 6228 6229
f 6234 6233 6220 6232
f 6168 6237 6236 6169
f 6233 6235 6216
f 6237 6189 6188 6236
f 6186 6238 6236 6188
f 6238 6170 6169 6236
f 6240 6239 6172 6171
f 6193 6190 6239 6240
f 6237 6239 6190 6189
f 6168 6172 6239 6237
f 6174 6242 6241 6173
f 6197 6194 6241 6242
f 6240 6241 6194 6193
f 6240 6171 6173 6241
f 6176 6244 6243 6175
f 6244 6203 6205 6243
f 6199 6245 6243 6205
f 6245 6177 6175 6243
f 6247 6246 6178 6179
f 6207 6209 6246 6247
f 6244 6246 6209 6203
f 6176 6178 6246 6244
f 6181 6249 6248 6180
f 6211 6213 6248 6249
f 6247 6248 6213 6207
f 6247 6179 6180 6248
f 6245 6250 6182 6177
f 6245 6199 6201 6250
f 6197 6242 6250 6201
f 6174 6182 6250 6242
f 6238 6251 6183 6170
f 6238 6186 6215 6251
f 6211 6249 6251 6215
f 6181 6183 6251 6249
f 6253 6252 6184 6185
f 6253 6219 6217 6252
f 6254 6252 6217 6216
f 6254 6187 6184 6252
f 6256 6255 6192 6191
f 6256 6222 6221 6255
f 6253 6255 6221 6219
f 6253 6185 6192 6255
f 6258 6257 6196 6195
f 6258 6225 6223 6257
f 6256 6257 6223 6222
f 6256 6191 6196 6257
f 6260 6259 6198 6200
f 6260 6227 6224 6259
f 6258 6259 6224 6225
f 6258 6195 6198 6259
f 6262 6261 6202 6204
f 6262 6229 6228 6261
f 6260 6261 6228 6227
f 6260 6200 6202 6261
f 6264 6263 6206 6208
f 6264 6231 6230 6263
f 6262 6263 6230 6229
f 6262 6204 6206 6263
f 6266 6265 6210 6212
f 6266 6234 6232 6265
f 6264 6265 6232 6231
f 6264 6208 6210 6265
f 6254 6267 6214 6187
f 6254 6216 6235 6267
f 6266 6267 6235 6234
f 6266 6212 6214 6267
f 6271 3391 6066 6273
f 3033 6269 6270
f 6270 3034 3033
f 6268 3392 6272
f 3392 6268 2276
f 3533 6274 6273 6066
f 3531 6275 6277 3520
f 3179 6276 6275 3531
f 3179 3178 6278 6276
f 3178 3164 6279 6278
f 6279 3164 3182 6280
f 3533 3520 6277 6282
f 6282 6274 3533
f 3182 6064 6283 6281
f 6064 3034 6270 6283
f 6301 6299 6298 6300
f 6284 6285 6286
f 6284 6289 6285
f 6290 6291 6292
f 6291 6290 6293
f 6295 6296 6294
f 6295 6294 6297
f 6305 6302 6299 6301
f 6303 6304 6302
f 6308 6309 6307 6306
f 6302 6305 6303
f 6309 6313 6310 6307
f 6310 6311 6312
f 6319 6318 6333 6317
f 6311 6310 6313
f 6314 6287 6288
f 6314 6315 6287
f 6324 6320 6318 6323
f 6318 6320 6333
f 6318 6321 6322
f 6329 6328 6320 6327
f 6320 6325 6326
f 6334 6333 6328 6332
f 6328 6330 6331
f 6268 6337 6336 6269
f 6333 6320 6328
f 6333 6335 6316
f 6337 6285 6289 6336
f 6287 6338 6336 6289
f 6338 6270 6269 6336
f 6340 6339 6272 6271
f 6291 6293 6339 6340
f 6337 6339 6293 6285
f 6268 6272 6339 6337
f 6274 6342 6341 6273
f 6295 6297 6341 6342
f 6340 6341 6297 6291
f 6340 6271 6273 6341
f 6276 6344 6343 6275
f 6344 6303 6305 6343
f 6301 6345 6343 6305
f 6345 6277 6275 6343
f 6347 6346 6278 6279
f 6309 6308 6346 6347
f 6344 6346 6308 6303
f 6276 6278 6346 6344
f 6281 6349 6348 6280
f 6311 6313 6348 6349
f 6347 6348 6313 6309
f 6347 6279 6280 6348
f 6345 6350 6282 6277
f 6345 6301 6300 6350
f 6295 6342 6350 6300
f 6274 6282 6350 6342
f 6338 6351 6283 6270
f 6338 6287 6315 6351
f 6311 6349 6351 6315
f 6281 6283 6351 6349
f 6353 6352 6284 6286
f 6353 6319 6317 6352
f 6354 6352 6317 6316
f 6354 6288 6284 6352
f 6356 6355 6290 6292
f 6356 6322 6321 6355
f 6353 6355 6321 6319
f 6353 6286 6290 6355
f 6358 6357 6294 6296
f 6358 6324 6323 6357
f 6356 6357 6323 6322
f 6356 6292 6294 6357
f 6360 6359 6298 6299
f 6360 6326 6325 6359
f 6358 6359 6325 6324
f 6358 6296 6298 6359
f 6362 6361 6302 6304
f 6362 6329 6327 6361
f 6360 6361 6327 6326
f 6360 6299 6302 6361
f 6364 6363 6306 6307
f 6364 6331 6330 6363
f 6362 6363 6330 6329
f 6362 6304 6306 6363
f 6366 6365 6310 6312
f 6366 6334 6332 6365
f 6364 6365 6332 6331
f 6364 6307 6310 6365
f 6354 6367 6314 6288
f 6354 6316 6335 6367
f 6366 6367 6335 6334
f 6366 6312 6314 6367
f 6371 2660 6061 6373
f 2277 6369 6370
f 6370 2278 2277
f 6368 2661 6372
f 2661 6368 2276
f 2809 6374 6373 6061
f 2807 6375 6377 2796
f 2430 6376 6375 2807
f 2430 2429 6378 6376
f 2429 2416 6379 6378
f 6379 2416 2433 6380
f 2809 2796 6377 6382
f 6382 6374 2809
f 2433 6060 6383 6381
f 6060 2278 6370 6383
f 6389 6384 6387 6388
f 6384 6385 6386
f 6392 6393 6391 6390
f 6384 6389 6385
f 6393 6397 6394 6391
f 6394 6395 6396
f 6401 6399 6398 6400
f 6395 6394 6397
f 6405 6402 6399 6401
f 6402 6403 6404
f 6408 6409 6407 6406
f 6402 6405 6403
f 6409 6413 6410 6407
f 6411 6412 6410
f 6388 6387 6414 6415
f 6411 6410 6413
f 6420 6419 6416 6418
f 6425 6424 6419 6423
f 6419 6421 6422
f 6430 6429 6424 6428
f 6424 6416 6419
f 6424 6426 6427
f 6417 6416 6431 6435
f 6429 6416 6424
f 6431 6416 6429
f 6431 6433 6434
f 6368 6437 6436 6369
f 6437 6385 6389 6436
f 6388 6438 6436 6389
f 6438 6370 6369 6436
f 6440 6439 6372 6371
f 6393 6392 6439 6440
f 6437 6439 6392 6385
f 6368 6372 6439 6437
f 6374 6442 6441 6373
f 6395 6397 6441 6442
f 6440 6441 6397 6393
f 6440 6371 6373 6441
f 6376 6444 6443 6375
f 6444 6403 6405 6443
f 6401 6445 6443 6405
f 6445 6377 6375 6443
f 6447 6446 6378 6379
f 6409 6408 6446 6447
f 6444 6446 6408 6403
f 6376 6378 6446 6444
f 6381 6449 6448 6380
f 6411 6413 6448 6449
f 6447 6448 6413 6409
f 6447 6379 6380 6448
f 6445 6450 6382 6377
f 6445 6401 6400 6450
f 6395 6442 6450 6400
f 6374 6382 6450 6442
f 6438 6451 6383 6370
f 6438 6388 6415 6451
f 6411 6449 6451 6415
f 6381 6383 6451 6449
f 6453 6452 6384 6386
f 6453 6420 6418 6452
f 6454 6452 6418 6417
f 6454 6387 6384 6452
f 6456 6455 6390 6391
f 6456 6422 6421 6455
f 6453 6455 6421 6420
f 6453 6386 6390 6455
f 6458 6457 6394 6396
f 6458 6425 6423 6457
f 6456 6457 6423 6422
f 6456 6391 6394 6457
f 6460 6459 6398 6399
f 6460 6427 6426 6459
f 6458 6459 6426 6425
f 6458 6396 6398 6459
f 6462 6461 6402 6404
f 6462 6430 6428 6461
f 6460 6461 6428 6427
f 6460 6399 6402 6461
f 6464 6463 6406 6407
f 6464 6432 6429 6463
f 6462 6463 6429 6430
f 6462 6404 6406 6463
f 6466 6465 6410 6412
f 6466 6434 6433 6465
f 6464 6465 6433 6432
f 6464 6407 6410 6465
f 6454 6467 6414 6387
f 6454 6417 6435 6467
f 6466 6467 6435 6434
f 6466 6412 6414 6467
f 4376 5196 5195 4373
f 5181 4362 5177
f 5178 4365 5183
f 5184 4368 5187
f 4377 5199 5196 4376
f 4383 5204 5203 4380
f 5199 4377 5200
f 4387 5211 5208 4386
f 5204 4383 5207
f 4393 5216 5215 4390
f 5211 4387 5212
f 4399 5224 5223 4396
f 5216 4393 5219
f 4400 5227 5224 4399
f 4403 5228 5227 4400
f 4411 5240 5239 4408
f 5228 4403 5231
f 4412 5243 5240 4411
f 4431 5271 5268 4430
f 5243 4412 5244
f 5251 4417 5252
f 5255 4420 5256
f 5264 4427 5267
f 4434 5272 5271 4431
f 4435 5275 5272 4434
f 4441 5280 5279 4438
f 5275 4435 5276
f 4447 5291 5288 4446
f 5280 4441 5283
f 4450 5292 5291 4447
f 4362 5181 5303 4455
f 5292 4450 5295
f 4327 5428 5427 4326
f 5370 4297 5372
f 5375 4300 5376
f 5379 4302 5380
f 5383 4304 5384
f 5387 4306 5388
f 5391 4308 5392
f 5395 4310 5396
f 5399 4312 5400
f 5403 4314 5404
f 5407 4316 5408
f 5411 4318 5412
f 5415 4320 5416
f 5419 4322 5420
f 5423 4324 5424
f 4327 4328 5431 5428
f 4333 5440 5439 4332
f 5431 4328 5432
f 5435 4330 5436
f 4333 4334 5443 5440
f 4337 5448 5447 4336
f 5443 4334 5444
f 4337 4338 5451 5448
f 4347 5468 5467 4346
f 5451 4338 5452
f 5455 4340 5456
f 5459 4342 5460
f 5463 4344 5464
f 4347 4348 5471 5468
f 5471 4348 5472
f 5475 4350 5476
f 5479 4352 5480
f 5483 4354 5484
f 5487 4356 5488
f 5491 4358 5492
f 5495 4360 5371
