mtllib Rear_Wheel.mtl
o rim_rear_detail
v 0.073215 0.122166 0.138243
v 0.070624 0.121780 0.134902
v 0.058748 0.121783 0.140566
v 0.060219 0.122167 0.144417
v 0.075812 0.122483 0.141590
v 0.057825 0.122482 0.149960
v 0.091247 0.122476 0.132746
v 0.087728 0.122154 0.129999
v 0.083929 0.121772 0.127582
v 0.091299 0.121246 0.117616
v 0.087027 0.120760 0.115928
v 0.087938 0.121774 0.124878
v 0.092424 0.122068 0.125498
v 0.095583 0.121662 0.119304
v 0.098098 0.122435 0.127093
v 0.092991 0.120892 0.111463
v 0.089834 0.120588 0.111547
v 0.086097 0.119778 0.107130
v 0.020240 0.121352 0.146992
v 0.015921 0.121537 0.149449
v 0.025014 0.122414 0.158399
v 0.028815 0.121566 0.148127
v 0.025485 0.121183 0.145034
v 0.021065 0.114195 0.109037
v 0.022460 0.108077 0.078904
v 0.015767 0.114016 0.109562
v 0.019592 0.120320 0.139196
v 0.015564 0.120267 0.139686
v 0.024089 0.120308 0.138671
v 0.026370 0.114306 0.108518
v 0.028652 0.108182 0.077732
v 0.033393 0.103456 0.050571
v 0.042228 0.102959 0.042174
v 0.026713 0.102024 0.046646
v 0.016549 0.102690 0.056241
v 0.034433 0.105689 0.063286
v 0.022756 0.106824 0.072875
v 0.032322 0.106759 0.069424
v 0.026010 0.104356 0.060183
v 0.015846 0.107872 0.080059
v 0.089552 0.120393 0.109581
v 0.101246 0.120399 0.098617
v 0.098401 0.119811 0.095998
v 0.091721 0.119793 0.102209
v 0.102905 0.120951 0.102835
v 0.046974 0.122157 0.149178
v 0.046881 0.121767 0.144844
v 0.033425 0.121693 0.148283
v 0.029450 0.122080 0.153448
v 0.032319 0.122466 0.157665
v 0.138244 0.122166 0.073214
v 0.144418 0.122167 0.060218
v 0.140567 0.121783 0.058748
v 0.134903 0.121780 0.070623
v 0.130502 0.122149 0.086813
v 0.127811 0.121768 0.083474
v 0.132786 0.122476 0.091154
v 0.141592 0.122483 0.075811
v 0.150024 0.122482 0.057672
v 0.117617 0.121246 0.091298
v 0.125911 0.122143 0.093315
v 0.124940 0.121772 0.087856
v 0.115929 0.120760 0.087026
v 0.109411 0.120341 0.089186
v 0.107207 0.119802 0.086195
v 0.111438 0.120891 0.093053
v 0.119305 0.121662 0.095582
v 0.127059 0.122433 0.098023
v 0.150872 0.121772 0.024872
v 0.158430 0.122415 0.025037
v 0.149424 0.121533 0.015870
v 0.146893 0.121345 0.020419
v 0.144896 0.121161 0.025432
v 0.148185 0.121575 0.028855
v 0.109038 0.114195 0.021064
v 0.109563 0.114016 0.015766
v 0.076848 0.107709 0.023562
v 0.106535 0.113911 0.026329
v 0.138765 0.120322 0.024170
v 0.139386 0.120338 0.019203
v 0.139613 0.120258 0.015607
v 0.048294 0.103504 0.037540
v 0.047186 0.102080 0.026279
v 0.037090 0.101406 0.037088
v 0.045773 0.103963 0.045683
v 0.059886 0.104258 0.025614
v 0.069439 0.106163 0.023852
v 0.070874 0.107006 0.031523
v 0.077587 0.108156 0.028595
v 0.079934 0.107834 0.015745
v 0.056542 0.102779 0.016765
v 0.063573 0.105758 0.034674
v 0.149179 0.122157 0.046973
v 0.153238 0.122095 0.031032
v 0.148311 0.121690 0.033225
v 0.144845 0.121767 0.046880
v 0.157605 0.122466 0.032667
v 0.028045 0.122317 0.160229
v 0.034612 0.122328 0.158797
v 0.025224 0.122300 0.160476
v 0.025311 0.122067 0.160508
v 0.028087 0.122081 0.160260
v 0.034670 0.122092 0.158820
v 0.047087 0.122328 0.155201
v 0.062262 0.122335 0.149774
v 0.047164 0.122097 0.155216
v 0.062310 0.122098 0.149799
v 0.076809 0.122333 0.142895
v 0.088624 0.122331 0.136255
v 0.076850 0.122100 0.142919
v 0.088670 0.122096 0.136275
v 0.095607 0.122319 0.131544
v 0.099041 0.122299 0.128687
v 0.095656 0.122082 0.131560
v 0.099095 0.122064 0.128698
v 0.095052 0.121018 0.114373
v 0.099517 0.122095 0.125554
v 0.099556 0.121859 0.125581
v 0.095083 0.120779 0.114384
v 0.099242 0.120861 0.108166
v 0.103928 0.120873 0.103927
v 0.095616 0.120829 0.111180
v 0.095629 0.120594 0.111226
v 0.099299 0.120626 0.108175
v 0.103956 0.120648 0.103955
v 0.108166 0.120861 0.099242
v 0.111182 0.120830 0.095613
v 0.108176 0.120626 0.099298
v 0.111228 0.120594 0.095628
v 0.114371 0.121013 0.095050
v 0.125541 0.122094 0.099510
v 0.114385 0.120779 0.095082
v 0.125585 0.121860 0.099556
v 0.131543 0.122317 0.095609
v 0.136257 0.122332 0.088621
v 0.128682 0.122300 0.099046
v 0.128699 0.122064 0.099094
v 0.131561 0.122082 0.095655
v 0.136276 0.122096 0.088669
v 0.142897 0.122333 0.076805
v 0.149774 0.122336 0.062262
v 0.142921 0.122100 0.076849
v 0.149800 0.122098 0.062309
v 0.155198 0.122332 0.047094
v 0.158800 0.122328 0.034600
v 0.155217 0.122097 0.047163
v 0.158821 0.122092 0.034669
v 0.160229 0.122317 0.028045
v 0.160477 0.122301 0.025234
v 0.160261 0.122081 0.028086
v 0.160509 0.122067 0.025310
v 0.155427 0.121815 0.019071
v 0.151746 0.121469 0.015473
v 0.159202 0.122168 0.022831
v 0.158870 0.121898 0.022460
v 0.151844 0.121237 0.015549
v 0.148818 0.121135 0.014175
v 0.149012 0.120920 0.014192
v 0.141759 0.119989 0.014104
v 0.139720 0.119858 0.014076
v 0.139699 0.119997 0.014097
v 0.129998 0.117682 0.014005
v 0.072488 0.105695 0.013491
v 0.058771 0.102719 0.013398
v 0.079824 0.107431 0.013576
v 0.079841 0.107152 0.013568
v 0.058814 0.102474 0.013402
v 0.052421 0.101723 0.016451
v 0.035299 0.100481 0.035298
v 0.052663 0.101505 0.016220
v 0.038569 0.100548 0.031725
v 0.016443 0.101723 0.052428
v 0.035310 0.100619 0.035308
v 0.031733 0.100548 0.038561
v 0.016221 0.101505 0.052662
v 0.013491 0.105663 0.072340
v 0.013577 0.107426 0.079799
v 0.013399 0.102713 0.058753
v 0.013403 0.102473 0.058809
v 0.013569 0.107152 0.079842
v 0.014077 0.119857 0.139711
v 0.014098 0.119997 0.139700
v 0.014006 0.117686 0.130019
v 0.014175 0.121134 0.148806
v 0.014104 0.119989 0.141759
v 0.014193 0.120920 0.149011
v 0.019037 0.121812 0.155391
v 0.022826 0.122168 0.159196
v 0.015479 0.121469 0.151750
v 0.015550 0.121237 0.151843
v 0.022457 0.121898 0.158865
v 0.028208 0.120932 0.144879
v 0.027255 0.120767 0.143700
v 0.029057 0.121071 0.145869
v 0.028954 0.120817 0.145746
v 0.027287 0.120532 0.143712
v 0.026146 0.120199 0.139664
v 0.026705 0.120595 0.142472
v 0.026895 0.120452 0.143144
v 0.026147 0.119939 0.139505
v 0.026871 0.117749 0.126952
v 0.030233 0.109543 0.085394
v 0.025997 0.119799 0.138556
v 0.030069 0.109775 0.087773
v 0.031930 0.107766 0.075989
v 0.030893 0.107873 0.078123
v 0.036648 0.106105 0.067039
v 0.045795 0.104388 0.049801
v 0.037812 0.105978 0.064730
v 0.037871 0.105741 0.064706
v 0.045688 0.104181 0.050089
v 0.049792 0.104387 0.045800
v 0.064716 0.105977 0.037819
v 0.050084 0.104180 0.045690
v 0.064707 0.105741 0.037870
v 0.076025 0.107772 0.031911
v 0.067032 0.106104 0.036651
v 0.078124 0.107873 0.030892
v 0.127130 0.117785 0.026856
v 0.085586 0.109582 0.030216
v 0.087762 0.109773 0.030069
v 0.138556 0.119798 0.025996
v 0.139674 0.120202 0.026146
v 0.142478 0.120596 0.026706
v 0.139509 0.119940 0.026147
v 0.143145 0.120452 0.026894
v 0.144893 0.120934 0.028218
v 0.145871 0.121073 0.029056
v 0.143701 0.120766 0.027254
v 0.143713 0.120532 0.027286
v 0.145750 0.120817 0.028956
v 0.146515 0.121236 0.032632
v 0.145764 0.121311 0.037669
v 0.146385 0.121166 0.030390
v 0.146391 0.120929 0.030394
v 0.146525 0.120998 0.032653
v 0.145775 0.121071 0.037681
v 0.143231 0.121353 0.046872
v 0.139122 0.121370 0.058223
v 0.143242 0.121114 0.046884
v 0.139136 0.121131 0.058227
v 0.133636 0.121357 0.069706
v 0.128575 0.121357 0.079069
v 0.133668 0.121127 0.069679
v 0.128668 0.121119 0.078935
v 0.125920 0.121360 0.083742
v 0.124712 0.121363 0.085635
v 0.125968 0.121124 0.083694
v 0.124756 0.121128 0.085600
v 0.108671 0.119506 0.084692
v 0.121735 0.121081 0.086110
v 0.121890 0.120849 0.086127
v 0.108717 0.119284 0.084705
v 0.101268 0.119288 0.090544
v 0.096197 0.119324 0.096161
v 0.105048 0.119254 0.085962
v 0.104978 0.119014 0.086069
v 0.101300 0.119055 0.090536
v 0.096192 0.119084 0.096191
v 0.090585 0.119294 0.101235
v 0.085974 0.119251 0.105038
v 0.090537 0.119055 0.101299
v 0.086070 0.119014 0.104977
v 0.086118 0.121073 0.121861
v 0.084697 0.119525 0.108665
v 0.084707 0.119284 0.108718
v 0.086128 0.120849 0.121888
v 0.083747 0.121360 0.125917
v 0.079056 0.121357 0.128582
v 0.085626 0.121365 0.124719
v 0.085601 0.121128 0.124755
v 0.083695 0.121124 0.125967
v 0.078936 0.121119 0.128667
v 0.069709 0.121355 0.133633
v 0.058217 0.121365 0.139123
v 0.069680 0.121127 0.133667
v 0.058228 0.121131 0.139135
v 0.046873 0.121351 0.143229
v 0.037665 0.121312 0.145764
v 0.046885 0.121114 0.143241
v 0.037682 0.121071 0.145774
v 0.032634 0.121236 0.146515
v 0.030386 0.121166 0.146383
v 0.032654 0.120998 0.146524
v 0.030395 0.120929 0.146390
v 0.024288 0.122458 0.160389
v 0.022881 0.122336 0.159083
v 0.024219 0.122284 0.160502
v 0.100063 0.122449 0.127529
v 0.099306 0.122250 0.125384
v 0.098886 0.122468 0.128629
v 0.100244 0.122268 0.127586
v 0.094193 0.120988 0.112266
v 0.094896 0.121181 0.114305
v 0.094331 0.120838 0.112349
v 0.112263 0.120987 0.094196
v 0.114377 0.121184 0.094923
v 0.112351 0.120837 0.094330
v 0.127531 0.122449 0.100062
v 0.128630 0.122468 0.098885
v 0.125512 0.122259 0.099358
v 0.127587 0.122269 0.100243
v 0.160358 0.122458 0.024208
v 0.160335 0.122471 0.025330
v 0.160503 0.122281 0.024218
v 0.150339 0.121511 0.014360
v 0.148610 0.121290 0.014270
v 0.152169 0.121686 0.016030
v 0.150425 0.121335 0.014265
v 0.139747 0.120146 0.014183
v 0.080031 0.107625 0.013664
v 0.055284 0.102133 0.013552
v 0.052173 0.101899 0.016854
v 0.059110 0.102971 0.013495
v 0.055256 0.101924 0.013442
v 0.035366 0.100779 0.035364
v 0.013554 0.102125 0.055245
v 0.013496 0.102989 0.059190
v 0.013443 0.101925 0.055256
v 0.013662 0.107572 0.079791
v 0.014183 0.120140 0.139701
v 0.014361 0.121511 0.150338
v 0.014270 0.121284 0.148557
v 0.014267 0.121339 0.150425
v 0.016096 0.121692 0.152233
v 0.029439 0.121321 0.146384
v 0.029477 0.121134 0.146268
v 0.028846 0.121240 0.145822
v 0.026795 0.120886 0.143287
v 0.026889 0.120698 0.143176
v 0.026554 0.120763 0.142401
v 0.025815 0.120214 0.138513
v 0.025969 0.120038 0.138561
v 0.030702 0.108288 0.078153
v 0.030854 0.108113 0.078139
v 0.031750 0.107951 0.076029
v 0.037673 0.106142 0.064701
v 0.047135 0.104286 0.047134
v 0.047237 0.104130 0.047237
v 0.049862 0.104559 0.045604
v 0.045588 0.104562 0.049892
v 0.064924 0.106167 0.037558
v 0.078127 0.108285 0.030702
v 0.078139 0.108113 0.030854
v 0.138644 0.120234 0.025821
v 0.138563 0.120039 0.025968
v 0.143187 0.120872 0.026748
v 0.143178 0.120698 0.026888
v 0.144039 0.120993 0.027351
v 0.146385 0.121321 0.029439
v 0.146268 0.121134 0.029476
v 0.145934 0.121259 0.028952
v 0.124230 0.121546 0.086396
v 0.124202 0.121362 0.086295
v 0.121808 0.121259 0.086213
v 0.124785 0.121553 0.085692
v 0.106427 0.119449 0.084597
v 0.106338 0.119245 0.084513
v 0.105018 0.119447 0.086152
v 0.084619 0.119443 0.106401
v 0.084512 0.119235 0.106337
v 0.084848 0.119764 0.109070
v 0.086153 0.119447 0.105017
v 0.086415 0.121543 0.124215
v 0.086296 0.121363 0.124201
v 0.085693 0.121553 0.124784
v 0.028100 0.122486 0.160091
v 0.034662 0.122497 0.158657
v 0.047119 0.122501 0.155056
v 0.062227 0.122501 0.149645
v 0.076737 0.122503 0.142782
v 0.088527 0.122500 0.136160
v 0.095475 0.122486 0.131474
v 0.099160 0.121022 0.108053
v 0.103826 0.121044 0.103825
v 0.108054 0.121022 0.099159
v 0.131475 0.122486 0.095474
v 0.136161 0.122500 0.088526
v 0.142783 0.122503 0.076736
v 0.149646 0.122501 0.062226
v 0.155057 0.122501 0.047118
v 0.158658 0.122497 0.034661
v 0.160092 0.122486 0.028099
v 0.108345 0.114253 0.028233
v 0.146614 0.121422 0.032577
v 0.145862 0.121495 0.037617
v 0.143327 0.121538 0.046853
v 0.139214 0.121556 0.058235
v 0.133730 0.121551 0.069717
v 0.128715 0.121544 0.078997
v 0.126006 0.121549 0.083774
v 0.101341 0.119488 0.090606
v 0.096247 0.119517 0.096246
v 0.090607 0.119488 0.101340
v 0.083775 0.121549 0.126005
v 0.078998 0.121544 0.128714
v 0.069718 0.121551 0.133729
v 0.058236 0.121556 0.139213
v 0.046854 0.121538 0.143326
v 0.037618 0.121495 0.145861
v 0.032578 0.121422 0.146613
v 0.024238 0.122056 0.160537
v 0.100276 0.122050 0.127608
v 0.094371 0.120591 0.112379
v 0.112380 0.120591 0.094370
v 0.127609 0.122050 0.100275
v 0.160538 0.122056 0.024237
v 0.150455 0.121103 0.014273
v 0.139763 0.119722 0.014089
v 0.055269 0.101696 0.013452
v 0.035309 0.100340 0.035308
v 0.013453 0.101696 0.055268
v 0.014090 0.119722 0.139762
v 0.014274 0.121103 0.150454
v 0.029500 0.120893 0.146275
v 0.047266 0.103896 0.047265
v 0.146276 0.120893 0.029499
v 0.124221 0.121119 0.086300
v 0.106345 0.119010 0.084522
v 0.084523 0.119010 0.106344
v 0.086301 0.121119 0.124220
v -0.138242 0.122166 0.073214
v -0.134901 0.121780 0.070623
v -0.140565 0.121783 0.058747
v -0.144416 0.122167 0.060218
v -0.141590 0.122483 0.075811
v -0.149960 0.122482 0.057820
v -0.132751 0.122476 0.091238
v -0.129996 0.122154 0.087736
v -0.127586 0.121772 0.083918
v -0.117615 0.121246 0.091298
v -0.115927 0.120760 0.087026
v -0.124878 0.121774 0.087937
v -0.125499 0.122069 0.092423
v -0.119303 0.121662 0.095582
v -0.127092 0.122435 0.098096
v -0.111462 0.120892 0.092990
v -0.111546 0.120588 0.089833
v -0.107129 0.119778 0.086096
v -0.146989 0.121351 0.020238
v -0.149448 0.121537 0.015921
v -0.158397 0.122414 0.025013
v -0.148125 0.121566 0.028811
v -0.145031 0.121183 0.025482
v -0.109036 0.114195 0.021064
v -0.078909 0.108079 0.022462
v -0.109561 0.114016 0.015766
v -0.139195 0.120320 0.019592
v -0.139686 0.120267 0.015563
v -0.138669 0.120308 0.024088
v -0.108517 0.114306 0.026369
v -0.077731 0.108183 0.028652
v -0.050570 0.103456 0.033392
v -0.042172 0.102959 0.042227
v -0.046645 0.102024 0.026712
v -0.056237 0.102690 0.016550
v -0.063286 0.105689 0.034431
v -0.072867 0.106822 0.022749
v -0.069417 0.106758 0.032325
v -0.060182 0.104355 0.026009
v -0.080059 0.107872 0.015844
v -0.109581 0.120393 0.089551
v -0.098614 0.120399 0.101246
v -0.095997 0.119811 0.098399
v -0.102208 0.119793 0.091720
v -0.102832 0.120951 0.102906
v -0.149178 0.122157 0.046973
v -0.144843 0.121767 0.046880
v -0.148281 0.121693 0.033436
v -0.153447 0.122080 0.029449
v -0.157665 0.122465 0.032311
v -0.073213 0.122166 0.138243
v -0.060217 0.122167 0.144417
v -0.058747 0.121783 0.140566
v -0.070622 0.121780 0.134902
v -0.086810 0.122149 0.130502
v -0.083473 0.121768 0.127811
v -0.091155 0.122476 0.132784
v -0.075810 0.122483 0.141590
v -0.057673 0.122482 0.150023
v -0.091297 0.121246 0.117616
v -0.093311 0.122143 0.125911
v -0.087856 0.121772 0.124939
v -0.087025 0.120760 0.115928
v -0.089184 0.120341 0.109410
v -0.086194 0.119802 0.107206
v -0.093051 0.120891 0.111438
v -0.095581 0.121662 0.119304
v -0.098023 0.122433 0.127059
v -0.024874 0.121772 0.150874
v -0.025036 0.122415 0.158429
v -0.015869 0.121533 0.149423
v -0.020416 0.121345 0.146893
v -0.025429 0.121161 0.144893
v -0.028854 0.121575 0.148184
v -0.021063 0.114195 0.109037
v -0.015765 0.114016 0.109562
v -0.023561 0.107708 0.076842
v -0.026328 0.113915 0.106555
v -0.024168 0.120321 0.138763
v -0.019202 0.120337 0.139385
v -0.015606 0.120258 0.139611
v -0.037534 0.103503 0.048296
v -0.026302 0.102079 0.047168
v -0.037087 0.101406 0.037089
v -0.045681 0.103963 0.045772
v -0.025612 0.104258 0.059884
v -0.023851 0.106163 0.069438
v -0.031522 0.107006 0.070873
v -0.028594 0.108156 0.077587
v -0.015744 0.107835 0.079936
v -0.016765 0.102779 0.056539
v -0.034673 0.105758 0.063572
v -0.046972 0.122157 0.149178
v -0.031031 0.122095 0.153236
v -0.033214 0.121690 0.148311
v -0.046879 0.121767 0.144844
v -0.032666 0.122466 0.157604
v -0.160228 0.122317 0.028044
v -0.158795 0.122328 0.034612
v -0.160475 0.122301 0.025226
v -0.160507 0.122067 0.025310
v -0.160259 0.122081 0.028086
v -0.158819 0.122092 0.034669
v -0.155200 0.122328 0.047086
v -0.149773 0.122335 0.062261
v -0.155215 0.122097 0.047163
v -0.149798 0.122098 0.062309
v -0.142895 0.122333 0.076805
v -0.136252 0.122331 0.088625
v -0.142919 0.122100 0.076849
v -0.136274 0.122096 0.088669
v -0.131542 0.122319 0.095605
v -0.128686 0.122301 0.099038
v -0.131560 0.122082 0.095655
v -0.128697 0.122064 0.099094
v -0.114374 0.121018 0.095052
v -0.125551 0.122096 0.099515
v -0.125579 0.121859 0.099555
v -0.114384 0.120779 0.095082
v -0.108162 0.120861 0.099244
v -0.103926 0.120873 0.103927
v -0.111180 0.120828 0.095615
v -0.111226 0.120594 0.095628
v -0.108174 0.120626 0.099298
v -0.103954 0.120648 0.103955
v -0.099239 0.120860 0.108167
v -0.095617 0.120829 0.111178
v -0.099297 0.120626 0.108175
v -0.095627 0.120594 0.111226
v -0.099532 0.122085 0.125586
v -0.095065 0.121031 0.114424
v -0.095081 0.120779 0.114384
v -0.099552 0.121859 0.125576
v -0.095609 0.122316 0.131542
v -0.088621 0.122331 0.136255
v -0.099045 0.122300 0.128681
v -0.099093 0.122064 0.128698
v -0.095654 0.122082 0.131560
v -0.088669 0.122096 0.136275
v -0.076802 0.122333 0.142897
v -0.062262 0.122336 0.149773
v -0.076848 0.122100 0.142919
v -0.062308 0.122098 0.149799
v -0.047088 0.122330 0.155200
v -0.034602 0.122328 0.158799
v -0.047162 0.122097 0.155216
v -0.034668 0.122092 0.158820
v -0.028046 0.122316 0.160228
v -0.025228 0.122299 0.160476
v -0.028085 0.122081 0.160260
v -0.025309 0.122067 0.160508
v -0.019085 0.121815 0.155443
v -0.015476 0.121468 0.151749
v -0.022826 0.122167 0.159198
v -0.022457 0.121898 0.158867
v -0.015548 0.121237 0.151843
v -0.014174 0.121135 0.148808
v -0.014191 0.120920 0.149011
v -0.014102 0.119987 0.141742
v -0.013556 0.107321 0.079972
v -0.014096 0.119996 0.139695
v -0.014076 0.119862 0.139751
v -0.014003 0.117684 0.130006
v -0.013387 0.102623 0.058898
v -0.013407 0.102779 0.058932
v -0.013575 0.107432 0.079827
v -0.013567 0.107152 0.079839
v -0.013402 0.102477 0.058826
v -0.016451 0.101723 0.052419
v -0.035297 0.100481 0.035298
v -0.035305 0.100618 0.035312
v -0.016220 0.101505 0.052662
v -0.031732 0.100548 0.038560
v -0.052427 0.101722 0.016442
v -0.038565 0.100548 0.031727
v -0.052661 0.101505 0.016220
v -0.072468 0.105690 0.013491
v -0.079800 0.107427 0.013576
v -0.058736 0.102711 0.013398
v -0.058818 0.102475 0.013402
v -0.079841 0.107152 0.013568
v -0.139717 0.119858 0.014076
v -0.139699 0.119997 0.014097
v -0.130336 0.117753 0.014008
v -0.148812 0.121135 0.014175
v -0.141786 0.119992 0.014104
v -0.149010 0.120920 0.014192
v -0.155411 0.121815 0.019058
v -0.159188 0.122168 0.022818
v -0.151742 0.121471 0.015472
v -0.151843 0.121237 0.015548
v -0.158872 0.121899 0.022464
v -0.144877 0.120933 0.028205
v -0.143701 0.120768 0.027255
v -0.145867 0.121072 0.029053
v -0.145746 0.120817 0.028955
v -0.143711 0.120532 0.027286
v -0.139690 0.120205 0.026149
v -0.142473 0.120595 0.026705
v -0.143142 0.120451 0.026893
v -0.139510 0.119940 0.026148
v -0.126955 0.117750 0.026870
v -0.085387 0.109543 0.030232
v -0.138555 0.119799 0.025996
v -0.087786 0.109778 0.030067
v -0.075952 0.107762 0.031947
v -0.078122 0.107873 0.030892
v -0.067054 0.106108 0.036639
v -0.049817 0.104389 0.045785
v -0.064725 0.105978 0.037814
v -0.064705 0.105741 0.037870
v -0.050087 0.104181 0.045687
v -0.045810 0.104384 0.049772
v -0.037817 0.105978 0.064717
v -0.045680 0.104182 0.050099
v -0.037869 0.105741 0.064706
v -0.031899 0.107775 0.076046
v -0.036647 0.106105 0.067038
v -0.030892 0.107873 0.078121
v -0.026856 0.117782 0.127116
v -0.030216 0.109578 0.085566
v -0.030054 0.109805 0.087921
v -0.025996 0.119799 0.138556
v -0.026144 0.120200 0.139665
v -0.026705 0.120597 0.142478
v -0.026145 0.119939 0.139502
v -0.026894 0.120452 0.143146
v -0.028212 0.120932 0.144886
v -0.029058 0.121070 0.145872
v -0.027252 0.120767 0.143700
v -0.027286 0.120532 0.143712
v -0.028953 0.120817 0.145746
v -0.032631 0.121236 0.146515
v -0.037667 0.121311 0.145763
v -0.030388 0.121166 0.146384
v -0.030393 0.120929 0.146390
v -0.032652 0.120998 0.146524
v -0.037680 0.121071 0.145774
v -0.046873 0.121353 0.143229
v -0.058231 0.121361 0.139116
v -0.046883 0.121114 0.143241
v -0.058227 0.121131 0.139135
v -0.069730 0.121362 0.133622
v -0.079069 0.121358 0.128574
v -0.069678 0.121127 0.133667
v -0.078934 0.121119 0.128667
v -0.083740 0.121361 0.125920
v -0.085634 0.121363 0.124712
v -0.083693 0.121124 0.125967
v -0.085599 0.121128 0.124755
v -0.084693 0.119510 0.108678
v -0.086110 0.121081 0.121741
v -0.086122 0.120842 0.121837
v -0.084503 0.119010 0.106362
v -0.090543 0.119288 0.101267
v -0.096163 0.119325 0.096193
v -0.085961 0.119254 0.105048
v -0.086068 0.119014 0.104977
v -0.090536 0.119055 0.101299
v -0.096190 0.119084 0.096191
v -0.101232 0.119293 0.090587
v -0.105039 0.119251 0.085971
v -0.101298 0.119055 0.090536
v -0.104976 0.119014 0.086069
v -0.121863 0.121073 0.086117
v -0.108663 0.119525 0.084696
v -0.106360 0.119010 0.084505
v -0.121831 0.120842 0.086122
v -0.125916 0.121360 0.083745
v -0.128580 0.121356 0.079057
v -0.124717 0.121365 0.085626
v -0.124755 0.121128 0.085600
v -0.125966 0.121124 0.083694
v -0.128666 0.121119 0.078935
v -0.133633 0.121356 0.069707
v -0.139123 0.121368 0.058215
v -0.133666 0.121127 0.069679
v -0.139134 0.121131 0.058227
v -0.143228 0.121354 0.046874
v -0.145763 0.121312 0.037665
v -0.143240 0.121114 0.046883
v -0.145773 0.121071 0.037681
v -0.146513 0.121236 0.032634
v -0.146382 0.121165 0.030385
v -0.146523 0.120998 0.032653
v -0.146389 0.120929 0.030394
v -0.160388 0.122459 0.024287
v -0.159082 0.122336 0.022880
v -0.160501 0.122282 0.024218
v -0.127529 0.122449 0.100062
v -0.125379 0.122250 0.099304
v -0.128628 0.122468 0.098885
v -0.127584 0.122270 0.100242
v -0.112266 0.120988 0.094192
v -0.114304 0.121180 0.094895
v -0.112348 0.120837 0.094331
v -0.094194 0.120987 0.112262
v -0.094922 0.121184 0.114374
v -0.094329 0.120836 0.112351
v -0.100061 0.122449 0.127529
v -0.098884 0.122468 0.128629
v -0.099357 0.122259 0.125511
v -0.100242 0.122269 0.127586
v -0.024207 0.122458 0.160357
v -0.025329 0.122471 0.160334
v -0.024216 0.122283 0.160502
v -0.014359 0.121511 0.150338
v -0.014268 0.121287 0.148585
v -0.016026 0.121686 0.152164
v -0.014265 0.121336 0.150424
v -0.014181 0.120146 0.139747
v -0.013663 0.107625 0.080030
v -0.013551 0.102133 0.055283
v -0.016860 0.101898 0.052165
v -0.013494 0.102972 0.059115
v -0.013441 0.101923 0.055256
v -0.035363 0.100779 0.035365
v -0.055244 0.102125 0.013553
v -0.059168 0.102984 0.013495
v -0.055255 0.101925 0.013442
v -0.079788 0.107571 0.013661
v -0.139699 0.120140 0.014182
v -0.150337 0.121511 0.014360
v -0.148564 0.121285 0.014269
v -0.150424 0.121340 0.014266
v -0.152221 0.121691 0.016085
v -0.146383 0.121321 0.029439
v -0.146267 0.121134 0.029476
v -0.145823 0.121240 0.028846
v -0.143285 0.120886 0.026793
v -0.143176 0.120697 0.026889
v -0.142401 0.120763 0.026553
v -0.138510 0.120214 0.025813
v -0.138560 0.120038 0.025968
v -0.078152 0.108288 0.030701
v -0.078138 0.108113 0.030854
v -0.076026 0.107951 0.031751
v -0.064700 0.106142 0.037672
v -0.047133 0.104286 0.047134
v -0.047235 0.104130 0.047236
v -0.045602 0.104560 0.049863
v -0.049895 0.104562 0.045585
v -0.037558 0.106166 0.064922
v -0.030701 0.108285 0.078125
v -0.030852 0.108114 0.078138
v -0.025821 0.120234 0.138643
v -0.025967 0.120038 0.138561
v -0.026748 0.120872 0.143186
v -0.026887 0.120698 0.143177
v -0.027357 0.120994 0.144047
v -0.029438 0.121321 0.146384
v -0.029475 0.121133 0.146268
v -0.028951 0.121259 0.145933
v -0.086395 0.121546 0.124229
v -0.086293 0.121362 0.124201
v -0.086212 0.121259 0.121808
v -0.085691 0.121553 0.124784
v -0.084596 0.119449 0.106426
v -0.084512 0.119245 0.106337
v -0.086152 0.119447 0.105017
v -0.106401 0.119443 0.084618
v -0.106336 0.119235 0.084512
v -0.109071 0.119764 0.084847
v -0.105016 0.119447 0.086152
v -0.124214 0.121543 0.086414
v -0.124201 0.121365 0.086295
v -0.124783 0.121553 0.085692
v -0.160090 0.122486 0.028099
v -0.158656 0.122497 0.034661
v -0.155055 0.122501 0.047118
v -0.149644 0.122501 0.062225
v -0.142781 0.122503 0.076735
v -0.136159 0.122500 0.088526
v -0.131473 0.122486 0.095474
v -0.108052 0.121022 0.099159
v -0.103824 0.121044 0.103825
v -0.099158 0.121022 0.108053
v -0.095473 0.122486 0.131474
v -0.088525 0.122500 0.136159
v -0.076735 0.122503 0.142782
v -0.062225 0.122501 0.149645
v -0.047118 0.122501 0.155056
v -0.034660 0.122497 0.158657
v -0.028098 0.122486 0.160091
v -0.028233 0.114253 0.108344
v -0.032576 0.121422 0.146613
v -0.037616 0.121495 0.145861
v -0.046852 0.121538 0.143326
v -0.058235 0.121556 0.139213
v -0.069716 0.121551 0.133729
v -0.078996 0.121544 0.128714
v -0.083773 0.121549 0.126005
v -0.090605 0.119488 0.101340
v -0.096245 0.119517 0.096246
v -0.101339 0.119488 0.090606
v -0.126004 0.121549 0.083774
v -0.128713 0.121544 0.078997
v -0.133729 0.121551 0.069717
v -0.139212 0.121556 0.058235
v -0.143325 0.121538 0.046852
v -0.145860 0.121495 0.037617
v -0.146612 0.121422 0.032576
v -0.160536 0.122056 0.024237
v -0.127607 0.122050 0.100275
v -0.112378 0.120591 0.094370
v -0.094369 0.120591 0.112379
v -0.100274 0.122050 0.127608
v -0.024236 0.122056 0.160537
v -0.014272 0.121103 0.150454
v -0.014088 0.119722 0.139762
v -0.013451 0.101696 0.055268
v -0.035308 0.100340 0.035308
v -0.055267 0.101696 0.013452
v -0.139761 0.119722 0.014089
v -0.150453 0.121103 0.014273
v -0.146274 0.120893 0.029499
v -0.047264 0.103896 0.047265
v -0.029499 0.120893 0.146275
v -0.086299 0.121119 0.124220
v -0.124219 0.121119 0.086300
v -0.073213 0.122166 -0.138243
v -0.070622 0.121780 -0.134902
v -0.058747 0.121783 -0.140566
v -0.060217 0.122167 -0.144417
v -0.075810 0.122483 -0.141591
v -0.057816 0.122482 -0.149962
v -0.091244 0.122476 -0.132748
v -0.087731 0.122154 -0.129997
v -0.083926 0.121772 -0.127582
v -0.091297 0.121246 -0.117616
v -0.087025 0.120760 -0.115928
v -0.087936 0.121774 -0.124879
v -0.092419 0.122068 -0.125499
v -0.095581 0.121662 -0.119305
v -0.098096 0.122435 -0.127093
v -0.092989 0.120892 -0.111463
v -0.089832 0.120588 -0.111547
v -0.086095 0.119778 -0.107130
v -0.020236 0.121351 -0.146990
v -0.015920 0.121537 -0.149448
v -0.025012 0.122414 -0.158398
v -0.028811 0.121566 -0.148126
v -0.025480 0.121182 -0.145030
v -0.021063 0.114195 -0.109037
v -0.022461 0.108079 -0.078911
v -0.015765 0.114016 -0.109562
v -0.019591 0.120320 -0.139195
v -0.015562 0.120267 -0.139685
v -0.024087 0.120308 -0.138669
v -0.026368 0.114306 -0.108518
v -0.028651 0.108183 -0.077732
v -0.033392 0.103456 -0.050571
v -0.042221 0.102958 -0.042169
v -0.026711 0.102024 -0.046646
v -0.016547 0.102690 -0.056241
v -0.034430 0.105689 -0.063285
v -0.022747 0.106822 -0.072867
v -0.032325 0.106758 -0.069416
v -0.026009 0.104356 -0.060184
v -0.015843 0.107872 -0.080059
v -0.089550 0.120393 -0.109581
v -0.101241 0.120399 -0.098622
v -0.098396 0.119811 -0.096000
v -0.091719 0.119793 -0.102209
v -0.102896 0.120951 -0.102841
v -0.046972 0.122157 -0.149179
v -0.046879 0.121767 -0.144844
v -0.033429 0.121693 -0.148282
v -0.029442 0.122080 -0.153447
v -0.032312 0.122465 -0.157666
v -0.138242 0.122166 -0.073214
v -0.144416 0.122167 -0.060218
v -0.140565 0.121783 -0.058748
v -0.134901 0.121780 -0.070623
v -0.130510 0.122149 -0.086797
v -0.127811 0.121768 -0.083471
v -0.132794 0.122476 -0.091140
v -0.141590 0.122483 -0.075811
v -0.150026 0.122482 -0.057664
v -0.117615 0.121246 -0.091298
v -0.125908 0.122143 -0.093313
v -0.124937 0.121772 -0.087858
v -0.115927 0.120760 -0.087026
v -0.109409 0.120341 -0.089186
v -0.107205 0.119802 -0.086195
v -0.111438 0.120891 -0.093051
v -0.119303 0.121662 -0.095582
v -0.127058 0.122433 -0.098024
v -0.150869 0.121772 -0.024871
v -0.158428 0.122415 -0.025037
v -0.149422 0.121533 -0.015870
v -0.146889 0.121345 -0.020418
v -0.144891 0.121160 -0.025431
v -0.148182 0.121575 -0.028855
v -0.109036 0.114195 -0.021064
v -0.109561 0.114016 -0.015766
v -0.076841 0.107709 -0.023569
v -0.106518 0.113908 -0.026331
v -0.138763 0.120322 -0.024169
v -0.139384 0.120337 -0.019205
v -0.139611 0.120258 -0.015606
v -0.048299 0.103504 -0.037530
v -0.047209 0.102081 -0.026248
v -0.037088 0.101406 -0.037088
v -0.045770 0.103963 -0.045683
v -0.059882 0.104258 -0.025612
v -0.069437 0.106163 -0.023852
v -0.070872 0.107006 -0.031523
v -0.077587 0.108156 -0.028595
v -0.079937 0.107835 -0.015744
v -0.056538 0.102779 -0.016767
v -0.063571 0.105758 -0.034673
v -0.149178 0.122157 -0.046973
v -0.153235 0.122095 -0.031029
v -0.148309 0.121690 -0.033226
v -0.144843 0.121767 -0.046880
v -0.157604 0.122466 -0.032660
v -0.028042 0.122317 -0.160228
v -0.034611 0.122329 -0.158796
v -0.025226 0.122301 -0.160476
v -0.025309 0.122067 -0.160508
v -0.028085 0.122081 -0.160260
v -0.034668 0.122092 -0.158820
v -0.047083 0.122330 -0.155201
v -0.062261 0.122336 -0.149773
v -0.047162 0.122097 -0.155216
v -0.062308 0.122098 -0.149799
v -0.076803 0.122335 -0.142896
v -0.088621 0.122332 -0.136254
v -0.076848 0.122100 -0.142920
v -0.088669 0.122096 -0.136275
v -0.095607 0.122318 -0.131542
v -0.099040 0.122299 -0.128686
v -0.095654 0.122082 -0.131561
v -0.099093 0.122064 -0.128698
v -0.095069 0.121036 -0.114436
v -0.099531 0.122087 -0.125584
v -0.099553 0.121859 -0.125578
v -0.095081 0.120779 -0.114385
v -0.099242 0.120860 -0.108164
v -0.103926 0.120873 -0.103927
v -0.095614 0.120828 -0.111181
v -0.095627 0.120594 -0.111227
v -0.099297 0.120626 -0.108175
v -0.103954 0.120648 -0.103955
v -0.108166 0.120862 -0.099239
v -0.111179 0.120829 -0.095616
v -0.108174 0.120626 -0.099298
v -0.111226 0.120594 -0.095628
v -0.125585 0.122085 -0.099533
v -0.114424 0.121031 -0.095066
v -0.114384 0.120779 -0.095082
v -0.125577 0.121859 -0.099553
v -0.131541 0.122316 -0.095610
v -0.136254 0.122332 -0.088622
v -0.128681 0.122300 -0.099046
v -0.128697 0.122064 -0.099094
v -0.131559 0.122082 -0.095655
v -0.136274 0.122096 -0.088670
v -0.142896 0.122333 -0.076803
v -0.149772 0.122336 -0.062261
v -0.142919 0.122100 -0.076849
v -0.149798 0.122098 -0.062309
v -0.155198 0.122330 -0.047089
v -0.158798 0.122328 -0.034602
v -0.155215 0.122097 -0.047163
v -0.158819 0.122092 -0.034669
v -0.160227 0.122317 -0.028046
v -0.160475 0.122301 -0.025233
v -0.160259 0.122081 -0.028086
v -0.160507 0.122067 -0.025310
v -0.155461 0.121816 -0.019106
v -0.151747 0.121468 -0.015476
v -0.159200 0.122167 -0.022830
v -0.158869 0.121898 -0.022462
v -0.151843 0.121237 -0.015549
v -0.148823 0.121135 -0.014175
v -0.139762 0.119864 -0.014077
v -0.149010 0.120920 -0.014193
v -0.141789 0.119993 -0.014103
v -0.079982 0.107323 -0.013557
v -0.139697 0.119997 -0.014097
v -0.130292 0.117744 -0.014007
v -0.058905 0.102624 -0.013388
v -0.058931 0.102779 -0.013408
v -0.079815 0.107430 -0.013576
v -0.079841 0.107152 -0.013568
v -0.058830 0.102477 -0.013402
v -0.052412 0.101722 -0.016459
v -0.035298 0.100481 -0.035296
v -0.052661 0.101505 -0.016221
v -0.038563 0.100548 -0.031729
v -0.016450 0.101723 -0.052421
v -0.035309 0.100618 -0.035307
v -0.031728 0.100548 -0.038564
v -0.016220 0.101505 -0.052662
v -0.013388 0.102624 -0.058898
v -0.013575 0.107426 -0.079801
v -0.013407 0.102776 -0.058925
v -0.013402 0.102479 -0.058838
v -0.013567 0.107152 -0.079838
v -0.013556 0.107331 -0.080019
v -0.014096 0.119997 -0.139698
v -0.014006 0.117742 -0.130283
v -0.014173 0.121132 -0.148805
v -0.014076 0.119862 -0.139749
v -0.014102 0.119992 -0.141785
v -0.014191 0.120920 -0.149011
v -0.019080 0.121814 -0.155438
v -0.022820 0.122166 -0.159193
v -0.015475 0.121470 -0.151748
v -0.015548 0.121237 -0.151844
v -0.022452 0.121897 -0.158860
v -0.028159 0.120918 -0.144818
v -0.027252 0.120767 -0.143699
v -0.029035 0.121074 -0.145852
v -0.029057 0.120832 -0.145852
v -0.027414 0.120556 -0.143887
v -0.026143 0.120199 -0.139659
v -0.026702 0.120596 -0.142467
v -0.026892 0.120452 -0.143143
v -0.026147 0.119941 -0.139514
v -0.026870 0.117745 -0.126930
v -0.030233 0.109538 -0.085363
v -0.025996 0.119799 -0.138556
v -0.030055 0.109805 -0.087923
v -0.031923 0.107768 -0.075998
v -0.037812 0.105978 -0.064726
v -0.030892 0.107873 -0.078122
v -0.036610 0.106116 -0.067108
v -0.045805 0.104385 -0.049780
v -0.037869 0.105741 -0.064707
v -0.045669 0.104184 -0.050120
v -0.049776 0.104385 -0.045807
v -0.064716 0.105978 -0.037817
v -0.050095 0.104182 -0.045682
v -0.064705 0.105741 -0.037871
v -0.076038 0.107774 -0.031903
v -0.067052 0.106108 -0.036639
v -0.078120 0.107873 -0.030893
v -0.127132 0.117785 -0.026855
v -0.085563 0.109578 -0.030217
v -0.087951 0.109811 -0.030053
v -0.138556 0.119799 -0.025997
v -0.139675 0.120202 -0.026147
v -0.142475 0.120595 -0.026707
v -0.139512 0.119941 -0.026149
v -0.143143 0.120452 -0.026894
v -0.144812 0.120919 -0.028155
v -0.145855 0.121075 -0.029038
v -0.143698 0.120768 -0.027253
v -0.143886 0.120556 -0.027415
v -0.145851 0.120832 -0.029058
v -0.146513 0.121236 -0.032632
v -0.145762 0.121311 -0.037669
v -0.146382 0.121165 -0.030389
v -0.146389 0.120929 -0.030394
v -0.146523 0.120998 -0.032653
v -0.145773 0.121071 -0.037681
v -0.143229 0.121353 -0.046871
v -0.139115 0.121363 -0.058235
v -0.143240 0.121114 -0.046884
v -0.139134 0.121131 -0.058228
v -0.133622 0.121362 -0.069728
v -0.128573 0.121358 -0.079070
v -0.133666 0.121127 -0.069679
v -0.128666 0.121119 -0.078935
v -0.125918 0.121360 -0.083741
v -0.124711 0.121362 -0.085634
v -0.125966 0.121124 -0.083694
v -0.124755 0.121128 -0.085601
v -0.108676 0.119509 -0.084694
v -0.121742 0.121081 -0.086111
v -0.121837 0.120842 -0.086123
v -0.106360 0.119010 -0.084504
v -0.101232 0.119293 -0.090586
v -0.096175 0.119320 -0.096179
v -0.105049 0.119254 -0.085959
v -0.104976 0.119014 -0.086069
v -0.101298 0.119055 -0.090537
v -0.096190 0.119084 -0.096191
v -0.090585 0.119293 -0.101234
v -0.085966 0.119250 -0.105043
v -0.090535 0.119055 -0.101299
v -0.086068 0.119014 -0.104977
v -0.084696 0.119520 -0.108684
v -0.086115 0.121081 -0.121832
v -0.084704 0.119284 -0.108715
v -0.086127 0.120849 -0.121889
v -0.083744 0.121360 -0.125917
v -0.079048 0.121358 -0.128585
v -0.085625 0.121364 -0.124717
v -0.085599 0.121128 -0.124756
v -0.083693 0.121124 -0.125967
v -0.078934 0.121119 -0.128667
v -0.069731 0.121362 -0.133621
v -0.058225 0.121361 -0.139119
v -0.069678 0.121127 -0.133667
v -0.058227 0.121131 -0.139135
v -0.046873 0.121354 -0.143229
v -0.037664 0.121312 -0.145764
v -0.046883 0.121114 -0.143241
v -0.037680 0.121071 -0.145774
v -0.032632 0.121236 -0.146514
v -0.030385 0.121165 -0.146383
v -0.032652 0.120998 -0.146524
v -0.030393 0.120929 -0.146390
v -0.024285 0.122459 -0.160389
v -0.022879 0.122336 -0.159083
v -0.024217 0.122281 -0.160503
v -0.100061 0.122449 -0.127530
v -0.099299 0.122249 -0.125371
v -0.098884 0.122468 -0.128629
v -0.100242 0.122268 -0.127585
v -0.094191 0.120987 -0.112267
v -0.094894 0.121180 -0.114305
v -0.094329 0.120837 -0.112349
v -0.112261 0.120987 -0.094195
v -0.114372 0.121184 -0.094922
v -0.112349 0.120837 -0.094330
v -0.127529 0.122449 -0.100062
v -0.128628 0.122468 -0.098885
v -0.125510 0.122259 -0.099358
v -0.127585 0.122268 -0.100243
v -0.160356 0.122458 -0.024208
v -0.160333 0.122471 -0.025330
v -0.160502 0.122281 -0.024217
v -0.150337 0.121511 -0.014360
v -0.148598 0.121289 -0.014269
v -0.152166 0.121686 -0.016029
v -0.150422 0.121336 -0.014266
v -0.139747 0.120146 -0.014182
v -0.080014 0.107621 -0.013664
v -0.055282 0.102133 -0.013552
v -0.052148 0.101897 -0.016878
v -0.059107 0.102970 -0.013494
v -0.055255 0.101923 -0.013442
v -0.035364 0.100779 -0.035364
v -0.013552 0.102125 -0.055245
v -0.013494 0.102989 -0.059191
v -0.013441 0.101924 -0.055256
v -0.013660 0.107572 -0.079790
v -0.014181 0.120140 -0.139701
v -0.014359 0.121511 -0.150338
v -0.014268 0.121285 -0.148560
v -0.014266 0.121342 -0.150424
v -0.016097 0.121692 -0.152236
v -0.029437 0.121321 -0.146384
v -0.029475 0.121132 -0.146268
v -0.028843 0.121240 -0.145821
v -0.026734 0.120874 -0.143204
v -0.026888 0.120698 -0.143178
v -0.025813 0.120214 -0.138512
v -0.025967 0.120037 -0.138561
v -0.030701 0.108288 -0.078152
v -0.030852 0.108113 -0.078139
v -0.031740 0.107954 -0.076046
v -0.037671 0.106142 -0.064701
v -0.047133 0.104286 -0.047134
v -0.047235 0.104130 -0.047236
v -0.049861 0.104559 -0.045603
v -0.045583 0.104563 -0.049897
v -0.064921 0.106167 -0.037558
v -0.078124 0.108285 -0.030702
v -0.078137 0.108114 -0.030853
v -0.138643 0.120234 -0.025821
v -0.138560 0.120039 -0.025967
v -0.143186 0.120872 -0.026749
v -0.143176 0.120697 -0.026888
v -0.144053 0.120995 -0.027364
v -0.146383 0.121321 -0.029439
v -0.146266 0.121133 -0.029476
v -0.145932 0.121259 -0.028952
v -0.124263 0.121548 -0.086390
v -0.124200 0.121363 -0.086294
v -0.121807 0.121259 -0.086213
v -0.106426 0.119449 -0.084597
v -0.106336 0.119245 -0.084513
v -0.105016 0.119447 -0.086153
v -0.084617 0.119443 -0.106402
v -0.084511 0.119235 -0.106336
v -0.084846 0.119764 -0.109069
v -0.086152 0.119447 -0.105017
v -0.086413 0.121543 -0.124215
v -0.086293 0.121363 -0.124201
v -0.085691 0.121553 -0.124784
v -0.028098 0.122486 -0.160091
v -0.034660 0.122497 -0.158657
v -0.047118 0.122501 -0.155056
v -0.062225 0.122501 -0.149646
v -0.076735 0.122503 -0.142782
v -0.088525 0.122500 -0.136160
v -0.095473 0.122486 -0.131474
v -0.099158 0.121022 -0.108053
v -0.103824 0.121044 -0.103825
v -0.108052 0.121022 -0.099159
v -0.131473 0.122486 -0.095474
v -0.136159 0.122500 -0.088526
v -0.142781 0.122503 -0.076736
v -0.149644 0.122501 -0.062226
v -0.155055 0.122501 -0.047119
v -0.158656 0.122497 -0.034661
v -0.160090 0.122486 -0.028099
v -0.108344 0.114253 -0.028234
v -0.146612 0.121422 -0.032577
v -0.145860 0.121495 -0.037617
v -0.143325 0.121538 -0.046853
v -0.139212 0.121556 -0.058236
v -0.133728 0.121551 -0.069717
v -0.128713 0.121544 -0.078997
v -0.126004 0.121549 -0.083774
v -0.101339 0.119488 -0.090606
v -0.096245 0.119517 -0.096246
v -0.090605 0.119488 -0.101340
v -0.083773 0.121549 -0.126005
v -0.078996 0.121544 -0.128714
v -0.069716 0.121551 -0.133730
v -0.058235 0.121556 -0.139213
v -0.046852 0.121538 -0.143326
v -0.037616 0.121495 -0.145861
v -0.032576 0.121422 -0.146613
v -0.024236 0.122056 -0.160537
v -0.100274 0.122050 -0.127608
v -0.094369 0.120591 -0.112379
v -0.112378 0.120591 -0.094370
v -0.127607 0.122050 -0.100275
v -0.160536 0.122056 -0.024237
v -0.150453 0.121103 -0.014273
v -0.139761 0.119722 -0.014089
v -0.055267 0.101696 -0.013452
v -0.035308 0.100340 -0.035309
v -0.013451 0.101696 -0.055268
v -0.014088 0.119722 -0.139762
v -0.014272 0.121103 -0.150454
v -0.029498 0.120893 -0.146275
v -0.047264 0.103896 -0.047265
v -0.146274 0.120893 -0.029500
v -0.124219 0.121119 -0.086300
v -0.084521 0.119010 -0.106344
v -0.086299 0.121119 -0.124220
v 0.138244 0.122166 -0.073214
v 0.134903 0.121780 -0.070623
v 0.140567 0.121783 -0.058748
v 0.144418 0.122167 -0.060218
v 0.141592 0.122483 -0.075811
v 0.149961 0.122482 -0.057824
v 0.132741 0.122476 -0.091255
v 0.129998 0.122154 -0.087729
v 0.127583 0.121772 -0.083928
v 0.117617 0.121246 -0.091298
v 0.115929 0.120760 -0.087026
v 0.124879 0.121774 -0.087937
v 0.125499 0.122068 -0.092423
v 0.119305 0.121662 -0.095582
v 0.127094 0.122435 -0.098097
v 0.111464 0.120892 -0.092990
v 0.111548 0.120588 -0.089833
v 0.107131 0.119778 -0.086096
v 0.146992 0.121352 -0.020241
v 0.149450 0.121537 -0.015920
v 0.158399 0.122414 -0.025013
v 0.148128 0.121566 -0.028815
v 0.145034 0.121183 -0.025483
v 0.109038 0.114195 -0.021064
v 0.078910 0.108079 -0.022463
v 0.109563 0.114016 -0.015766
v 0.139197 0.120320 -0.019591
v 0.139686 0.120267 -0.015564
v 0.138671 0.120308 -0.024088
v 0.108519 0.114306 -0.026369
v 0.077731 0.108182 -0.028653
v 0.050572 0.103456 -0.033393
v 0.042172 0.102958 -0.042224
v 0.046647 0.102024 -0.026713
v 0.056243 0.102690 -0.016548
v 0.063286 0.105689 -0.034432
v 0.072886 0.106826 -0.022758
v 0.069423 0.106759 -0.032322
v 0.060184 0.104355 -0.026008
v 0.080058 0.107871 -0.015844
v 0.109582 0.120393 -0.089551
v 0.098624 0.120399 -0.101241
v 0.096000 0.119811 -0.098398
v 0.102210 0.119793 -0.091720
v 0.102844 0.120951 -0.102895
v 0.149179 0.122157 -0.046973
v 0.144845 0.121767 -0.046880
v 0.148284 0.121693 -0.033429
v 0.153449 0.122080 -0.029452
v 0.157666 0.122466 -0.032318
v 0.073215 0.122166 -0.138243
v 0.060219 0.122167 -0.144417
v 0.058749 0.121783 -0.140566
v 0.070624 0.121780 -0.134902
v 0.086812 0.122149 -0.130502
v 0.083477 0.121768 -0.127809
v 0.091150 0.122476 -0.132789
v 0.075812 0.122483 -0.141591
v 0.057666 0.122482 -0.150026
v 0.091299 0.121246 -0.117616
v 0.093315 0.122143 -0.125909
v 0.087859 0.121772 -0.124938
v 0.087027 0.120760 -0.115928
v 0.089187 0.120341 -0.109410
v 0.086196 0.119802 -0.107206
v 0.093052 0.120891 -0.111439
v 0.095583 0.121662 -0.119304
v 0.098024 0.122433 -0.127058
v 0.024876 0.121772 -0.150874
v 0.025038 0.122415 -0.158429
v 0.015871 0.121533 -0.149423
v 0.020418 0.121345 -0.146890
v 0.025432 0.121160 -0.144892
v 0.028853 0.121574 -0.148183
v 0.021065 0.114195 -0.109037
v 0.015767 0.114016 -0.109562
v 0.023571 0.107709 -0.076841
v 0.026331 0.113907 -0.106518
v 0.024169 0.120321 -0.138763
v 0.019203 0.120338 -0.139386
v 0.015607 0.120258 -0.139612
v 0.037532 0.103504 -0.048301
v 0.026220 0.102082 -0.047231
v 0.037089 0.101406 -0.037089
v 0.045684 0.103963 -0.045772
v 0.025616 0.104258 -0.059885
v 0.023853 0.106163 -0.069438
v 0.031524 0.107006 -0.070873
v 0.028596 0.108156 -0.077587
v 0.015746 0.107834 -0.079929
v 0.016763 0.102779 -0.056545
v 0.034674 0.105758 -0.063571
v 0.046974 0.122157 -0.149179
v 0.031029 0.122095 -0.153236
v 0.033227 0.121690 -0.148310
v 0.046881 0.121767 -0.144844
v 0.032663 0.122466 -0.157604
v 0.160230 0.122317 -0.028043
v 0.158797 0.122329 -0.034610
v 0.160477 0.122301 -0.025228
v 0.160509 0.122067 -0.025310
v 0.160261 0.122081 -0.028086
v 0.158821 0.122092 -0.034669
v 0.155202 0.122330 -0.047082
v 0.149774 0.122336 -0.062262
v 0.155217 0.122097 -0.047163
v 0.149800 0.122098 -0.062309
v 0.142897 0.122333 -0.076806
v 0.136256 0.122332 -0.088622
v 0.142921 0.122100 -0.076849
v 0.136276 0.122096 -0.088670
v 0.131543 0.122317 -0.095609
v 0.128690 0.122299 -0.099038
v 0.131561 0.122082 -0.095655
v 0.128699 0.122064 -0.099094
v 0.114436 0.121036 -0.095069
v 0.125588 0.122086 -0.099533
v 0.125579 0.121859 -0.099554
v 0.114385 0.120779 -0.095082
v 0.108167 0.120861 -0.099241
v 0.103928 0.120873 -0.103926
v 0.111184 0.120828 -0.095613
v 0.111228 0.120594 -0.095628
v 0.108176 0.120626 -0.099298
v 0.103956 0.120648 -0.103955
v 0.099242 0.120861 -0.108165
v 0.095616 0.120831 -0.111179
v 0.099299 0.120626 -0.108175
v 0.095629 0.120594 -0.111227
v 0.095051 0.121013 -0.114370
v 0.099512 0.122094 -0.125541
v 0.095083 0.120779 -0.114385
v 0.099557 0.121860 -0.125585
v 0.095610 0.122318 -0.131541
v 0.088619 0.122333 -0.136256
v 0.099049 0.122300 -0.128679
v 0.099095 0.122064 -0.128698
v 0.095656 0.122082 -0.131561
v 0.088671 0.122096 -0.136275
v 0.076803 0.122335 -0.142897
v 0.062263 0.122336 -0.149773
v 0.076850 0.122100 -0.142920
v 0.062310 0.122098 -0.149799
v 0.047092 0.122332 -0.155199
v 0.034603 0.122327 -0.158799
v 0.047164 0.122097 -0.155216
v 0.034670 0.122092 -0.158820
v 0.028046 0.122317 -0.160228
v 0.025234 0.122301 -0.160476
v 0.028087 0.122081 -0.160260
v 0.025311 0.122067 -0.160508
v 0.019090 0.121815 -0.155445
v 0.015475 0.121468 -0.151746
v 0.022830 0.122168 -0.159200
v 0.022454 0.121898 -0.158862
v 0.015550 0.121237 -0.151844
v 0.014175 0.121134 -0.148808
v 0.014078 0.119864 -0.139757
v 0.014193 0.120920 -0.149011
v 0.014105 0.119993 -0.141788
v 0.013558 0.107317 -0.079956
v 0.014098 0.119997 -0.139696
v 0.014008 0.117746 -0.130303
v 0.013390 0.102625 -0.058906
v 0.013409 0.102779 -0.058933
v 0.013577 0.107432 -0.079827
v 0.013569 0.107152 -0.079841
v 0.013403 0.102476 -0.058823
v 0.016453 0.101722 -0.052420
v 0.016221 0.101505 -0.052662
v 0.031712 0.100549 -0.038580
v 0.052422 0.101723 -0.016449
v 0.035298 0.100481 -0.035299
v 0.035311 0.100619 -0.035307
v 0.038557 0.100547 -0.031738
v 0.052663 0.101505 -0.016221
v 0.058908 0.102624 -0.013388
v 0.079816 0.107430 -0.013576
v 0.058925 0.102776 -0.013408
v 0.058840 0.102480 -0.013402
v 0.079841 0.107152 -0.013568
v 0.080063 0.107340 -0.013558
v 0.139706 0.119998 -0.014097
v 0.129948 0.117671 -0.014004
v 0.148825 0.121136 -0.014175
v 0.139762 0.119864 -0.014077
v 0.141760 0.119989 -0.014103
v 0.149012 0.120920 -0.014193
v 0.155414 0.121812 -0.019057
v 0.159195 0.122166 -0.022822
v 0.151751 0.121470 -0.015478
v 0.151844 0.121237 -0.015549
v 0.158863 0.121898 -0.022454
v 0.144891 0.120931 -0.028216
v 0.143699 0.120766 -0.027253
v 0.145869 0.121070 -0.029055
v 0.145749 0.120817 -0.028955
v 0.143713 0.120532 -0.027287
v 0.139672 0.120201 -0.026146
v 0.142474 0.120595 -0.026706
v 0.143145 0.120452 -0.026894
v 0.139514 0.119941 -0.026148
v 0.126937 0.117746 -0.026871
v 0.085371 0.109539 -0.030234
v 0.138557 0.119799 -0.025997
v 0.087871 0.109795 -0.030060
v 0.076000 0.107768 -0.031924
v 0.078123 0.107873 -0.030892
v 0.067032 0.106104 -0.036651
v 0.049783 0.104385 -0.045805
v 0.064725 0.105978 -0.037814
v 0.064707 0.105741 -0.037871
v 0.050080 0.104180 -0.045692
v 0.045802 0.104386 -0.049787
v 0.037819 0.105977 -0.064716
v 0.045681 0.104182 -0.050101
v 0.037871 0.105741 -0.064706
v 0.031901 0.107774 -0.076045
v 0.036608 0.106117 -0.067115
v 0.030893 0.107873 -0.078122
v 0.026855 0.117787 -0.127143
v 0.030216 0.109584 -0.085599
v 0.030056 0.109806 -0.087928
v 0.025998 0.119799 -0.138556
v 0.026146 0.120200 -0.139666
v 0.026706 0.120598 -0.142476
v 0.026148 0.119940 -0.139510
v 0.026895 0.120452 -0.143144
v 0.028104 0.120915 -0.144753
v 0.029039 0.121075 -0.145855
v 0.027234 0.120754 -0.143667
v 0.027411 0.120555 -0.143881
v 0.029059 0.120832 -0.145852
v 0.032632 0.121236 -0.146514
v 0.037670 0.121311 -0.145763
v 0.030390 0.121166 -0.146383
v 0.030395 0.120929 -0.146390
v 0.032654 0.120998 -0.146524
v 0.037682 0.121071 -0.145774
v 0.046873 0.121353 -0.143230
v 0.058224 0.121370 -0.139120
v 0.046885 0.121114 -0.143241
v 0.058228 0.121131 -0.139135
v 0.069706 0.121357 -0.133635
v 0.079073 0.121357 -0.128572
v 0.069680 0.121127 -0.133667
v 0.078936 0.121119 -0.128667
v 0.083743 0.121360 -0.125919
v 0.085636 0.121362 -0.124711
v 0.083695 0.121124 -0.125967
v 0.085601 0.121128 -0.124756
v 0.086116 0.121079 -0.121822
v 0.084699 0.119522 -0.108719
v 0.086128 0.120849 -0.121889
v 0.084707 0.119285 -0.108723
v 0.090589 0.119292 -0.101231
v 0.096195 0.119325 -0.096164
v 0.085955 0.119253 -0.105054
v 0.086070 0.119014 -0.104977
v 0.090537 0.119055 -0.101299
v 0.096192 0.119084 -0.096191
v 0.101266 0.119289 -0.090546
v 0.105036 0.119251 -0.085976
v 0.101300 0.119055 -0.090537
v 0.104978 0.119014 -0.086069
v 0.108687 0.119521 -0.084697
v 0.121833 0.121081 -0.086116
v 0.108717 0.119284 -0.084705
v 0.121890 0.120849 -0.086128
v 0.125918 0.121360 -0.083746
v 0.128587 0.121358 -0.079048
v 0.124719 0.121364 -0.085625
v 0.124756 0.121128 -0.085601
v 0.125968 0.121124 -0.083694
v 0.128668 0.121119 -0.078935
v 0.133623 0.121362 -0.069731
v 0.139120 0.121361 -0.058226
v 0.133668 0.121127 -0.069679
v 0.139136 0.121131 -0.058228
v 0.143230 0.121354 -0.046873
v 0.145765 0.121312 -0.037665
v 0.143242 0.121114 -0.046884
v 0.145775 0.121071 -0.037681
v 0.146515 0.121236 -0.032633
v 0.146384 0.121166 -0.030385
v 0.146525 0.120998 -0.032653
v 0.146391 0.120929 -0.030394
v 0.160391 0.122459 -0.024286
v 0.159084 0.122336 -0.022880
v 0.160504 0.122281 -0.024218
v 0.127531 0.122449 -0.100062
v 0.125375 0.122249 -0.099301
v 0.128630 0.122468 -0.098885
v 0.127586 0.122268 -0.100243
v 0.112268 0.120987 -0.094192
v 0.114306 0.121181 -0.094895
v 0.112350 0.120838 -0.094330
v 0.094196 0.120987 -0.112262
v 0.094924 0.121184 -0.114375
v 0.094331 0.120837 -0.112350
v 0.100063 0.122449 -0.127530
v 0.098886 0.122468 -0.128629
v 0.099359 0.122259 -0.125511
v 0.100244 0.122269 -0.127586
v 0.024209 0.122458 -0.160357
v 0.025331 0.122471 -0.160334
v 0.024219 0.122281 -0.160502
v 0.014361 0.121511 -0.150338
v 0.014270 0.121289 -0.148595
v 0.016027 0.121685 -0.152163
v 0.014266 0.121334 -0.150424
v 0.014183 0.120146 -0.139748
v 0.013665 0.107625 -0.080032
v 0.013553 0.102133 -0.055283
v 0.016859 0.101898 -0.052169
v 0.013495 0.102969 -0.059104
v 0.013443 0.101924 -0.055255
v 0.035366 0.100779 -0.035364
v 0.055246 0.102125 -0.013553
v 0.059191 0.102989 -0.013495
v 0.055257 0.101924 -0.013442
v 0.079793 0.107572 -0.013661
v 0.139704 0.120140 -0.014182
v 0.150339 0.121511 -0.014360
v 0.148559 0.121284 -0.014269
v 0.150425 0.121341 -0.014266
v 0.152231 0.121692 -0.016093
v 0.146385 0.121321 -0.029438
v 0.146269 0.121134 -0.029476
v 0.145823 0.121240 -0.028844
v 0.143205 0.120874 -0.026735
v 0.143179 0.120698 -0.026888
v 0.138513 0.120214 -0.025814
v 0.138563 0.120039 -0.025967
v 0.078153 0.108288 -0.030702
v 0.078140 0.108113 -0.030853
v 0.076048 0.107954 -0.031740
v 0.064702 0.106142 -0.037672
v 0.047135 0.104286 -0.047134
v 0.047237 0.104130 -0.047236
v 0.045606 0.104559 -0.049859
v 0.049897 0.104563 -0.045585
v 0.037558 0.106167 -0.064925
v 0.030703 0.108285 -0.078126
v 0.030855 0.108113 -0.078138
v 0.025823 0.120234 -0.138644
v 0.025968 0.120039 -0.138561
v 0.026749 0.120872 -0.143187
v 0.026889 0.120697 -0.143177
v 0.027360 0.120995 -0.144048
v 0.029440 0.121321 -0.146384
v 0.029477 0.121132 -0.146267
v 0.028953 0.121259 -0.145933
v 0.086391 0.121548 -0.124264
v 0.086296 0.121363 -0.124201
v 0.086214 0.121259 -0.121808
v 0.084598 0.119449 -0.106426
v 0.084513 0.119244 -0.106337
v 0.086154 0.119447 -0.105017
v 0.106402 0.119443 -0.084618
v 0.106337 0.119236 -0.084511
v 0.109069 0.119764 -0.084846
v 0.105018 0.119447 -0.086153
v 0.124216 0.121543 -0.086413
v 0.124202 0.121363 -0.086294
v 0.124785 0.121553 -0.085692
v 0.160092 0.122486 -0.028099
v 0.158658 0.122497 -0.034661
v 0.155057 0.122501 -0.047119
v 0.149646 0.122501 -0.062226
v 0.142783 0.122503 -0.076736
v 0.136161 0.122500 -0.088526
v 0.131475 0.122486 -0.095474
v 0.108054 0.121022 -0.099159
v 0.103826 0.121044 -0.103825
v 0.099160 0.121022 -0.108053
v 0.095475 0.122486 -0.131474
v 0.088527 0.122500 -0.136160
v 0.076737 0.122503 -0.142782
v 0.062227 0.122501 -0.149646
v 0.047120 0.122501 -0.155056
v 0.034662 0.122497 -0.158657
v 0.028100 0.122486 -0.160091
v 0.028235 0.114253 -0.108345
v 0.032578 0.121422 -0.146613
v 0.037618 0.121495 -0.145861
v 0.046854 0.121538 -0.143326
v 0.058236 0.121556 -0.139213
v 0.069718 0.121551 -0.133730
v 0.078998 0.121544 -0.128714
v 0.083775 0.121549 -0.126005
v 0.090607 0.119488 -0.101340
v 0.096247 0.119517 -0.096246
v 0.101341 0.119488 -0.090606
v 0.126006 0.121549 -0.083774
v 0.128715 0.121544 -0.078997
v 0.133730 0.121551 -0.069717
v 0.139214 0.121556 -0.058236
v 0.143327 0.121538 -0.046853
v 0.145862 0.121495 -0.037617
v 0.146614 0.121422 -0.032577
v 0.160538 0.122056 -0.024237
v 0.127609 0.122050 -0.100275
v 0.112380 0.120591 -0.094370
v 0.094371 0.120591 -0.112379
v 0.100276 0.122050 -0.127608
v 0.024238 0.122056 -0.160537
v 0.014274 0.121103 -0.150454
v 0.014090 0.119722 -0.139762
v 0.013453 0.101696 -0.055268
v 0.035309 0.100340 -0.035309
v 0.055269 0.101696 -0.013452
v 0.139763 0.119722 -0.014089
v 0.150455 0.121103 -0.014273
v 0.146276 0.120893 -0.029500
v 0.047266 0.103896 -0.047265
v 0.029500 0.120893 -0.146275
v 0.086301 0.121119 -0.124220
v 0.084523 0.119010 -0.106344
v 0.106345 0.119010 -0.084522
v 0.124221 0.121119 -0.086300
v -0.011014 0.102569 0.070934
v -0.010762 0.102570 0.069375
v -0.010772 0.093300 0.069335
v -0.011034 0.093300 0.070935
v -0.009968 0.102596 0.072206
v -0.010007 0.093300 0.072189
v -0.007064 0.102604 0.075182
v -0.007146 0.093300 0.075125
v -0.004172 0.102573 0.077996
v -0.004210 0.093300 0.077986
v -0.002947 0.102563 0.078995
v -0.002956 0.093300 0.079013
v -0.001324 0.102600 0.078726
v -0.001356 0.093300 0.078750
v 0.002710 0.102595 0.077698
v 0.002617 0.093300 0.077741
v 0.006589 0.102576 0.076601
v 0.006562 0.093300 0.076629
v 0.008068 0.102569 0.076039
v 0.008079 0.093300 0.076056
v 0.008646 0.102589 0.074499
v 0.008652 0.093300 0.074539
v 0.009777 0.102595 0.070477
v 0.009764 0.093300 0.070594
v 0.010762 0.102588 0.066589
v 0.010773 0.093300 0.066621
v 0.011016 0.102567 0.065022
v 0.011036 0.093300 0.065021
v 0.009970 0.102593 0.063751
v 0.010009 0.093300 0.063767
v 0.007069 0.102604 0.060776
v 0.007148 0.093300 0.060831
v 0.004174 0.102571 0.057960
v 0.004212 0.093300 0.057970
v 0.002949 0.102569 0.056961
v 0.002958 0.093300 0.056943
v 0.001326 0.102599 0.057230
v 0.001358 0.093300 0.057205
v -0.002698 0.102612 0.058255
v -0.002615 0.093300 0.058214
v -0.006590 0.102573 0.059356
v -0.006561 0.093300 0.059327
v -0.008066 0.102566 0.059917
v -0.008077 0.093300 0.059900
v -0.008645 0.102595 0.061459
v -0.008650 0.093300 0.061416
v -0.009769 0.102610 0.065455
v -0.009762 0.093300 0.065362
v -0.006869 0.104415 0.069939
v -0.009850 0.104381 0.070635
v 0.005053 0.104415 0.073164
v -0.001869 0.104415 0.074855
v -0.002623 0.104381 0.077838
v 0.007228 0.104381 0.075181
v 0.006871 0.104415 0.066017
v 0.009852 0.104381 0.065321
v 0.001737 0.104415 0.061048
v 0.002625 0.104381 0.058118
v -0.005133 0.104415 0.063009
v -0.007226 0.104381 0.060776
v -0.010908 0.104276 0.070901
v -0.009893 0.104276 0.072141
v -0.010649 0.104276 0.069319
v -0.007065 0.104276 0.075043
v -0.004162 0.104276 0.077871
v -0.002922 0.104276 0.078887
v -0.001341 0.104276 0.078627
v 0.002587 0.104276 0.077630
v 0.006487 0.104276 0.076530
v 0.007987 0.104276 0.075964
v 0.008553 0.104276 0.074464
v 0.009653 0.104276 0.070564
v 0.010650 0.104276 0.066636
v 0.010910 0.104276 0.065055
v 0.009894 0.104276 0.063815
v 0.007067 0.104276 0.060912
v 0.004164 0.104276 0.058084
v 0.002924 0.104276 0.057069
v 0.001342 0.104276 0.057328
v -0.002585 0.104276 0.058326
v -0.006486 0.104276 0.059426
v -0.007985 0.104276 0.059992
v -0.008551 0.104276 0.061491
v -0.009651 0.104276 0.065392
v 0.070934 0.102567 0.011015
v 0.069376 0.102572 0.010763
v 0.069336 0.093300 0.010773
v 0.070936 0.093300 0.011035
v 0.072206 0.102595 0.009970
v 0.072190 0.093300 0.010008
v 0.075184 0.102603 0.007065
v 0.075126 0.093300 0.007147
v 0.077995 0.102574 0.004175
v 0.077987 0.093300 0.004211
v 0.078996 0.102562 0.002948
v 0.079014 0.093300 0.002957
v 0.078726 0.102601 0.001325
v 0.078751 0.093300 0.001357
v 0.077699 0.102597 -0.002707
v 0.077742 0.093300 -0.002616
v 0.076602 0.102575 -0.006588
v 0.076630 0.093300 -0.006561
v 0.076040 0.102566 -0.008067
v 0.076057 0.093300 -0.008078
v 0.074500 0.102592 -0.008645
v 0.074540 0.093300 -0.008651
v 0.070480 0.102593 -0.009775
v 0.070595 0.093300 -0.009763
v 0.066587 0.102586 -0.010761
v 0.066622 0.093300 -0.010772
v 0.065023 0.102573 -0.011015
v 0.065022 0.093300 -0.011035
v 0.063753 0.102596 -0.009970
v 0.063768 0.093300 -0.010008
v 0.060775 0.102602 -0.007066
v 0.060832 0.093300 -0.007147
v 0.057961 0.102572 -0.004173
v 0.057971 0.093300 -0.004211
v 0.056962 0.102569 -0.002947
v 0.056944 0.093300 -0.002957
v 0.057231 0.102598 -0.001323
v 0.057206 0.093300 -0.001357
v 0.058257 0.102608 0.002703
v 0.058216 0.093300 0.002616
v 0.059356 0.102574 0.006588
v 0.059328 0.093300 0.006561
v 0.059918 0.102566 0.008067
v 0.059901 0.093300 0.008078
v 0.061458 0.102591 0.008646
v 0.061417 0.093300 0.008651
v 0.065467 0.102597 0.009773
v 0.065363 0.093300 0.009763
v 0.069940 0.104415 0.006870
v 0.070636 0.104381 0.009851
v 0.062793 0.104415 0.005052
v 0.074909 0.104415 0.001736
v 0.077838 0.104381 0.002624
v 0.072947 0.104415 -0.005134
v 0.075182 0.104381 -0.007227
v 0.066018 0.104415 -0.006870
v 0.065321 0.104381 -0.009851
v 0.061102 0.104415 -0.001870
v 0.058119 0.104381 -0.002624
v 0.060776 0.104381 0.007227
v 0.070902 0.104276 0.010909
v 0.072142 0.104276 0.009894
v 0.069320 0.104276 0.010650
v 0.075045 0.104276 0.007066
v 0.077872 0.104276 0.004163
v 0.078888 0.104276 0.002923
v 0.078628 0.104276 0.001342
v 0.077631 0.104276 -0.002586
v 0.076531 0.104276 -0.006487
v 0.075965 0.104276 -0.007986
v 0.074465 0.104276 -0.008552
v 0.070565 0.104276 -0.009652
v 0.066637 0.104276 -0.010650
v 0.065056 0.104276 -0.010909
v 0.063816 0.104276 -0.009894
v 0.060913 0.104276 -0.007066
v 0.058085 0.104276 -0.004163
v 0.057070 0.104276 -0.002923
v 0.057329 0.104276 -0.001341
v 0.058327 0.104276 0.002586
v 0.059427 0.104276 0.006487
v 0.059993 0.104276 0.007986
v 0.061492 0.104276 0.008552
v 0.065393 0.104276 0.009652
v 0.011016 0.102567 -0.070933
v 0.010764 0.102573 -0.069374
v 0.010774 0.093300 -0.069335
v 0.011036 0.093300 -0.070935
v 0.009970 0.102594 -0.072205
v 0.010009 0.093300 -0.072189
v 0.007068 0.102603 -0.075181
v 0.007148 0.093300 -0.075125
v 0.004174 0.102571 -0.077996
v 0.004212 0.093300 -0.077986
v 0.002949 0.102569 -0.078995
v 0.002958 0.093300 -0.079013
v 0.001327 0.102603 -0.078726
v 0.001358 0.093300 -0.078750
v -0.002711 0.102594 -0.077697
v -0.002615 0.093300 -0.077741
v -0.006588 0.102576 -0.076601
v -0.006560 0.093300 -0.076629
v -0.008066 0.102568 -0.076039
v -0.008077 0.093300 -0.076056
v -0.008644 0.102594 -0.074499
v -0.008650 0.093300 -0.074539
v -0.009774 0.102598 -0.070480
v -0.009762 0.093300 -0.070594
v -0.010760 0.102587 -0.066588
v -0.010771 0.093300 -0.066621
v -0.011014 0.102564 -0.065023
v -0.011034 0.093300 -0.065021
v -0.009968 0.102591 -0.063750
v -0.010007 0.093300 -0.063767
v -0.007067 0.102604 -0.060776
v -0.007146 0.093300 -0.060831
v -0.004171 0.102571 -0.057959
v -0.004210 0.093300 -0.057970
v -0.002947 0.102570 -0.056961
v -0.002956 0.093300 -0.056943
v -0.001325 0.102605 -0.057230
v -0.001356 0.093300 -0.057206
v 0.002707 0.102597 -0.058257
v 0.002617 0.093300 -0.058215
v 0.006591 0.102570 -0.059355
v 0.006563 0.093300 -0.059327
v 0.008068 0.102567 -0.059917
v 0.008079 0.093300 -0.059900
v 0.008647 0.102597 -0.061458
v 0.008652 0.093300 -0.061417
v 0.009772 0.102609 -0.065457
v 0.009764 0.093300 -0.065362
v 0.006871 0.104415 -0.069939
v 0.009852 0.104381 -0.070635
v -0.005051 0.104415 -0.073164
v 0.001871 0.104415 -0.074855
v 0.002626 0.104381 -0.077838
v -0.007226 0.104381 -0.075180
v -0.006869 0.104415 -0.066017
v -0.009850 0.104381 -0.065320
v -0.001735 0.104415 -0.061048
v -0.002623 0.104381 -0.058118
v 0.005134 0.104415 -0.063009
v 0.007228 0.104381 -0.060775
v 0.010910 0.104276 -0.070901
v 0.009895 0.104276 -0.072141
v 0.010651 0.104276 -0.069320
v 0.007067 0.104276 -0.075044
v 0.004164 0.104276 -0.077872
v 0.002924 0.104276 -0.078887
v 0.001343 0.104276 -0.078628
v -0.002585 0.104276 -0.077630
v -0.006485 0.104276 -0.076530
v -0.007985 0.104276 -0.075964
v -0.008551 0.104276 -0.074465
v -0.009651 0.104276 -0.070564
v -0.010648 0.104276 -0.066636
v -0.010908 0.104276 -0.065055
v -0.009892 0.104276 -0.063815
v -0.007065 0.104276 -0.060912
v -0.004162 0.104276 -0.058084
v -0.002922 0.104276 -0.057069
v -0.001340 0.104276 -0.057328
v 0.002587 0.104276 -0.058326
v 0.006488 0.104276 -0.059426
v 0.007987 0.104276 -0.059992
v 0.008553 0.104276 -0.061491
v 0.009653 0.104276 -0.065392
v -0.070932 0.102567 -0.011015
v -0.069373 0.102573 -0.010763
v -0.069334 0.093300 -0.010773
v -0.070934 0.093300 -0.011035
v -0.072204 0.102594 -0.009969
v -0.072188 0.093300 -0.010008
v -0.075181 0.102604 -0.007065
v -0.075124 0.093300 -0.007147
v -0.077997 0.102572 -0.004171
v -0.077985 0.093300 -0.004211
v -0.078994 0.102573 -0.002948
v -0.079012 0.093300 -0.002957
v -0.078725 0.102600 -0.001326
v -0.078749 0.093300 -0.001357
v -0.077698 0.102596 0.002706
v -0.077740 0.093300 0.002616
v -0.076600 0.102571 0.006590
v -0.076628 0.093300 0.006561
v -0.076038 0.102568 0.008067
v -0.076055 0.093300 0.008078
v -0.074498 0.102593 0.008645
v -0.074538 0.093300 0.008651
v -0.070479 0.102598 0.009776
v -0.070593 0.093300 0.009763
v -0.066588 0.102588 0.010761
v -0.066620 0.093300 0.010772
v -0.065022 0.102563 0.011015
v -0.065020 0.093300 0.011035
v -0.063749 0.102593 0.009968
v -0.063766 0.093300 0.010008
v -0.060776 0.102605 0.007068
v -0.060830 0.093300 0.007147
v -0.057959 0.102571 0.004173
v -0.057969 0.093300 0.004211
v -0.056960 0.102569 0.002948
v -0.056942 0.093300 0.002957
v -0.057229 0.102597 0.001323
v -0.057204 0.093300 0.001357
v -0.058255 0.102610 -0.002700
v -0.058214 0.093300 -0.002616
v -0.059354 0.102571 -0.006590
v -0.059326 0.093300 -0.006562
v -0.059916 0.102567 -0.008067
v -0.059899 0.093300 -0.008078
v -0.061457 0.102596 -0.008646
v -0.061416 0.093300 -0.008651
v -0.065463 0.102597 -0.009773
v -0.065361 0.093300 -0.009764
v -0.069938 0.104415 -0.006870
v -0.070634 0.104381 -0.009851
v -0.061009 0.104415 0.001965
v -0.074907 0.104415 -0.001736
v -0.077837 0.104381 -0.002624
v -0.072945 0.104415 0.005133
v -0.075179 0.104381 0.007227
v -0.066159 0.104415 0.006890
v -0.065320 0.104381 0.009851
v -0.058117 0.104381 0.002625
v -0.063008 0.104415 -0.005134
v -0.060775 0.104381 -0.007226
v -0.070900 0.104276 -0.010909
v -0.072140 0.104276 -0.009894
v -0.069318 0.104276 -0.010650
v -0.075043 0.104276 -0.007066
v -0.077870 0.104276 -0.004163
v -0.078886 0.104276 -0.002923
v -0.078626 0.104276 -0.001342
v -0.077629 0.104276 0.002586
v -0.076529 0.104276 0.006486
v -0.075963 0.104276 0.007986
v -0.074463 0.104276 0.008552
v -0.070563 0.104276 0.009652
v -0.066635 0.104276 0.010649
v -0.065054 0.104276 0.010909
v -0.063814 0.104276 0.009893
v -0.060911 0.104276 0.007065
v -0.058083 0.104276 0.004163
v -0.057068 0.104276 0.002923
v -0.057327 0.104276 0.001341
v -0.058325 0.104276 -0.002586
v -0.059425 0.104276 -0.006487
v -0.059991 0.104276 -0.007986
v -0.061490 0.104276 -0.008552
v -0.065391 0.104276 -0.009652
g rim_rear_detail_rim_details
usemtl rim_details
s 1
f 37 31 38
f 39 35 37
f 41 44 18
f 41 16 45
f 8 12 9
f 8 7 15
f 46 6 4
f 50 49 21
f 72 71 80
f 94 74 95
f 94 97 70
f 117 118 116
f 130 132 133
f 154 155 152
f 157 158 159
f 163 164 165
f 163 166 167
f 168 170 171
f 172 173 169
f 169 174 172
f 178 179 176
f 181 184 182
f 181 185 184
f 194 195 192
f 201 203 204
f 205 206 207
f 213 217 216
f 220 221 219
f 265 266 264
f 290 15 289
f 293 16 294
f 293 295 122
f 300 68 299
f 307 71 306
f 318 35 317
f 317 172 319
f 325 20 322
f 327 326 283
f 330 329 193
f 332 197 333
f 334 202 335
f 338 85 341
f 89 343 78
f 344 343 216
f 346 345 219
f 348 347 224
f 350 74 352
f 353 62 356
f 357 250 358
f 18 363 360
f 365 364 264
f 41 18 17
f 17 16 41
f 94 70 69
f 69 74 94
f 7 372 373
f 290 116 294
f 116 290 117
f 376 45 375
f 59 380 381
f 97 382 383
f 308 71 70
f 308 70 303
f 76 311 90
f 314 91 90
f 90 311 314
f 172 317 316
f 316 173 172
f 321 28 26
f 323 20 28
f 28 321 323
f 325 189 187
f 328 194 192
f 197 332 331
f 331 198 197
f 36 341 85
f 36 337 341
f 342 216 343
f 216 342 213
f 384 219 345
f 384 78 343
f 227 349 229
f 391 56 390
f 401 48 400
f 160 159 409
f 160 409 162
f 169 171 411
f 209 207 210
f 216 218 344
f 219 222 346
f 224 226 348
f 458 452 459
f 460 456 458
f 462 465 439
f 462 437 466
f 429 433 430
f 429 428 436
f 467 427 425
f 471 470 442
f 493 492 501
f 515 495 516
f 515 518 491
f 538 539 537
f 575 576 573
f 578 579 580
f 581 587 582
f 581 584 588
f 590 593 594
f 595 592 591
f 591 596 595
f 600 601 598
f 603 606 604
f 603 607 606
f 616 617 614
f 623 625 626
f 627 628 629
f 635 639 638
f 642 643 641
f 672 674 675
f 712 436 711
f 715 437 716
f 715 717 543
f 722 489 721
f 729 492 728
f 740 456 739
f 739 595 741
f 747 441 744
f 749 748 705
f 752 751 615
f 754 619 755
f 756 624 757
f 760 506 763
f 510 765 499
f 766 765 638
f 768 767 641
f 770 769 646
f 772 495 774
f 775 483 778
f 779 672 780
f 439 785 782
f 787 786 686
f 462 439 438
f 438 437 462
f 515 491 490
f 490 495 515
f 428 794 795
f 712 537 716
f 537 712 538
f 798 466 797
f 480 802 803
f 518 804 805
f 730 492 491
f 730 491 725
f 497 733 511
f 736 512 511
f 511 733 736
f 595 739 738
f 738 592 595
f 743 449 447
f 745 441 449
f 449 743 745
f 747 611 609
f 750 616 614
f 619 754 753
f 753 620 619
f 457 763 506
f 457 759 763
f 764 638 765
f 638 764 635
f 806 641 767
f 806 499 765
f 649 771 651
f 813 477 812
f 823 469 822
f 583 580 831
f 583 831 584
f 585 737 586
f 591 594 833
f 631 629 632
f 638 640 766
f 641 644 768
f 646 648 770
f 783 688 687
f 878 872 879
f 880 876 878
f 882 885 859
f 882 857 886
f 849 853 850
f 849 848 856
f 887 847 845
f 891 890 862
f 913 912 921
f 935 915 936
f 935 938 911
f 995 996 993
f 998 1000 1001
f 1002 1007 1003
f 1002 1004 1008
f 1010 1012 1013
f 1014 1015 1011
f 1011 1016 1014
f 1027 1024 1023
f 1023 1025 1027
f 1027 1026 1024
f 1027 1028 1026
f 1035 1039 1036
f 1044 1046 1047
f 1048 1050 1051
f 1056 1060 1059
f 1063 1064 1062
f 1093 1095 1096
f 1133 856 1132
f 1136 857 1137
f 1136 1138 963
f 1143 909 1142
f 1150 912 1149
f 1161 876 1160
f 1160 1014 1162
f 1168 861 1165
f 1170 1169 1126
f 1173 1172 1036
f 1174 1040 1175
f 1176 1045 1177
f 1180 926 1183
f 930 1185 919
f 1186 1185 1059
f 1188 1187 1062
f 1190 1189 1067
f 1192 915 1194
f 1196 1195 1090
f 1198 1093 1199
f 859 1204 1201
f 1206 1205 1108
f 882 859 858
f 858 857 882
f 935 911 910
f 910 915 935
f 848 1213 1214
f 1133 957 1137
f 957 1133 958
f 1217 886 1216
f 900 1221 1222
f 938 1223 1224
f 1151 912 911
f 1151 911 1146
f 917 1154 931
f 1157 932 931
f 931 1154 1157
f 1014 1160 1159
f 1159 1015 1014
f 1164 869 867
f 1166 861 869
f 869 1164 1166
f 1168 1032 1030
f 1171 1037 1035
f 1040 1174 1172
f 1172 1041 1040
f 877 1183 926
f 877 1179 1183
f 1184 1059 1185
f 1059 1184 1056
f 1225 1062 1187
f 1225 919 1185
f 1070 1191 1072
f 1232 897 1231
f 1242 889 1241
f 999 1001 1250
f 999 1250 1004
f 1005 1158 1006
f 1011 1013 1252
f 1049 1051 1053
f 1059 1061 1186
f 1062 1065 1188
f 1067 1069 1190
f 1298 1292 1299
f 1300 1296 1298
f 1302 1305 1279
f 1302 1277 1306
f 1269 1273 1270
f 1269 1268 1276
f 1307 1267 1265
f 1311 1310 1282
f 1333 1332 1341
f 1355 1335 1356
f 1355 1358 1331
f 1391 1393 1394
f 1415 1416 1413
f 1418 1420 1421
f 1422 1427 1423
f 1422 1424 1428
f 1430 1431 1432
f 1433 1435 1434
f 1434 1436 1433
f 1447 1444 1443
f 1443 1445 1447
f 1447 1446 1444
f 1447 1448 1446
f 1457 1458 1455
f 1464 1466 1467
f 1468 1469 1470
f 1476 1480 1479
f 1483 1484 1482
f 1492 1493 1490
f 1513 1515 1516
f 1553 1276 1552
f 1556 1277 1557
f 1556 1558 1383
f 1563 1329 1562
f 1570 1332 1569
f 1581 1296 1580
f 1580 1433 1582
f 1588 1281 1585
f 1590 1589 1546
f 4 1 2 3
f 1593 1592 1456
f 1594 1460 1595
f 1596 1465 1597
f 1600 1346 1603
f 1350 1605 1339
f 1606 1605 1479
f 1608 1607 1482
f 1610 1609 1487
f 1612 1335 1614
f 1616 1615 1510
f 1618 1514 1619
f 1279 1624 1621
f 1626 1625 1528
f 1302 1279 1278
f 1278 1277 1302
f 1355 1331 1330
f 1330 1335 1355
f 1268 1633 1634
f 1553 1377 1557
f 1377 1553 1378
f 1637 1306 1636
f 1320 1641 1642
f 1358 1643 1644
f 1571 1332 1331
f 1571 1331 1566
f 1337 1574 1351
f 1577 1352 1351
f 1351 1574 1577
f 1433 1580 1579
f 1579 1435 1433
f 1584 1289 1287
f 1586 1281 1289
f 1289 1584 1586
f 1588 1452 1450
f 1591 1457 1455
f 1460 1594 1592
f 1592 1461 1460
f 1297 1603 1346
f 1297 1599 1603
f 1604 1479 1605
f 1479 1604 1476
f 1645 1482 1607
f 1645 1339 1605
f 1490 1611 1492
f 1652 1317 1651
f 1662 1309 1661
f 1419 1421 1670
f 1419 1670 1424
f 1425 1578 1426
f 1434 1432 1672
f 1472 1470 1473
f 1479 1481 1606
f 1482 1485 1608
f 1487 1489 1610
f 1732 1745 1743
f 1746 1732 1744
f 1735 1747 1748
f 1750 1735 1749
f 1736 1751 1752
f 1754 1736 1753
f 1738 1755 1756
f 1758 1738 1757
f 1740 1759 1760
f 1762 1740 1761
f 1742 1763 1764
f 1766 1742 1765
f 1816 1829 1827
f 1830 1816 1828
f 1819 1831 1832
f 1834 1819 1833
f 1821 1835 1836
f 1838 1821 1837
f 1823 1839 1840
f 1842 1823 1841
f 1825 1843 1844
f 1846 1825 1845
f 1826 1847 1848
f 1850 1826 1849
f 1900 1913 1911
f 1914 1900 1912
f 1903 1915 1916
f 1918 1903 1917
f 1904 1919 1920
f 1922 1904 1921
f 1906 1923 1924
f 1926 1906 1925
f 1908 1927 1928
f 1930 1908 1929
f 1910 1931 1932
f 1934 1910 1933
f 1984 1997 1995
f 1998 1984 1996
f 1987 1999 2000
f 2002 1987 2001
f 1989 2003 2004
f 2006 1989 2005
f 1991 2007 2008
f 2010 1991 2009
f 1992 2011 2012
f 2014 1992 2013
f 1994 2015 2016
f 2018 1994 2017
f 6 5 1 4
f 8 1 5 7
f 9 2 1 8
f 12 13 10 11
f 13 15 14 10
f 16 17 10 14
f 17 18 11 10
f 22 23 19 49
f 19 20 21
f 49 19 21
f 19 27 28 20
f 23 29 27
f 40 26 24 25
f 27 19 23
f 26 28 27 24
f 29 30 24 27
f 30 31 25 24
f 84 34 32 33
f 34 35 39 32
f 85 33 32 36
f 32 39 36
f 43 44 41 42
f 39 37 38
f 37 35 40
f 48 49 46 47
f 42 41 45
f 49 50 6 46
f 4 3 47 46
f 54 51 52 53
f 49 48 22
f 56 55 51 54
f 58 51 55 57
f 59 52 51 58
f 62 63 60 61
f 63 65 64 60
f 66 67 60 64
f 67 68 61 60
f 72 69 70 71
f 73 72 80 79
f 73 69 72
f 69 73 74
f 90 77 75 76
f 80 71 81
f 79 80 75 78
f 78 75 77
f 80 81 76 75
f 92 86 82 85
f 82 83 84
f 89 77 87 88
f 83 82 86
f 86 87 90 91
f 87 77 90
f 86 92 88 87
f 66 64 42 45
f 64 65 43 42
f 62 61 55 56
f 61 68 57 55
f 95 96 93 94
f 96 53 52 93
f 59 97 94 93
f 93 52 59
f 101 102 98 100
f 102 103 99 98
f 103 106 104 99
f 106 107 105 104
f 107 110 108 105
f 110 111 109 108
f 111 114 112 109
f 114 115 113 112
f 123 124 120 122
f 116 118 119
f 124 125 121 120
f 128 126 121 125
f 129 127 126 128
f 138 134 136 137
f 131 130 133
f 139 135 134 138
f 142 140 135 139
f 143 141 140 142
f 146 144 141 143
f 147 145 144 146
f 150 148 145 147
f 151 149 148 150
f 156 153 152 155
f 165 161 160 163
f 160 161 157
f 160 157 159
f 162 166 163 160
f 177 176 181 182
f 164 163 167
f 168 169 173
f 169 168 171
f 172 174 175
f 176 177 178
f 176 179 180
f 183 181 176 180
f 190 191 187 189
f 184 185 186
f 196 193 192 195
f 188 187 191
f 199 200 197 198
f 210 211 208 209
f 202 201 204
f 209 205 207
f 215 213 212 214
f 226 224 223 225
f 216 217 218
f 219 221 222
f 230 231 227 229
f 235 236 232 234
f 228 227 231
f 236 237 233 232
f 237 240 238 233
f 240 241 239 238
f 241 244 242 239
f 244 245 243 242
f 245 248 246 243
f 248 249 247 246
f 252 253 250 251
f 257 258 254 256
f 259 255 254 258
f 262 260 255 259
f 263 261 260 262
f 272 268 270 271
f 264 266 267
f 273 269 268 272
f 276 274 269 273
f 277 275 274 276
f 280 278 275 277
f 281 279 278 280
f 284 282 279 281
f 285 283 282 284
f 188 288 286 287
f 113 292 289 291
f 286 288 100
f 287 286 21
f 291 289 15
f 117 290 289 292
f 295 293 294 116
f 298 130 297 296
f 296 297 66
f 296 127 298
f 131 302 299 301
f 301 299 68
f 136 300 299 302
f 149 305 303 304
f 304 303 70
f 153 309 306 308
f 303 305 154
f 308 306 71
f 157 307 306 309
f 91 312 313 83
f 164 315 312 314
f 314 312 91
f 168 313 312 315
f 178 318 317 319
f 184 324 322 323
f 189 325 322 324
f 328 326 327 194
f 323 322 20
f 331 329 330 198
f 326 328 22
f 336 334 335 205
f 329 331 23
f 333 201 332
f 340 338 339 212
f 334 336 31
f 36 38 337
f 341 208 339 338
f 338 340 85
f 349 347 348 229
f 343 344 220
f 345 346 223
f 352 228 351 350
f 347 349 73
f 351 234 350
f 355 353 354 251
f 356 247 354 353
f 353 355 62
f 256 359 357 358
f 265 362 360 361
f 65 357 359
f 261 361 360 363
f 18 360 362
f 366 364 365 270
f 99 368 367 98
f 364 366 12
f 25 37 40
f 37 25 31
f 39 38 36
f 13 8 15
f 8 13 12
f 33 82 84
f 82 33 85
f 77 89 78
f 86 91 83
f 21 286 367 50
f 50 367 368
f 286 100 98 367
f 105 370 369 104
f 50 368 369 6
f 6 369 370
f 368 99 104 369
f 372 371 108 109
f 7 5 371 372
f 370 371 5 6
f 105 108 371 370
f 291 373 112 113
f 15 7 373 291
f 109 112 373 372
f 294 16 14 290
f 375 374 120 121
f 290 14 15
f 293 374 45 16
f 374 375 45
f 122 120 374 293
f 127 296 376 126
f 296 66 45 376
f 375 121 126 376
f 301 297 130 131
f 68 67 297 301
f 135 378 377 134
f 67 66 297
f 68 300 377 57
f 57 377 378
f 300 136 134 377
f 141 380 379 140
f 380 59 58 379
f 57 378 379 58
f 378 135 140 379
f 382 381 144 145
f 97 59 381 382
f 141 144 381 380
f 304 383 148 149
f 70 97 383 304
f 145 148 383 382
f 303 154 152 308
f 308 152 153
f 161 310 307 157
f 310 81 71 307
f 81 310 311 76
f 161 165 311
f 165 164 314 311
f 311 310 161
f 173 316 313 168
f 316 84 83 313
f 35 34 316 317
f 177 320 318 178
f 34 84 316
f 320 40 35 318
f 320 321 26 40
f 320 177 182 321
f 182 184 323 321
f 287 325 187 188
f 329 328 192 193
f 325 287 21
f 325 21 20
f 29 23 331 332
f 328 329 23
f 23 22 328
f 334 332 201 202
f 31 30 332 334
f 337 336 205 209
f 30 29 332
f 209 208 341 337
f 336 337 38
f 38 31 336
f 213 342 340 212
f 342 92 85 340
f 343 89 88 342
f 345 79 78 384
f 342 88 92
f 343 220 219 384
f 224 347 345 223
f 347 73 79 345
f 228 352 349 227
f 352 74 73 349
f 386 385 232 233
f 350 385 95 74
f 385 386 95
f 234 232 385 350
f 388 387 238 239
f 53 96 387 388
f 386 387 96 95
f 233 238 387 386
f 243 390 389 242
f 390 56 54 389
f 53 388 389 54
f 239 242 389 388
f 247 356 391 246
f 356 62 56 391
f 390 243 246 391
f 357 355 251 250
f 65 63 355 357
f 255 393 392 254
f 63 62 355
f 65 359 392 43
f 43 392 393
f 359 256 254 392
f 363 394 260 261
f 18 44 394 363
f 393 394 44 43
f 255 260 394 393
f 264 364 362 265
f 364 12 11 362
f 396 395 268 269
f 362 11 18
f 366 395 9 12
f 395 396 9
f 270 268 395 366
f 275 398 397 274
f 3 2 397 398
f 396 397 2 9
f 269 274 397 396
f 279 400 399 278
f 400 48 47 399
f 3 398 399 47
f 398 275 278 399
f 283 326 401 282
f 326 22 48 401
f 400 279 282 401
f 191 402 288 188
f 402 101 100 288
f 115 403 292 113
f 118 117 292 403
f 404 295 116 119
f 404 123 122 295
f 405 298 127 129
f 405 132 130 298
f 133 406 302 131
f 137 136 302 406
f 407 305 149 151
f 155 154 305 407
f 408 309 153 156
f 408 158 157 309
f 167 410 315 164
f 410 170 168 315
f 412 319 172 175
f 169 411 174
f 179 178 319 412
f 414 324 184 186
f 181 183 413
f 181 413 185
f 414 190 189 324
f 415 327 283 285
f 195 194 327 415
f 196 199 330 193
f 200 203 333 197
f 198 330 199
f 204 206 335 202
f 201 333 203
f 211 416 339 208
f 205 335 206
f 214 212 339 416
f 221 220 344 218
f 213 215 217
f 225 223 346 222
f 230 229 348 226
f 231 417 351 228
f 417 235 234 351
f 249 418 354 247
f 418 252 251 354
f 253 419 358 250
f 419 257 256 358
f 420 361 261 263
f 266 265 361 420
f 421 365 264 267
f 271 270 365 421
f 425 422 423 424
f 427 426 422 425
f 429 422 426 428
f 430 423 422 429
f 433 434 431 432
f 434 436 435 431
f 437 438 431 435
f 438 439 432 431
f 443 444 440 470
f 440 441 442
f 470 440 442
f 440 448 449 441
f 444 450 448
f 461 447 445 446
f 448 440 444
f 447 449 448 445
f 450 451 445 448
f 451 452 446 445
f 505 455 453 454
f 455 456 460 453
f 506 454 453 457
f 453 460 457
f 464 465 462 463
f 460 458 459
f 458 456 461
f 469 470 467 468
f 463 462 466
f 470 471 427 467
f 425 424 468 467
f 475 472 473 474
f 470 469 443
f 477 476 472 475
f 479 472 476 478
f 480 473 472 479
f 483 484 481 482
f 484 486 485 481
f 487 488 481 485
f 488 489 482 481
f 493 490 491 492
f 494 493 501 500
f 494 490 493
f 490 494 495
f 511 498 496 497
f 501 492 502
f 500 501 496 499
f 499 496 498
f 501 502 497 496
f 513 507 503 506
f 503 504 505
f 510 498 508 509
f 504 503 507
f 507 508 511 512
f 508 498 511
f 507 513 509 508
f 487 485 463 466
f 485 486 464 463
f 483 482 476 477
f 482 489 478 476
f 516 517 514 515
f 517 474 473 514
f 480 518 515 514
f 514 473 480
f 522 523 519 521
f 523 524 520 519
f 524 527 525 520
f 527 528 526 525
f 528 531 529 526
f 531 532 530 529
f 532 535 533 530
f 535 536 534 533
f 544 545 541 543
f 537 539 540
f 545 546 542 541
f 549 547 542 546
f 550 548 547 549
f 553 554 551 552
f 559 555 557 558
f 560 556 555 559
f 563 561 556 560
f 564 562 561 563
f 567 565 562 564
f 568 566 565 567
f 571 569 566 568
f 572 570 569 571
f 577 574 573 576
f 586 587 581 585
f 583 582 578
f 583 578 580
f 583 581 582
f 581 583 584
f 588 589 585 581
f 599 598 603 604
f 590 591 592
f 591 590 594
f 595 596 597
f 598 599 600
f 598 601 602
f 605 603 598 602
f 612 613 609 611
f 606 607 608
f 618 615 614 617
f 610 609 613
f 621 622 619 620
f 632 633 630 631
f 624 623 626
f 631 627 629
f 637 635 634 636
f 648 646 645 647
f 638 639 640
f 641 643 644
f 652 653 649 651
f 657 658 654 656
f 650 649 653
f 658 659 655 654
f 659 662 660 655
f 662 663 661 660
f 663 666 664 661
f 666 667 665 664
f 667 670 668 665
f 670 671 669 668
f 679 680 676 678
f 672 673 674
f 681 677 676 680
f 684 682 677 681
f 685 683 682 684
f 689 686 687 688
f 694 690 692 693
f 695 691 690 694
f 698 696 691 695
f 699 697 696 698
f 702 700 697 699
f 703 701 700 702
f 706 704 701 703
f 707 705 704 706
f 610 710 708 709
f 534 714 711 713
f 708 710 521
f 709 708 442
f 713 711 436
f 538 712 711 714
f 717 715 716 537
f 720 552 719 718
f 718 719 487
f 718 548 720
f 551 724 721 723
f 723 721 489
f 557 722 721 724
f 570 727 725 726
f 726 725 491
f 574 731 728 730
f 725 727 575
f 730 728 492
f 578 729 728 731
f 512 734 735 504
f 586 737 734 736
f 736 734 512
f 590 735 734 737
f 600 740 739 741
f 606 746 744 745
f 611 747 744 746
f 750 748 749 616
f 745 744 441
f 753 751 752 620
f 748 750 443
f 758 756 757 627
f 751 753 444
f 755 623 754
f 762 760 761 634
f 756 758 452
f 457 459 759
f 763 630 761 760
f 760 762 506
f 771 769 770 651
f 765 766 642
f 767 768 645
f 774 650 773 772
f 769 771 494
f 773 656 772
f 777 775 776 673
f 778 669 776 775
f 775 777 483
f 678 781 779 780
f 687 784 782 783
f 486 779 781
f 683 783 782 785
f 439 782 784
f 788 786 787 692
f 520 790 789 519
f 786 788 433
f 446 458 461
f 458 446 452
f 460 459 457
f 434 429 436
f 429 434 433
f 454 503 505
f 503 454 506
f 498 510 499
f 507 512 504
f 442 708 789 471
f 471 789 790
f 708 521 519 789
f 526 792 791 525
f 471 790 791 427
f 427 791 792
f 790 520 525 791
f 794 793 529 530
f 428 426 793 794
f 792 793 426 427
f 526 529 793 792
f 713 795 533 534
f 436 428 795 713
f 530 533 795 794
f 716 437 435 712
f 797 796 541 542
f 712 435 436
f 715 796 466 437
f 796 797 466
f 543 541 796 715
f 548 718 798 547
f 718 487 466 798
f 797 542 547 798
f 723 719 552 551
f 489 488 719 723
f 556 800 799 555
f 488 487 719
f 489 722 799 478
f 478 799 800
f 722 557 555 799
f 562 802 801 561
f 802 480 479 801
f 478 800 801 479
f 800 556 561 801
f 804 803 565 566
f 518 480 803 804
f 562 565 803 802
f 726 805 569 570
f 491 518 805 726
f 566 569 805 804
f 725 575 573 730
f 730 573 574
f 582 732 729 578
f 732 502 492 729
f 502 732 733 497
f 582 587 733
f 587 586 736 733
f 733 732 582
f 592 738 735 590
f 738 505 504 735
f 456 455 738 739
f 599 742 740 600
f 455 505 738
f 742 461 456 740
f 742 743 447 461
f 742 599 604 743
f 604 606 745 743
f 709 747 609 610
f 751 750 614 615
f 747 709 442
f 747 442 441
f 450 444 753 754
f 750 751 444
f 444 443 750
f 756 754 623 624
f 452 451 754 756
f 759 758 627 631
f 451 450 754
f 631 630 763 759
f 758 759 459
f 459 452 758
f 635 764 762 634
f 764 513 506 762
f 765 510 509 764
f 767 500 499 806
f 764 509 513
f 765 642 641 806
f 646 769 767 645
f 769 494 500 767
f 650 774 771 649
f 774 495 494 771
f 808 807 654 655
f 772 807 516 495
f 807 808 516
f 656 654 807 772
f 810 809 660 661
f 474 517 809 810
f 808 809 517 516
f 655 660 809 808
f 665 812 811 664
f 812 477 475 811
f 474 810 811 475
f 810 661 664 811
f 669 778 813 668
f 778 483 477 813
f 812 665 668 813
f 779 777 673 672
f 486 484 777 779
f 677 815 814 676
f 484 483 777
f 486 781 814 464
f 464 814 815
f 781 678 676 814
f 785 816 682 683
f 439 465 816 785
f 815 816 465 464
f 677 682 816 815
f 686 786 784 687
f 786 433 432 784
f 818 817 690 691
f 784 432 439
f 788 817 430 433
f 817 818 430
f 692 690 817 788
f 697 820 819 696
f 424 423 819 820
f 818 819 423 430
f 691 696 819 818
f 701 822 821 700
f 822 469 468 821
f 424 820 821 468
f 820 697 700 821
f 705 748 823 704
f 748 443 469 823
f 822 701 704 823
f 613 824 710 610
f 824 522 521 710
f 536 825 714 534
f 539 538 714 825
f 826 717 537 540
f 826 544 543 717
f 827 720 548 550
f 827 553 552 720
f 554 828 724 551
f 558 557 724 828
f 829 727 570 572
f 576 575 727 829
f 830 731 574 577
f 830 579 578 731
f 589 832 737 585
f 832 593 590 737
f 834 741 595 597
f 591 833 596
f 601 600 741 834
f 836 746 606 608
f 603 605 835
f 603 835 607
f 836 612 611 746
f 837 749 705 707
f 617 616 749 837
f 618 621 752 615
f 622 625 755 619
f 620 752 621
f 626 628 757 624
f 623 755 625
f 633 838 761 630
f 627 757 628
f 636 634 761 838
f 643 642 766 640
f 635 637 639
f 647 645 768 644
f 652 651 770 648
f 653 839 773 650
f 839 657 656 773
f 671 840 776 669
f 840 674 673 776
f 675 679 678 780
f 780 672 675
f 688 783 683 685
f 841 787 686 689
f 693 692 787 841
f 845 842 843 844
f 847 846 842 845
f 849 842 846 848
f 850 843 842 849
f 853 854 851 852
f 854 856 855 851
f 857 858 851 855
f 858 859 852 851
f 863 864 860 890
f 860 861 862
f 890 860 862
f 860 868 869 861
f 864 870 868
f 881 867 865 866
f 868 860 864
f 867 869 868 865
f 870 871 865 868
f 871 872 866 865
f 925 875 873 874
f 875 876 880 873
f 926 874 873 877
f 873 880 877
f 884 885 882 883
f 880 878 879
f 878 876 881
f 889 890 887 888
f 883 882 886
f 890 891 847 887
f 845 844 888 887
f 895 892 893 894
f 890 889 863
f 897 896 892 895
f 899 892 896 898
f 900 893 892 899
f 903 904 901 902
f 904 906 905 901
f 907 908 901 905
f 908 909 902 901
f 913 910 911 912
f 914 913 921 920
f 914 910 913
f 910 914 915
f 931 918 916 917
f 921 912 922
f 920 921 916 919
f 919 916 918
f 921 922 917 916
f 933 927 923 926
f 923 924 925
f 930 918 928 929
f 924 923 927
f 927 928 931 932
f 928 918 931
f 927 933 929 928
f 907 905 883 886
f 905 906 884 883
f 903 902 896 897
f 902 909 898 896
f 936 937 934 935
f 937 894 893 934
f 900 938 935 934
f 934 893 900
f 942 943 939 941
f 943 944 940 939
f 944 947 945 940
f 947 948 946 945
f 948 951 949 946
f 951 952 950 949
f 952 955 953 950
f 955 956 954 953
f 960 957 958 959
f 964 965 961 963
f 965 966 962 961
f 969 967 962 966
f 970 968 967 969
f 973 974 971 972
f 979 975 977 978
f 980 976 975 979
f 983 981 976 980
f 984 982 981 983
f 987 985 982 984
f 988 986 985 987
f 991 989 986 988
f 992 990 989 991
f 997 994 993 996
f 1006 1007 1002 1005
f 999 1003 998
f 999 998 1001
f 999 1002 1003
f 1002 999 1004
f 1008 1009 1005 1002
f 1020 1018 1023 1019
f 1010 1011 1015
f 1011 1010 1013
f 1014 1016 1017
f 1022 1023 1018 1021
f 1033 1034 1030 1032
f 1023 1024 1019
f 1023 1022 1025
f 1026 1028 1029
f 1038 1039 1035 1037
f 1031 1030 1034
f 1042 1043 1040 1041
f 1053 1054 1052 1049
f 1045 1044 1047
f 1049 1048 1051
f 1058 1056 1055 1057
f 1069 1067 1066 1068
f 1059 1060 1061
f 1062 1064 1065
f 1074 1071 1070 1073
f 1070 1072 1073
f 1078 1079 1075 1077
f 1079 1080 1076 1075
f 1080 1083 1081 1076
f 1083 1084 1082 1081
f 1084 1087 1085 1082
f 1087 1088 1086 1085
f 1088 1091 1089 1086
f 1091 1092 1090 1089
f 1100 1101 1097 1099
f 1093 1094 1095
f 1101 1102 1098 1097
f 1105 1103 1098 1102
f 1106 1104 1103 1105
f 1110 1108 1107 1109
f 1115 1111 1113 1114
f 1116 1112 1111 1115
f 1119 1117 1112 1116
f 1120 1118 1117 1119
f 1123 1121 1118 1120
f 1124 1122 1121 1123
f 1127 1125 1122 1124
f 1128 1126 1125 1127
f 1031 1131 1129 1130
f 954 1135 1132 1134
f 1129 1131 941
f 1130 1129 862
f 1134 1132 856
f 958 1133 1132 1135
f 1138 1136 1137 957
f 1141 972 1140 1139
f 1139 1140 907
f 1139 968 1141
f 971 1145 1142 1144
f 1144 1142 909
f 977 1143 1142 1145
f 990 1148 1146 1147
f 1147 1146 911
f 994 1152 1149 1151
f 1146 1148 995
f 1151 1149 912
f 998 1150 1149 1152
f 932 1155 1156 924
f 1006 1158 1155 1157
f 1157 1155 932
f 1010 1156 1155 1158
f 1020 1161 1160 1162
f 1026 1167 1165 1166
f 1032 1168 1165 1167
f 1171 1169 1170 1037
f 1166 1165 861
f 1178 1176 1177 1048
f 1169 1171 863
f 1173 1041 1172
f 1175 1044 1174
f 1182 1180 1181 1055
f 1176 1178 872
f 877 879 1179
f 1183 1052 1181 1180
f 1180 1182 926
f 1191 1189 1190 1072
f 1185 1186 1063
f 1187 1188 1066
f 1194 1071 1193 1192
f 1189 1191 914
f 1193 1077 1192
f 1197 1195 1196 1094
f 1099 1200 1198 1199
f 1195 1197 903
f 1107 1203 1201 1202
f 906 1198 1200
f 1104 1202 1201 1204
f 859 1201 1203
f 1207 1205 1206 1113
f 940 1209 1208 939
f 1205 1207 853
f 866 878 881
f 878 866 872
f 880 879 877
f 854 849 856
f 849 854 853
f 874 923 925
f 923 874 926
f 918 930 919
f 927 932 924
f 862 1129 1208 891
f 891 1208 1209
f 1129 941 939 1208
f 946 1211 1210 945
f 891 1209 1210 847
f 847 1210 1211
f 1209 940 945 1210
f 1213 1212 949 950
f 848 846 1212 1213
f 1211 1212 846 847
f 946 949 1212 1211
f 1134 1214 953 954
f 856 848 1214 1134
f 950 953 1214 1213
f 1137 857 855 1133
f 1216 1215 961 962
f 1133 855 856
f 1136 1215 886 857
f 1215 1216 886
f 963 961 1215 1136
f 968 1139 1217 967
f 1139 907 886 1217
f 1216 962 967 1217
f 1144 1140 972 971
f 909 908 1140 1144
f 976 1219 1218 975
f 908 907 1140
f 909 1143 1218 898
f 898 1218 1219
f 1143 977 975 1218
f 982 1221 1220 981
f 1221 900 899 1220
f 898 1219 1220 899
f 1219 976 981 1220
f 1223 1222 985 986
f 938 900 1222 1223
f 982 985 1222 1221
f 1147 1224 989 990
f 911 938 1224 1147
f 986 989 1224 1223
f 1146 995 993 1151
f 1151 993 994
f 1003 1153 1150 998
f 1153 922 912 1150
f 922 1153 1154 917
f 1003 1007 1154
f 1007 1006 1157 1154
f 1154 1153 1003
f 1015 1159 1156 1010
f 1159 925 924 1156
f 876 875 1159 1160
f 1019 1163 1161 1020
f 875 925 1159
f 1163 881 876 1161
f 1163 1164 867 881
f 1163 1019 1024 1164
f 1024 1026 1166 1164
f 1130 1168 1030 1031
f 1172 1171 1035 1036
f 1168 1130 862
f 1168 862 861
f 870 864 1172 1174
f 1171 1172 864
f 864 863 1171
f 1176 1174 1044 1045
f 872 871 1174 1176
f 1179 1178 1048 1049
f 871 870 1174
f 1049 1052 1183 1179
f 1178 1179 879
f 879 872 1178
f 1056 1184 1182 1055
f 1184 933 926 1182
f 1185 930 929 1184
f 1187 920 919 1225
f 1184 929 933
f 1185 1063 1062 1225
f 1067 1189 1187 1066
f 1189 914 920 1187
f 1071 1194 1191 1070
f 1194 915 914 1191
f 1227 1226 1075 1076
f 1192 1226 936 915
f 1226 1227 936
f 1077 1075 1226 1192
f 1229 1228 1081 1082
f 894 937 1228 1229
f 1227 1228 937 936
f 1076 1081 1228 1227
f 1086 1231 1230 1085
f 1231 897 895 1230
f 894 1229 1230 895
f 1229 1082 1085 1230
f 1090 1195 1232 1089
f 1195 903 897 1232
f 1231 1086 1089 1232
f 1198 1197 1094 1093
f 906 904 1197 1198
f 1098 1234 1233 1097
f 904 903 1197
f 906 1200 1233 884
f 884 1233 1234
f 1200 1099 1097 1233
f 1204 1235 1103 1104
f 859 885 1235 1204
f 1234 1235 885 884
f 1098 1103 1235 1234
f 1108 1205 1203 1107
f 1205 853 852 1203
f 1237 1236 1111 1112
f 1203 852 859
f 1207 1236 850 853
f 1236 1237 850
f 1113 1111 1236 1207
f 1239 1238 1117 1118
f 844 843 1238 1239
f 1237 1238 843 850
f 1112 1117 1238 1237
f 1122 1241 1240 1121
f 1241 889 888 1240
f 844 1239 1240 888
f 1239 1118 1121 1240
f 1126 1169 1242 1125
f 1169 863 889 1242
f 1241 1122 1125 1242
f 1034 1243 1131 1031
f 1243 942 941 1131
f 956 1244 1135 954
f 959 958 1135 1244
f 1245 1138 957 960
f 1245 964 963 1138
f 1246 1141 968 970
f 1246 973 972 1141
f 974 1247 1145 971
f 978 977 1145 1247
f 1248 1148 990 992
f 996 995 1148 1248
f 1249 1152 994 997
f 1249 1000 998 1152
f 1009 1251 1158 1005
f 1251 1012 1010 1158
f 1253 1162 1014 1017
f 1011 1252 1016
f 1018 1020 1162
f 1021 1018 1162 1253
f 1255 1167 1026 1029
f 1027 1025 1254
f 1027 1254 1028
f 1255 1033 1032 1167
f 1256 1170 1126 1128
f 1038 1037 1170 1256
f 1039 1042 1173 1036
f 1043 1046 1175 1040
f 1041 1173 1042
f 1047 1050 1177 1045
f 1044 1175 1046
f 1054 1257 1181 1052
f 1048 1177 1050
f 1057 1055 1181 1257
f 1064 1063 1186 1061
f 1056 1058 1060
f 1068 1066 1188 1065
f 1073 1072 1190 1069
f 1074 1258 1193 1071
f 1258 1078 1077 1193
f 1092 1259 1196 1090
f 1259 1095 1094 1196
f 1096 1100 1099 1199
f 1199 1093 1096
f 1260 1202 1104 1106
f 1109 1107 1202 1260
f 1261 1206 1108 1110
f 1114 1113 1206 1261
f 1265 1262 1263 1264
f 1267 1266 1262 1265
f 1269 1262 1266 1268
f 1270 1263 1262 1269
f 1273 1274 1271 1272
f 1274 1276 1275 1271
f 1277 1278 1271 1275
f 1278 1279 1272 1271
f 1283 1284 1280 1310
f 1280 1281 1282
f 1310 1280 1282
f 1280 1288 1289 1281
f 1284 1290 1288
f 1301 1287 1285 1286
f 1288 1280 1284
f 1287 1289 1288 1285
f 1290 1291 1285 1288
f 1291 1292 1286 1285
f 1345 1295 1293 1294
f 1295 1296 1300 1293
f 1346 1294 1293 1297
f 1293 1300 1297
f 1304 1305 1302 1303
f 1300 1298 1299
f 1298 1296 1301
f 1309 1310 1307 1308
f 1303 1302 1306
f 1310 1311 1267 1307
f 1265 1264 1308 1307
f 1315 1312 1313 1314
f 1310 1309 1283
f 1317 1316 1312 1315
f 1319 1312 1316 1318
f 1320 1313 1312 1319
f 1323 1324 1321 1322
f 1324 1326 1325 1321
f 1327 1328 1321 1325
f 1328 1329 1322 1321
f 1333 1330 1331 1332
f 1334 1333 1341 1340
f 1334 1330 1333
f 1330 1334 1335
f 1351 1338 1336 1337
f 1341 1332 1342
f 1340 1341 1336 1339
f 1339 1336 1338
f 1341 1342 1337 1336
f 1353 1347 1343 1346
f 1343 1344 1345
f 1350 1338 1348 1349
f 1344 1343 1347
f 1347 1348 1351 1352
f 1348 1338 1351
f 1347 1353 1349 1348
f 1327 1325 1303 1306
f 1325 1326 1304 1303
f 1323 1322 1316 1317
f 1322 1329 1318 1316
f 1356 1357 1354 1355
f 1357 1314 1313 1354
f 1320 1358 1355 1354
f 1354 1313 1320
f 1362 1363 1359 1361
f 1363 1364 1360 1359
f 1364 1367 1365 1360
f 1367 1368 1366 1365
f 1368 1371 1369 1366
f 1371 1372 1370 1369
f 1372 1375 1373 1370
f 1375 1376 1374 1373
f 1380 1377 1378 1379
f 1384 1385 1381 1383
f 1385 1386 1382 1381
f 1389 1387 1382 1386
f 1390 1388 1387 1389
f 1399 1395 1397 1398
f 1392 1391 1394
f 1400 1396 1395 1399
f 1403 1401 1396 1400
f 1404 1402 1401 1403
f 1407 1405 1402 1404
f 1408 1406 1405 1407
f 1411 1409 1406 1408
f 1412 1410 1409 1411
f 1417 1414 1413 1416
f 1426 1427 1422 1425
f 1419 1423 1418
f 1419 1418 1421
f 1419 1422 1423
f 1422 1419 1424
f 1428 1429 1425 1422
f 1440 1438 1443 1439
f 1430 1434 1435
f 1434 1430 1432
f 1433 1436 1437
f 1442 1443 1438 1441
f 1453 1454 1450 1452
f 1443 1444 1439
f 1443 1442 1445
f 1446 1448 1449
f 1459 1456 1455 1458
f 1451 1450 1454
f 1462 1463 1460 1461
f 1473 1474 1471 1472
f 1465 1464 1467
f 1472 1468 1470
f 1478 1476 1475 1477
f 1489 1487 1486 1488
f 1479 1480 1481
f 1482 1484 1485
f 1494 1491 1490 1493
f 1498 1499 1495 1497
f 1499 1500 1496 1495
f 1500 1503 1501 1496
f 1503 1504 1502 1501
f 1504 1507 1505 1502
f 1507 1508 1506 1505
f 1508 1511 1509 1506
f 1511 1512 1510 1509
f 1520 1521 1517 1519
f 1514 1513 1516
f 1521 1522 1518 1517
f 1522 1525 1523 1518
f 1526 1524 1523 1525
f 1530 1528 1527 1529
f 1535 1531 1533 1534
f 1536 1532 1531 1535
f 1539 1537 1532 1536
f 1540 1538 1537 1539
f 1543 1541 1538 1540
f 1544 1542 1541 1543
f 1547 1545 1542 1544
f 1548 1546 1545 1547
f 1451 1551 1549 1550
f 1374 1555 1552 1554
f 1549 1551 1361
f 1550 1549 1282
f 1554 1552 1276
f 1378 1553 1552 1555
f 1558 1556 1557 1377
f 1561 1391 1560 1559
f 1559 1560 1327
f 1559 1388 1561
f 1392 1565 1562 1564
f 1564 1562 1329
f 1397 1563 1562 1565
f 1410 1568 1566 1567
f 1567 1566 1331
f 1414 1572 1569 1571
f 1566 1568 1415
f 1571 1569 1332
f 1418 1570 1569 1572
f 1352 1575 1576 1344
f 1426 1578 1575 1577
f 1577 1575 1352
f 1430 1576 1575 1578
f 1440 1581 1580 1582
f 1446 1587 1585 1586
f 1452 1588 1585 1587
f 1591 1589 1590 1457
f 1586 1585 1281
f 1598 1596 1597 1468
f 1589 1591 1283
f 1593 1461 1592
f 1595 1464 1594
f 1602 1600 1601 1475
f 1596 1598 1292
f 1297 1299 1599
f 1603 1471 1601 1600
f 1600 1602 1346
f 1611 1609 1610 1492
f 1605 1606 1483
f 1607 1608 1486
f 1614 1491 1613 1612
f 1609 1611 1334
f 1613 1497 1612
f 1617 1615 1616 1513
f 1519 1620 1618 1619
f 1615 1617 1323
f 1527 1623 1621 1622
f 1326 1618 1620
f 1524 1622 1621 1624
f 1279 1621 1623
f 1627 1625 1626 1533
f 1360 1629 1628 1359
f 1625 1627 1273
f 1286 1298 1301
f 1298 1286 1292
f 1300 1299 1297
f 1274 1269 1276
f 1269 1274 1273
f 1294 1343 1345
f 1343 1294 1346
f 1338 1350 1339
f 1347 1352 1344
f 1282 1549 1628 1311
f 1311 1628 1629
f 1549 1361 1359 1628
f 1366 1631 1630 1365
f 1311 1629 1630 1267
f 1267 1630 1631
f 1629 1360 1365 1630
f 1633 1632 1369 1370
f 1268 1266 1632 1633
f 1631 1632 1266 1267
f 1366 1369 1632 1631
f 1554 1634 1373 1374
f 1276 1268 1634 1554
f 1370 1373 1634 1633
f 1557 1277 1275 1553
f 1636 1635 1381 1382
f 1553 1275 1276
f 1556 1635 1306 1277
f 1635 1636 1306
f 1383 1381 1635 1556
f 1388 1559 1637 1387
f 1559 1327 1306 1637
f 1636 1382 1387 1637
f 1564 1560 1391 1392
f 1329 1328 1560 1564
f 1396 1639 1638 1395
f 1328 1327 1560
f 1329 1563 1638 1318
f 1318 1638 1639
f 1563 1397 1395 1638
f 1402 1641 1640 1401
f 1641 1320 1319 1640
f 1318 1639 1640 1319
f 1639 1396 1401 1640
f 1643 1642 1405 1406
f 1358 1320 1642 1643
f 1402 1405 1642 1641
f 1567 1644 1409 1410
f 1331 1358 1644 1567
f 1406 1409 1644 1643
f 1566 1415 1413 1571
f 1571 1413 1414
f 1423 1573 1570 1418
f 1573 1342 1332 1570
f 1342 1573 1574 1337
f 1423 1427 1574
f 1427 1426 1577 1574
f 1574 1573 1423
f 1435 1579 1576 1430
f 1579 1345 1344 1576
f 1296 1295 1579 1580
f 1439 1583 1581 1440
f 1295 1345 1579
f 1583 1301 1296 1581
f 1583 1584 1287 1301
f 1583 1439 1444 1584
f 1444 1446 1586 1584
f 1550 1588 1450 1451
f 1592 1591 1455 1456
f 1588 1550 1282
f 1588 1282 1281
f 1290 1284 1592 1594
f 1591 1592 1284
f 1284 1283 1591
f 1596 1594 1464 1465
f 1292 1291 1594 1596
f 1599 1598 1468 1472
f 1291 1290 1594
f 1472 1471 1603 1599
f 1598 1599 1299
f 1299 1292 1598
f 1476 1604 1602 1475
f 1604 1353 1346 1602
f 1605 1350 1349 1604
f 1607 1340 1339 1645
f 1604 1349 1353
f 1605 1483 1482 1645
f 1487 1609 1607 1486
f 1609 1334 1340 1607
f 1491 1614 1611 1490
f 1614 1335 1334 1611
f 1647 1646 1495 1496
f 1612 1646 1356 1335
f 1646 1647 1356
f 1497 1495 1646 1612
f 1649 1648 1501 1502
f 1314 1357 1648 1649
f 1647 1648 1357 1356
f 1496 1501 1648 1647
f 1506 1651 1650 1505
f 1651 1317 1315 1650
f 1314 1649 1650 1315
f 1502 1505 1650 1649
f 1510 1615 1652 1509
f 1615 1323 1317 1652
f 1651 1506 1509 1652
f 1618 1617 1513 1514
f 1326 1324 1617 1618
f 1518 1654 1653 1517
f 1324 1323 1617
f 1326 1620 1653 1304
f 1304 1653 1654
f 1620 1519 1517 1653
f 1624 1655 1523 1524
f 1279 1305 1655 1624
f 1654 1655 1305 1304
f 1518 1523 1655 1654
f 1528 1625 1623 1527
f 1625 1273 1272 1623
f 1657 1656 1531 1532
f 1623 1272 1279
f 1627 1656 1270 1273
f 1656 1657 1270
f 1533 1531 1656 1627
f 1659 1658 1537 1538
f 1264 1263 1658 1659
f 1657 1658 1263 1270
f 1532 1537 1658 1657
f 1542 1661 1660 1541
f 1661 1309 1308 1660
f 1264 1659 1660 1308
f 1659 1538 1541 1660
f 1546 1589 1662 1545
f 1589 1283 1309 1662
f 1661 1542 1545 1662
f 1454 1663 1551 1451
f 1663 1362 1361 1551
f 1376 1664 1555 1374
f 1379 1378 1555 1664
f 1665 1558 1377 1380
f 1665 1384 1383 1558
f 1666 1561 1388 1390
f 1666 1393 1391 1561
f 1394 1667 1565 1392
f 1398 1397 1565 1667
f 1668 1568 1410 1412
f 1416 1415 1568 1668
f 1669 1572 1414 1417
f 1669 1420 1418 1572
f 1429 1671 1578 1425
f 1671 1431 1430 1578
f 1673 1582 1433 1437
f 1434 1672 1436
f 1438 1440 1582
f 1441 1438 1582 1673
f 1675 1587 1446 1449
f 1447 1445 1674
f 1447 1674 1448
f 1675 1453 1452 1587
f 1676 1590 1546 1548
f 1458 1457 1590 1676
f 1459 1462 1593 1456
f 1463 1466 1595 1460
f 1461 1593 1462
f 1467 1469 1597 1465
f 1464 1595 1466
f 1474 1677 1601 1471
f 1468 1597 1469
f 1477 1475 1601 1677
f 1484 1483 1606 1481
f 1476 1478 1480
f 1488 1486 1608 1485
f 1493 1492 1610 1489
f 1494 1678 1613 1491
f 1678 1498 1497 1613
f 1512 1679 1616 1510
f 1679 1515 1513 1616
f 1516 1680 1619 1514
f 1680 1520 1519 1619
f 1681 1622 1524 1526
f 1529 1527 1622 1681
f 1682 1626 1528 1530
f 1534 1533 1626 1682
f 1686 1683 1684 1685
f 1688 1687 1683 1686
f 1690 1689 1687 1688
f 1692 1691 1689 1690
f 1694 1693 1691 1692
f 1696 1695 1693 1694
f 1698 1697 1695 1696
f 1700 1699 1697 1698
f 1702 1701 1699 1700
f 1704 1703 1701 1702
f 1706 1705 1703 1704
f 1708 1707 1705 1706
f 1710 1709 1707 1708
f 1712 1711 1709 1710
f 1714 1713 1711 1712
f 1716 1715 1713 1714
f 1718 1717 1715 1716
f 1720 1719 1717 1718
f 1722 1721 1719 1720
f 1724 1723 1721 1722
f 1726 1725 1723 1724
f 1728 1727 1725 1726
f 1730 1729 1727 1728
f 1685 1684 1729 1730
f 1735 1734 1731 1732
f 1738 1737 1733 1736
f 1731 1734 1733
f 1733 1734 1735
f 1733 1735 1736
f 1740 1739 1737 1738
f 1742 1741 1739 1740
f 1737 1739 1733
f 1732 1731 1741 1742
f 1739 1741 1733
f 1687 1744 1743 1683
f 1741 1731 1733
f 1684 1683 1743 1745
f 1732 1743 1744
f 1747 1746 1689 1691
f 1735 1732 1746 1747
f 1744 1687 1689 1746
f 1695 1749 1748 1693
f 1691 1693 1748 1747
f 1735 1748 1749
f 1751 1750 1697 1699
f 1736 1735 1750 1751
f 1749 1695 1697 1750
f 1703 1753 1752 1701
f 1699 1701 1752 1751
f 1736 1752 1753
f 1755 1754 1705 1707
f 1738 1736 1754 1755
f 1753 1703 1705 1754
f 1711 1757 1756 1709
f 1707 1709 1756 1755
f 1738 1756 1757
f 1759 1758 1713 1715
f 1740 1738 1758 1759
f 1757 1711 1713 1758
f 1719 1761 1760 1717
f 1715 1717 1760 1759
f 1740 1760 1761
f 1763 1762 1721 1723
f 1742 1740 1762 1763
f 1761 1719 1721 1762
f 1727 1765 1764 1725
f 1723 1725 1764 1763
f 1742 1764 1765
f 1745 1766 1729 1684
f 1732 1742 1766 1745
f 1765 1727 1729 1766
f 1770 1767 1768 1769
f 1772 1771 1767 1770
f 1774 1773 1771 1772
f 1776 1775 1773 1774
f 1778 1777 1775 1776
f 1780 1779 1777 1778
f 1782 1781 1779 1780
f 1784 1783 1781 1782
f 1786 1785 1783 1784
f 1788 1787 1785 1786
f 1790 1789 1787 1788
f 1792 1791 1789 1790
f 1794 1793 1791 1792
f 1796 1795 1793 1794
f 1798 1797 1795 1796
f 1800 1799 1797 1798
f 1802 1801 1799 1800
f 1804 1803 1801 1802
f 1806 1805 1803 1804
f 1808 1807 1805 1806
f 1810 1809 1807 1808
f 1812 1811 1809 1810
f 1814 1813 1811 1812
f 1769 1768 1813 1814
f 1819 1818 1815 1816
f 1821 1820 1818 1819
f 1815 1818 1817
f 1823 1822 1820 1821
f 1818 1820 1817
f 1825 1824 1822 1823
f 1820 1822 1817
f 1816 1815 1817 1826
f 1822 1824 1817
f 1817 1824 1825
f 1817 1825 1826
f 1771 1828 1827 1767
f 1768 1767 1827 1829
f 1816 1827 1828
f 1831 1830 1773 1775
f 1819 1816 1830 1831
f 1828 1771 1773 1830
f 1779 1833 1832 1777
f 1775 1777 1832 1831
f 1819 1832 1833
f 1835 1834 1781 1783
f 1821 1819 1834 1835
f 1833 1779 1781 1834
f 1787 1837 1836 1785
f 1783 1785 1836 1835
f 1821 1836 1837
f 1839 1838 1789 1791
f 1823 1821 1838 1839
f 1837 1787 1789 1838
f 1795 1841 1840 1793
f 1791 1793 1840 1839
f 1823 1840 1841
f 1843 1842 1797 1799
f 1825 1823 1842 1843
f 1841 1795 1797 1842
f 1803 1845 1844 1801
f 1799 1801 1844 1843
f 1825 1844 1845
f 1847 1846 1805 1807
f 1826 1825 1846 1847
f 1845 1803 1805 1846
f 1811 1849 1848 1809
f 1807 1809 1848 1847
f 1826 1848 1849
f 1829 1850 1813 1768
f 1816 1826 1850 1829
f 1849 1811 1813 1850
f 1854 1851 1852 1853
f 1856 1855 1851 1854
f 1858 1857 1855 1856
f 1860 1859 1857 1858
f 1862 1861 1859 1860
f 1864 1863 1861 1862
f 1866 1865 1863 1864
f 1868 1867 1865 1866
f 1870 1869 1867 1868
f 1872 1871 1869 1870
f 1874 1873 1871 1872
f 1876 1875 1873 1874
f 1878 1877 1875 1876
f 1880 1879 1877 1878
f 1882 1881 1879 1880
f 1884 1883 1881 1882
f 1886 1885 1883 1884
f 1888 1887 1885 1886
f 1890 1889 1887 1888
f 1892 1891 1889 1890
f 1894 1893 1891 1892
f 1896 1895 1893 1894
f 1898 1897 1895 1896
f 1853 1852 1897 1898
f 1903 1902 1899 1900
f 1906 1905 1901 1904
f 1899 1902 1901
f 1901 1902 1903
f 1901 1903 1904
f 1908 1907 1905 1906
f 1910 1909 1907 1908
f 1905 1907 1901
f 1900 1899 1909 1910
f 1907 1909 1901
f 1855 1912 1911 1851
f 1909 1899 1901
f 1852 1851 1911 1913
f 1900 1911 1912
f 1915 1914 1857 1859
f 1903 1900 1914 1915
f 1912 1855 1857 1914
f 1863 1917 1916 1861
f 1859 1861 1916 1915
f 1903 1916 1917
f 1919 1918 1865 1867
f 1904 1903 1918 1919
f 1917 1863 1865 1918
f 1871 1921 1920 1869
f 1867 1869 1920 1919
f 1904 1920 1921
f 1923 1922 1873 1875
f 1906 1904 1922 1923
f 1921 1871 1873 1922
f 1879 1925 1924 1877
f 1875 1877 1924 1923
f 1906 1924 1925
f 1927 1926 1881 1883
f 1908 1906 1926 1927
f 1925 1879 1881 1926
f 1887 1929 1928 1885
f 1883 1885 1928 1927
f 1908 1928 1929
f 1931 1930 1889 1891
f 1910 1908 1930 1931
f 1929 1887 1889 1930
f 1895 1933 1932 1893
f 1891 1893 1932 1931
f 1910 1932 1933
f 1913 1934 1897 1852
f 1900 1910 1934 1913
f 1933 1895 1897 1934
f 1938 1935 1936 1937
f 1940 1939 1935 1938
f 1942 1941 1939 1940
f 1944 1943 1941 1942
f 1946 1945 1943 1944
f 1948 1947 1945 1946
f 1950 1949 1947 1948
f 1952 1951 1949 1950
f 1954 1953 1951 1952
f 1956 1955 1953 1954
f 1958 1957 1955 1956
f 1960 1959 1957 1958
f 1962 1961 1959 1960
f 1964 1963 1961 1962
f 1966 1965 1963 1964
f 1968 1967 1965 1966
f 1970 1969 1967 1968
f 1972 1971 1969 1970
f 1974 1973 1971 1972
f 1976 1975 1973 1974
f 1978 1977 1975 1976
f 1980 1979 1977 1978
f 1982 1981 1979 1980
f 1937 1936 1981 1982
f 1987 1986 1983 1984
f 1989 1988 1986 1987
f 1983 1986 1985
f 1991 1990 1988 1989
f 1986 1988 1985
f 1994 1993 1985 1992
f 1988 1990 1985
f 1985 1990 1991
f 1985 1991 1992
f 1984 1983 1993 1994
f 1939 1996 1995 1935
f 1993 1983 1985
f 1936 1935 1995 1997
f 1984 1995 1996
f 1999 1998 1941 1943
f 1987 1984 1998 1999
f 1996 1939 1941 1998
f 1947 2001 2000 1945
f 1943 1945 2000 1999
f 1987 2000 2001
f 2003 2002 1949 1951
f 1989 1987 2002 2003
f 2001 1947 1949 2002
f 1955 2005 2004 1953
f 1951 1953 2004 2003
f 1989 2004 2005
f 2007 2006 1957 1959
f 1991 1989 2006 2007
f 2005 1955 1957 2006
f 1963 2009 2008 1961
f 1959 1961 2008 2007
f 1991 2008 2009
f 2011 2010 1965 1967
f 1992 1991 2010 2011
f 2009 1963 1965 2010
f 1971 2013 2012 1969
f 1967 1969 2012 2011
f 1992 2012 2013
f 2015 2014 1973 1975
f 1994 1992 2014 2015
f 2013 1971 1973 2014
f 1979 2017 2016 1977
f 1975 1977 2016 2015
f 1994 2016 2017
f 1997 2018 1981 1936
f 1984 1994 2018 1997
f 2017 1979 1981 2018
o logo_back_fon_logotip_rear
v -0.019691 0.129603 0.003259
v -0.017630 0.129600 -0.006204
v -0.019691 0.129601 -0.003270
v -0.020421 0.129602 -0.000006
v 0.019693 0.129601 -0.003270
v 0.017632 0.129600 -0.006204
v 0.019693 0.129603 0.003259
v 0.020423 0.129602 -0.000006
v 0.014438 0.129605 0.008680
v 0.017632 0.129604 0.006193
v 0.014438 0.129599 -0.008691
v 0.010304 0.129606 0.010602
v 0.010304 0.129598 -0.010613
v 0.005426 0.129597 -0.011853
v 0.000001 0.129607 0.012281
v 0.005426 0.129606 0.011842
v 0.000001 0.129597 -0.012292
v -0.005424 0.129606 0.011842
v -0.005424 0.129597 -0.011853
v -0.010302 0.129598 -0.010613
v -0.014435 0.129605 0.008680
v -0.010302 0.129606 0.010602
v -0.014435 0.129599 -0.008691
v -0.017630 0.129604 0.006193
g logo_back_fon_logotip_rear_polaris_logo
usemtl polaris_logo
s 1
f 2019 2020 2021 2022
f 2023 2024 2025 2026
f 2024 2027 2028 2025
f 2029 2030 2027 2024
f 2031 2032 2030 2029
f 2032 2033 2034 2030
f 2035 2036 2033 2032
f 2037 2038 2036 2035
f 2038 2039 2040 2036
f 2041 2042 2039 2038
f 2020 2019 2042 2041
o logo_front_logo_rear
v 0.002182 0.129884 0.003443
v -0.000032 0.129898 -0.000023
v 0.000044 0.130921 0.003450
v 0.001963 0.129886 -0.003104
v 0.000043 0.130912 -0.003097
v 0.003485 0.130912 -0.000137
v 0.003474 0.129888 -0.001842
v 0.003470 0.129912 0.001995
v 0.002986 0.130888 0.002585
v 0.002644 0.130882 -0.002585
v 0.002096 0.129911 -0.003079
v 0.003430 0.129908 -0.001963
v 0.002733 0.130891 -0.002513
v 0.003497 0.129887 0.001865
v 0.003485 0.130915 0.000010
v 0.002315 0.129907 0.003404
v 0.002912 0.130895 0.002676
v 0.003658 0.129883 0.001903
v 0.015331 0.129882 -0.000122
v 0.003646 0.130933 0.000008
v 0.003645 0.130931 -0.000139
v 0.015271 0.129884 -0.000268
v 0.003635 0.129884 -0.001880
v 0.003551 0.129906 -0.002070
v 0.005590 0.129905 -0.005237
v 0.002852 0.130891 -0.002622
v 0.002762 0.130888 -0.002695
v 0.005472 0.129911 -0.005283
v 0.002213 0.129912 -0.003191
v 0.002004 0.129880 -0.003264
v 0.000042 0.129878 -0.010632
v 0.000042 0.130929 -0.003257
v 0.000043 0.130935 0.003610
v 0.000043 0.129883 0.011202
v 0.002221 0.129880 0.003603
v 0.002433 0.129906 0.003514
v 0.006001 0.129907 0.005497
v 0.003031 0.130897 0.002784
v 0.003105 0.130892 0.002693
v 0.006036 0.129914 0.005372
v 0.003591 0.129913 0.002101
v -0.002246 0.129884 0.003443
v -0.000108 0.130921 0.003450
v -0.000107 0.130912 -0.003097
v -0.002027 0.129886 -0.003104
v -0.003538 0.129888 -0.001842
v -0.003549 0.130912 -0.000137
v -0.003534 0.129912 0.001995
v -0.003050 0.130888 0.002585
v -0.002161 0.129911 -0.003079
v -0.002708 0.130882 -0.002585
v -0.003494 0.129908 -0.001963
v -0.002797 0.130891 -0.002513
v -0.003561 0.129887 0.001865
v -0.003550 0.130915 0.000010
v -0.002379 0.129907 0.003404
v -0.002976 0.130895 0.002676
v -0.003722 0.129883 0.001903
v -0.003710 0.130933 0.000008
v -0.015395 0.129882 -0.000122
v -0.003709 0.130931 -0.000139
v -0.003699 0.129884 -0.001880
v -0.015335 0.129884 -0.000268
v -0.003615 0.129906 -0.002070
v -0.002916 0.130891 -0.002622
v -0.005654 0.129905 -0.005237
v -0.002827 0.130888 -0.002695
v -0.002277 0.129912 -0.003191
v -0.005537 0.129911 -0.005283
v -0.002068 0.129880 -0.003264
v -0.000106 0.130929 -0.003257
v -0.000106 0.129878 -0.010632
v -0.000107 0.130935 0.003610
v -0.002285 0.129880 0.003603
v -0.000107 0.129883 0.011202
v -0.002497 0.129906 0.003514
v -0.003096 0.130897 0.002784
v -0.006065 0.129907 0.005497
v -0.003169 0.130892 0.002693
v -0.003655 0.129913 0.002101
v -0.006100 0.129914 0.005372
v 0.003657 0.129067 0.001978
v 0.016164 0.129066 -0.000192
v 0.016164 0.129746 -0.000192
v 0.003657 0.129747 0.001978
v 0.016163 0.129066 -0.000217
v 0.003634 0.129065 -0.001953
v 0.003634 0.129745 -0.001954
v 0.016163 0.129746 -0.000217
v 0.003597 0.129065 -0.002033
v 0.005868 0.129063 -0.005560
v 0.005868 0.129744 -0.005560
v 0.003597 0.129745 -0.002033
v 0.005844 0.129063 -0.005584
v 0.002171 0.129064 -0.003227
v 0.002171 0.129745 -0.003227
v 0.005844 0.129744 -0.005584
v 0.002393 0.129067 0.003562
v 0.006354 0.129068 0.005763
v 0.006354 0.129748 0.005763
v 0.002393 0.129748 0.003561
v 0.006376 0.129068 0.005737
v 0.003626 0.129067 0.002058
v 0.003626 0.129747 0.002057
v 0.006376 0.129748 0.005737
v 0.002081 0.129064 -0.003262
v -0.000011 0.129062 -0.011118
v -0.000011 0.129742 -0.011118
v 0.002081 0.129745 -0.003262
v -0.000010 0.129071 0.011659
v 0.002299 0.129067 0.003600
v 0.002299 0.129748 0.003600
v -0.000010 0.129750 0.011659
v -0.016228 0.129066 -0.000192
v -0.003721 0.129067 0.001978
v -0.003721 0.129747 0.001978
v -0.016228 0.129746 -0.000192
v -0.003698 0.129065 -0.001953
v -0.016227 0.129066 -0.000217
v -0.016227 0.129746 -0.000217
v -0.003698 0.129745 -0.001954
v -0.005932 0.129063 -0.005560
v -0.003661 0.129065 -0.002033
v -0.003661 0.129745 -0.002033
v -0.005932 0.129744 -0.005560
v -0.002235 0.129064 -0.003227
v -0.005908 0.129063 -0.005584
v -0.005908 0.129744 -0.005584
v -0.002235 0.129745 -0.003227
v -0.006418 0.129068 0.005763
v -0.002457 0.129067 0.003562
v -0.002457 0.129748 0.003561
v -0.006418 0.129748 0.005763
v -0.003690 0.129067 0.002058
v -0.006440 0.129068 0.005737
v -0.006440 0.129748 0.005737
v -0.003690 0.129747 0.002057
v -0.000053 0.129062 -0.011118
v -0.002145 0.129064 -0.003262
v -0.002145 0.129745 -0.003262
v -0.000053 0.129742 -0.011118
v -0.002363 0.129067 0.003600
v -0.000055 0.129071 0.011659
v -0.000055 0.129750 0.011659
v -0.002363 0.129748 0.003600
v -0.020111 0.129804 -0.003363
v -0.020857 0.129806 -0.000005
v -0.020421 0.129600 -0.000005
v -0.019691 0.129598 -0.003269
v -0.020111 0.129807 0.003352
v -0.019691 0.129601 0.003259
v -0.018007 0.129803 -0.006381
v -0.017630 0.129597 -0.006204
v -0.018007 0.129808 0.006371
v -0.017630 0.129603 0.006194
v -0.014744 0.129802 -0.008939
v -0.014436 0.129596 -0.008691
v -0.014744 0.129810 0.008929
v -0.014436 0.129603 0.008681
v -0.010522 0.129801 -0.010916
v -0.010302 0.129595 -0.010613
v -0.010522 0.129810 0.010906
v -0.010302 0.129603 0.010603
v -0.005540 0.129811 0.012181
v -0.005424 0.129604 0.011842
v -0.005540 0.129801 -0.012191
v -0.005424 0.129595 -0.011852
v 0.000001 0.129800 -0.012643
v 0.000001 0.129595 -0.012292
v 0.000001 0.129811 0.012633
v 0.000001 0.129604 0.012282
v 0.005426 0.129595 -0.011852
v 0.005542 0.129801 -0.012191
v 0.005542 0.129811 0.012181
v 0.005426 0.129604 0.011842
v 0.010524 0.129810 0.010906
v 0.010304 0.129603 0.010603
v 0.010304 0.129595 -0.010613
v 0.010524 0.129801 -0.010916
v 0.014437 0.129596 -0.008691
v 0.014746 0.129802 -0.008939
v 0.014746 0.129810 0.008929
v 0.014437 0.129603 0.008681
v 0.017632 0.129597 -0.006204
v 0.018009 0.129803 -0.006381
v 0.018009 0.129808 0.006371
v 0.017632 0.129603 0.006194
v 0.020113 0.129807 0.003352
v 0.019692 0.129601 0.003259
v 0.019692 0.129598 -0.003269
v 0.020113 0.129804 -0.003363
v 0.020423 0.129600 -0.000005
v 0.020859 0.129806 -0.000005
v -0.020532 0.129598 -0.003456
v -0.021294 0.129600 -0.000005
v -0.020532 0.129601 0.003446
v -0.018384 0.129597 -0.006558
v -0.018384 0.129603 0.006548
v -0.015053 0.129596 -0.009187
v -0.015053 0.129603 0.009177
v -0.010742 0.129595 -0.011219
v -0.010742 0.129604 0.011209
v -0.005656 0.129604 0.012520
v -0.005656 0.129595 -0.012530
v 0.000001 0.129594 -0.012994
v 0.000001 0.129604 0.012984
v 0.005658 0.129595 -0.012530
v 0.005658 0.129604 0.012520
v 0.010744 0.129604 0.011209
v 0.010744 0.129595 -0.011219
v 0.015054 0.129596 -0.009187
v 0.015054 0.129603 0.009177
v 0.018386 0.129597 -0.006558
v 0.018386 0.129603 0.006548
v 0.020534 0.129601 0.003446
v 0.020534 0.129598 -0.003456
v 0.021295 0.129600 -0.000005
g logo_front_logo_rear_rim_details
usemtl rim_details
s 1
f 2043 2044 2045
f 2044 2046 2047
f 2044 2048 2049
f 2050 2044 2051
f 2044 2052 2053
f 2054 2055 2044
f 2056 2057 2044
f 2058 2059 2044
f 2060 2061 2062
f 2063 2064 2065
f 2066 2067 2068
f 2069 2070 2071
f 2072 2073 2074
f 2075 2076 2077
f 2078 2079 2080
f 2081 2082 2083
f 2084 2085 2044
f 2044 2086 2087
f 2044 2088 2089
f 2090 2091 2044
f 2044 2092 2093
f 2094 2044 2095
f 2096 2044 2097
f 2098 2044 2099
f 2100 2101 2102
f 2103 2104 2105
f 2106 2107 2108
f 2109 2110 2111
f 2112 2113 2114
f 2115 2116 2117
f 2118 2119 2120
f 2121 2122 2123
f 2124 2125 2126 2127
f 2128 2129 2130 2131
f 2132 2133 2134 2135
f 2136 2137 2138 2139
f 2140 2141 2142 2143
f 2144 2145 2146 2147
f 2148 2149 2150 2151
f 2152 2153 2154 2155
f 2156 2157 2158 2159
f 2160 2161 2162 2163
f 2164 2165 2166 2167
f 2168 2169 2170 2171
f 2172 2173 2174 2175
f 2176 2177 2178 2179
f 2180 2181 2182 2183
f 2184 2185 2186 2187
f 2186 2155 2076 2117
f 2154 2143 2078 2058 2043 2077
f 2082 2079 2142 2147
f 2146 2127 2060 2056 2050 2083
f 2064 2061 2126 2131
f 2130 2135 2066 2054 2049 2065
f 2070 2067 2134 2139
f 2138 2151 2072 2046 2053 2071
f 2048 2057 2062 2063
f 2052 2055 2068 2069
f 2086 2047 2074 2113
f 2085 2115 2075 2045
f 2051 2059 2080 2081
f 2116 2084 2098 2118 2174 2187
f 2178 2175 2120 2123
f 2096 2100 2158 2179 2122 2090
f 2162 2159 2102 2105
f 2094 2106 2166 2163 2104 2088
f 2170 2167 2108 2111
f 2087 2112 2182 2171 2110 2092
f 2114 2073 2150 2183
f 2101 2097 2089 2103
f 2107 2095 2093 2109
f 2119 2099 2091 2121
f 2126 2061 2060 2127
f 2130 2065 2064 2131
f 2134 2067 2066 2135
f 2138 2071 2070 2139
f 2142 2079 2078 2143
f 2146 2083 2082 2147
f 2150 2073 2072 2151
f 2154 2077 2076 2155
f 2063 2062 2061 2064
f 2117 2076 2075 2115
f 2047 2086 2044
f 2044 2055 2052
f 2081 2080 2079 2082
f 2044 2053 2046
f 2049 2054 2044
f 2050 2056 2044
f 2043 2058 2044
f 2057 2048 2044
f 2062 2057 2056 2060
f 2065 2049 2048 2063
f 2067 2070 2069 2068
f 2068 2055 2054 2066
f 2071 2053 2052 2069
f 2113 2074 2073 2114
f 2074 2047 2046 2072
f 2044 2085 2045
f 2077 2043 2045 2075
f 2059 2051 2044
f 2080 2059 2058 2078
f 2083 2050 2051 2081
f 2158 2100 2102 2159
f 2162 2105 2104 2163
f 2166 2106 2108 2167
f 2170 2111 2110 2171
f 2174 2118 2120 2175
f 2178 2123 2122 2179
f 2182 2112 2114 2183
f 2186 2117 2116 2187
f 2105 2102 2101 2103
f 2093 2095 2044
f 2123 2120 2119 2121
f 2087 2092 2044
f 2044 2094 2088
f 2044 2096 2090
f 2044 2098 2084
f 2044 2089 2097
f 2100 2096 2097 2101
f 2103 2089 2088 2104
f 2107 2109 2111 2108
f 2106 2094 2095 2107
f 2109 2093 2092 2110
f 2112 2087 2086 2113
f 2115 2085 2084 2116
f 2044 2091 2099
f 2118 2098 2099 2119
f 2121 2091 2090 2122
f 2185 2152 2155 2186
f 2153 2140 2143 2154
f 2141 2144 2147 2142
f 2145 2124 2127 2146
f 2125 2128 2131 2126
f 2129 2132 2135 2130
f 2133 2136 2139 2134
f 2137 2148 2151 2138
f 2173 2184 2187 2174
f 2177 2172 2175 2178
f 2157 2176 2179 2158
f 2161 2156 2159 2162
f 2165 2160 2163 2166
f 2169 2164 2167 2170
f 2181 2168 2171 2182
f 2149 2180 2183 2150
f 2188 2189 2190 2191
f 2192 2193 2190 2189
f 2194 2188 2191 2195
f 2196 2197 2193 2192
f 2198 2194 2195 2199
f 2200 2201 2197 2196
f 2202 2198 2199 2203
f 2204 2205 2201 2200
f 2206 2207 2205 2204
f 2208 2202 2203 2209
f 2210 2208 2209 2211
f 2212 2213 2207 2206
f 2210 2211 2214 2215
f 2212 2216 2217 2213
f 2216 2218 2219 2217
f 2215 2214 2220 2221
f 2221 2220 2222 2223
f 2218 2224 2225 2219
f 2223 2222 2226 2227
f 2224 2228 2229 2225
f 2228 2230 2231 2229
f 2227 2226 2232 2233
f 2233 2232 2234 2235
f 2230 2235 2234 2231
f 2189 2188 2236 2237
f 2238 2192 2189 2237
f 2188 2194 2239 2236
f 2240 2196 2192 2238
f 2194 2198 2241 2239
f 2242 2200 2196 2240
f 2198 2202 2243 2241
f 2244 2204 2200 2242
f 2245 2206 2204 2244
f 2202 2208 2246 2243
f 2208 2210 2247 2246
f 2248 2212 2206 2245
f 2247 2210 2215 2249
f 2216 2212 2248 2250
f 2218 2216 2250 2251
f 2249 2215 2221 2252
f 2252 2221 2223 2253
f 2224 2218 2251 2254
f 2253 2223 2227 2255
f 2228 2224 2254 2256
f 2230 2228 2256 2257
f 2255 2227 2233 2258
f 2258 2233 2235 2259
f 2235 2230 2257 2259
o rim_base
v 0.009438 0.118511 0.157022
v 0.019557 0.118812 0.159626
v 0.012264 0.118022 0.150744
v 0.007198 0.118021 0.151303
v -0.005289 0.118518 0.157457
v 0.005698 0.118845 0.161958
v 0.006804 0.116762 0.141416
v 0.000066 0.116834 0.142123
v -0.000209 0.118026 0.151512
v 0.012195 0.116932 0.142182
v 0.007079 0.113789 0.133183
v 0.006582 0.094871 0.081422
v -0.000021 0.096716 0.087210
v 0.012309 0.116644 0.140116
v 0.011435 0.099241 0.092402
v 0.020024 0.094822 0.025819
v -0.020671 0.094822 0.022088
v 0.006194 0.094822 0.055118
v 0.011596 0.094859 0.054289
v 0.039759 0.094858 0.023715
v 0.027957 0.120651 0.160272
v 0.034638 0.122086 0.158823
v 0.027957 0.122074 0.160272
v 0.023910 0.120521 0.159304
v 0.023910 0.121944 0.159304
v 0.023977 0.119304 0.159776
v 0.027957 0.119513 0.160272
v 0.047164 0.114340 0.155216
v 0.062310 0.122091 0.149799
v 0.047164 0.122090 0.155216
v 0.076850 0.122093 0.142919
v 0.088671 0.122089 0.136275
v 0.076850 0.114342 0.142919
v 0.095656 0.114325 0.131560
v 0.095656 0.122075 0.131560
v 0.095084 0.120772 0.114386
v 0.099565 0.121855 0.125606
v 0.099299 0.120619 0.108175
v 0.095625 0.120588 0.111230
v 0.103956 0.120641 0.103955
v 0.013411 0.099156 0.061653
v 0.013382 0.102149 0.057388
v 0.013374 0.096118 0.057002
v 0.013380 0.096116 0.061616
v 0.013587 0.101013 0.081942
v 0.014077 0.118072 0.138287
v 0.014006 0.117689 0.130061
v 0.013569 0.107140 0.079814
v 0.013539 0.096583 0.080459
v 0.014057 0.117157 0.139611
v 0.014181 0.119384 0.148788
v 0.014183 0.120883 0.148761
v 0.014103 0.119913 0.141231
v 0.014148 0.118344 0.148749
v 0.019299 0.121591 0.155661
v 0.015606 0.118783 0.151930
v 0.015572 0.121233 0.151867
v 0.019232 0.119061 0.155654
v 0.028160 0.120677 0.144797
v 0.027288 0.120525 0.143712
v 0.029059 0.120825 0.145852
v 0.026393 0.120113 0.140781
v 0.026681 0.118396 0.131615
v 0.026739 0.120352 0.142480
v 0.028395 0.113860 0.108489
v 0.030231 0.109390 0.085855
v 0.034407 0.106781 0.071327
v 0.038148 0.105765 0.064221
v 0.031801 0.107580 0.076335
v 0.042473 0.104812 0.056088
v 0.045980 0.104120 0.049559
v 0.086129 0.120841 0.121880
v 0.084703 0.119275 0.108686
v 0.083695 0.121117 0.125967
v 0.078936 0.121112 0.128667
v 0.085601 0.121122 0.124755
v 0.078936 0.059582 0.128667
v 0.069680 0.121121 0.133667
v 0.058229 0.121125 0.139135
v 0.069680 0.059582 0.133667
v 0.046885 0.059582 0.143241
v 0.037682 0.121064 0.145774
v 0.046885 0.121107 0.143241
v 0.037682 0.059582 0.145774
v 0.032654 0.120992 0.146524
v 0.030392 0.120922 0.146390
v 0.024580 0.095947 0.045022
v 0.024433 0.100989 0.045185
v 0.035064 0.100655 0.035063
v 0.035049 0.095873 0.035048
v 0.015998 0.096033 0.052844
v 0.016246 0.101497 0.052640
v 0.090537 0.119048 0.101299
v 0.096192 0.119078 0.096191
v 0.086076 0.059582 0.104972
v 0.086070 0.119008 0.104977
v 0.028154 0.059582 0.144790
v 0.029060 0.059582 0.145853
v 0.026929 0.059582 0.143212
v 0.084702 0.059582 0.108677
v 0.086129 0.059582 0.121897
v 0.028393 0.085295 0.108498
v 0.026681 0.087546 0.131615
v 0.026042 0.059791 0.139138
v 0.028361 0.066185 0.108499
v 0.030182 0.066616 0.086210
v 0.036003 0.081405 0.068275
v 0.031719 0.066263 0.076455
v 0.035937 0.065191 0.068337
v 0.045604 0.081536 0.050239
v 0.045576 0.065157 0.050228
v 0.058229 0.059582 0.139135
v 0.083695 0.059582 0.125967
v 0.085600 0.059582 0.124755
v 0.032654 0.059582 0.146524
v 0.030395 0.059582 0.146390
v 0.026393 0.088353 0.140780
v 0.026739 0.059618 0.142479
v 0.026393 0.059722 0.140780
v 0.090537 0.059582 0.101299
v 0.096192 0.059582 0.096191
v 0.018170 0.059582 0.063511
v 0.013183 0.059582 -0.025775
v 0.023259 0.059582 0.026225
v 0.042085 0.059620 0.041205
v 0.026856 0.059616 0.077844
v 0.012057 0.118164 0.162659
v 0.000001 0.118161 0.163669
v 0.000001 0.114397 0.163689
v 0.012100 0.114367 0.162674
v 0.022114 0.116499 0.161058
v 0.022114 0.114326 0.161058
v 0.022831 0.118378 0.160895
v 0.027983 0.118412 0.160266
v 0.027957 0.114323 0.160272
v 0.034638 0.114336 0.158823
v 0.062310 0.114341 0.149799
v 0.088671 0.114339 0.136275
v 0.099095 0.114308 0.128698
v 0.099095 0.122058 0.128698
v 0.099300 0.112866 0.108174
v 0.095629 0.112835 0.111227
v 0.103956 0.112889 0.103955
v 0.095082 0.113019 0.114382
v 0.099563 0.114104 0.125601
v 0.012411 0.059582 0.138590
v 0.022342 0.059616 0.138590
v 0.024020 0.118926 0.160585
v 0.022740 0.118912 0.159334
v 0.020962 0.118834 0.161065
v 0.025094 0.118935 0.160536
v 0.014139 0.118108 0.150483
v 0.014048 0.117885 0.148694
v 0.015852 0.118294 0.152352
v 0.014255 0.118641 0.150461
v 0.013963 0.116711 0.139763
v 0.013436 0.095008 0.079881
v 0.012001 0.094851 0.078750
v 0.011678 0.094904 0.080262
v 0.013311 0.094961 0.055261
v 0.016103 0.094961 0.052603
v 0.013263 0.094967 0.056931
v 0.013429 0.096032 0.055274
v 0.094371 0.120585 0.112380
v 0.100276 0.122044 0.127608
v 0.100276 0.114294 0.127608
v 0.030748 0.059722 0.078168
v 0.032072 0.059719 0.075520
v 0.030866 0.066334 0.078169
v 0.011966 0.118844 0.162565
v 0.000001 0.118873 0.163570
v 0.006393 0.094834 0.080867
v 0.000002 0.094852 0.082062
v 0.013700 0.105857 0.109833
v 0.013334 0.094956 0.067351
v 0.013005 0.094843 0.071194
v 0.024311 0.094961 0.045121
v 0.034971 0.094961 0.034970
v 0.027957 0.118948 0.160272
v 0.013453 0.101690 0.055268
v 0.014090 0.119715 0.139762
v 0.014274 0.121098 0.150454
v 0.029501 0.120887 0.146275
v 0.026925 0.120453 0.143198
v 0.030889 0.107874 0.078161
v 0.084523 0.119003 0.106344
v 0.086301 0.121113 0.124220
v 0.047266 0.103891 0.047265
v 0.049560 0.104120 0.045979
v 0.086301 0.059582 0.124219
v 0.084523 0.059582 0.106345
v 0.029500 0.059582 0.146274
v 0.047250 0.065563 0.047249
v 0.050241 0.081676 0.045603
v 0.050177 0.065155 0.045603
v 0.028263 0.059722 0.108499
v 0.025838 0.059722 0.138590
v 0.040571 0.059729 0.059392
v 0.047152 0.059723 0.047188
v 0.094371 0.112832 0.112379
v 0.005293 0.118518 -0.157459
v 0.012269 0.118026 -0.150774
v 0.019517 0.118812 -0.159664
v 0.011267 0.118825 -0.161125
v -0.005691 0.118845 -0.161958
v 0.006941 0.118012 -0.151208
v 0.000214 0.118026 -0.151512
v -0.000068 0.116834 -0.142124
v 0.012173 0.116918 -0.142089
v 0.006234 0.098202 -0.090656
v 0.000023 0.096704 -0.087177
v 0.011500 0.098858 -0.091320
v 0.012207 0.116642 -0.140137
v 0.007209 0.116741 -0.141291
v 0.025820 0.094822 -0.020022
v 0.023713 0.094858 -0.039761
v 0.011774 0.094857 -0.054482
v 0.006087 0.094822 -0.055068
v 0.027957 0.120651 -0.160273
v 0.027957 0.122074 -0.160273
v 0.034638 0.122086 -0.158824
v 0.034638 0.114336 -0.158824
v 0.027957 0.119513 -0.160273
v 0.023977 0.119304 -0.159776
v 0.023910 0.120521 -0.159305
v 0.023910 0.121944 -0.159305
v 0.047164 0.122090 -0.155216
v 0.047164 0.114340 -0.155216
v 0.076850 0.122093 -0.142920
v 0.088671 0.122089 -0.136275
v 0.088671 0.114339 -0.136275
v 0.095656 0.122075 -0.131561
v 0.095083 0.120772 -0.114385
v 0.099562 0.121854 -0.125598
v 0.099299 0.120619 -0.108175
v 0.095629 0.120588 -0.111227
v 0.013411 0.099170 -0.061664
v 0.013384 0.096155 -0.062028
v 0.013374 0.096105 -0.056980
v 0.013382 0.102154 -0.057407
v 0.013586 0.101381 -0.081796
v 0.014008 0.117746 -0.130337
v 0.014081 0.118131 -0.138680
v 0.013536 0.096504 -0.080485
v 0.014057 0.117133 -0.139338
v 0.013569 0.107142 -0.079822
v 0.014181 0.119395 -0.148785
v 0.014183 0.120884 -0.148768
v 0.014148 0.118343 -0.148748
v 0.014103 0.119913 -0.141232
v 0.019296 0.121591 -0.155659
v 0.019232 0.119061 -0.155655
v 0.015612 0.118786 -0.151936
v 0.015572 0.121233 -0.151867
v 0.028160 0.059582 -0.144797
v 0.027288 0.120525 -0.143711
v 0.029012 0.120819 -0.145804
v 0.026393 0.120113 -0.140781
v 0.026681 0.118396 -0.131616
v 0.026739 0.120352 -0.142481
v 0.028394 0.113861 -0.108497
v 0.030232 0.109389 -0.085848
v 0.034407 0.106781 -0.071327
v 0.038148 0.105765 -0.064221
v 0.031802 0.107579 -0.076334
v 0.042473 0.104812 -0.056088
v 0.045980 0.104120 -0.049559
v 0.086128 0.120841 -0.121879
v 0.084703 0.119275 -0.108686
v 0.083695 0.121117 -0.125967
v 0.078936 0.121112 -0.128667
v 0.085601 0.121122 -0.124756
v 0.069680 0.121121 -0.133667
v 0.058229 0.121125 -0.139135
v 0.069680 0.059582 -0.133667
v 0.046885 0.121107 -0.143241
v 0.037682 0.121064 -0.145774
v 0.037682 0.059582 -0.145774
v 0.032654 0.120992 -0.146524
v 0.030395 0.120922 -0.146390
v 0.032654 0.059582 -0.146524
v 0.024515 0.095933 -0.045083
v 0.035045 0.095872 -0.035051
v 0.035064 0.100655 -0.035063
v 0.024433 0.100989 -0.045185
v 0.015991 0.096021 -0.052851
v 0.016246 0.101497 -0.052640
v 0.090538 0.119048 -0.101298
v 0.096192 0.119078 -0.096191
v 0.086067 0.119008 -0.104980
v 0.096192 0.059582 -0.096191
v 0.029057 0.059582 -0.145850
v 0.027291 0.059582 -0.143716
v 0.084702 0.059582 -0.108676
v 0.086128 0.059582 -0.121889
v 0.028393 0.085295 -0.108498
v 0.028361 0.066185 -0.108499
v 0.026042 0.059791 -0.139138
v 0.026681 0.087546 -0.131615
v 0.030165 0.066646 -0.086419
v 0.036002 0.081248 -0.068278
v 0.036003 0.065221 -0.068212
v 0.031716 0.066281 -0.076461
v 0.045601 0.081635 -0.050245
v 0.045591 0.065140 -0.050201
v 0.046885 0.059582 -0.143241
v 0.058229 0.059582 -0.139135
v 0.083695 0.059582 -0.125967
v 0.085601 0.059582 -0.124756
v 0.078936 0.059582 -0.128667
v 0.030396 0.059582 -0.146390
v 0.026393 0.088353 -0.140780
v 0.026393 0.059722 -0.140780
v 0.026739 0.059618 -0.142479
v 0.090537 0.059582 -0.101299
v 0.086070 0.059582 -0.104978
v 0.019822 0.059582 -0.052154
v 0.034518 0.059620 -0.060080
v 0.012057 0.118163 -0.162659
v 0.012100 0.114367 -0.162674
v 0.000001 0.114397 -0.163690
v 0.000001 0.118153 -0.163669
v 0.022831 0.118378 -0.160895
v 0.022114 0.116499 -0.161058
v 0.022114 0.114326 -0.161058
v 0.027957 0.116497 -0.160273
v 0.027957 0.114323 -0.160273
v 0.027957 0.118196 -0.160273
v 0.062310 0.122091 -0.149799
v 0.062310 0.114341 -0.149799
v 0.076850 0.114342 -0.142920
v 0.095656 0.114325 -0.131561
v 0.099095 0.122058 -0.128698
v 0.099095 0.114308 -0.128698
v 0.099299 0.112866 -0.108175
v 0.095629 0.112835 -0.111227
v 0.103956 0.120641 -0.103955
v 0.103956 0.112889 -0.103955
v 0.099560 0.114103 -0.125592
v 0.095083 0.113019 -0.114385
v 0.012710 0.059582 -0.138590
v 0.022277 0.059616 -0.138590
v 0.026868 0.059617 -0.077570
v 0.024020 0.118926 -0.160585
v 0.020962 0.118834 -0.161066
v 0.022740 0.118912 -0.159334
v 0.025094 0.118935 -0.160536
v 0.014139 0.118108 -0.150483
v 0.014048 0.117883 -0.148680
v 0.014255 0.118640 -0.150462
v 0.015890 0.118300 -0.152390
v 0.013963 0.116711 -0.139762
v 0.013439 0.095009 -0.079857
v 0.011678 0.094904 -0.080262
v 0.012001 0.094851 -0.078751
v 0.013531 0.098798 -0.090412
v 0.013311 0.094961 -0.055261
v 0.016103 0.094961 -0.052604
v 0.013430 0.096037 -0.055272
v 0.013259 0.094968 -0.057055
v 0.094371 0.120585 -0.112380
v 0.100276 0.114294 -0.127608
v 0.030753 0.059721 -0.078121
v 0.030866 0.066343 -0.078170
v 0.011966 0.118843 -0.162566
v 0.000001 0.118873 -0.163570
v 0.006692 0.094855 -0.081324
v -0.000000 0.094852 -0.082063
v 0.013332 0.094955 -0.067371
v 0.013019 0.094849 -0.071413
v 0.024311 0.094961 -0.045121
v 0.034971 0.094961 -0.034970
v 0.027957 0.118948 -0.160273
v 0.100276 0.122044 -0.127608
v 0.013453 0.101690 -0.055269
v 0.014090 0.119715 -0.139762
v 0.014274 0.121098 -0.150454
v 0.029501 0.120887 -0.146275
v 0.026925 0.120453 -0.143199
v 0.030889 0.107874 -0.078161
v 0.084523 0.119003 -0.106344
v 0.086301 0.121113 -0.124220
v 0.086301 0.059582 -0.124219
v 0.084523 0.059582 -0.106345
v 0.029500 0.059582 -0.146274
v 0.026926 0.059582 -0.143198
v 0.028263 0.059722 -0.108499
v 0.025838 0.059722 -0.138590
v 0.036243 0.059720 -0.067564
v 0.045681 0.059722 -0.049843
v 0.094371 0.112832 -0.112380
v -0.012267 0.118026 0.150773
v -0.019515 0.118812 0.159663
v -0.011265 0.118825 0.161125
v -0.006937 0.118012 0.151207
v -0.012170 0.116916 0.142077
v -0.006235 0.098191 0.090626
v -0.011498 0.098862 0.091331
v -0.012205 0.116642 0.140138
v -0.007208 0.116741 0.141291
v -0.023708 0.094858 0.039765
v -0.011772 0.094857 0.054481
v -0.006084 0.094822 0.055068
v -0.027955 0.120651 0.160272
v -0.027955 0.122074 0.160272
v -0.034636 0.122086 0.158823
v -0.027955 0.119513 0.160272
v -0.023975 0.119304 0.159776
v -0.023908 0.120521 0.159304
v -0.023908 0.121944 0.159304
v -0.047162 0.122090 0.155216
v -0.062308 0.122091 0.149799
v -0.076848 0.122093 0.142919
v -0.088668 0.122089 0.136275
v -0.095654 0.122075 0.131560
v -0.099093 0.122058 0.128698
v -0.095082 0.120772 0.114388
v -0.099299 0.120619 0.108174
v -0.095626 0.120588 0.111228
v -0.103954 0.120641 0.103955
v -0.013409 0.099171 0.061628
v -0.013382 0.096156 0.061966
v -0.013372 0.096103 0.056982
v -0.013379 0.102149 0.057388
v -0.013582 0.101298 0.081584
v -0.014004 0.117689 0.130062
v -0.014078 0.118124 0.138646
v -0.013534 0.096507 0.080480
v -0.014055 0.117133 0.139340
v -0.013567 0.107140 0.079814
v -0.014179 0.119398 0.148789
v -0.014181 0.120884 0.148765
v -0.014146 0.118344 0.148753
v -0.014101 0.119913 0.141231
v -0.019294 0.121591 0.155659
v -0.019230 0.119061 0.155654
v -0.015609 0.118787 0.151934
v -0.015570 0.121233 0.151867
v -0.028158 0.120677 0.144797
v -0.027286 0.120525 0.143712
v -0.029057 0.120825 0.145853
v -0.026391 0.120113 0.140781
v -0.026679 0.118396 0.131614
v -0.026737 0.120352 0.142480
v -0.028391 0.113861 0.108497
v -0.030228 0.109393 0.085868
v -0.034405 0.106781 0.071327
v -0.038146 0.105765 0.064221
v -0.031799 0.107580 0.076335
v -0.042471 0.104812 0.056088
v -0.045978 0.104120 0.049559
v -0.086126 0.120840 0.121876
v -0.084701 0.119275 0.108686
v -0.083693 0.121117 0.125967
v -0.078934 0.121112 0.128667
v -0.078934 0.059582 0.128667
v -0.085599 0.121122 0.124755
v -0.069678 0.059582 0.133667
v -0.069678 0.121121 0.133667
v -0.058227 0.121125 0.139135
v -0.046883 0.121107 0.143241
v -0.037680 0.121064 0.145774
v -0.037680 0.059582 0.145774
v -0.046883 0.059582 0.143241
v -0.032652 0.120992 0.146524
v -0.030393 0.120922 0.146390
v -0.030398 0.059582 0.146390
v -0.024513 0.095934 0.045083
v -0.035047 0.095871 0.035048
v -0.035062 0.100655 0.035063
v -0.024431 0.100989 0.045185
v -0.015987 0.096022 0.052853
v -0.016244 0.101497 0.052640
v -0.090535 0.119048 0.101299
v -0.096190 0.119078 0.096191
v -0.086068 0.119008 0.104977
v -0.086074 0.059582 0.104972
v -0.090535 0.059582 0.101299
v -0.096190 0.059582 0.096191
v -0.028811 0.059582 0.145587
v -0.027287 0.059582 0.143713
v -0.084700 0.059582 0.108675
v -0.086126 0.059582 0.121889
v -0.028391 0.085295 0.108498
v -0.028359 0.066185 0.108499
v -0.026040 0.059791 0.139138
v -0.026679 0.087546 0.131615
v -0.030166 0.066662 0.086380
v -0.035978 0.081240 0.068318
v -0.035969 0.065219 0.068272
v -0.031711 0.066288 0.076466
v -0.045596 0.081653 0.050250
v -0.045600 0.065154 0.050179
v -0.058227 0.059582 0.139135
v -0.083693 0.059582 0.125967
v -0.085599 0.059582 0.124755
v -0.032652 0.059582 0.146524
v -0.026391 0.088353 0.140780
v -0.026391 0.059722 0.140780
v -0.026737 0.059618 0.142479
v -0.024119 0.059582 0.029901
v -0.017623 0.059582 0.067763
v -0.034508 0.059620 0.060095
v -0.012054 0.118164 0.162659
v -0.012098 0.114367 0.162674
v -0.022829 0.118378 0.160895
v -0.022112 0.116499 0.161058
v -0.022112 0.114326 0.161058
v -0.027955 0.116497 0.160272
v -0.027955 0.114323 0.160272
v -0.027955 0.118196 0.160272
v -0.034636 0.114336 0.158823
v -0.047162 0.114340 0.155216
v -0.062308 0.114341 0.149799
v -0.076848 0.114342 0.142919
v -0.088668 0.114339 0.136275
v -0.095654 0.114325 0.131560
v -0.099093 0.114308 0.128698
v -0.099298 0.112866 0.108174
v -0.095626 0.112835 0.111227
v -0.103954 0.112889 0.103955
v -0.099562 0.114104 0.125603
v -0.099562 0.121855 0.125602
v -0.095080 0.113019 0.114381
v -0.012708 0.059582 0.138590
v -0.022275 0.059616 0.138590
v -0.026866 0.059617 0.077571
v -0.024018 0.118926 0.160585
v -0.020960 0.118834 0.161065
v -0.022738 0.118912 0.159334
v -0.025092 0.118935 0.160536
v -0.014137 0.118108 0.150483
v -0.014046 0.117883 0.148683
v -0.014253 0.118641 0.150462
v -0.015895 0.118300 0.152398
v -0.013961 0.116711 0.139762
v -0.013437 0.095009 0.079857
v -0.011676 0.094904 0.080262
v -0.011999 0.094851 0.078750
v -0.013529 0.098856 0.090572
v -0.013309 0.094961 0.055261
v -0.016101 0.094961 0.052603
v -0.013428 0.096037 0.055272
v -0.013257 0.094968 0.057066
v -0.094369 0.120585 0.112380
v -0.100274 0.122044 0.127608
v -0.030751 0.059721 0.078121
v -0.030864 0.066357 0.078169
v -0.011964 0.118843 0.162565
v -0.006690 0.094855 0.081324
v -0.013330 0.094955 0.067389
v -0.013017 0.094849 0.071404
v -0.024309 0.094961 0.045121
v -0.034969 0.094961 0.034970
v -0.027955 0.118948 0.160272
v -0.013451 0.101690 0.055268
v -0.014088 0.119715 0.139762
v -0.014272 0.121098 0.150454
v -0.029498 0.120887 0.146275
v -0.026923 0.120453 0.143198
v -0.030887 0.107874 0.078161
v -0.084521 0.119003 0.106344
v -0.086299 0.121113 0.124220
v -0.086299 0.059582 0.124219
v -0.084521 0.059582 0.106345
v -0.029498 0.059582 0.146274
v -0.026923 0.059582 0.143197
v -0.028261 0.059722 0.108499
v -0.025836 0.059722 0.138590
v -0.036170 0.059720 0.067696
v -0.045664 0.059722 0.049871
v -0.094369 0.112832 0.112379
v -0.100274 0.114294 0.127608
v -0.009436 0.118511 -0.157022
v -0.019554 0.118812 -0.159627
v -0.012263 0.118022 -0.150745
v -0.007195 0.118021 -0.151303
v -0.006802 0.116762 -0.141416
v -0.012193 0.116933 -0.142190
v -0.007080 0.113817 -0.133260
v -0.006580 0.094871 -0.081422
v -0.012305 0.116644 -0.140116
v -0.011433 0.099254 -0.092437
v -0.020021 0.094822 -0.025819
v -0.006192 0.094822 -0.055117
v -0.011594 0.094859 -0.054290
v -0.039759 0.094858 -0.023712
v -0.027955 0.120651 -0.160273
v -0.034636 0.122086 -0.158824
v -0.027955 0.122074 -0.160273
v -0.023908 0.120521 -0.159305
v -0.023908 0.121944 -0.159305
v -0.023975 0.119304 -0.159776
v -0.027955 0.119513 -0.160273
v -0.047162 0.122090 -0.155216
v -0.062308 0.122091 -0.149799
v -0.076848 0.122093 -0.142920
v -0.088668 0.122089 -0.136275
v -0.095654 0.122075 -0.131561
v -0.099093 0.122058 -0.128698
v -0.095092 0.120775 -0.114412
v -0.099297 0.120619 -0.108175
v -0.095627 0.120588 -0.111227
v -0.103954 0.112889 -0.103955
v -0.103954 0.120641 -0.103955
v -0.013409 0.099153 -0.061632
v -0.013380 0.102153 -0.057407
v -0.013372 0.096115 -0.057003
v -0.013378 0.096115 -0.061605
v -0.013584 0.100964 -0.081832
v -0.014075 0.118063 -0.138245
v -0.014006 0.117747 -0.130338
v -0.013567 0.107142 -0.079822
v -0.013537 0.096584 -0.080459
v -0.014055 0.117158 -0.139614
v -0.014179 0.119387 -0.148794
v -0.014181 0.120884 -0.148772
v -0.014101 0.119913 -0.141232
v -0.014146 0.118344 -0.148754
v -0.019296 0.121591 -0.155660
v -0.015603 0.118784 -0.151929
v -0.015570 0.121233 -0.151867
v -0.019230 0.119061 -0.155655
v -0.028158 0.120677 -0.144797
v -0.027286 0.120525 -0.143712
v -0.029057 0.120825 -0.145852
v -0.027288 0.059582 -0.143715
v -0.026391 0.120113 -0.140781
v -0.026679 0.118396 -0.131615
v -0.026737 0.120352 -0.142480
v -0.028391 0.113861 -0.108497
v -0.030228 0.109393 -0.085868
v -0.034405 0.106781 -0.071327
v -0.038146 0.105765 -0.064221
v -0.031797 0.107580 -0.076339
v -0.042471 0.104812 -0.056088
v -0.045978 0.104120 -0.049558
v -0.086126 0.120840 -0.121873
v -0.084701 0.119275 -0.108687
v -0.083693 0.059582 -0.125967
v -0.078934 0.121112 -0.128667
v -0.083693 0.121117 -0.125967
v -0.085599 0.121122 -0.124756
v -0.078934 0.059582 -0.128667
v -0.069678 0.059582 -0.133667
v -0.058227 0.121125 -0.139135
v -0.069678 0.121121 -0.133667
v -0.046883 0.121107 -0.143241
v -0.037680 0.121064 -0.145774
v -0.046883 0.059582 -0.143241
v -0.032652 0.120992 -0.146524
v -0.030393 0.120922 -0.146390
v -0.024581 0.095948 -0.045019
v -0.024431 0.100989 -0.045185
v -0.035062 0.100655 -0.035063
v -0.035044 0.095870 -0.035050
v -0.015996 0.096033 -0.052844
v -0.016244 0.101497 -0.052640
v -0.090535 0.119048 -0.101299
v -0.096190 0.119078 -0.096191
v -0.090530 0.059582 -0.101303
v -0.096190 0.059582 -0.096191
v -0.086068 0.119008 -0.104977
v -0.028158 0.059582 -0.144797
v -0.029055 0.059582 -0.145850
v -0.084700 0.059582 -0.108674
v -0.086126 0.059582 -0.121895
v -0.028391 0.085295 -0.108498
v -0.026679 0.087546 -0.131615
v -0.026040 0.059791 -0.139138
v -0.028359 0.066185 -0.108499
v -0.030180 0.066612 -0.086214
v -0.035978 0.081395 -0.068319
v -0.031721 0.066275 -0.076448
v -0.035923 0.065191 -0.068358
v -0.045601 0.081511 -0.050240
v -0.045588 0.065162 -0.050200
v -0.058227 0.059582 -0.139135
v -0.037680 0.059582 -0.145774
v -0.085598 0.059582 -0.124756
v -0.032652 0.059582 -0.146524
v -0.029522 0.059582 -0.146294
v -0.026391 0.088353 -0.140780
v -0.026737 0.059618 -0.142479
v -0.026391 0.059722 -0.140780
v -0.086064 0.059582 -0.104981
v -0.018168 0.059582 -0.063511
v -0.042084 0.059620 -0.041204
v -0.026854 0.059616 -0.077844
v -0.012054 0.118164 -0.162659
v -0.012098 0.114367 -0.162674
v -0.022112 0.116499 -0.161058
v -0.022112 0.114326 -0.161058
v -0.022829 0.118378 -0.160895
v -0.027981 0.118413 -0.160267
v -0.027955 0.114323 -0.160273
v -0.034636 0.114336 -0.158824
v -0.047162 0.114340 -0.155216
v -0.062308 0.114341 -0.149799
v -0.076848 0.114342 -0.142920
v -0.088668 0.114339 -0.136275
v -0.095654 0.114325 -0.131561
v -0.099093 0.114308 -0.128698
v -0.099297 0.112866 -0.108175
v -0.095627 0.112835 -0.111227
v -0.099562 0.121855 -0.125603
v -0.099551 0.114102 -0.125575
v -0.095081 0.113019 -0.114385
v -0.012411 0.059582 -0.138590
v -0.022340 0.059616 -0.138590
v -0.024018 0.118926 -0.160585
v -0.022738 0.118912 -0.159334
v -0.020960 0.118834 -0.161066
v -0.025092 0.118935 -0.160536
v -0.014137 0.118108 -0.150483
v -0.014047 0.117885 -0.148700
v -0.015837 0.118293 -0.152339
v -0.014253 0.118640 -0.150461
v -0.013961 0.116712 -0.139763
v -0.013434 0.095008 -0.079881
v -0.011999 0.094851 -0.078751
v -0.011676 0.094904 -0.080262
v -0.013309 0.094961 -0.055261
v -0.016101 0.094961 -0.052604
v -0.013261 0.094967 -0.056949
v -0.013427 0.096031 -0.055273
v -0.094369 0.112832 -0.112380
v -0.094369 0.120584 -0.112380
v -0.100274 0.114294 -0.127608
v -0.030746 0.059722 -0.078167
v -0.032070 0.059719 -0.075520
v -0.030864 0.066332 -0.078170
v -0.011964 0.118844 -0.162566
v -0.006391 0.094834 -0.080868
v -0.013698 0.105857 -0.109833
v -0.013332 0.094956 -0.067383
v -0.013003 0.094843 -0.071186
v -0.024309 0.094961 -0.045121
v -0.034969 0.094961 -0.034970
v -0.027955 0.118948 -0.160273
v -0.100274 0.122044 -0.127608
v -0.013451 0.101690 -0.055269
v -0.014088 0.119715 -0.139762
v -0.014272 0.121098 -0.150454
v -0.029498 0.120887 -0.146275
v -0.026923 0.120453 -0.143199
v -0.030887 0.107874 -0.078161
v -0.084521 0.119003 -0.106344
v -0.086299 0.121113 -0.124220
v -0.086299 0.059582 -0.124219
v -0.084521 0.059582 -0.106345
v -0.026924 0.059582 -0.143198
v -0.028261 0.059722 -0.108499
v -0.025836 0.059722 -0.138590
v -0.040512 0.059729 -0.059500
v -0.047150 0.059723 -0.047187
v -0.157021 0.118511 0.009437
v -0.159625 0.118812 0.019556
v -0.150744 0.118022 0.012264
v -0.151304 0.118021 0.007195
v -0.157456 0.118518 -0.005289
v -0.161957 0.118845 0.005696
v -0.141415 0.116762 0.006800
v -0.142122 0.116834 0.000067
v -0.151512 0.118026 -0.000215
v -0.142196 0.116933 0.012194
v -0.133253 0.113815 0.007081
v -0.081421 0.094871 0.006581
v -0.087175 0.096703 -0.000022
v -0.140115 0.116644 0.012307
v -0.092403 0.099242 0.011434
v -0.055117 0.094822 0.006193
v -0.054288 0.094859 0.011594
v -0.160272 0.120651 0.027956
v -0.158822 0.122086 0.034637
v -0.160272 0.122074 0.027956
v -0.159303 0.120521 0.023909
v -0.159303 0.121944 0.023909
v -0.159775 0.119304 0.023976
v -0.160272 0.119513 0.027956
v -0.158822 0.114336 0.034637
v -0.155215 0.122090 0.047163
v -0.149798 0.114341 0.062309
v -0.149798 0.122091 0.062309
v -0.142919 0.114342 0.076849
v -0.136274 0.114339 0.088669
v -0.136274 0.122089 0.088669
v -0.142919 0.122093 0.076849
v -0.131559 0.122075 0.095655
v -0.114395 0.120773 0.095086
v -0.125605 0.121855 0.099564
v -0.108174 0.120619 0.099298
v -0.111226 0.120588 0.095628
v -0.061603 0.099160 0.013410
v -0.057391 0.102150 0.013381
v -0.057001 0.096115 0.013373
v -0.061660 0.096126 0.013379
v -0.082210 0.101037 0.013588
v -0.138320 0.118070 0.014076
v -0.130076 0.117692 0.014005
v -0.079809 0.107140 0.013568
v -0.080464 0.096587 0.013538
v -0.139619 0.117159 0.014055
v -0.148791 0.119395 0.014180
v -0.148776 0.120885 0.014182
v -0.141230 0.119912 0.014102
v -0.148781 0.118347 0.014147
v -0.155660 0.121591 0.019297
v -0.151924 0.118780 0.015601
v -0.151866 0.121233 0.015571
v -0.155653 0.119061 0.019231
v -0.144794 0.120676 0.028158
v -0.143711 0.120525 0.027286
v -0.145851 0.120825 0.029058
v -0.140780 0.120113 0.026392
v -0.131614 0.118396 0.026680
v -0.142480 0.120352 0.026738
v -0.108495 0.113861 0.028392
v -0.085847 0.109389 0.030230
v -0.071326 0.106781 0.034406
v -0.064220 0.105765 0.038146
v -0.076330 0.107579 0.031802
v -0.076353 0.066909 0.031778
v -0.056087 0.104812 0.042472
v -0.049558 0.104120 0.045979
v -0.121862 0.120839 0.086125
v -0.108685 0.119275 0.084702
v -0.125965 0.121117 0.083695
v -0.128666 0.121112 0.078935
v -0.124756 0.121122 0.085599
v -0.133666 0.121121 0.069679
v -0.139134 0.059582 0.058227
v -0.139134 0.121125 0.058227
v -0.143240 0.121107 0.046883
v -0.145773 0.121064 0.037681
v -0.143240 0.059582 0.046883
v -0.146523 0.120992 0.032653
v -0.146389 0.120922 0.030394
v -0.045017 0.095949 0.024583
v -0.045184 0.100989 0.024432
v -0.052842 0.096032 0.015999
v -0.052639 0.101497 0.016245
v -0.101298 0.119048 0.090536
v -0.101298 0.059582 0.090536
v -0.104971 0.059582 0.086075
v -0.104976 0.119008 0.086069
v -0.143959 0.059582 0.027471
v -0.145848 0.059582 0.029056
v -0.108673 0.059582 0.084701
v -0.121887 0.059582 0.086127
v -0.108497 0.085295 0.028392
v -0.131614 0.087546 0.026680
v -0.139137 0.059791 0.026041
v -0.108498 0.066185 0.028360
v -0.086225 0.066631 0.030179
v -0.068030 0.081446 0.036130
v -0.068272 0.065193 0.035969
v -0.050230 0.081425 0.045607
v -0.050196 0.065181 0.045591
v -0.145773 0.059582 0.037681
v -0.125966 0.059582 0.083694
v -0.124754 0.059582 0.085600
v -0.128666 0.059582 0.078935
v -0.133666 0.059582 0.069679
v -0.146523 0.059582 0.032653
v -0.146293 0.059582 0.029524
v -0.140779 0.088353 0.026392
v -0.142478 0.059618 0.026737
v -0.140779 0.059722 0.026392
v -0.074844 0.059582 0.015850
v -0.041204 0.059620 0.042085
v -0.077844 0.059616 0.026855
v -0.162658 0.118163 0.012055
v -0.163668 0.118160 -0.000000
v -0.163688 0.114397 0.000000
v -0.162673 0.114367 0.012099
v -0.161057 0.116499 0.022113
v -0.161057 0.114326 0.022113
v -0.160894 0.118378 0.022830
v -0.160266 0.118413 0.027982
v -0.160272 0.114323 0.027956
v -0.155215 0.114340 0.047163
v -0.131559 0.114325 0.095655
v -0.128697 0.122058 0.099094
v -0.128697 0.114308 0.099094
v -0.108174 0.112866 0.099298
v -0.111227 0.112835 0.095627
v -0.125602 0.114104 0.099563
v -0.114384 0.113019 0.095082
v -0.138589 0.059582 0.012414
v -0.138589 0.059616 0.022341
v -0.160584 0.118926 0.024019
v -0.159333 0.118912 0.022739
v -0.161064 0.118834 0.020961
v -0.160535 0.118935 0.025093
v -0.150482 0.118108 0.014138
v -0.148717 0.117888 0.014048
v -0.152342 0.118294 0.015842
v -0.150460 0.118640 0.014254
v -0.139762 0.116711 0.013962
v -0.079879 0.095008 0.013435
v -0.078750 0.094851 0.012000
v -0.080261 0.094904 0.011677
v -0.055260 0.094961 0.013310
v -0.052603 0.094961 0.016102
v -0.056940 0.094967 0.013262
v -0.055273 0.096032 0.013428
v -0.112379 0.112832 0.094370
v -0.127607 0.114294 0.100275
v -0.127607 0.122044 0.100275
v -0.078168 0.059722 0.030746
v -0.075466 0.059719 0.032098
v -0.078167 0.066352 0.030866
v -0.162564 0.118844 0.011965
v -0.163569 0.118873 0.000000
v -0.080867 0.094834 0.006392
v -0.082062 0.094852 0.000001
v -0.109832 0.105857 0.013699
v -0.067348 0.094955 0.013333
v -0.071186 0.094843 0.013003
v -0.045120 0.094961 0.024309
v -0.160272 0.118948 0.027956
v -0.112378 0.120585 0.094370
v -0.055267 0.101690 0.013452
v -0.139761 0.119715 0.014089
v -0.150453 0.121098 0.014273
v -0.146274 0.120887 0.029499
v -0.143198 0.120453 0.026924
v -0.078160 0.107875 0.030887
v -0.106343 0.119003 0.084522
v -0.124219 0.121113 0.086300
v -0.124218 0.059582 0.086300
v -0.106344 0.059582 0.084522
v -0.143197 0.059582 0.026924
v -0.108498 0.059722 0.028262
v -0.138589 0.059722 0.025837
v -0.059318 0.059729 0.040609
v -0.047186 0.059723 0.047152
v 0.157458 0.118518 0.005292
v 0.150775 0.118026 0.012268
v 0.159664 0.118812 0.019516
v 0.161126 0.118825 0.011266
v 0.161959 0.118845 -0.005697
v 0.151211 0.118012 0.006940
v 0.151513 0.118026 0.000213
v 0.142125 0.116834 -0.000069
v 0.142094 0.116918 0.012172
v 0.090680 0.098210 0.006233
v 0.087177 0.096704 0.000023
v 0.091307 0.098853 0.011500
v 0.140139 0.116642 0.012206
v 0.141292 0.116741 0.007208
v 0.054482 0.094857 0.011773
v 0.055069 0.094822 0.006085
v 0.160274 0.120651 0.027956
v 0.160274 0.122074 0.027956
v 0.158824 0.122086 0.034637
v 0.160274 0.119513 0.027956
v 0.159777 0.119304 0.023976
v 0.159305 0.120521 0.023909
v 0.159305 0.121944 0.023909
v 0.155217 0.122090 0.047163
v 0.149800 0.122091 0.062309
v 0.142921 0.122093 0.076849
v 0.136276 0.122089 0.088669
v 0.131561 0.122075 0.095655
v 0.128699 0.122058 0.099094
v 0.128699 0.114308 0.099094
v 0.125600 0.121855 0.099562
v 0.114389 0.120773 0.095083
v 0.108176 0.120619 0.099298
v 0.111228 0.120588 0.095628
v 0.057384 0.098586 0.013380
v 0.062119 0.096159 0.013384
v 0.056944 0.095934 0.013360
v 0.057400 0.102152 0.013381
v 0.138495 0.118096 0.014078
v 0.130032 0.117682 0.014005
v 0.080485 0.096509 0.013535
v 0.139336 0.117131 0.014055
v 0.080530 0.101129 0.013574
v 0.079809 0.107139 0.013568
v 0.148793 0.119395 0.014180
v 0.148776 0.120885 0.014182
v 0.148776 0.118346 0.014147
v 0.141232 0.119913 0.014102
v 0.155662 0.121591 0.019297
v 0.155655 0.119061 0.019231
v 0.151933 0.118783 0.015607
v 0.151868 0.121233 0.015571
v 0.144797 0.120676 0.028158
v 0.143711 0.120525 0.027285
v 0.145853 0.120825 0.029058
v 0.140782 0.120113 0.026392
v 0.131616 0.118396 0.026680
v 0.142481 0.120352 0.026738
v 0.108497 0.113861 0.028392
v 0.085853 0.109390 0.030229
v 0.071328 0.106781 0.034406
v 0.064222 0.105765 0.038146
v 0.076339 0.107580 0.031798
v 0.056089 0.104812 0.042472
v 0.121863 0.120839 0.086125
v 0.108687 0.119275 0.084702
v 0.125968 0.121117 0.083695
v 0.128668 0.121112 0.078935
v 0.128668 0.059582 0.078935
v 0.125968 0.059582 0.083694
v 0.124756 0.121122 0.085602
v 0.133668 0.059582 0.069679
v 0.133668 0.121121 0.069679
v 0.139136 0.121125 0.058227
v 0.139136 0.059582 0.058227
v 0.143242 0.059582 0.046883
v 0.143242 0.121107 0.046883
v 0.145775 0.121064 0.037681
v 0.146525 0.059582 0.032653
v 0.146525 0.120992 0.032653
v 0.146391 0.120922 0.030394
v 0.045085 0.095934 0.024513
v 0.045186 0.100989 0.024432
v 0.052853 0.096020 0.015989
v 0.052641 0.101497 0.016245
v 0.101300 0.119048 0.090536
v 0.104978 0.119008 0.086069
v 0.104973 0.059582 0.086076
v 0.101300 0.059582 0.090536
v 0.145850 0.059582 0.029056
v 0.143837 0.059582 0.027378
v 0.108675 0.059582 0.084701
v 0.121889 0.059582 0.086127
v 0.108499 0.085295 0.028392
v 0.108500 0.066185 0.028360
v 0.139139 0.059791 0.026041
v 0.131616 0.087546 0.026680
v 0.086396 0.066677 0.030165
v 0.068068 0.081233 0.036111
v 0.068177 0.065216 0.036021
v 0.076463 0.066289 0.031714
v 0.145775 0.059582 0.037681
v 0.124756 0.059582 0.085600
v 0.146391 0.059582 0.030395
v 0.140781 0.088353 0.026392
v 0.140781 0.059722 0.026392
v 0.142482 0.059618 0.026738
v 0.073181 0.059583 0.015904
v 0.060102 0.059620 0.034506
v 0.162660 0.118164 0.012055
v 0.162675 0.114367 0.012099
v 0.163691 0.114397 0.000000
v 0.163670 0.118154 0.000000
v 0.160896 0.118378 0.022830
v 0.161059 0.116499 0.022113
v 0.161059 0.114326 0.022113
v 0.160274 0.116497 0.027956
v 0.160274 0.114323 0.027956
v 0.160274 0.118196 0.027956
v 0.158824 0.114336 0.034637
v 0.155217 0.114340 0.047163
v 0.149800 0.114341 0.062309
v 0.142921 0.114342 0.076849
v 0.136276 0.114339 0.088669
v 0.131561 0.114325 0.095655
v 0.108176 0.112866 0.099298
v 0.111228 0.112835 0.095628
v 0.125591 0.114103 0.099559
v 0.114386 0.113019 0.095082
v 0.138591 0.059582 0.012708
v 0.138591 0.059616 0.022276
v 0.077573 0.059617 0.026867
v 0.160586 0.118926 0.024019
v 0.161066 0.118834 0.020961
v 0.159335 0.118912 0.022739
v 0.160537 0.118935 0.025093
v 0.150484 0.118108 0.014138
v 0.148685 0.117883 0.014048
v 0.150463 0.118641 0.014254
v 0.152391 0.118299 0.015888
v 0.139764 0.116711 0.013962
v 0.079858 0.095009 0.013438
v 0.080263 0.094904 0.011677
v 0.078752 0.094851 0.012000
v 0.090579 0.098859 0.013530
v 0.055262 0.094961 0.013310
v 0.052605 0.094961 0.016102
v 0.055273 0.096037 0.013429
v 0.057060 0.094968 0.013258
v 0.112381 0.120585 0.094370
v 0.127609 0.122044 0.100275
v 0.078123 0.059721 0.030752
v 0.078170 0.066376 0.030865
v 0.162566 0.118843 0.011965
v 0.163571 0.118873 0.000000
v 0.081325 0.094855 0.006691
v 0.082064 0.094852 -0.000001
v 0.067385 0.094955 0.013331
v 0.071414 0.094849 0.013018
v 0.045122 0.094961 0.024309
v 0.160274 0.118948 0.027956
v 0.055269 0.101690 0.013452
v 0.139763 0.119715 0.014089
v 0.150455 0.121098 0.014273
v 0.146276 0.120887 0.029499
v 0.143200 0.120453 0.026924
v 0.078162 0.107874 0.030887
v 0.106345 0.119003 0.084522
v 0.124221 0.121113 0.086300
v 0.124220 0.059582 0.086300
v 0.106346 0.059582 0.084522
v 0.146275 0.059582 0.029499
v 0.143199 0.059582 0.026924
v 0.108500 0.059722 0.028262
v 0.138591 0.059722 0.025837
v 0.067724 0.059720 0.036157
v 0.049869 0.059722 0.045666
v 0.112380 0.112832 0.094370
v 0.127609 0.114294 0.100275
v -0.150773 0.118026 -0.012268
v -0.159662 0.118812 -0.019517
v -0.161124 0.118825 -0.011266
v -0.151208 0.118012 -0.006938
v -0.142088 0.116918 -0.012171
v -0.090670 0.098207 -0.006233
v -0.091284 0.098846 -0.011499
v -0.140137 0.116642 -0.012206
v -0.141289 0.116741 -0.007210
v -0.054480 0.094857 -0.011773
v -0.055067 0.094822 -0.006085
v -0.160272 0.120651 -0.027956
v -0.160272 0.122074 -0.027956
v -0.158822 0.122086 -0.034637
v -0.160272 0.119513 -0.027956
v -0.159775 0.119304 -0.023976
v -0.159303 0.120521 -0.023909
v -0.159303 0.121944 -0.023909
v -0.155215 0.122090 -0.047163
v -0.149798 0.122091 -0.062309
v -0.155215 0.114340 -0.047163
v -0.142919 0.122093 -0.076849
v -0.136274 0.122089 -0.088670
v -0.136274 0.114339 -0.088670
v -0.131559 0.122075 -0.095655
v -0.128697 0.122058 -0.099094
v -0.114385 0.120772 -0.095083
v -0.108174 0.112866 -0.099298
v -0.108174 0.120619 -0.099298
v -0.057217 0.098720 -0.013387
v -0.061971 0.096152 -0.013383
v -0.056942 0.095934 -0.013360
v -0.057398 0.102152 -0.013380
v -0.138451 0.118086 -0.014077
v -0.130076 0.117692 -0.014005
v -0.080486 0.096505 -0.013535
v -0.139339 0.117133 -0.014055
v -0.080135 0.101027 -0.013571
v -0.079809 0.107140 -0.013568
v -0.148774 0.119388 -0.014181
v -0.148762 0.120883 -0.014182
v -0.148772 0.118346 -0.014148
v -0.141230 0.119912 -0.014102
v -0.155660 0.121591 -0.019298
v -0.155653 0.119061 -0.019231
v -0.151932 0.118785 -0.015608
v -0.151866 0.121233 -0.015572
v -0.144796 0.120677 -0.028159
v -0.143708 0.120525 -0.027285
v -0.145851 0.120825 -0.029058
v -0.140780 0.120113 -0.026393
v -0.131614 0.118396 -0.026680
v -0.142481 0.120352 -0.026738
v -0.108495 0.113861 -0.028393
v -0.085867 0.109393 -0.030229
v -0.071326 0.106781 -0.034406
v -0.064220 0.105765 -0.038147
v -0.076333 0.107579 -0.031800
v -0.056087 0.104812 -0.042472
v -0.049558 0.104120 -0.045979
v -0.121876 0.120840 -0.086127
v -0.108685 0.119275 -0.084702
v -0.125966 0.121117 -0.083695
v -0.128666 0.121112 -0.078935
v -0.125966 0.059582 -0.083694
v -0.128666 0.059582 -0.078935
v -0.124754 0.121122 -0.085602
v -0.133666 0.059582 -0.069679
v -0.133666 0.121121 -0.069679
v -0.139134 0.121125 -0.058228
v -0.143240 0.059582 -0.046884
v -0.143240 0.121107 -0.046884
v -0.145773 0.121064 -0.037681
v -0.145773 0.059582 -0.037681
v -0.146523 0.120992 -0.032653
v -0.146389 0.120922 -0.030394
v -0.146523 0.059582 -0.032653
v -0.045086 0.095938 -0.024510
v -0.045184 0.100989 -0.024433
v -0.052846 0.096021 -0.015994
v -0.052639 0.101497 -0.016245
v -0.101298 0.119048 -0.090537
v -0.104976 0.119008 -0.086069
v -0.104971 0.059582 -0.086075
v -0.145583 0.059582 -0.028810
v -0.143715 0.059582 -0.027290
v -0.108669 0.059582 -0.084701
v -0.121887 0.059582 -0.086128
v -0.108497 0.085295 -0.028393
v -0.108498 0.066185 -0.028360
v -0.139137 0.059791 -0.026041
v -0.131614 0.087546 -0.026680
v -0.086436 0.066649 -0.030162
v -0.068300 0.081252 -0.035988
v -0.068245 0.065220 -0.035984
v -0.076466 0.066285 -0.031712
v -0.050245 0.081641 -0.045599
v -0.050198 0.065139 -0.045591
v -0.139134 0.059582 -0.058228
v -0.124754 0.059582 -0.085601
v -0.146389 0.059582 -0.030394
v -0.140779 0.088353 -0.026393
v -0.140779 0.059722 -0.026392
v -0.142476 0.059618 -0.026738
v -0.101298 0.059582 -0.090537
v -0.029900 0.059582 -0.024121
v -0.067762 0.059582 -0.017625
v -0.060089 0.059620 -0.034511
v -0.162658 0.118164 -0.012055
v -0.162673 0.114367 -0.012099
v -0.160894 0.118378 -0.022830
v -0.161057 0.116499 -0.022113
v -0.161057 0.114326 -0.022113
v -0.160272 0.116497 -0.027956
v -0.160272 0.114323 -0.027956
v -0.160272 0.118196 -0.027956
v -0.158822 0.114336 -0.034637
v -0.149798 0.114341 -0.062309
v -0.142919 0.114342 -0.076849
v -0.131559 0.114325 -0.095655
v -0.128697 0.114308 -0.099094
v -0.111226 0.112835 -0.095628
v -0.111226 0.120588 -0.095628
v -0.114359 0.113017 -0.095073
v -0.125602 0.114104 -0.099563
v -0.125602 0.121855 -0.099563
v -0.138589 0.059582 -0.012709
v -0.138589 0.059616 -0.022276
v -0.077570 0.059617 -0.026867
v -0.160584 0.118926 -0.024019
v -0.161064 0.118834 -0.020961
v -0.159333 0.118912 -0.022739
v -0.160535 0.118935 -0.025093
v -0.150482 0.118108 -0.014138
v -0.148683 0.117883 -0.014047
v -0.150461 0.118640 -0.014254
v -0.152391 0.118300 -0.015890
v -0.139762 0.116711 -0.013961
v -0.079856 0.095009 -0.013438
v -0.080261 0.094904 -0.011677
v -0.078750 0.094851 -0.012000
v -0.090498 0.098830 -0.013530
v -0.055260 0.094961 -0.013310
v -0.052603 0.094961 -0.016102
v -0.055272 0.096031 -0.013429
v -0.057051 0.094968 -0.013258
v -0.112379 0.120585 -0.094370
v -0.127607 0.122044 -0.100275
v -0.078120 0.059721 -0.030752
v -0.078168 0.066353 -0.030865
v -0.162564 0.118843 -0.011965
v -0.081323 0.094855 -0.006690
v -0.067374 0.094955 -0.013331
v -0.071410 0.094849 -0.013018
v -0.045120 0.094961 -0.024310
v -0.160272 0.118948 -0.027956
v -0.055267 0.101690 -0.013452
v -0.139761 0.119715 -0.014089
v -0.150453 0.121098 -0.014273
v -0.146274 0.120887 -0.029500
v -0.143198 0.120453 -0.026924
v -0.078160 0.107874 -0.030888
v -0.106343 0.119003 -0.084522
v -0.124219 0.121113 -0.086300
v -0.124218 0.059582 -0.086300
v -0.106344 0.059582 -0.084522
v -0.146273 0.059582 -0.029498
v -0.143197 0.059582 -0.026925
v -0.108498 0.059722 -0.028262
v -0.138589 0.059722 -0.025837
v -0.067664 0.059720 -0.036188
v -0.049859 0.059722 -0.045671
v -0.112378 0.112832 -0.094370
v -0.127607 0.114294 -0.100275
v 0.157023 0.118511 -0.009437
v 0.159627 0.118812 -0.019556
v 0.150746 0.118022 -0.012264
v 0.151305 0.118021 -0.007196
v 0.141418 0.116762 -0.006803
v 0.142192 0.116933 -0.012194
v 0.133272 0.113821 -0.007083
v 0.081423 0.094871 -0.006582
v 0.140117 0.116644 -0.012306
v 0.092391 0.099237 -0.011434
v 0.055119 0.094822 -0.006194
v 0.054290 0.094859 -0.011595
v 0.160274 0.120651 -0.027956
v 0.158824 0.122086 -0.034637
v 0.160274 0.122074 -0.027956
v 0.159305 0.120521 -0.023909
v 0.159305 0.121944 -0.023909
v 0.159777 0.119304 -0.023976
v 0.160274 0.119513 -0.027956
v 0.155217 0.122090 -0.047163
v 0.149800 0.122091 -0.062309
v 0.136276 0.122089 -0.088670
v 0.131561 0.122075 -0.095655
v 0.128699 0.122058 -0.099094
v 0.128699 0.114308 -0.099094
v 0.114422 0.120775 -0.095096
v 0.125604 0.121855 -0.099563
v 0.108176 0.112866 -0.099298
v 0.108176 0.120619 -0.099298
v 0.111228 0.120588 -0.095628
v 0.061646 0.099157 -0.013410
v 0.057405 0.102153 -0.013380
v 0.057001 0.096127 -0.013374
v 0.061583 0.096115 -0.013379
v 0.081739 0.100958 -0.013584
v 0.138325 0.118085 -0.014076
v 0.130032 0.117682 -0.014005
v 0.079809 0.107139 -0.013568
v 0.080463 0.096584 -0.013538
v 0.139616 0.117158 -0.014056
v 0.148772 0.119398 -0.014181
v 0.148762 0.120883 -0.014182
v 0.141232 0.119913 -0.014102
v 0.148780 0.118347 -0.014148
v 0.155663 0.121591 -0.019298
v 0.151925 0.118783 -0.015599
v 0.151868 0.121233 -0.015572
v 0.155655 0.119061 -0.019231
v 0.144798 0.120677 -0.028159
v 0.143712 0.120525 -0.027286
v 0.145853 0.120825 -0.029058
v 0.140782 0.120113 -0.026393
v 0.131616 0.118396 -0.026680
v 0.142482 0.120352 -0.026738
v 0.108497 0.113861 -0.028393
v 0.085866 0.109392 -0.030229
v 0.071328 0.106781 -0.034406
v 0.064222 0.105765 -0.038147
v 0.076337 0.107580 -0.031799
v 0.056089 0.104812 -0.042472
v 0.049560 0.104120 -0.045979
v 0.049588 0.066337 -0.045952
v 0.121874 0.120840 -0.086127
v 0.108687 0.119275 -0.084702
v 0.125967 0.121117 -0.083695
v 0.128668 0.121112 -0.078935
v 0.124758 0.121122 -0.085599
v 0.133668 0.121121 -0.069679
v 0.139136 0.059582 -0.058228
v 0.139136 0.121125 -0.058228
v 0.143242 0.121107 -0.046884
v 0.145775 0.121064 -0.037681
v 0.146525 0.059582 -0.032653
v 0.146391 0.120922 -0.030394
v 0.146525 0.120992 -0.032653
v 0.045020 0.095952 -0.024583
v 0.045186 0.100989 -0.024433
v 0.052840 0.096033 -0.016003
v 0.052641 0.101497 -0.016245
v 0.101300 0.059582 -0.090537
v 0.101300 0.119048 -0.090537
v 0.104973 0.059582 -0.086075
v 0.104978 0.119008 -0.086069
v 0.143959 0.059582 -0.027469
v 0.145852 0.059582 -0.029057
v 0.108679 0.059582 -0.084701
v 0.121888 0.059582 -0.086128
v 0.108499 0.085295 -0.028393
v 0.131616 0.087546 -0.026680
v 0.139139 0.059791 -0.026041
v 0.108500 0.066185 -0.028360
v 0.086266 0.066603 -0.030176
v 0.068320 0.081403 -0.035979
v 0.076455 0.066268 -0.031719
v 0.068364 0.065193 -0.035922
v 0.056616 0.065831 -0.042169
v 0.143242 0.059582 -0.046884
v 0.145775 0.059582 -0.037681
v 0.125968 0.059582 -0.083694
v 0.124756 0.059582 -0.085600
v 0.128668 0.059582 -0.078935
v 0.133668 0.059582 -0.069679
v 0.146287 0.059582 -0.029513
v 0.140781 0.088353 -0.026393
v 0.142480 0.059618 -0.026738
v 0.140781 0.059722 -0.026392
v 0.063512 0.059582 -0.018169
v 0.041206 0.059620 -0.042085
v 0.077845 0.059616 -0.026855
v 0.162660 0.118164 -0.012056
v 0.162675 0.114367 -0.012099
v 0.161059 0.116499 -0.022113
v 0.161059 0.114326 -0.022113
v 0.160896 0.118378 -0.022830
v 0.160268 0.118413 -0.027982
v 0.160274 0.114323 -0.027956
v 0.158824 0.114336 -0.034637
v 0.155217 0.114340 -0.047163
v 0.149800 0.114341 -0.062309
v 0.142921 0.122093 -0.076849
v 0.142921 0.114342 -0.076849
v 0.136276 0.114339 -0.088670
v 0.131561 0.114325 -0.095655
v 0.111229 0.112835 -0.095627
v 0.125604 0.114104 -0.099563
v 0.114372 0.113018 -0.095078
v 0.138591 0.059582 -0.012412
v 0.138591 0.059616 -0.022340
v 0.160586 0.118926 -0.024019
v 0.159335 0.118912 -0.022739
v 0.161066 0.118834 -0.020961
v 0.160537 0.118935 -0.025093
v 0.150484 0.118108 -0.014138
v 0.148709 0.117886 -0.014048
v 0.152343 0.118293 -0.015840
v 0.150463 0.118640 -0.014254
v 0.139765 0.116712 -0.013962
v 0.079882 0.095008 -0.013435
v 0.078752 0.094851 -0.012000
v 0.080263 0.094904 -0.011677
v 0.055262 0.094961 -0.013310
v 0.052605 0.094961 -0.016102
v 0.056931 0.094967 -0.013262
v 0.055275 0.096029 -0.013428
v 0.112381 0.120585 -0.094370
v 0.127609 0.114294 -0.100275
v 0.127609 0.122044 -0.100275
v 0.078169 0.059722 -0.030746
v 0.075508 0.059719 -0.032077
v 0.078170 0.066336 -0.030865
v 0.162566 0.118844 -0.011965
v 0.080869 0.094834 -0.006392
v 0.109834 0.105857 -0.013699
v 0.067361 0.094956 -0.013333
v 0.071193 0.094843 -0.013004
v 0.045122 0.094961 -0.024310
v 0.160274 0.118948 -0.027956
v 0.055269 0.101690 -0.013452
v 0.139763 0.119715 -0.014089
v 0.150455 0.121098 -0.014273
v 0.146276 0.120887 -0.029500
v 0.143200 0.120453 -0.026924
v 0.143198 0.059582 -0.026925
v 0.078162 0.107874 -0.030888
v 0.106345 0.119003 -0.084522
v 0.124221 0.121113 -0.086300
v 0.124220 0.059582 -0.086300
v 0.106346 0.059582 -0.084522
v 0.108500 0.059722 -0.028262
v 0.138591 0.059722 -0.025837
v 0.059371 0.059729 -0.040582
v 0.047188 0.059723 -0.047152
v 0.112381 0.112832 -0.094370
v -0.047248 0.065561 0.047249
v -0.047264 0.103891 0.047265
v -0.047264 0.103891 -0.047265
v -0.047248 0.065566 -0.047250
v 0.047250 0.065570 -0.047251
v 0.047266 0.103891 -0.047265
v 0.025169 0.120411 0.165403
v 0.032161 0.120376 0.161698
v 0.016157 0.120376 0.164071
v -0.000003 0.120412 0.167083
v -0.000003 0.120376 0.164866
v -0.000003 0.120376 0.169299
v 0.016591 0.120376 0.168482
v 0.033026 0.120376 0.166046
v 0.065200 0.120411 0.154336
v 0.063090 0.120376 0.152316
v 0.047855 0.120376 0.157765
v 0.049142 0.120376 0.162007
v 0.064786 0.120376 0.156412
v 0.098915 0.120412 0.134848
v 0.091593 0.120376 0.137081
v 0.077715 0.120376 0.145397
v 0.079805 0.120376 0.149307
v 0.094056 0.120376 0.140767
v 0.123539 0.120411 0.112825
v 0.116577 0.120376 0.116577
v 0.104588 0.120376 0.127441
v 0.107400 0.120376 0.130868
v 0.119712 0.120376 0.119712
v 0.147824 0.120412 0.079015
v 0.137081 0.120376 0.091594
v 0.127441 0.120376 0.104588
v 0.130868 0.120376 0.107400
v 0.140767 0.120376 0.094056
v 0.152316 0.120376 0.063090
v 0.145397 0.120376 0.077715
v 0.149307 0.120376 0.079805
v 0.156412 0.120376 0.064786
v 0.162024 0.120412 0.041427
v 0.161698 0.120376 0.032161
v 0.157765 0.120376 0.047856
v 0.162007 0.120376 0.049142
v 0.166046 0.120376 0.033026
v 0.167077 0.120412 0.008775
v 0.164866 0.120376 -0.000003
v 0.164070 0.120376 0.016157
v 0.168482 0.120376 0.016591
v 0.169299 0.120376 -0.000003
v 0.165402 0.120411 -0.025180
v 0.161698 0.120376 -0.032167
v 0.164070 0.120376 -0.016163
v 0.168482 0.120376 -0.016597
v 0.166046 0.120376 -0.033032
v 0.157161 0.120412 -0.057177
v 0.152316 0.120376 -0.063096
v 0.157765 0.120376 -0.047861
v 0.162007 0.120376 -0.049148
v 0.156412 0.120376 -0.064792
v 0.143467 0.120412 -0.086031
v 0.137081 0.120376 -0.091599
v 0.145397 0.120376 -0.077721
v 0.149306 0.120376 -0.079811
v 0.140767 0.120376 -0.094062
v 0.124467 0.120411 -0.111700
v 0.116577 0.120376 -0.116583
v 0.127441 0.120376 -0.104594
v 0.130868 0.120376 -0.107406
v 0.119712 0.120376 -0.119718
v 0.100776 0.120412 -0.133503
v 0.091593 0.120376 -0.137087
v 0.104588 0.120376 -0.127447
v 0.107400 0.120376 -0.130874
v 0.094056 0.120376 -0.140773
v 0.066032 0.120412 -0.154044
v 0.063090 0.120376 -0.152322
v 0.077715 0.120376 -0.145403
v 0.079804 0.120376 -0.149312
v 0.064786 0.120376 -0.156418
v 0.025174 0.120411 -0.165408
v 0.032161 0.120376 -0.161704
v 0.047855 0.120376 -0.157771
v 0.049142 0.120376 -0.162013
v 0.033026 0.120376 -0.166052
v -0.000003 0.120412 -0.167089
v -0.000003 0.120376 -0.164872
v 0.016157 0.120376 -0.164076
v 0.016591 0.120376 -0.168488
v -0.000003 0.120376 -0.169305
v -0.025177 0.120411 0.165402
v -0.016163 0.120376 0.164071
v -0.032167 0.120376 0.161698
v -0.016597 0.120376 0.168482
v -0.033032 0.120376 0.166046
v -0.065205 0.120411 0.154336
v -0.047861 0.120376 0.157765
v -0.063096 0.120376 0.152316
v -0.049148 0.120376 0.162007
v -0.064792 0.120376 0.156412
v -0.077721 0.120376 0.145397
v -0.091599 0.120376 0.137081
v -0.098921 0.120412 0.134848
v -0.079811 0.120376 0.149307
v -0.094062 0.120376 0.140767
v -0.104594 0.120376 0.127441
v -0.116583 0.120376 0.116577
v -0.123549 0.120411 0.112821
v -0.107406 0.120376 0.130868
v -0.119718 0.120376 0.119712
v -0.127447 0.120376 0.104588
v -0.137087 0.120376 0.091594
v -0.147831 0.120412 0.079013
v -0.130874 0.120376 0.107400
v -0.140773 0.120376 0.094056
v -0.145403 0.120376 0.077715
v -0.152322 0.120376 0.063090
v -0.149313 0.120376 0.079805
v -0.156418 0.120376 0.064786
v -0.162029 0.120412 0.041429
v -0.157771 0.120376 0.047856
v -0.161704 0.120376 0.032161
v -0.162013 0.120376 0.049142
v -0.166052 0.120376 0.033026
v -0.167083 0.120412 0.008776
v -0.164076 0.120376 0.016157
v -0.164872 0.120376 -0.000003
v -0.168488 0.120376 0.016591
v -0.169305 0.120376 -0.000003
v -0.165408 0.120411 -0.025179
v -0.164076 0.120376 -0.016163
v -0.161704 0.120376 -0.032167
v -0.168488 0.120376 -0.016597
v -0.166052 0.120376 -0.033032
v -0.157167 0.120412 -0.057176
v -0.157771 0.120376 -0.047861
v -0.152322 0.120376 -0.063096
v -0.162013 0.120376 -0.049148
v -0.156418 0.120376 -0.064792
v -0.143184 0.120411 -0.086560
v -0.145403 0.120376 -0.077721
v -0.137087 0.120376 -0.091599
v -0.149312 0.120376 -0.079811
v -0.140773 0.120376 -0.094062
v -0.117642 0.120411 -0.119304
v -0.127447 0.120376 -0.104594
v -0.116583 0.120376 -0.116583
v -0.130874 0.120376 -0.107406
v -0.119718 0.120376 -0.119718
v -0.104594 0.120376 -0.127447
v -0.091599 0.120376 -0.137087
v -0.086031 0.120412 -0.143473
v -0.107406 0.120376 -0.130874
v -0.094062 0.120376 -0.140773
v -0.077721 0.120376 -0.145403
v -0.063096 0.120376 -0.152322
v -0.057175 0.120412 -0.157167
v -0.079811 0.120376 -0.149312
v -0.064792 0.120376 -0.156418
v -0.047861 0.120376 -0.157771
v -0.032167 0.120376 -0.161704
v -0.025179 0.120411 -0.165408
v -0.049148 0.120376 -0.162013
v -0.033032 0.120376 -0.166052
v -0.016163 0.120376 -0.164076
v -0.016597 0.120376 -0.168488
v 0.013700 0.106224 0.139134
v 0.031269 0.116980 0.157201
v 0.027277 0.106238 0.137146
v -0.000001 0.116983 0.160286
v -0.000003 0.106238 0.139833
v 0.015710 0.116994 0.159531
v 0.040580 0.106222 0.133783
v 0.061335 0.116981 0.148081
v 0.053510 0.106238 0.129188
v 0.046531 0.116994 0.153401
v 0.065903 0.106226 0.123302
v 0.089040 0.116977 0.133264
v 0.077685 0.106238 0.116266
v 0.075565 0.116994 0.141375
v 0.088688 0.106222 0.108068
v 0.113328 0.116976 0.113331
v 0.098876 0.106238 0.098876
v 0.101694 0.116994 0.123916
v 0.108067 0.106221 0.088688
v 0.133269 0.116980 0.089045
v 0.116266 0.106238 0.077685
v 0.123915 0.116994 0.101694
v 0.123292 0.106220 0.065896
v 0.148084 0.116983 0.061336
v 0.129188 0.106238 0.053510
v 0.141374 0.116994 0.075565
v 0.133793 0.106229 0.040589
v 0.157196 0.116977 0.031267
v 0.137145 0.106238 0.027278
v 0.153400 0.116994 0.046532
v 0.139125 0.106220 0.013698
v 0.160280 0.116980 -0.000005
v 0.139832 0.106238 -0.000003
v 0.159531 0.116994 0.015710
v 0.139127 0.106221 -0.013706
v 0.157199 0.116979 -0.031270
v 0.137145 0.106238 -0.027283
v 0.159531 0.116994 -0.015716
v 0.133790 0.106226 -0.040589
v 0.148080 0.116981 -0.061343
v 0.129188 0.106238 -0.053516
v 0.153400 0.116994 -0.046537
v 0.123293 0.106221 -0.065906
v 0.133264 0.116978 -0.089048
v 0.116266 0.106238 -0.077691
v 0.141374 0.116994 -0.075571
v 0.108066 0.106220 -0.088693
v 0.113339 0.116986 -0.113351
v 0.098875 0.106238 -0.098881
v 0.123915 0.116994 -0.101700
v 0.088682 0.106219 -0.108072
v 0.089043 0.116979 -0.133271
v 0.077685 0.106238 -0.116272
v 0.101694 0.116994 -0.123921
v 0.065896 0.106219 -0.123296
v 0.061333 0.116982 -0.148088
v 0.053510 0.106238 -0.129194
v 0.075565 0.116994 -0.141380
v 0.040583 0.106223 -0.133790
v 0.031266 0.116977 -0.157200
v 0.027277 0.106238 -0.137151
v 0.046531 0.116994 -0.153406
v 0.013699 0.106220 -0.139131
v -0.000005 0.116981 -0.160288
v -0.000003 0.106238 -0.139838
v 0.015710 0.116994 -0.159537
v -0.013705 0.106222 0.139130
v -0.031274 0.116981 0.157202
v -0.027284 0.106238 0.137146
v -0.015716 0.116994 0.159531
v -0.040584 0.106221 0.133781
v -0.061341 0.116979 0.148077
v -0.053516 0.106238 0.129188
v -0.046537 0.116994 0.153401
v -0.065914 0.106226 0.123300
v -0.089050 0.116978 0.133263
v -0.077691 0.106238 0.116266
v -0.075571 0.116994 0.141375
v -0.088696 0.106222 0.108068
v -0.113335 0.116977 0.113330
v -0.098882 0.106238 0.098876
v -0.101700 0.116994 0.123916
v -0.108073 0.106222 0.088690
v -0.133273 0.116979 0.089044
v -0.116272 0.106238 0.077685
v -0.123921 0.116994 0.101694
v -0.123298 0.106220 0.065898
v -0.148071 0.116971 0.061323
v -0.129194 0.106238 0.053510
v -0.141381 0.116994 0.075565
v -0.133803 0.106229 0.040580
v -0.157209 0.116982 0.031269
v -0.137152 0.106238 0.027278
v -0.153407 0.116994 0.046532
v -0.139128 0.106218 0.013703
v -0.160286 0.116980 -0.000001
v -0.139838 0.106238 -0.000003
v -0.159537 0.116994 0.015710
v -0.139130 0.106220 -0.013704
v -0.157197 0.116975 -0.031274
v -0.137151 0.106238 -0.027283
v -0.159537 0.116994 -0.015716
v -0.133798 0.106229 -0.040596
v -0.148077 0.116976 -0.061339
v -0.129194 0.106238 -0.053516
v -0.153407 0.116994 -0.046537
v -0.123297 0.106221 -0.065905
v -0.133271 0.116978 -0.089048
v -0.116272 0.106238 -0.077691
v -0.141380 0.116994 -0.075571
v -0.108075 0.106222 -0.088693
v -0.113353 0.116988 -0.113347
v -0.098882 0.106238 -0.098881
v -0.123921 0.116994 -0.101700
v -0.088693 0.106219 -0.108069
v -0.089048 0.116978 -0.133270
v -0.077691 0.106238 -0.116272
v -0.101700 0.116994 -0.123921
v -0.065906 0.106221 -0.123297
v -0.061343 0.116981 -0.148086
v -0.053516 0.106238 -0.129194
v -0.075571 0.116994 -0.141380
v -0.040588 0.106221 -0.133786
v -0.031271 0.116978 -0.157203
v -0.027283 0.106238 -0.137151
v -0.046537 0.116994 -0.153406
v -0.013706 0.106222 -0.139134
v -0.015716 0.116994 -0.159537
v 0.013113 0.087510 0.133085
v 0.026508 0.101826 0.133274
v 0.026085 0.087456 0.131152
v 0.000003 0.101836 0.135887
v -0.000003 0.087456 0.133721
v 0.013315 0.101789 0.135222
v 0.038816 0.087486 0.127968
v 0.051993 0.101845 0.125547
v 0.051171 0.087456 0.123542
v 0.039441 0.101789 0.130026
v 0.063034 0.087485 0.117936
v 0.075491 0.101842 0.112987
v 0.074290 0.087456 0.111185
v 0.064050 0.101789 0.119832
v 0.084836 0.087499 0.103372
v 0.096090 0.101845 0.096083
v 0.094554 0.087456 0.094555
v 0.086198 0.101789 0.105033
v 0.105039 0.101831 0.086203
v 0.111188 0.087483 0.074295
v 0.103366 0.087456 0.084830
v 0.112978 0.101789 0.075489
v 0.117934 0.087494 0.063042
v 0.125545 0.101842 0.051996
v 0.123542 0.087456 0.051171
v 0.119832 0.101789 0.064050
v 0.127973 0.087508 0.038812
v 0.133274 0.101828 0.026508
v 0.131152 0.087456 0.026085
v 0.130025 0.101789 0.039441
v 0.133084 0.087498 0.013102
v 0.135885 0.101828 -0.000002
v 0.133721 0.087456 -0.000003
v 0.135222 0.101789 0.013316
v 0.133083 0.087495 -0.013115
v 0.131158 0.087489 -0.026094
v 0.135222 0.101789 -0.013321
v 0.133267 0.101789 -0.026512
v 0.127972 0.087504 -0.038819
v 0.125545 0.101840 -0.052001
v 0.123542 0.087456 -0.051177
v 0.130025 0.101789 -0.039447
v 0.117934 0.087496 -0.063047
v 0.111188 0.087489 -0.074302
v 0.119832 0.101789 -0.064056
v 0.112978 0.101789 -0.075494
v 0.103372 0.087493 -0.084840
v 0.096083 0.101842 -0.096095
v 0.094554 0.087456 -0.094560
v 0.105033 0.101789 -0.086204
v 0.086203 0.101832 -0.105045
v 0.074299 0.087494 -0.111193
v 0.084830 0.087456 -0.103372
v 0.075488 0.101789 -0.112984
v 0.063042 0.087488 -0.117938
v 0.052001 0.101833 -0.125547
v 0.051171 0.087456 -0.123548
v 0.064050 0.101789 -0.119838
v 0.038812 0.087505 -0.127978
v 0.026086 0.087495 -0.131165
v 0.039441 0.101789 -0.130031
v 0.026506 0.101789 -0.133273
v 0.013112 0.087490 -0.133087
v -0.000001 0.101827 -0.135891
v -0.000003 0.087456 -0.133727
v 0.013315 0.101789 -0.135228
v -0.013104 0.087518 0.133088
v -0.026514 0.101829 0.133274
v -0.026091 0.087456 0.131152
v -0.013322 0.101789 0.135222
v -0.039444 0.101837 0.130036
v -0.038821 0.087456 0.127962
v -0.052003 0.101839 0.125544
v -0.051177 0.087456 0.123542
v -0.063045 0.087482 0.117932
v -0.075496 0.101844 0.112989
v -0.074296 0.087456 0.111185
v -0.064056 0.101789 0.119832
v -0.084841 0.087498 0.103372
v -0.096097 0.101848 0.096082
v -0.094560 0.087456 0.094555
v -0.086204 0.101789 0.105033
v -0.103382 0.087507 0.084833
v -0.112989 0.101826 0.075493
v -0.111191 0.087456 0.074290
v -0.105039 0.101789 0.086198
v -0.117941 0.087487 0.063036
v -0.125551 0.101839 0.051994
v -0.123548 0.087456 0.051171
v -0.119838 0.101789 0.064050
v -0.127978 0.087504 0.038812
v -0.133281 0.101832 0.026505
v -0.131158 0.087456 0.026085
v -0.130031 0.101789 0.039441
v -0.133090 0.087495 0.013098
v -0.135891 0.101829 -0.000004
v -0.133727 0.087456 -0.000003
v -0.135228 0.101789 0.013316
v -0.133088 0.087492 -0.013118
v -0.133280 0.101828 -0.026514
v -0.131158 0.087456 -0.026091
v -0.135228 0.101789 -0.013321
v -0.127976 0.087496 -0.038819
v -0.125550 0.101839 -0.052003
v -0.123548 0.087456 -0.051177
v -0.130031 0.101789 -0.039447
v -0.117937 0.087486 -0.063048
v -0.111193 0.087493 -0.074305
v -0.112984 0.101789 -0.075494
v -0.119838 0.101789 -0.064056
v -0.105045 0.101833 -0.086209
v -0.103372 0.087456 -0.084836
v -0.096096 0.101848 -0.096089
v -0.094560 0.087456 -0.094560
v -0.084839 0.087491 -0.103378
v -0.075504 0.101832 -0.112987
v -0.074296 0.087456 -0.111191
v -0.086204 0.101789 -0.105039
v -0.063043 0.087490 -0.117941
v -0.052001 0.101841 -0.125551
v -0.051177 0.087456 -0.123548
v -0.064056 0.101789 -0.119838
v -0.038819 0.087502 -0.127977
v -0.026511 0.101834 -0.133281
v -0.026091 0.087456 -0.131158
v -0.039447 0.101789 -0.130031
v -0.013104 0.087494 -0.133089
v -0.013322 0.101789 -0.135228
v 0.011308 0.081968 0.114858
v 0.025480 0.084446 0.128120
v 0.022513 0.081968 0.113192
v -0.000005 0.084446 0.130630
v -0.000003 0.081968 0.115410
v 0.012801 0.084445 0.129996
v 0.033499 0.081969 0.110445
v 0.049987 0.084447 0.120692
v 0.044163 0.081968 0.106624
v 0.037916 0.084445 0.125000
v 0.054405 0.081969 0.101786
v 0.072574 0.084447 0.108616
v 0.064117 0.081968 0.095959
v 0.061574 0.084445 0.115201
v 0.073217 0.081968 0.089212
v 0.092373 0.084447 0.092369
v 0.081606 0.081968 0.081606
v 0.082866 0.084445 0.100974
v 0.089215 0.081969 0.073219
v 0.108611 0.084446 0.072578
v 0.095959 0.081968 0.064117
v 0.100974 0.084445 0.082867
v 0.101786 0.081969 0.054406
v 0.120690 0.084447 0.049988
v 0.106624 0.081968 0.044164
v 0.115200 0.084445 0.061575
v 0.110445 0.081969 0.033501
v 0.128120 0.084446 0.025483
v 0.113192 0.081968 0.022513
v 0.125000 0.084445 0.037916
v 0.114855 0.081968 0.011307
v 0.130632 0.084447 -0.000005
v 0.115410 0.081968 -0.000003
v 0.129996 0.084445 0.012801
v 0.114856 0.081968 -0.011316
v 0.128120 0.084446 -0.025486
v 0.113192 0.081968 -0.022519
v 0.129996 0.084445 -0.012807
v 0.110446 0.081969 -0.033504
v 0.120689 0.084447 -0.049996
v 0.106624 0.081968 -0.044169
v 0.125000 0.084445 -0.037922
v 0.101785 0.081969 -0.054412
v 0.108615 0.084447 -0.072582
v 0.095959 0.081968 -0.064123
v 0.115200 0.084445 -0.061580
v 0.089216 0.081969 -0.073222
v 0.092371 0.084447 -0.092377
v 0.081606 0.081968 -0.081612
v 0.100974 0.084445 -0.082872
v 0.073216 0.081969 -0.089222
v 0.072575 0.084447 -0.108621
v 0.064117 0.081968 -0.095965
v 0.082866 0.084445 -0.100980
v 0.054403 0.081969 -0.101792
v 0.049984 0.084447 -0.120699
v 0.044163 0.081968 -0.106630
v 0.061574 0.084445 -0.115206
v 0.033501 0.081969 -0.110451
v 0.025482 0.084446 -0.128125
v 0.022513 0.081968 -0.113198
v 0.037916 0.084445 -0.125006
v 0.011306 0.081968 -0.114860
v -0.000006 0.084447 -0.130638
v -0.000003 0.081968 -0.115416
v 0.012801 0.084445 -0.130002
v -0.011316 0.081968 0.114858
v -0.025489 0.084446 0.128120
v -0.022519 0.081968 0.113192
v -0.012807 0.084445 0.129996
v -0.033507 0.081969 0.110445
v -0.049997 0.084447 0.120688
v -0.044170 0.081968 0.106624
v -0.037922 0.084445 0.125000
v -0.054412 0.081969 0.101786
v -0.072579 0.084447 0.108618
v -0.064123 0.081967 0.095959
v -0.061581 0.084445 0.115201
v -0.073219 0.081968 0.089216
v -0.092377 0.084447 0.092369
v -0.081612 0.081967 0.081606
v -0.082872 0.084445 0.100974
v -0.089222 0.081969 0.073216
v -0.108621 0.084446 0.072572
v -0.095965 0.081967 0.064117
v -0.100980 0.084445 0.082867
v -0.101794 0.081969 0.054404
v -0.120696 0.084447 0.049991
v -0.106630 0.081967 0.044164
v -0.115206 0.084445 0.061575
v -0.110450 0.081968 0.033500
v -0.128127 0.084446 0.025480
v -0.113198 0.081967 0.022513
v -0.125006 0.084445 0.037916
v -0.114865 0.081969 0.011309
v -0.130639 0.084447 -0.000002
v -0.115416 0.081967 -0.000003
v -0.130002 0.084445 0.012801
v -0.114863 0.081968 -0.011315
v -0.128125 0.084446 -0.025489
v -0.113198 0.081967 -0.022519
v -0.130002 0.084445 -0.012807
v -0.110451 0.081969 -0.033506
v -0.120701 0.084447 -0.049989
v -0.106630 0.081967 -0.044169
v -0.125006 0.084445 -0.037922
v -0.101792 0.081969 -0.054410
v -0.108621 0.084447 -0.072581
v -0.095965 0.081967 -0.064123
v -0.115206 0.084445 -0.061580
v -0.089221 0.081969 -0.073222
v -0.092377 0.084447 -0.092376
v -0.081612 0.081967 -0.081612
v -0.100980 0.084445 -0.082872
v -0.073222 0.081969 -0.089222
v -0.072582 0.084447 -0.108621
v -0.064123 0.081967 -0.095965
v -0.082872 0.084445 -0.100980
v -0.054411 0.081969 -0.101791
v -0.049996 0.084447 -0.120695
v -0.044169 0.081968 -0.106630
v -0.061580 0.084445 -0.115206
v -0.033505 0.081969 -0.110451
v -0.025486 0.084446 -0.128126
v -0.022519 0.081968 -0.113198
v -0.037922 0.084445 -0.125006
v -0.011316 0.081968 -0.114861
v -0.012807 0.084445 -0.130002
v 0.049420 0.110960 0.162921
v 0.065152 0.110960 0.157295
v 0.080255 0.110960 0.150149
v 0.108006 0.110960 0.131606
v 0.131606 0.110960 0.108006
v 0.141561 0.110960 0.094587
v 0.150149 0.110960 0.080255
v 0.169433 0.110960 0.016685
v 0.157294 0.110960 -0.065158
v 0.016685 0.110960 -0.169439
v -0.000003 0.110960 -0.170260
v -0.049426 0.110960 0.162921
v -0.080261 0.110960 0.150149
v -0.094593 0.110960 0.141561
v -0.108012 0.110960 0.131606
v -0.120393 0.110960 0.120387
v -0.141567 0.110960 0.094587
v -0.150155 0.110960 0.080255
v -0.162927 0.110960 0.049420
v -0.166989 0.110960 0.033213
v -0.166989 0.110960 -0.033219
v -0.162927 0.110960 -0.049425
v -0.150155 0.110960 -0.080261
v -0.141567 0.110960 -0.094593
v -0.094593 0.110960 -0.141567
v -0.049425 0.110960 -0.162927
v -0.033219 0.110960 -0.166989
v -0.016691 0.110960 -0.169439
v 0.011428 -0.091967 0.116077
v -0.000003 -0.091895 0.116538
v 0.022731 -0.091885 0.114283
v 0.033857 -0.091966 0.111614
v 0.044595 -0.091895 0.107666
v 0.054991 -0.091981 0.102883
v 0.064903 -0.092091 0.097135
v 0.073986 -0.091961 0.090156
v 0.082384 -0.091876 0.082384
v 0.090156 -0.091962 0.073988
v 0.096894 -0.091892 0.064741
v 0.102878 -0.091977 0.054989
v 0.107669 -0.091896 0.044595
v 0.111633 -0.091980 0.033862
v 0.114563 -0.092079 0.022783
v 0.116069 -0.091962 0.011431
v 0.116539 -0.091896 -0.000003
v 0.116073 -0.091965 -0.011436
v 0.114282 -0.091884 -0.022737
v 0.111628 -0.091976 -0.033864
v 0.107653 -0.091885 -0.044595
v 0.102874 -0.091975 -0.054995
v 0.096885 -0.091886 -0.064743
v 0.090155 -0.091961 -0.073994
v 0.082387 -0.091879 -0.082393
v 0.073987 -0.091961 -0.090160
v 0.064734 -0.091882 -0.096886
v 0.054989 -0.091988 -0.102902
v 0.044562 -0.091852 -0.107615
v 0.033857 -0.091974 -0.111632
v 0.022732 -0.091895 -0.114304
v 0.011430 -0.091968 -0.116083
v -0.000002 -0.091891 -0.116538
v -0.011436 -0.091968 -0.116084
v -0.022737 -0.091892 -0.114300
v -0.033867 -0.091979 -0.111639
v -0.044595 -0.091886 -0.107659
v -0.054985 -0.091964 -0.102866
v -0.064741 -0.091883 -0.096886
v -0.073995 -0.091962 -0.090161
v -0.082394 -0.091880 -0.082394
v -0.090163 -0.091963 -0.073994
v -0.096899 -0.091892 -0.064747
v -0.102888 -0.091981 -0.054999
v -0.107674 -0.091895 -0.044600
v -0.111626 -0.091970 -0.033861
v -0.114286 -0.091882 -0.022736
v -0.116070 -0.091959 -0.011438
v -0.116541 -0.091893 -0.000003
v -0.116077 -0.091963 0.011429
v -0.114289 -0.091885 0.022731
v -0.111251 -0.091702 0.033745
v -0.107670 -0.091892 0.044592
v -0.102890 -0.091981 0.054991
v -0.097142 -0.092092 0.064904
v -0.090164 -0.091963 0.073988
v -0.082394 -0.091880 0.082388
v -0.073994 -0.091963 0.090157
v -0.064745 -0.091889 0.096891
v -0.054998 -0.091981 0.102883
v -0.044601 -0.091896 0.107669
v -0.033862 -0.091967 0.111615
v -0.022736 -0.091887 0.114286
v -0.011437 -0.091967 0.116076
v 0.011040 0.056699 0.112117
v -0.000003 0.056699 0.112660
v 0.011043 0.075190 0.112149
v -0.000003 0.075190 0.112693
v 0.021983 0.075190 0.110527
v 0.021976 0.056754 0.110496
v 0.032701 0.056753 0.107808
v 0.032710 0.075190 0.107839
v 0.043124 0.075190 0.104114
v 0.043111 0.056727 0.104084
v 0.053081 0.074141 0.099391
v 0.062607 0.075190 0.093700
v 0.062589 0.056727 0.093673
v 0.071458 0.074263 0.087120
v 0.079654 0.074244 0.079698
v 0.087076 0.074193 0.071513
v 0.093700 0.075190 0.062607
v 0.093673 0.056712 0.062589
v 0.099356 0.056775 0.053106
v 0.099384 0.075190 0.053121
v 0.104089 0.074236 0.043151
v 0.107816 0.074214 0.032742
v 0.110507 0.074173 0.022018
v 0.112132 0.074194 0.011082
v 0.112692 0.075190 -0.000003
v 0.112660 0.056738 -0.000003
v 0.112139 0.074182 -0.011010
v 0.110527 0.075190 -0.021989
v 0.110495 0.056718 -0.021982
v 0.107839 0.074222 -0.032673
v 0.104114 0.075190 -0.043130
v 0.104084 0.056697 -0.043117
v 0.099356 0.056778 -0.053111
v 0.099384 0.075190 -0.053127
v 0.093700 0.075190 -0.062613
v 0.093673 0.056725 -0.062595
v 0.087086 0.056759 -0.071475
v 0.087111 0.075190 -0.071495
v 0.079698 0.074239 -0.079660
v 0.071469 0.056792 -0.087092
v 0.071489 0.075190 -0.087117
v 0.062607 0.075190 -0.093706
v 0.062589 0.056727 -0.093679
v 0.053105 0.056742 -0.099362
v 0.053121 0.075190 -0.099390
v 0.043123 0.075190 -0.104120
v 0.043111 0.056738 -0.104090
v 0.032742 0.074174 -0.107822
v 0.022011 0.074229 -0.110514
v 0.011040 0.056726 -0.112122
v 0.011043 0.075190 -0.112154
v 0.000027 0.074272 -0.112686
v -0.011010 0.074178 -0.112145
v -0.021989 0.075190 -0.110533
v -0.021982 0.056723 -0.110501
v -0.032673 0.074223 -0.107845
v -0.043130 0.075190 -0.104120
v -0.043117 0.056702 -0.104090
v -0.053111 0.056760 -0.099362
v -0.053127 0.075190 -0.099390
v -0.062613 0.075190 -0.093706
v -0.062595 0.056731 -0.093679
v -0.071475 0.056754 -0.087092
v -0.071495 0.075190 -0.087117
v -0.079660 0.074243 -0.079704
v -0.087092 0.056782 -0.071475
v -0.087117 0.075190 -0.071495
v -0.093706 0.075190 -0.062613
v -0.093679 0.056724 -0.062595
v -0.099362 0.056761 -0.053111
v -0.099390 0.075190 -0.053127
v -0.104120 0.075190 -0.043130
v -0.104090 0.056680 -0.043117
v -0.107814 0.056723 -0.032707
v -0.107845 0.075190 -0.032716
v -0.110533 0.075190 -0.021989
v -0.110502 0.056782 -0.021982
v -0.112122 0.056741 -0.011046
v -0.112154 0.075190 -0.011049
v -0.112698 0.075190 -0.000003
v -0.112666 0.056740 -0.000003
v -0.112122 0.056725 0.011040
v -0.112154 0.075190 0.011043
v -0.110526 0.074280 0.021954
v -0.107814 0.056785 0.032701
v -0.107845 0.075190 0.032710
v -0.104120 0.075190 0.043124
v -0.104090 0.056725 0.043111
v -0.099398 0.074169 0.053081
v -0.093713 0.074240 0.062574
v -0.087092 0.056756 0.071469
v -0.087117 0.075190 0.071489
v -0.079704 0.074250 0.079654
v -0.071518 0.074187 0.087076
v -0.062613 0.075190 0.093700
v -0.062595 0.056731 0.093673
v -0.053111 0.056752 0.099356
v -0.053127 0.075190 0.099384
v -0.043130 0.075190 0.104114
v -0.043117 0.056702 0.104084
v -0.032748 0.074141 0.107816
v -0.022016 0.074281 0.110509
v -0.011076 0.074254 0.112134
v 0.017428 -0.120502 0.177284
v -0.000034 -0.120505 0.178141
v 0.034714 -0.120483 0.174725
v 0.034755 -0.115301 0.174737
v 0.017460 -0.115301 0.177300
v -0.000003 -0.115301 0.178160
v -0.017502 -0.120492 0.177277
v -0.034794 -0.120484 0.174711
v -0.017466 -0.115301 0.177300
v -0.034761 -0.115301 0.174737
v -0.051744 -0.120504 0.170459
v -0.068211 -0.120492 0.164565
v -0.051720 -0.115301 0.170487
v -0.068183 -0.115301 0.164598
v -0.084009 -0.120486 0.157088
v -0.099000 -0.120503 0.148101
v -0.083988 -0.115301 0.157121
v -0.098985 -0.115301 0.148134
v -0.113043 -0.120486 0.137679
v -0.125991 -0.120501 0.125943
v -0.113027 -0.115301 0.137717
v -0.125983 -0.115301 0.125978
v -0.137726 -0.120503 0.112987
v -0.148139 -0.120500 0.098945
v -0.137723 -0.115301 0.113021
v -0.148140 -0.115301 0.098979
v -0.157124 -0.120496 0.083946
v -0.164597 -0.120503 0.068143
v -0.157127 -0.115301 0.083982
v -0.164604 -0.115301 0.068177
v -0.170486 -0.120485 0.051669
v -0.174731 -0.120482 0.034715
v -0.170493 -0.115301 0.051715
v -0.174743 -0.115301 0.034755
v -0.177289 -0.120503 0.017429
v -0.178146 -0.120505 -0.000034
v -0.177306 -0.115301 0.017460
v -0.178166 -0.115301 -0.000003
v -0.177283 -0.120495 -0.017501
v -0.174717 -0.120481 -0.034792
v -0.177306 -0.115301 -0.017466
v -0.174743 -0.115301 -0.034761
v -0.170464 -0.120499 -0.051745
v -0.164571 -0.120492 -0.068212
v -0.170493 -0.115301 -0.051720
v -0.164604 -0.115301 -0.068183
v -0.157092 -0.120483 -0.084010
v -0.148106 -0.120504 -0.099000
v -0.157127 -0.115301 -0.083987
v -0.148140 -0.115301 -0.098985
v -0.137683 -0.120493 -0.113045
v -0.125942 -0.120490 -0.125996
v -0.137723 -0.115301 -0.113027
v -0.125983 -0.115301 -0.125983
v -0.112984 -0.120490 -0.137732
v -0.098942 -0.120491 -0.148145
v -0.113027 -0.115301 -0.137723
v -0.098985 -0.115301 -0.148140
v -0.083945 -0.120481 -0.157127
v -0.068149 -0.120501 -0.164597
v -0.083987 -0.115301 -0.157127
v -0.068183 -0.115301 -0.164604
v -0.051685 -0.120504 -0.170482
v -0.034721 -0.120482 -0.174731
v -0.051720 -0.115301 -0.170492
v -0.034761 -0.115301 -0.174743
v -0.017434 -0.120503 -0.177289
v 0.000028 -0.120505 -0.178146
v -0.017466 -0.115301 -0.177306
v -0.000003 -0.115301 -0.178166
v 0.017495 -0.120494 -0.177283
v 0.034787 -0.120481 -0.174717
v 0.017460 -0.115301 -0.177306
v 0.034755 -0.115301 -0.174743
v 0.051737 -0.120502 -0.170465
v 0.068197 -0.120499 -0.164574
v 0.051714 -0.115301 -0.170492
v 0.068177 -0.115301 -0.164604
v 0.083998 -0.120500 -0.157095
v 0.098992 -0.120500 -0.148108
v 0.083981 -0.115301 -0.157127
v 0.098979 -0.115301 -0.148140
v 0.113032 -0.120498 -0.137689
v 0.125985 -0.120499 -0.125947
v 0.113021 -0.115301 -0.137723
v 0.125977 -0.115301 -0.125983
v 0.137720 -0.120503 -0.112993
v 0.148135 -0.120503 -0.098949
v 0.137717 -0.115301 -0.113027
v 0.148134 -0.115301 -0.098985
v 0.157121 -0.120482 -0.083945
v 0.164591 -0.120500 -0.068148
v 0.157121 -0.115301 -0.083987
v 0.164598 -0.115301 -0.068183
v 0.170476 -0.120504 -0.051685
v 0.174725 -0.120482 -0.034721
v 0.170486 -0.115300 -0.051720
v 0.174737 -0.115300 -0.034761
v 0.177284 -0.120503 -0.017434
v 0.178141 -0.120506 0.000028
v 0.177300 -0.115300 -0.017466
v 0.178160 -0.115300 -0.000003
v 0.177277 -0.120494 0.017496
v 0.174711 -0.120482 0.034787
v 0.177300 -0.115300 0.017460
v 0.174737 -0.115300 0.034755
v 0.170459 -0.120500 0.051737
v 0.164569 -0.120500 0.068197
v 0.170486 -0.115300 0.051715
v 0.164598 -0.115301 0.068177
v 0.157089 -0.120496 0.084000
v 0.148100 -0.120503 0.098994
v 0.157121 -0.115301 0.083982
v 0.148134 -0.115301 0.098979
v 0.137677 -0.120493 0.113039
v 0.125937 -0.120483 0.125990
v 0.137717 -0.115301 0.113021
v 0.125977 -0.115301 0.125978
v 0.112987 -0.120503 0.137720
v 0.098942 -0.120503 0.148135
v 0.113021 -0.115301 0.137717
v 0.098979 -0.115301 0.148134
v 0.083941 -0.120488 0.157121
v 0.068142 -0.120502 0.164591
v 0.083981 -0.115301 0.157121
v 0.068177 -0.115301 0.164598
v 0.051680 -0.120504 0.170477
v 0.051714 -0.115301 0.170487
v -0.010054 -0.121635 0.170661
v 0.007618 -0.121616 0.163849
v 0.050039 -0.121635 0.163082
v 0.038146 -0.121617 0.159605
v 0.042775 -0.121601 0.170782
v 0.017243 -0.121601 0.175096
v -0.000003 -0.121601 0.175945
v 0.068548 -0.121617 0.149102
v 0.067329 -0.121601 0.162552
v 0.094918 -0.121635 0.141506
v 0.096324 -0.121617 0.132854
v 0.090511 -0.121601 0.151010
v 0.136313 -0.121635 0.103172
v 0.120390 -0.121617 0.111512
v 0.130445 -0.121601 0.118237
v 0.111616 -0.121601 0.136005
v 0.140646 -0.121617 0.084696
v 0.150278 -0.121601 0.091856
v 0.159821 -0.121635 0.057183
v 0.154840 -0.121617 0.054314
v 0.162552 -0.121601 0.067330
v 0.170660 -0.121635 0.010048
v 0.162187 -0.121616 0.024492
v 0.171213 -0.121601 0.041320
v 0.163999 -0.121617 -0.007722
v 0.175985 -0.121601 0.007123
v 0.161517 -0.121635 -0.056026
v 0.159215 -0.121616 -0.039440
v 0.170782 -0.121601 -0.042779
v 0.175096 -0.121601 -0.017249
v 0.149093 -0.121617 -0.068560
v 0.162552 -0.121601 -0.067335
v 0.136339 -0.121635 -0.101120
v 0.132072 -0.121617 -0.097533
v 0.151006 -0.121601 -0.090521
v 0.103172 -0.121635 -0.136319
v 0.115911 -0.121616 -0.115917
v 0.124411 -0.121601 -0.124417
v 0.136005 -0.121601 -0.111622
v 0.096206 -0.121617 -0.132936
v 0.090515 -0.121601 -0.151012
v 0.111616 -0.121601 -0.136011
v 0.068430 -0.121617 -0.149148
v 0.057183 -0.121635 -0.159826
v 0.067329 -0.121601 -0.162558
v 0.039322 -0.121616 -0.159240
v 0.010049 -0.121635 -0.170666
v 0.042776 -0.121601 -0.170788
v 0.001835 -0.121617 -0.164421
v -0.000003 -0.121601 -0.175951
v 0.017243 -0.121601 -0.175102
v -0.056026 -0.121635 -0.161522
v -0.038150 -0.121617 -0.159611
v -0.042780 -0.121601 -0.170788
v -0.017249 -0.121601 -0.175102
v -0.068560 -0.121617 -0.149099
v -0.067335 -0.121601 -0.162558
v -0.101120 -0.121635 -0.136344
v -0.097533 -0.121617 -0.132079
v -0.091853 -0.121601 -0.150289
v -0.136319 -0.121635 -0.103178
v -0.122274 -0.121617 -0.109440
v -0.119408 -0.121601 -0.129483
v -0.136304 -0.121616 -0.091076
v -0.151013 -0.121601 -0.090520
v -0.136011 -0.121601 -0.111622
v -0.149148 -0.121617 -0.068436
v -0.159826 -0.121635 -0.057189
v -0.162558 -0.121601 -0.067335
v -0.159635 -0.121617 -0.038017
v -0.170666 -0.121635 -0.010054
v -0.170787 -0.121601 -0.042783
v -0.163984 -0.121617 -0.006141
v -0.175991 -0.121601 0.007124
v -0.175102 -0.121601 -0.017249
v -0.160870 -0.121617 0.034071
v -0.161523 -0.121635 0.056020
v -0.172570 -0.121601 0.034323
v -0.147904 -0.121617 0.071076
v -0.165321 -0.121601 0.060764
v -0.136344 -0.121635 0.101115
v -0.136304 -0.121616 0.091071
v -0.141420 -0.121601 0.104871
v -0.155173 -0.121601 0.082937
v -0.120298 -0.121617 0.111607
v -0.103177 -0.121635 0.136313
v -0.124417 -0.121601 0.124411
v -0.096215 -0.121617 0.132929
v -0.090521 -0.121601 0.151007
v -0.111622 -0.121601 0.136005
v -0.068431 -0.121617 0.149145
v -0.057189 -0.121635 0.159821
v -0.067335 -0.121601 0.162552
v -0.039328 -0.121616 0.159233
v -0.025836 -0.121601 0.174153
v -0.051077 -0.121601 0.168367
v -0.016071 -0.121617 0.163134
v 0.016722 0.119994 0.169411
v 0.033243 0.119989 0.166959
v 0.000027 0.119998 0.170237
v -0.000003 0.110960 0.170255
v 0.016685 0.110960 0.169433
v 0.033213 0.110960 0.166983
v 0.049399 0.119967 0.162918
v 0.065144 0.119963 0.157291
v 0.080282 0.119994 0.150114
v 0.094604 0.119989 0.141528
v 0.094587 0.110960 0.141561
v 0.108018 0.119998 0.131573
v 0.120402 0.119994 0.120346
v 0.120387 0.110960 0.120387
v 0.131618 0.119994 0.107963
v 0.141568 0.119994 0.094544
v 0.150152 0.119994 0.080212
v 0.157293 0.119993 0.065108
v 0.157294 0.110960 0.065152
v 0.162915 0.119994 0.049376
v 0.166972 0.119989 0.033176
v 0.162921 0.110960 0.049420
v 0.166983 0.110960 0.033213
v 0.169418 0.119995 0.016655
v 0.170236 0.120000 -0.000032
v 0.170254 0.110960 -0.000003
v 0.169411 0.119992 -0.016730
v 0.166959 0.119989 -0.033250
v 0.169433 0.110960 -0.016691
v 0.166983 0.110960 -0.033219
v 0.162897 0.119997 -0.049443
v 0.157292 0.119967 -0.065137
v 0.162921 0.110960 -0.049425
v 0.150121 0.119996 -0.080275
v 0.141533 0.119996 -0.094603
v 0.150149 0.110960 -0.080261
v 0.141561 0.110960 -0.094593
v 0.131576 0.119996 -0.108020
v 0.120356 0.119996 -0.120398
v 0.131606 0.110960 -0.108012
v 0.120387 0.110960 -0.120393
v 0.107975 0.119996 -0.131614
v 0.094553 0.119999 -0.141568
v 0.108006 0.110960 -0.131612
v 0.094587 0.110960 -0.141567
v 0.080211 0.119993 -0.150158
v 0.065108 0.119994 -0.157299
v 0.080255 0.110960 -0.150155
v 0.065152 0.110960 -0.157300
v 0.049377 0.119994 -0.162921
v 0.033176 0.119989 -0.166978
v 0.049419 0.110960 -0.162927
v 0.033212 0.110960 -0.166989
v 0.016655 0.119995 -0.169424
v -0.000032 0.119999 -0.170242
v -0.016730 0.119992 -0.169417
v -0.033250 0.119989 -0.166965
v -0.049443 0.119997 -0.162903
v -0.065173 0.119996 -0.157274
v -0.065158 0.110960 -0.157300
v -0.080276 0.119995 -0.150126
v -0.094603 0.119996 -0.141538
v -0.080261 0.110960 -0.150155
v -0.108020 0.119996 -0.131582
v -0.120401 0.119998 -0.120359
v -0.108012 0.110960 -0.131612
v -0.120393 0.110960 -0.120393
v -0.131623 0.119994 -0.107970
v -0.141562 0.119958 -0.094589
v -0.131612 0.110960 -0.108012
v -0.150158 0.119994 -0.080217
v -0.157299 0.119994 -0.065114
v -0.157300 0.110960 -0.065158
v -0.162921 0.119994 -0.049382
v -0.166978 0.119988 -0.033182
v -0.169424 0.119995 -0.016661
v -0.170242 0.119999 0.000027
v -0.169439 0.110960 -0.016691
v -0.170260 0.110960 -0.000003
v -0.169417 0.119992 0.016724
v -0.166965 0.119989 0.033244
v -0.169439 0.110960 0.016685
v -0.162903 0.119996 0.049438
v -0.157273 0.119996 0.065169
v -0.157300 0.110960 0.065152
v -0.150151 0.119972 0.080241
v -0.141566 0.119959 0.094572
v -0.131582 0.119996 0.108014
v -0.120362 0.119996 0.120392
v -0.131612 0.110960 0.108006
v -0.107977 0.119998 0.131611
v -0.094556 0.119989 0.141565
v -0.080231 0.119996 0.150145
v -0.065123 0.119998 0.157290
v -0.065158 0.110960 0.157295
v -0.049382 0.119994 0.162915
v -0.033181 0.119989 0.166972
v -0.033219 0.110960 0.166983
v -0.016666 0.119997 0.169417
v -0.016691 0.110960 0.169433
v 0.016061 0.120037 0.163151
v -0.000001 0.120034 0.163941
v 0.031980 0.120038 0.160792
v 0.031969 0.119198 0.160733
v 0.016060 0.119198 0.163091
v -0.000003 0.119198 0.163882
v -0.016066 0.120037 0.163151
v -0.031988 0.120038 0.160792
v -0.016066 0.119198 0.163091
v -0.031975 0.119198 0.160733
v -0.047598 0.120037 0.156879
v -0.062746 0.120036 0.151461
v -0.047576 0.119198 0.156823
v -0.062719 0.119198 0.151407
v -0.077290 0.120038 0.144580
v -0.091089 0.120036 0.136310
v -0.077257 0.119198 0.144529
v -0.091053 0.119198 0.136262
v -0.103964 0.119193 0.126683
v -0.115930 0.120038 0.115924
v -0.104008 0.120041 0.126728
v -0.115887 0.119198 0.115881
v -0.126732 0.120037 0.104001
v -0.136315 0.120036 0.091086
v -0.126686 0.119198 0.103963
v -0.136268 0.119198 0.091047
v -0.144587 0.120038 0.077281
v -0.151467 0.120037 0.062741
v -0.144535 0.119198 0.077251
v -0.151413 0.119198 0.062713
v -0.156886 0.120037 0.047588
v -0.160738 0.119193 0.031967
v -0.160799 0.120041 0.031981
v -0.156829 0.119198 0.047570
v -0.163157 0.120037 0.016060
v -0.163947 0.120036 -0.000003
v -0.163097 0.119198 0.016060
v -0.163888 0.119198 -0.000003
v -0.163157 0.120037 -0.016068
v -0.160798 0.120037 -0.031986
v -0.163097 0.119198 -0.016066
v -0.160739 0.119198 -0.031975
v -0.156884 0.120036 -0.047600
v -0.151467 0.120036 -0.062746
v -0.156829 0.119198 -0.047576
v -0.151413 0.119198 -0.062719
v -0.144587 0.120037 -0.077285
v -0.136320 0.120037 -0.091082
v -0.144535 0.119198 -0.077257
v -0.136268 0.119198 -0.091052
v -0.126734 0.120038 -0.104006
v -0.115930 0.120038 -0.115930
v -0.126686 0.119198 -0.103969
v -0.115887 0.119198 -0.115887
v -0.104005 0.120037 -0.126735
v -0.091082 0.120037 -0.136320
v -0.103969 0.119198 -0.126686
v -0.091052 0.119198 -0.136268
v -0.077282 0.120036 -0.144589
v -0.062740 0.120035 -0.151468
v -0.077257 0.119198 -0.144535
v -0.062719 0.119198 -0.151413
v -0.047599 0.120036 -0.156884
v -0.031988 0.120037 -0.160797
v -0.047576 0.119198 -0.156829
v -0.031975 0.119198 -0.160739
v -0.016066 0.120037 -0.163157
v -0.000003 0.120036 -0.163947
v -0.016066 0.119198 -0.163097
v -0.000003 0.119198 -0.163888
v 0.016062 0.120037 -0.163157
v 0.031980 0.120037 -0.160798
v 0.016060 0.119198 -0.163097
v 0.031969 0.119198 -0.160739
v 0.047593 0.120036 -0.156884
v 0.062741 0.120036 -0.151466
v 0.047570 0.119198 -0.156829
v 0.062713 0.119198 -0.151413
v 0.077259 0.119191 -0.144528
v 0.091077 0.120036 -0.136319
v 0.077280 0.120041 -0.144589
v 0.091046 0.119198 -0.136268
v 0.104003 0.120038 -0.126732
v 0.115881 0.119194 -0.115885
v 0.115925 0.120041 -0.115931
v 0.103963 0.119198 -0.126686
v 0.126729 0.120037 -0.104005
v 0.136314 0.120037 -0.091082
v 0.126680 0.119198 -0.103969
v 0.136262 0.119198 -0.091052
v 0.144583 0.120036 -0.077281
v 0.151402 0.119193 -0.062726
v 0.151464 0.120041 -0.062743
v 0.144529 0.119198 -0.077257
v 0.156881 0.120037 -0.047594
v 0.160732 0.119193 -0.031973
v 0.160793 0.120041 -0.031987
v 0.156823 0.119198 -0.047576
v 0.163151 0.120037 -0.016066
v 0.163941 0.120036 -0.000002
v 0.163091 0.119198 -0.016066
v 0.163882 0.119198 -0.000003
v 0.163151 0.120037 0.016062
v 0.160731 0.119193 0.031969
v 0.160793 0.120041 0.031981
v 0.163091 0.119198 0.016060
v 0.156880 0.120037 0.047589
v 0.151460 0.120036 0.062741
v 0.156823 0.119198 0.047570
v 0.151407 0.119198 0.062713
v 0.144580 0.120038 0.077284
v 0.136312 0.120035 0.091079
v 0.144529 0.119198 0.077251
v 0.136262 0.119198 0.091047
v 0.126728 0.120037 0.104000
v 0.115880 0.119194 0.115881
v 0.115925 0.120041 0.115925
v 0.126680 0.119198 0.103963
v 0.104002 0.120038 0.126727
v 0.091042 0.119194 0.136264
v 0.091081 0.120041 0.136314
v 0.103963 0.119198 0.126680
v 0.077279 0.120037 0.144582
v 0.062741 0.120036 0.151460
v 0.077251 0.119198 0.144529
v 0.062713 0.119198 0.151407
v 0.047594 0.120036 0.156878
v 0.047570 0.119198 0.156823
v 0.016052 0.118921 0.163004
v -0.000003 0.118921 0.163794
v 0.031952 0.118921 0.160647
v 0.047544 0.118921 0.156739
v 0.062679 0.118921 0.151326
v 0.077209 0.118921 0.144452
v 0.090998 0.118921 0.136190
v 0.103908 0.118921 0.126613
v 0.115819 0.118921 0.115819
v 0.126612 0.118921 0.103908
v 0.136189 0.118921 0.090998
v 0.144452 0.118921 0.077210
v 0.151326 0.118921 0.062680
v 0.156739 0.118921 0.047544
v 0.160647 0.118921 0.031952
v 0.163004 0.118921 0.016052
v 0.163794 0.118921 -0.000003
v 0.163004 0.118921 -0.016058
v 0.160647 0.118921 -0.031958
v 0.156739 0.118921 -0.047550
v 0.151326 0.118921 -0.062685
v 0.144451 0.118921 -0.077216
v 0.136189 0.118921 -0.091004
v 0.126612 0.118921 -0.103914
v 0.115819 0.118921 -0.115825
v 0.103907 0.118921 -0.126618
v 0.090998 0.118921 -0.136195
v 0.077209 0.118921 -0.144458
v 0.062679 0.118921 -0.151332
v 0.047544 0.118921 -0.156745
v 0.031952 0.118921 -0.160653
v 0.016052 0.118921 -0.163009
v -0.000003 0.118921 -0.163800
v -0.016058 0.118921 0.163004
v -0.031958 0.118921 0.160647
v -0.047550 0.118921 0.156739
v -0.062686 0.118921 0.151326
v -0.077216 0.118921 0.144452
v -0.091004 0.118921 0.136190
v -0.103914 0.118921 0.126613
v -0.115825 0.118921 0.115819
v -0.126619 0.118921 0.103908
v -0.136195 0.118921 0.090998
v -0.144458 0.118921 0.077210
v -0.151332 0.118921 0.062680
v -0.156745 0.118921 0.047544
v -0.160653 0.118921 0.031952
v -0.163010 0.118921 0.016052
v -0.163800 0.118921 -0.000003
v -0.163010 0.118921 -0.016058
v -0.160653 0.118921 -0.031958
v -0.156745 0.118921 -0.047550
v -0.151332 0.118921 -0.062685
v -0.144458 0.118921 -0.077216
v -0.136195 0.118921 -0.091004
v -0.126618 0.118921 -0.103914
v -0.115825 0.118921 -0.115825
v -0.103914 0.118921 -0.126618
v -0.091004 0.118921 -0.136195
v -0.077215 0.118921 -0.144458
v -0.062685 0.118921 -0.151332
v -0.047550 0.118921 -0.156745
v -0.031958 0.118921 -0.160653
v -0.016058 0.118921 -0.163009
v 0.013360 0.104312 0.135670
v -0.000003 0.104312 0.136328
v 0.026594 0.104312 0.133709
v 0.039571 0.104312 0.130456
v 0.052169 0.104312 0.125951
v 0.064262 0.104312 0.120229
v 0.075738 0.104312 0.113352
v 0.086483 0.104312 0.105381
v 0.096398 0.104312 0.096398
v 0.105381 0.104312 0.086484
v 0.113352 0.104312 0.075739
v 0.120229 0.104312 0.064262
v 0.125950 0.104312 0.052169
v 0.130456 0.104312 0.039571
v 0.133709 0.104312 0.026594
v 0.135670 0.104312 0.013360
v 0.136328 0.104312 -0.000003
v 0.135670 0.104312 -0.013366
v 0.133709 0.104312 -0.026600
v 0.130456 0.104312 -0.039577
v 0.125950 0.104312 -0.052175
v 0.120229 0.104312 -0.064268
v 0.113352 0.104312 -0.075744
v 0.105381 0.104312 -0.086489
v 0.096398 0.104312 -0.096404
v 0.086483 0.104312 -0.105387
v 0.075738 0.104312 -0.113358
v 0.064262 0.104312 -0.120235
v 0.052169 0.104312 -0.125956
v 0.039571 0.104312 -0.130462
v 0.026594 0.104312 -0.133714
v 0.013360 0.104312 -0.135676
v -0.000003 0.104312 -0.136334
v -0.013366 0.104312 0.135670
v -0.026600 0.104312 0.133709
v -0.039577 0.104312 0.130456
v -0.052175 0.104312 0.125951
v -0.064268 0.104312 0.120229
v -0.075745 0.104312 0.113352
v -0.086490 0.104312 0.105381
v -0.096404 0.104312 0.096398
v -0.105387 0.104312 0.086484
v -0.113358 0.104312 0.075739
v -0.120235 0.104312 0.064262
v -0.125957 0.104312 0.052169
v -0.130462 0.104312 0.039571
v -0.133715 0.104312 0.026594
v -0.135676 0.104312 0.013360
v -0.136334 0.104312 -0.000003
v -0.135676 0.104312 -0.013366
v -0.133715 0.104312 -0.026600
v -0.130462 0.104312 -0.039577
v -0.125957 0.104312 -0.052175
v -0.120235 0.104312 -0.064268
v -0.113358 0.104312 -0.075744
v -0.105387 0.104312 -0.086489
v -0.096404 0.104312 -0.096404
v -0.086490 0.104312 -0.105387
v -0.075744 0.104312 -0.113358
v -0.064268 0.104312 -0.120235
v -0.052175 0.104312 -0.125956
v -0.039577 0.104312 -0.130462
v -0.026600 0.104312 -0.133714
v -0.013366 0.104312 -0.135676
v 0.013059 0.084963 0.132619
v -0.000003 0.084963 0.133262
v 0.025996 0.084963 0.130702
v 0.038681 0.084963 0.127523
v 0.050995 0.084963 0.123118
v 0.062817 0.084963 0.117525
v 0.074035 0.084963 0.110803
v 0.084539 0.084963 0.103011
v 0.094230 0.084963 0.094230
v 0.103011 0.084963 0.084539
v 0.110803 0.084963 0.074035
v 0.117525 0.084963 0.062817
v 0.123118 0.084963 0.050996
v 0.127522 0.084963 0.038682
v 0.130702 0.084963 0.025996
v 0.132619 0.084963 0.013059
v 0.133262 0.084963 -0.000003
v 0.132619 0.084963 -0.013065
v 0.130702 0.084963 -0.026002
v 0.127522 0.084963 -0.038687
v 0.123118 0.084963 -0.051001
v 0.117525 0.084963 -0.062823
v 0.110803 0.084963 -0.074041
v 0.103011 0.084963 -0.084545
v 0.094230 0.084963 -0.094236
v 0.084539 0.084963 -0.103017
v 0.074035 0.084963 -0.110809
v 0.062817 0.084963 -0.117531
v 0.050995 0.084963 -0.123124
v 0.038681 0.084963 -0.127528
v 0.025996 0.084963 -0.130708
v 0.013059 0.084963 -0.132625
v -0.000003 0.084963 -0.133268
v -0.013065 0.084963 0.132619
v -0.026002 0.084963 0.130702
v -0.038687 0.084963 0.127523
v -0.051001 0.084963 0.123118
v -0.062823 0.084963 0.117525
v -0.074041 0.084963 0.110803
v -0.084545 0.084963 0.103011
v -0.094236 0.084963 0.094230
v -0.103017 0.084963 0.084539
v -0.110809 0.084963 0.074035
v -0.117531 0.084963 0.062817
v -0.123124 0.084963 0.050996
v -0.127529 0.084963 0.038682
v -0.130708 0.084963 0.025996
v -0.132625 0.084963 0.013059
v -0.133268 0.084963 -0.000003
v -0.132625 0.084963 -0.013065
v -0.130708 0.084963 -0.026002
v -0.127529 0.084963 -0.038687
v -0.123124 0.084963 -0.051001
v -0.117531 0.084963 -0.062823
v -0.110809 0.084963 -0.074041
v -0.103017 0.084963 -0.084545
v -0.094236 0.084963 -0.094236
v -0.084545 0.084963 -0.103017
v -0.074041 0.084963 -0.110809
v -0.062823 0.084963 -0.117531
v -0.051001 0.084963 -0.123124
v -0.038687 0.084963 -0.127528
v -0.026002 0.084963 -0.130708
v -0.013065 0.084963 -0.132625
v 0.011052 0.081448 0.112244
v -0.000003 0.081448 0.112789
v 0.022002 0.081448 0.110622
v 0.032738 0.081448 0.107931
v 0.043160 0.081448 0.104203
v 0.053166 0.081448 0.099469
v 0.062661 0.081448 0.093780
v 0.071550 0.081448 0.087185
v 0.079753 0.081448 0.079753
v 0.087185 0.081448 0.071551
v 0.093780 0.081448 0.062661
v 0.099469 0.081448 0.053166
v 0.104203 0.081448 0.043161
v 0.107931 0.081448 0.032738
v 0.110621 0.081448 0.022002
v 0.112244 0.081448 0.011053
v 0.112789 0.081448 -0.000003
v 0.112244 0.081448 -0.011058
v 0.110621 0.081448 -0.022007
v 0.107931 0.081448 -0.032744
v 0.104203 0.081448 -0.043166
v 0.099469 0.081448 -0.053172
v 0.093780 0.081448 -0.062667
v 0.087185 0.081448 -0.071556
v 0.079753 0.081448 -0.079759
v 0.071550 0.081448 -0.087191
v 0.062661 0.081448 -0.093786
v 0.053166 0.081448 -0.099475
v 0.043160 0.081448 -0.104209
v 0.032738 0.081448 -0.107937
v 0.022001 0.081448 -0.110627
v 0.011052 0.081448 -0.112250
v -0.000003 0.081448 -0.112795
v -0.011058 0.081448 0.112244
v -0.022008 0.081448 0.110622
v -0.032744 0.081448 0.107931
v -0.043167 0.081448 0.104203
v -0.053172 0.081448 0.099469
v -0.062667 0.081448 0.093780
v -0.071557 0.081448 0.087185
v -0.079759 0.081448 0.079753
v -0.087191 0.081448 0.071551
v -0.093786 0.081448 0.062661
v -0.099475 0.081448 0.053166
v -0.104209 0.081448 0.043161
v -0.107937 0.081448 0.032738
v -0.110627 0.081448 0.022002
v -0.112250 0.081448 0.011053
v -0.112795 0.081448 -0.000003
v -0.112250 0.081448 -0.011058
v -0.110627 0.081448 -0.022007
v -0.107937 0.081448 -0.032744
v -0.104209 0.081448 -0.043166
v -0.099475 0.081448 -0.053172
v -0.093786 0.081448 -0.062667
v -0.087191 0.081448 -0.071556
v -0.079759 0.081448 -0.079759
v -0.071556 0.081448 -0.087191
v -0.062667 0.081448 -0.093786
v -0.053172 0.081448 -0.099475
v -0.043166 0.081448 -0.104209
v -0.032744 0.081448 -0.107937
v -0.022008 0.081448 -0.110627
v -0.011058 0.081448 -0.112250
v 0.011051 -0.089297 0.112227
v 0.011009 -0.080329 0.112137
v 0.021947 -0.080312 0.110519
v 0.021998 -0.089297 0.110604
v -0.000003 -0.089297 0.112771
v -0.000030 -0.080402 0.112677
v 0.032733 -0.089297 0.107914
v 0.032674 -0.080328 0.107834
v 0.043089 -0.080225 0.104112
v 0.043154 -0.089297 0.104187
v 0.053158 -0.089297 0.099454
v 0.053113 -0.078973 0.099357
v 0.062577 -0.080398 0.093702
v 0.062651 -0.089297 0.093765
v 0.071539 -0.089297 0.087172
v 0.071473 -0.079015 0.087090
v 0.079668 -0.078796 0.079663
v 0.079740 -0.089297 0.079740
v 0.087171 -0.089297 0.071539
v 0.087094 -0.078996 0.071467
v 0.093671 -0.080381 0.062623
v 0.093765 -0.089297 0.062651
v 0.099454 -0.089297 0.053158
v 0.099360 -0.080444 0.053135
v 0.104091 -0.078994 0.043108
v 0.104187 -0.089297 0.043154
v 0.107914 -0.089297 0.032733
v 0.107815 -0.079068 0.032696
v 0.110501 -0.078948 0.021971
v 0.110604 -0.089297 0.021998
v 0.112227 -0.089297 0.011051
v 0.112122 -0.078972 0.011034
v 0.112677 -0.080386 0.000024
v 0.112771 -0.089297 -0.000003
v 0.112227 -0.089297 -0.011057
v 0.112121 -0.078987 -0.011053
v 0.110518 -0.080365 -0.021959
v 0.110604 -0.089297 -0.022004
v 0.107914 -0.089297 -0.032739
v 0.107813 -0.079059 -0.032708
v 0.104112 -0.080255 -0.043094
v 0.104187 -0.089297 -0.043160
v 0.099454 -0.089297 -0.053164
v 0.099383 -0.080449 -0.053096
v 0.093701 -0.080401 -0.062583
v 0.093765 -0.089297 -0.062657
v 0.087171 -0.089297 -0.071545
v 0.087116 -0.080439 -0.071465
v 0.079663 -0.079205 -0.079674
v 0.079740 -0.089297 -0.079746
v 0.071539 -0.089297 -0.087177
v 0.071502 -0.080367 -0.087086
v 0.062628 -0.080289 -0.093673
v 0.062651 -0.089297 -0.093771
v 0.053158 -0.089297 -0.099460
v 0.053141 -0.080339 -0.099362
v 0.043149 -0.080229 -0.104093
v 0.043154 -0.089297 -0.104193
v 0.032733 -0.089297 -0.107920
v 0.032695 -0.079074 -0.107821
v 0.021974 -0.079049 -0.110507
v 0.021998 -0.089297 -0.110610
v 0.011051 -0.089297 -0.112233
v 0.011076 -0.080275 -0.112136
v -0.000006 -0.078791 -0.112671
v -0.000003 -0.089297 -0.112777
v -0.011057 -0.089297 -0.112233
v -0.011053 -0.078984 -0.112126
v -0.021959 -0.080373 -0.110523
v -0.022004 -0.089297 -0.110610
v -0.032739 -0.089297 -0.107920
v -0.032708 -0.079069 -0.107819
v -0.043094 -0.080248 -0.104118
v -0.043160 -0.089297 -0.104193
v -0.053164 -0.089297 -0.099460
v -0.053096 -0.080435 -0.099389
v -0.062583 -0.080397 -0.093707
v -0.062657 -0.089297 -0.093771
v -0.071545 -0.089297 -0.087177
v -0.071460 -0.080322 -0.087126
v -0.079672 -0.079121 -0.079671
v -0.079746 -0.089297 -0.079746
v -0.087177 -0.089297 -0.071545
v -0.087086 -0.080362 -0.071508
v -0.093673 -0.080287 -0.062634
v -0.093771 -0.089297 -0.062657
v -0.099460 -0.089297 -0.053164
v -0.099362 -0.080342 -0.053147
v -0.104092 -0.080220 -0.043155
v -0.104193 -0.089297 -0.043160
v -0.107920 -0.089297 -0.032739
v -0.107821 -0.079581 -0.032715
v -0.110509 -0.079548 -0.021994
v -0.110610 -0.089297 -0.022004
v -0.112233 -0.089297 -0.011057
v -0.112130 -0.079446 -0.011060
v -0.112683 -0.080289 -0.000037
v -0.112777 -0.089297 -0.000003
v -0.112233 -0.089297 0.011051
v -0.112142 -0.080268 0.011007
v -0.110507 -0.079046 0.021978
v -0.110610 -0.089297 0.021998
v -0.107920 -0.089297 0.032733
v -0.107839 -0.080333 0.032674
v -0.104119 -0.080282 0.043087
v -0.104193 -0.089297 0.043154
v -0.099460 -0.089297 0.053158
v -0.099366 -0.079069 0.053109
v -0.093683 -0.078981 0.062592
v -0.093771 -0.089297 0.062651
v -0.087177 -0.089297 0.071539
v -0.087126 -0.080296 0.071455
v -0.079670 -0.078735 0.079667
v -0.079746 -0.089297 0.079740
v -0.071545 -0.089297 0.087172
v -0.071473 -0.079012 0.087094
v -0.062625 -0.080382 0.093674
v -0.062657 -0.089297 0.093765
v -0.053164 -0.089297 0.099454
v -0.053145 -0.080356 0.099358
v -0.043155 -0.080230 0.104087
v -0.043160 -0.089297 0.104187
v -0.032739 -0.089297 0.107914
v -0.032702 -0.079080 0.107815
v -0.021978 -0.079069 0.110502
v -0.022004 -0.089297 0.110604
v -0.011057 -0.089297 0.112227
v -0.011039 -0.079072 0.112123
v 0.017447 -0.121496 0.177171
v -0.000003 -0.121496 0.178030
v 0.034730 -0.121496 0.174610
v -0.017453 -0.121496 0.177171
v -0.034736 -0.121496 0.174610
v -0.051683 -0.121496 0.170362
v -0.068133 -0.121496 0.164478
v -0.083926 -0.121496 0.157007
v -0.098913 -0.121496 0.148026
v -0.112945 -0.121496 0.137617
v -0.125892 -0.121496 0.125886
v -0.137623 -0.121496 0.112939
v -0.148032 -0.121496 0.098907
v -0.157013 -0.121496 0.083920
v -0.164484 -0.121496 0.068128
v -0.170368 -0.121496 0.051677
v -0.174615 -0.121496 0.034730
v -0.177177 -0.121496 0.017447
v -0.178036 -0.121496 -0.000003
v -0.177177 -0.121496 -0.017453
v -0.174615 -0.121496 -0.034735
v -0.170368 -0.121496 -0.051683
v -0.164484 -0.121496 -0.068133
v -0.157012 -0.121496 -0.083926
v -0.148032 -0.121496 -0.098913
v -0.137623 -0.121496 -0.112945
v -0.125891 -0.121496 -0.125891
v -0.112945 -0.121496 -0.137623
v -0.098913 -0.121496 -0.148032
v -0.083926 -0.121496 -0.157012
v -0.068133 -0.121496 -0.164484
v -0.051683 -0.121496 -0.170368
v -0.034735 -0.121496 -0.174615
v -0.017453 -0.121496 -0.177177
v -0.000003 -0.121496 -0.178036
v 0.017447 -0.121496 -0.177177
v 0.034729 -0.121496 -0.174615
v 0.051677 -0.121496 -0.170368
v 0.068127 -0.121496 -0.164484
v 0.083920 -0.121496 -0.157012
v 0.098907 -0.121496 -0.148032
v 0.112939 -0.121496 -0.137623
v 0.125885 -0.121496 -0.125891
v 0.137617 -0.121496 -0.112945
v 0.148026 -0.121496 -0.098913
v 0.157006 -0.121496 -0.083926
v 0.164478 -0.121496 -0.068133
v 0.170362 -0.121496 -0.051683
v 0.174609 -0.121496 -0.034735
v 0.177171 -0.121496 -0.017453
v 0.178030 -0.121496 -0.000003
v 0.177171 -0.121496 0.017447
v 0.174609 -0.121496 0.034730
v 0.170362 -0.121496 0.051677
v 0.164478 -0.121496 0.068128
v 0.157006 -0.121496 0.083920
v 0.148026 -0.121496 0.098907
v 0.137617 -0.121496 0.112939
v 0.125885 -0.121496 0.125886
v 0.112939 -0.121496 0.137617
v 0.098907 -0.121496 0.148026
v 0.083920 -0.121496 0.157007
v 0.068127 -0.121496 0.164478
v 0.051677 -0.121496 0.170362
v 0.015852 -0.121563 0.160976
v -0.000003 -0.121563 0.161757
v 0.015477 -0.119109 0.157151
v -0.000006 -0.119027 0.157782
v 0.030781 -0.119013 0.154729
v 0.031555 -0.121563 0.158648
v 0.046953 -0.121563 0.154789
v 0.045842 -0.119113 0.151115
v 0.060370 -0.118997 0.145727
v 0.061900 -0.121563 0.149443
v 0.076249 -0.121563 0.142655
v 0.074455 -0.119127 0.139287
v 0.087868 -0.119269 0.131506
v 0.089866 -0.121563 0.134495
v 0.102615 -0.121563 0.125037
v 0.100169 -0.119102 0.122059
v 0.111573 -0.119029 0.111569
v 0.114378 -0.121563 0.114378
v 0.125037 -0.121563 0.102615
v 0.122058 -0.119103 0.100171
v 0.131172 -0.119010 0.087642
v 0.134495 -0.121563 0.089866
v 0.142654 -0.121563 0.076249
v 0.139216 -0.119074 0.074413
v 0.145759 -0.119017 0.060372
v 0.149443 -0.121563 0.061900
v 0.154789 -0.121563 0.046953
v 0.151078 -0.119086 0.045826
v 0.155118 -0.119267 0.030854
v 0.158648 -0.121563 0.031555
v 0.160976 -0.121563 0.015852
v 0.157107 -0.119081 0.015473
v 0.157766 -0.119017 -0.000005
v 0.161756 -0.121563 -0.000003
v 0.160976 -0.121563 -0.015858
v 0.157104 -0.119079 -0.015476
v 0.154680 -0.118981 -0.030780
v 0.158648 -0.121563 -0.031561
v 0.154789 -0.121563 -0.046959
v 0.151116 -0.119113 -0.045849
v 0.145776 -0.119030 -0.060386
v 0.149443 -0.121563 -0.061906
v 0.142654 -0.121563 -0.076255
v 0.139241 -0.119092 -0.074431
v 0.131167 -0.119009 -0.087651
v 0.134495 -0.121563 -0.089872
v 0.125037 -0.121563 -0.102621
v 0.122056 -0.119100 -0.100173
v 0.111568 -0.119029 -0.111578
v 0.114378 -0.121563 -0.114384
v 0.102615 -0.121563 -0.125043
v 0.100173 -0.119105 -0.122067
v 0.087642 -0.119010 -0.131177
v 0.089866 -0.121563 -0.134501
v 0.076249 -0.121563 -0.142660
v 0.074445 -0.119111 -0.139270
v 0.060366 -0.119004 -0.145745
v 0.061900 -0.121563 -0.149449
v 0.046953 -0.121563 -0.154795
v 0.045845 -0.119119 -0.151130
v 0.030774 -0.118993 -0.154705
v 0.031555 -0.121563 -0.158654
v 0.015852 -0.121563 -0.160982
v 0.015473 -0.119089 -0.157125
v -0.000004 -0.119023 -0.157783
v -0.000003 -0.121563 -0.161762
v -0.015858 -0.121563 -0.160981
v -0.015479 -0.119086 -0.157120
v -0.030780 -0.118987 -0.154695
v -0.031561 -0.121563 -0.158654
v -0.046959 -0.121563 -0.154795
v -0.045851 -0.119118 -0.151128
v -0.060376 -0.119001 -0.145738
v -0.061906 -0.121563 -0.149449
v -0.076255 -0.121563 -0.142660
v -0.074446 -0.119108 -0.139266
v -0.087649 -0.119007 -0.131171
v -0.089872 -0.121563 -0.134501
v -0.102621 -0.121563 -0.125043
v -0.100174 -0.119101 -0.122063
v -0.111582 -0.119032 -0.111578
v -0.114384 -0.121563 -0.114384
v -0.125043 -0.121563 -0.102621
v -0.122065 -0.119104 -0.100178
v -0.131178 -0.119011 -0.087650
v -0.134501 -0.121563 -0.089872
v -0.142660 -0.121563 -0.076255
v -0.139295 -0.119129 -0.074463
v -0.145753 -0.119010 -0.060378
v -0.149449 -0.121563 -0.061906
v -0.154795 -0.121563 -0.046959
v -0.151130 -0.119119 -0.045851
v -0.154691 -0.118984 -0.030778
v -0.158654 -0.121563 -0.031561
v -0.160982 -0.121563 -0.015858
v -0.157114 -0.119082 -0.015479
v -0.157777 -0.119020 -0.000001
v -0.161762 -0.121563 -0.000003
v -0.160982 -0.121563 0.015852
v -0.157108 -0.119078 0.015469
v -0.154732 -0.119011 0.030775
v -0.158654 -0.121563 0.031555
v -0.154795 -0.121563 0.046953
v -0.150807 -0.118901 0.045744
v -0.145770 -0.119021 0.060377
v -0.149449 -0.121563 0.061900
v -0.142660 -0.121563 0.076249
v -0.139250 -0.119094 0.074427
v -0.131511 -0.119268 0.087867
v -0.134501 -0.121563 0.089866
v -0.125043 -0.121563 0.102615
v -0.122063 -0.119101 0.100168
v -0.111577 -0.119031 0.111575
v -0.114384 -0.121563 0.114378
v -0.102621 -0.121563 0.125037
v -0.100177 -0.119103 0.122059
v -0.087652 -0.119014 0.131176
v -0.089872 -0.121563 0.134495
v -0.076255 -0.121563 0.142655
v -0.074462 -0.119128 0.139287
v -0.060378 -0.119008 0.145743
v -0.061906 -0.121563 0.149443
v -0.046959 -0.121563 0.154789
v -0.045834 -0.119088 0.151080
v -0.030784 -0.119026 0.154750
v -0.031561 -0.121563 0.158648
v -0.015858 -0.121563 0.160976
v -0.015481 -0.119104 0.157142
v 0.016672 0.120272 0.169304
v 0.033187 0.120272 0.166856
v -0.000003 0.120272 0.170125
v 0.049382 0.120272 0.162797
v 0.065102 0.120272 0.157175
v 0.080194 0.120272 0.150035
v 0.094515 0.120272 0.141453
v 0.107924 0.120272 0.131506
v 0.120295 0.120272 0.120296
v 0.131506 0.120272 0.107924
v 0.141453 0.120272 0.094515
v 0.150034 0.120272 0.080194
v 0.157174 0.120272 0.065102
v 0.162797 0.120272 0.049382
v 0.166856 0.120272 0.033187
v 0.169303 0.120272 0.016672
v 0.170125 0.120272 -0.000003
v 0.169303 0.120272 -0.016678
v 0.166856 0.120272 -0.033193
v 0.162797 0.120272 -0.049388
v 0.157174 0.120272 -0.065108
v 0.150034 0.120272 -0.080200
v 0.141453 0.120272 -0.094521
v 0.131506 0.120272 -0.107930
v 0.120295 0.120272 -0.120301
v 0.107923 0.120272 -0.131512
v 0.094515 0.120272 -0.141459
v 0.080194 0.120272 -0.150040
v 0.065102 0.120272 -0.157180
v 0.049382 0.120272 -0.162803
v 0.033187 0.120272 -0.166862
v 0.016672 0.120272 -0.169309
v -0.000003 0.120272 -0.170131
v -0.016678 0.120272 -0.169309
v -0.033193 0.120272 -0.166862
v -0.049388 0.120272 -0.162803
v -0.065108 0.120272 -0.157180
v -0.080200 0.120272 -0.150040
v -0.094521 0.120272 -0.141459
v -0.107930 0.120272 -0.131512
v -0.120301 0.120272 -0.120301
v -0.131512 0.120272 -0.107930
v -0.141459 0.120272 -0.094521
v -0.150040 0.120272 -0.080200
v -0.157180 0.120272 -0.065108
v -0.162803 0.120272 -0.049388
v -0.166862 0.120272 -0.033193
v -0.169310 0.120272 -0.016678
v -0.170131 0.120272 -0.000003
v -0.169309 0.120272 0.016672
v -0.166862 0.120272 0.033187
v -0.162803 0.120272 0.049382
v -0.157180 0.120272 0.065102
v -0.150040 0.120272 0.080194
v -0.141459 0.120272 0.094515
v -0.131512 0.120272 0.107924
v -0.120301 0.120272 0.120296
v -0.107930 0.120272 0.131506
v -0.094521 0.120272 0.141453
v -0.080200 0.120272 0.150035
v -0.065108 0.120272 0.157175
v -0.049388 0.120272 0.162797
v -0.033193 0.120272 0.166856
v -0.016678 0.120272 0.169304
v 0.016076 0.120272 0.163249
v -0.000003 0.120272 0.164041
v 0.032000 0.120272 0.160889
v -0.016082 0.120272 0.163249
v -0.032006 0.120272 0.160889
v -0.047622 0.120272 0.156975
v -0.062780 0.120272 0.151554
v -0.077332 0.120272 0.144669
v -0.091141 0.120272 0.136395
v -0.104070 0.120272 0.126803
v -0.116000 0.120272 0.115994
v -0.126809 0.120272 0.104064
v -0.136401 0.120272 0.091135
v -0.144675 0.120272 0.077326
v -0.151560 0.120272 0.062774
v -0.156981 0.120272 0.047616
v -0.160895 0.120272 0.032000
v -0.163255 0.120272 0.016076
v -0.164047 0.120272 -0.000003
v -0.163255 0.120272 -0.016082
v -0.160895 0.120272 -0.032006
v -0.156981 0.120272 -0.047622
v -0.151560 0.120272 -0.062780
v -0.144675 0.120272 -0.077332
v -0.136400 0.120272 -0.091141
v -0.126809 0.120272 -0.104070
v -0.115999 0.120272 -0.115999
v -0.104070 0.120272 -0.126809
v -0.091141 0.120272 -0.136400
v -0.077332 0.120272 -0.144675
v -0.062780 0.120272 -0.151560
v -0.047622 0.120272 -0.156981
v -0.032006 0.120272 -0.160895
v -0.016082 0.120272 -0.163255
v -0.000003 0.120272 -0.164047
v 0.016076 0.120272 -0.163255
v 0.032000 0.120272 -0.160895
v 0.047616 0.120272 -0.156981
v 0.062774 0.120272 -0.151560
v 0.077326 0.120272 -0.144675
v 0.091135 0.120272 -0.136400
v 0.104064 0.120272 -0.126809
v 0.115993 0.120272 -0.115999
v 0.126803 0.120272 -0.104070
v 0.136394 0.120272 -0.091141
v 0.144669 0.120272 -0.077332
v 0.151554 0.120272 -0.062780
v 0.156975 0.120272 -0.047622
v 0.160889 0.120272 -0.032006
v 0.163249 0.120272 -0.016082
v 0.164041 0.120272 -0.000003
v 0.163249 0.120272 0.016076
v 0.160889 0.120272 0.032000
v 0.156975 0.120272 0.047616
v 0.151554 0.120272 0.062774
v 0.144669 0.120272 0.077326
v 0.136394 0.120272 0.091135
v 0.126803 0.120272 0.104064
v 0.115993 0.120272 0.115994
v 0.104064 0.120272 0.126803
v 0.091135 0.120272 0.136395
v 0.077326 0.120272 0.144669
v 0.062774 0.120272 0.151554
v 0.047616 0.120272 0.156975
v 0.023366 0.124308 0.034104
v 0.028824 0.124488 0.028822
v 0.019110 0.124019 0.038052
v 0.022727 0.096221 0.046688
v 0.028150 0.096221 0.041816
v 0.035151 0.096221 0.035150
v -0.023359 0.124228 0.034145
v -0.019075 0.123782 0.038184
v -0.028821 0.124489 0.028822
v -0.035149 0.096221 0.035150
v -0.028148 0.096221 0.041816
v -0.022725 0.096221 0.046688
v 0.000161 0.124540 0.038821
v -0.012577 0.124137 0.038920
v 0.000001 0.096221 0.043866
v -0.012073 0.096221 0.043889
v 0.012075 0.096221 0.043889
v 0.012733 0.124126 0.038922
v 0.017232 0.120011 0.040275
v 0.020123 0.096221 0.047760
v 0.016930 0.096221 0.044560
v -0.017242 0.120024 0.040280
v -0.020137 0.096221 0.047780
v -0.016928 0.096221 0.044560
v 0.023375 0.124297 -0.034101
v 0.028816 0.124510 -0.028820
v 0.028150 0.096221 -0.041816
v 0.035151 0.096221 -0.035150
v 0.022727 0.096221 -0.046689
v 0.019058 0.123841 -0.038174
v -0.023349 0.124293 -0.034125
v -0.019128 0.123988 -0.038048
v -0.028148 0.096221 -0.041816
v -0.022725 0.096221 -0.046689
v -0.035149 0.096221 -0.035150
v -0.028813 0.124507 -0.028822
v -0.000175 0.124506 -0.038827
v 0.012583 0.124082 -0.038930
v 0.000001 0.096221 -0.043866
v 0.012075 0.096221 -0.043889
v -0.012073 0.096221 -0.043889
v -0.012740 0.124072 -0.038933
v 0.017244 0.120023 -0.040280
v 0.020142 0.096221 -0.047782
v 0.016930 0.096221 -0.044561
v -0.017215 0.120051 -0.040256
v -0.020122 0.096221 -0.047761
v -0.016928 0.096221 -0.044561
v -0.034099 0.124329 0.023359
v -0.038046 0.124030 0.019109
v -0.046687 0.096221 0.022726
v -0.041815 0.096221 0.028149
v -0.034141 0.124227 -0.023363
v -0.038185 0.123775 -0.019077
v -0.041815 0.096221 -0.028149
v -0.046687 0.096221 -0.022726
v -0.038819 0.124542 0.000176
v -0.038920 0.124131 -0.012576
v -0.043865 0.096221 0.000000
v -0.043888 0.096221 -0.012074
v -0.043888 0.096221 0.012074
v -0.038922 0.124120 0.012726
v -0.040267 0.120030 0.017227
v -0.047758 0.096221 0.020121
v -0.044559 0.096221 0.016929
v -0.040278 0.120019 -0.017241
v -0.047781 0.096221 -0.020140
v -0.044559 0.096221 -0.016930
v 0.034108 0.124296 0.023367
v 0.041817 0.096221 0.028149
v 0.046689 0.096221 0.022726
v 0.038176 0.123844 0.019056
v 0.034132 0.124272 -0.023353
v 0.038055 0.123977 -0.019128
v 0.041817 0.096221 -0.028149
v 0.046689 0.096221 -0.022726
v 0.038821 0.124545 -0.000177
v 0.038922 0.124127 0.012572
v 0.043867 0.096221 0.000000
v 0.043890 0.096221 0.012074
v 0.043890 0.096221 -0.012074
v 0.038924 0.124123 -0.012732
v 0.040274 0.120044 0.017240
v 0.047783 0.096221 0.020140
v 0.044561 0.096221 0.016929
v 0.040250 0.120067 -0.017212
v 0.047762 0.096221 -0.020124
v 0.044561 0.096221 -0.016930
v 0.012947 0.129320 0.021402
v 0.013915 0.129255 0.034542
v 0.020358 0.129287 0.030026
v 0.020861 0.129322 0.013226
v 0.030275 0.129285 0.020257
v -0.013225 0.129322 0.020859
v -0.020256 0.129285 0.030274
v -0.013912 0.129255 0.034542
v -0.000195 0.129291 0.034775
v 0.000197 0.129291 -0.034776
v 0.013227 0.129322 -0.020860
v 0.013915 0.129255 -0.034542
v -0.012742 0.129322 -0.021163
v -0.013912 0.129255 -0.034542
v 0.020258 0.129285 -0.030274
v -0.020356 0.129287 -0.030026
v -0.020859 0.129322 -0.013226
v -0.030273 0.129285 -0.020257
v -0.021162 0.129322 0.012743
v -0.034541 0.129255 0.013913
v -0.030025 0.129287 0.020357
v -0.034541 0.129255 -0.013914
v -0.034774 0.129291 -0.000196
v 0.034776 0.129291 0.000196
v 0.034543 0.129255 0.013913
v 0.021164 0.129322 -0.012743
v 0.034543 0.129255 -0.013914
v 0.030027 0.129287 -0.020357
v 0.016740 0.128496 0.038093
v 0.012462 0.129012 0.037948
v 0.016620 0.123151 0.039164
v 0.017406 0.123734 0.039588
v 0.018163 0.129016 0.036644
v -0.016738 0.128496 0.038093
v -0.012460 0.129012 0.037948
v -0.018161 0.129016 0.036644
v -0.017361 0.124033 0.039491
v -0.016636 0.123465 0.039107
v 0.016740 0.128496 -0.038093
v 0.016638 0.123440 -0.039112
v 0.012462 0.129012 -0.037948
v 0.018163 0.129016 -0.036645
v 0.017363 0.124033 -0.039491
v -0.016738 0.128496 -0.038093
v -0.017403 0.123740 -0.039586
v -0.018161 0.129016 -0.036645
v -0.012460 0.129012 -0.037948
v -0.016617 0.123101 -0.039174
v -0.038092 0.128496 0.016739
v -0.037947 0.129012 0.012461
v -0.039162 0.123156 0.016619
v -0.039584 0.123744 0.017404
v -0.036643 0.129016 0.018162
v -0.038092 0.128496 -0.016739
v -0.037947 0.129012 -0.012462
v -0.036643 0.129016 -0.018163
v -0.039490 0.124033 -0.017362
v -0.039104 0.123475 -0.016637
v 0.038094 0.128496 0.016739
v 0.039108 0.123467 0.016637
v 0.037949 0.129012 0.012461
v 0.036645 0.129016 0.018162
v 0.039492 0.124033 0.017362
v 0.038094 0.128496 -0.016739
v 0.039164 0.123159 -0.016619
v 0.039586 0.123744 -0.017404
v 0.036645 0.129016 -0.018163
v 0.037949 0.129012 -0.012462
v 0.022313 0.129189 0.032827
v 0.027698 0.129189 0.027697
v -0.022311 0.129189 0.032827
v -0.027696 0.129189 0.027697
v 0.020794 0.096221 0.048308
v -0.020791 0.096221 0.048307
v 0.016247 0.096221 0.043959
v 0.000001 0.129183 0.037899
v -0.016245 0.096221 0.043959
v 0.000001 0.129183 -0.037900
v 0.022313 0.129189 -0.032827
v 0.027698 0.129189 -0.027697
v -0.022311 0.129189 -0.032827
v -0.027696 0.129189 -0.027697
v 0.020794 0.096221 -0.048308
v -0.020792 0.096221 -0.048309
v -0.016245 0.096221 -0.043959
v 0.016247 0.096221 -0.043959
v -0.032826 0.129189 0.022312
v -0.032826 0.129189 -0.022312
v -0.048308 0.096221 0.020793
v -0.048307 0.096221 -0.020792
v -0.043958 0.096221 0.016246
v -0.037899 0.129183 0.000000
v -0.043958 0.096221 -0.016246
v 0.037901 0.129183 0.000000
v 0.032828 0.129189 0.022312
v 0.032828 0.129189 -0.022312
v 0.048309 0.096221 0.020792
v 0.048310 0.096221 -0.020793
v 0.043960 0.096221 -0.016246
v 0.043960 0.096221 0.016246
v 0.098832 0.115955 -0.098820
v 0.106174 0.115920 -0.091479
v 0.091493 0.115920 -0.106160
v 0.051792 0.082073 -0.036462
v 0.045646 0.078659 -0.069957
v 0.060052 0.082890 -0.082901
v 0.059145 0.070952 -0.083808
v 0.044274 0.069890 -0.071330
v 0.031241 0.074428 -0.057014
v 0.029403 0.068827 -0.058852
v 0.033125 0.080029 -0.055130
v 0.047065 0.087429 -0.068539
v 0.061006 0.094830 -0.081947
v 0.095845 0.087122 -0.074457
v 0.096288 0.072014 -0.074015
v 0.108766 0.073077 -0.088886
v 0.108789 0.091354 -0.088863
v 0.095357 0.102231 -0.074945
v 0.108766 0.109630 -0.088886
v 0.081948 0.094830 -0.061005
v 0.082902 0.082890 -0.060051
v 0.083809 0.070952 -0.059144
v 0.098822 0.115954 0.098830
v 0.091481 0.115920 0.106172
v 0.106161 0.115920 0.091492
v 0.036464 0.082073 0.051790
v 0.069958 0.078659 0.045645
v 0.082902 0.082890 0.060051
v 0.083809 0.070952 0.059144
v 0.071331 0.069890 0.044273
v 0.057015 0.074428 0.031239
v 0.058852 0.068827 0.029402
v 0.055131 0.080029 0.033123
v 0.068539 0.087429 0.047064
v 0.081948 0.094830 0.061005
v 0.074458 0.087122 0.095844
v 0.074016 0.072014 0.096286
v 0.088887 0.073077 0.108765
v 0.088864 0.091354 0.108788
v 0.074946 0.102231 0.095356
v 0.088887 0.109630 0.108765
v 0.061006 0.094830 0.081947
v 0.060052 0.082890 0.082901
v 0.059145 0.070952 0.083808
v -0.098828 0.115954 0.098822
v -0.106171 0.115920 0.091479
v -0.091491 0.115920 0.106160
v -0.051788 0.082073 0.036463
v -0.045644 0.078659 0.069957
v -0.060050 0.082890 0.082901
v -0.059143 0.070952 0.083808
v -0.044272 0.069890 0.071330
v -0.031239 0.074428 0.057013
v -0.029401 0.068827 0.058851
v -0.033123 0.080029 0.055129
v -0.047063 0.087429 0.068538
v -0.061004 0.094830 0.081947
v -0.095843 0.087122 0.074457
v -0.096286 0.072014 0.074015
v -0.108764 0.073077 0.088886
v -0.108787 0.091354 0.088863
v -0.095355 0.102231 0.074945
v -0.108764 0.109630 0.088886
v -0.081946 0.094830 0.061005
v -0.082900 0.082890 0.060051
v -0.083807 0.070952 0.059144
v -0.098820 0.115955 -0.098831
v -0.091478 0.115920 -0.106172
v -0.106158 0.115920 -0.091492
v -0.036461 0.082073 -0.051790
v -0.069956 0.078659 -0.045645
v -0.082900 0.082890 -0.060051
v -0.083807 0.070952 -0.059144
v -0.071329 0.069890 -0.044273
v -0.057013 0.074428 -0.031240
v -0.058850 0.068827 -0.029402
v -0.055129 0.080029 -0.033124
v -0.068537 0.087429 -0.047064
v -0.081946 0.094830 -0.061005
v -0.074456 0.087122 -0.095845
v -0.074014 0.072014 -0.096287
v -0.088885 0.073077 -0.108765
v -0.088862 0.091354 -0.108788
v -0.074944 0.102231 -0.095356
v -0.088885 0.109630 -0.108765
v -0.061004 0.094830 -0.081947
v -0.060050 0.082890 -0.082901
v -0.059143 0.070952 -0.083808
v -0.044012 0.066751 0.044240
v -0.056096 0.066788 0.032156
v -0.032365 0.066786 0.055887
v -0.098832 0.066755 0.098817
v 0.098818 0.066755 0.098834
v 0.106097 0.066785 0.091555
v 0.091594 0.066786 0.106059
v 0.032157 0.066788 0.056097
v 0.055889 0.066786 0.032365
v 0.044015 0.066751 -0.044240
v 0.056098 0.066788 -0.032156
v 0.032366 0.066786 -0.055888
v 0.098835 0.066755 -0.098817
v -0.044239 0.066751 -0.044014
v -0.032155 0.066788 -0.056097
v -0.055886 0.066786 -0.032365
v -0.098816 0.066755 -0.098834
v 0.075177 0.107357 -0.095125
v 0.061399 0.098897 -0.081554
v 0.088956 0.115816 -0.108696
v 0.088887 0.109630 -0.108765
v 0.074946 0.102231 -0.095356
v 0.067984 0.090438 -0.047619
v 0.081555 0.098897 -0.061398
v 0.054414 0.081979 -0.033841
v 0.055131 0.080029 -0.033124
v 0.068539 0.087429 -0.047064
v 0.073923 0.066888 -0.096379
v 0.058890 0.066884 -0.084063
v 0.074016 0.072014 -0.096287
v 0.088956 0.066892 -0.108696
v 0.088887 0.073077 -0.108765
v 0.091556 0.066785 -0.106096
v 0.071748 0.066881 -0.043856
v 0.084064 0.066884 -0.058889
v 0.071331 0.069890 -0.044273
v 0.059431 0.066877 -0.028823
v 0.058852 0.068827 -0.029402
v 0.095126 0.107357 0.075176
v 0.081555 0.098897 0.061398
v 0.108697 0.115816 0.088955
v 0.108766 0.109630 0.088886
v 0.095357 0.102231 0.074945
v 0.047620 0.090438 0.067983
v 0.061399 0.098897 0.081554
v 0.033842 0.081979 0.054412
v 0.033125 0.080029 0.055129
v 0.047065 0.087429 0.068538
v 0.096380 0.066888 0.073922
v 0.084064 0.066884 0.058889
v 0.096288 0.072014 0.074015
v 0.108697 0.066892 0.088955
v 0.108766 0.073077 0.088886
v 0.043857 0.066881 0.071746
v 0.058890 0.066884 0.084063
v 0.044274 0.069890 0.071330
v 0.028824 0.066877 0.059430
v 0.029403 0.068827 0.058851
v -0.075175 0.107357 0.095125
v -0.061397 0.098897 0.081554
v -0.088954 0.115816 0.108696
v -0.088885 0.109630 0.108765
v -0.074944 0.102231 0.095356
v -0.067982 0.090438 0.047619
v -0.081553 0.098897 0.061398
v -0.054412 0.081979 0.033840
v -0.055129 0.080029 0.033123
v -0.068537 0.087429 0.047064
v -0.073921 0.066888 0.096379
v -0.058888 0.066884 0.084063
v -0.074014 0.072014 0.096286
v -0.088954 0.066892 0.108696
v -0.088885 0.073077 0.108765
v -0.091554 0.066785 0.106096
v -0.071746 0.066881 0.043856
v -0.084062 0.066884 0.058889
v -0.071329 0.069890 0.044273
v -0.059429 0.066877 0.028823
v -0.058850 0.068827 0.029402
v -0.095124 0.107357 -0.075177
v -0.081553 0.098897 -0.061398
v -0.108695 0.115816 -0.088955
v -0.108764 0.109630 -0.088886
v -0.095355 0.102231 -0.074945
v -0.047618 0.090438 -0.067983
v -0.061397 0.098897 -0.081554
v -0.033840 0.081979 -0.054413
v -0.033123 0.080029 -0.055130
v -0.047063 0.087429 -0.068539
v -0.096378 0.066888 -0.073922
v -0.084062 0.066884 -0.058889
v -0.096286 0.072014 -0.074015
v -0.108695 0.066892 -0.088955
v -0.108764 0.073077 -0.088886
v -0.106095 0.066785 -0.091555
v -0.043855 0.066881 -0.071747
v -0.058888 0.066884 -0.084063
v -0.044272 0.069890 -0.071330
v -0.028822 0.066877 -0.059430
v -0.029401 0.068827 -0.058852
v 0.044132 0.082104 -0.044122
v 0.036473 0.082073 -0.051781
v 0.074458 0.087122 -0.095845
v 0.088864 0.091354 -0.108788
v 0.069958 0.078659 -0.045645
v 0.057015 0.074428 -0.031240
v 0.044123 0.082104 0.044130
v 0.051782 0.082073 0.036472
v 0.095845 0.087122 0.074457
v 0.108789 0.091354 0.088863
v 0.045646 0.078659 0.069957
v 0.031241 0.074428 0.057013
v -0.044130 0.082104 0.044122
v -0.036471 0.082073 0.051781
v -0.074456 0.087122 0.095844
v -0.088862 0.091354 0.108788
v -0.069956 0.078659 0.045645
v -0.057013 0.074428 0.031239
v -0.044121 0.082104 -0.044132
v -0.051779 0.082073 -0.036473
v -0.095843 0.087122 -0.074457
v -0.108787 0.091354 -0.088863
v -0.045644 0.078659 -0.069957
v -0.031239 0.074428 -0.057014
v -0.106057 0.066786 0.091593
v 0.044242 0.066751 0.044012
v 0.106060 0.066786 -0.091592
v -0.091591 0.066786 -0.106058
v 0.047620 0.090438 -0.067983
v 0.033842 0.081979 -0.054413
v 0.095126 0.107357 -0.075177
v 0.108697 0.115816 -0.088955
v 0.043857 0.066881 -0.071747
v 0.028824 0.066877 -0.059430
v 0.096380 0.066888 -0.073922
v 0.108697 0.066892 -0.088955
v 0.067984 0.090438 0.047619
v 0.054414 0.081979 0.033840
v 0.075177 0.107357 0.095125
v 0.088956 0.115816 0.108696
v 0.071748 0.066881 0.043856
v 0.059431 0.066877 0.028823
v 0.073923 0.066888 0.096379
v 0.088956 0.066892 0.108696
v -0.047618 0.090438 0.067983
v -0.033840 0.081979 0.054412
v -0.095124 0.107357 0.075176
v -0.108695 0.115816 0.088955
v -0.043855 0.066881 0.071746
v -0.028822 0.066877 0.059430
v -0.096378 0.066888 0.073922
v -0.108695 0.066892 0.088955
v -0.067982 0.090438 -0.047619
v -0.054412 0.081979 -0.033841
v -0.075175 0.107357 -0.095125
v -0.088954 0.115816 -0.108696
v -0.071746 0.066881 -0.043856
v -0.059429 0.066877 -0.028823
v -0.073921 0.066888 -0.096380
v -0.088954 0.066892 -0.108696
v 0.012913 0.094856 0.061737
v -0.012911 0.094856 0.061737
v 0.012913 0.094856 -0.061737
v -0.012911 0.094856 -0.061737
v -0.061736 0.094856 0.012911
v 0.061738 0.094856 0.012911
v -0.061736 0.094856 -0.012912
v 0.061738 0.094856 -0.012912
v 0.055250 0.094798 -0.000013
v 0.056275 0.094786 -0.004796
v 0.058914 0.094792 -0.008895
v 0.058831 0.094792 0.008786
v 0.056275 0.094786 0.004796
v 0.062890 0.094786 0.011241
v 0.067567 0.094798 0.012108
v 0.078915 0.094795 0.004844
v 0.079842 0.094796 0.000022
v 0.076234 0.094789 0.008924
v 0.078875 0.094796 -0.004913
v 0.076330 0.094789 -0.008797
v 0.072310 0.094785 -0.011256
v 0.067638 0.094798 -0.012110
v 0.072337 0.094783 0.011209
v 0.062860 0.094783 -0.011196
v 0.056824 0.094219 -0.004469
v 0.055958 0.091975 -0.000000
v 0.056879 0.091974 -0.004446
v 0.059331 0.094216 -0.008285
v 0.059372 0.091974 -0.008240
v 0.055899 0.094215 0.000000
v 0.056878 0.091976 0.004445
v 0.059371 0.091974 0.008239
v 0.056825 0.094215 0.004470
v 0.059331 0.094215 0.008285
v 0.063145 0.094209 0.010789
v 0.067610 0.094214 0.011714
v 0.067612 0.091974 0.011653
v 0.063166 0.091974 0.010733
v 0.072057 0.091972 0.010733
v 0.075852 0.091973 0.008240
v 0.072077 0.094215 0.010790
v 0.075891 0.094215 0.008286
v 0.078345 0.091976 0.004445
v 0.079265 0.091976 0.000000
v 0.078398 0.094215 0.004470
v 0.079324 0.094215 0.000000
v 0.078345 0.091975 -0.004445
v 0.075853 0.091973 -0.008239
v 0.078398 0.094215 -0.004470
v 0.075891 0.094215 -0.008285
v 0.072058 0.091973 -0.010732
v 0.067611 0.094216 -0.011714
v 0.067612 0.091974 -0.011653
v 0.072077 0.094215 -0.010790
v 0.063167 0.091970 -0.010731
v 0.063144 0.094215 -0.010790
v 0.060673 0.091368 -0.002922
v 0.060356 0.091402 -0.007256
v 0.057924 0.091402 -0.004013
v 0.061757 0.091365 0.004898
v 0.057350 0.091402 0.000000
v 0.057924 0.091402 0.004013
v 0.060356 0.091402 0.007256
v 0.063599 0.091402 0.009687
v 0.072509 0.091365 0.005855
v 0.067612 0.091402 0.010261
v 0.071624 0.091402 0.009687
v 0.074867 0.091402 0.007256
v 0.077299 0.091402 0.004013
v 0.077023 0.091383 -0.004002
v 0.077873 0.091402 0.000000
v 0.068290 0.091365 -0.007603
v 0.074867 0.091402 -0.007256
v 0.071624 0.091402 -0.009687
v 0.067612 0.091402 -0.010261
v 0.063599 0.091402 -0.009687
v 0.056747 0.094682 -0.004509
v 0.055811 0.094682 0.000000
v 0.059274 0.094682 -0.008356
v 0.056747 0.094682 0.004509
v 0.059274 0.094682 0.008356
v 0.063112 0.094682 0.010877
v 0.067606 0.094682 0.011807
v 0.078475 0.094682 0.004510
v 0.079412 0.094682 0.000000
v 0.075945 0.094682 0.008358
v 0.078475 0.094682 -0.004510
v 0.075945 0.094682 -0.008357
v 0.072103 0.094682 -0.010879
v 0.067606 0.094682 -0.011807
v 0.072103 0.094682 0.010879
v 0.063112 0.094682 -0.010877
v 0.056963 0.091507 -0.004411
v 0.056049 0.091507 0.000000
v 0.059436 0.091507 -0.008176
v 0.056963 0.091507 0.004411
v 0.059436 0.091507 0.008176
v 0.063201 0.091507 0.010649
v 0.067612 0.091507 0.011563
v 0.072023 0.091507 0.010649
v 0.075788 0.091507 0.008176
v 0.078261 0.091507 0.004411
v 0.079174 0.091507 0.000000
v 0.078261 0.091507 -0.004411
v 0.075788 0.091507 -0.008176
v 0.072023 0.091507 -0.010649
v 0.067612 0.091507 -0.011562
v 0.063201 0.091507 -0.010649
v -0.000012 0.094798 -0.055249
v -0.004795 0.094786 -0.056274
v -0.008894 0.094792 -0.058914
v 0.008786 0.094792 -0.058829
v 0.004798 0.094786 -0.056274
v 0.011242 0.094786 -0.062890
v 0.012109 0.094798 -0.067567
v 0.004845 0.094795 -0.078914
v 0.000023 0.094796 -0.079840
v 0.008925 0.094789 -0.076232
v -0.004912 0.094796 -0.078874
v -0.008797 0.094789 -0.076328
v -0.011255 0.094785 -0.072310
v -0.012109 0.094798 -0.067637
v 0.011210 0.094783 -0.072339
v -0.011195 0.094783 -0.062860
v -0.004444 0.091976 -0.056877
v 0.000000 0.094216 -0.055898
v 0.000001 0.091974 -0.055958
v -0.008283 0.094217 -0.059329
v -0.008239 0.091974 -0.059371
v -0.004469 0.094215 -0.056824
v 0.004446 0.091975 -0.056877
v 0.008286 0.094218 -0.059329
v 0.008241 0.091974 -0.059371
v 0.004471 0.094215 -0.056824
v 0.010791 0.094213 -0.063144
v 0.011654 0.091972 -0.067611
v 0.010734 0.091974 -0.063165
v 0.011716 0.094215 -0.067609
v 0.010734 0.091975 -0.072057
v 0.008241 0.091975 -0.075852
v 0.010791 0.094215 -0.072077
v 0.008287 0.094215 -0.075890
v 0.004471 0.094218 -0.078398
v 0.000002 0.091976 -0.079264
v 0.004447 0.091974 -0.078343
v 0.000001 0.094215 -0.079323
v -0.004469 0.094218 -0.078397
v -0.008284 0.094218 -0.075891
v -0.008239 0.091974 -0.075851
v -0.004444 0.091974 -0.078343
v -0.010731 0.091973 -0.072056
v -0.011713 0.094217 -0.067610
v -0.011652 0.091974 -0.067611
v -0.010789 0.094215 -0.072077
v -0.010787 0.094213 -0.063143
v -0.010731 0.091974 -0.063165
v -0.000697 0.091366 -0.059914
v -0.007255 0.091402 -0.060355
v -0.004011 0.091402 -0.057923
v 0.000001 0.091402 -0.057350
v 0.004014 0.091402 -0.057923
v 0.007604 0.091365 -0.066933
v 0.007257 0.091402 -0.060355
v 0.009689 0.091402 -0.063598
v 0.010262 0.091402 -0.067611
v 0.009689 0.091402 -0.071623
v 0.000679 0.091365 -0.075214
v 0.007257 0.091402 -0.074867
v 0.004014 0.091402 -0.077298
v 0.000001 0.091402 -0.077872
v -0.004011 0.091402 -0.077298
v -0.007602 0.091365 -0.068289
v -0.007255 0.091402 -0.074867
v -0.009686 0.091402 -0.071623
v -0.010260 0.091402 -0.067611
v -0.009686 0.091402 -0.063598
v -0.004508 0.094682 -0.056746
v 0.000001 0.094682 -0.055810
v -0.008354 0.094682 -0.059273
v 0.004510 0.094682 -0.056746
v 0.008357 0.094682 -0.059273
v 0.010879 0.094682 -0.063111
v 0.011809 0.094682 -0.067606
v 0.004511 0.094682 -0.078474
v 0.000001 0.094682 -0.079411
v 0.008359 0.094682 -0.075944
v -0.004509 0.094682 -0.078474
v -0.008356 0.094682 -0.075944
v -0.010877 0.094682 -0.072102
v -0.011806 0.094682 -0.067606
v 0.010880 0.094682 -0.072102
v -0.010876 0.094682 -0.063111
v -0.004410 0.091507 -0.056962
v 0.000001 0.091507 -0.056048
v -0.008175 0.091507 -0.059435
v 0.004412 0.091507 -0.056962
v 0.008177 0.091507 -0.059435
v 0.010650 0.091507 -0.063200
v 0.011564 0.091507 -0.067611
v 0.010650 0.091507 -0.072022
v 0.008177 0.091507 -0.075787
v 0.004412 0.091507 -0.078260
v 0.000001 0.091507 -0.079173
v -0.004410 0.091507 -0.078260
v -0.008175 0.091507 -0.075787
v -0.010648 0.091507 -0.072022
v -0.011561 0.091507 -0.067611
v -0.010648 0.091507 -0.063200
v -0.055247 0.094798 0.000013
v -0.056273 0.094786 0.004796
v -0.058913 0.094792 0.008896
v -0.058828 0.094792 -0.008785
v -0.056273 0.094786 -0.004797
v -0.062888 0.094786 -0.011241
v -0.067566 0.094798 -0.012108
v -0.078913 0.094795 -0.004845
v -0.079840 0.094796 -0.000022
v -0.076231 0.094789 -0.008924
v -0.078873 0.094796 0.004913
v -0.076327 0.094789 0.008798
v -0.072308 0.094785 0.011256
v -0.067636 0.094798 0.012110
v -0.072337 0.094783 -0.011209
v -0.062859 0.094783 0.011196
v -0.056876 0.091977 0.004444
v -0.055897 0.094215 0.000000
v -0.055956 0.091974 0.000000
v -0.059328 0.094217 0.008284
v -0.059370 0.091974 0.008240
v -0.056823 0.094215 0.004470
v -0.056876 0.091975 -0.004445
v -0.059328 0.094218 -0.008284
v -0.059370 0.091974 -0.008240
v -0.056823 0.094215 -0.004470
v -0.063164 0.091972 -0.010733
v -0.067610 0.091972 -0.011654
v -0.063142 0.094215 -0.010790
v -0.067608 0.094215 -0.011715
v -0.072056 0.091975 -0.010733
v -0.075889 0.094216 -0.008286
v -0.075850 0.091974 -0.008240
v -0.072075 0.094215 -0.010790
v -0.078397 0.094218 -0.004470
v -0.079263 0.091976 -0.000000
v -0.078342 0.091974 -0.004446
v -0.079322 0.094215 0.000000
v -0.078343 0.091977 0.004445
v -0.075890 0.094218 0.008285
v -0.075850 0.091974 0.008240
v -0.078396 0.094215 0.004470
v -0.072055 0.091973 0.010732
v -0.067609 0.094216 0.011714
v -0.067610 0.091974 0.011653
v -0.072075 0.094215 0.010790
v -0.063142 0.094213 0.010789
v -0.063164 0.091974 0.010732
v -0.060354 0.091402 0.007255
v -0.057922 0.091402 0.004012
v -0.061674 0.091366 -0.004949
v -0.057348 0.091402 0.000000
v -0.057922 0.091402 -0.004013
v -0.060354 0.091402 -0.007256
v -0.063597 0.091402 -0.009688
v -0.072507 0.091365 -0.005855
v -0.067610 0.091402 -0.010262
v -0.071622 0.091402 -0.009688
v -0.074865 0.091402 -0.007256
v -0.077297 0.091402 -0.004013
v -0.073465 0.091365 0.004897
v -0.077871 0.091402 0.000000
v -0.077297 0.091402 0.004012
v -0.074865 0.091402 0.007255
v -0.071622 0.091402 0.009687
v -0.062713 0.091365 0.005856
v -0.067610 0.091402 0.010261
v -0.063597 0.091402 0.009687
v -0.056745 0.094682 0.004509
v -0.055809 0.094682 0.000000
v -0.059272 0.094682 0.008355
v -0.056745 0.094682 -0.004509
v -0.059272 0.094682 -0.008356
v -0.063110 0.094682 -0.010878
v -0.067604 0.094682 -0.011808
v -0.078473 0.094682 -0.004511
v -0.079410 0.094682 0.000000
v -0.075943 0.094682 -0.008358
v -0.078473 0.094682 0.004510
v -0.075943 0.094682 0.008357
v -0.072101 0.094682 0.010878
v -0.067604 0.094682 0.011807
v -0.072101 0.094682 -0.010879
v -0.063110 0.094682 0.010877
v -0.056961 0.091507 0.004411
v -0.056047 0.091507 0.000000
v -0.059434 0.091507 0.008176
v -0.056961 0.091507 -0.004411
v -0.059434 0.091507 -0.008176
v -0.063199 0.091507 -0.010649
v -0.067610 0.091507 -0.011563
v -0.072021 0.091507 -0.010649
v -0.075786 0.091507 -0.008176
v -0.078259 0.091507 -0.004411
v -0.079172 0.091507 0.000000
v -0.078259 0.091507 0.004411
v -0.075786 0.091507 0.008176
v -0.072021 0.091507 0.010649
v -0.067610 0.091507 0.011562
v -0.063199 0.091507 0.010649
v 0.000014 0.094798 0.055249
v 0.004797 0.094786 0.056274
v 0.008897 0.094792 0.058913
v -0.008784 0.094792 0.058828
v -0.004796 0.094786 0.056274
v -0.011240 0.094786 0.062889
v -0.012107 0.094798 0.067567
v -0.004843 0.094795 0.078914
v -0.000021 0.094796 0.079841
v -0.008923 0.094789 0.076233
v 0.004914 0.094796 0.078874
v 0.008799 0.094789 0.076329
v 0.011257 0.094785 0.072309
v 0.012111 0.094798 0.067638
v -0.011208 0.094783 0.072338
v 0.011197 0.094783 0.062859
v 0.004471 0.094218 0.056824
v 0.000001 0.091975 0.055957
v 0.004446 0.091974 0.056878
v 0.008241 0.091974 0.059370
v 0.008286 0.094215 0.059330
v 0.000001 0.094215 0.055898
v -0.004444 0.091976 0.056877
v -0.008239 0.091975 0.059370
v -0.004469 0.094215 0.056824
v -0.008284 0.094215 0.059330
v -0.010789 0.094211 0.063144
v -0.011652 0.091974 0.067613
v -0.010732 0.091974 0.063165
v -0.011714 0.094215 0.067609
v -0.010732 0.091971 0.072056
v -0.008285 0.094217 0.075891
v -0.008239 0.091974 0.075851
v -0.010789 0.094215 0.072076
v -0.004469 0.094218 0.078398
v 0.000001 0.091975 0.079264
v -0.004445 0.091974 0.078343
v 0.000001 0.094215 0.079323
v 0.004471 0.094218 0.078398
v 0.008240 0.091974 0.075852
v 0.004446 0.091974 0.078343
v 0.008286 0.094215 0.075890
v 0.010733 0.091973 0.072057
v 0.011715 0.094215 0.067610
v 0.011654 0.091974 0.067611
v 0.010791 0.094215 0.072076
v 0.010790 0.094214 0.063143
v 0.010733 0.091974 0.063165
v 0.000678 0.091365 0.060007
v 0.007257 0.091402 0.060355
v 0.004013 0.091402 0.057923
v 0.000001 0.091402 0.057349
v -0.006938 0.091368 0.064689
v -0.004012 0.091402 0.057923
v -0.007255 0.091402 0.060355
v -0.009686 0.091402 0.063598
v -0.005854 0.091365 0.072508
v -0.010260 0.091402 0.067611
v -0.009686 0.091402 0.071623
v -0.007255 0.091402 0.074866
v -0.004012 0.091402 0.077298
v 0.004003 0.091383 0.077022
v 0.000001 0.091402 0.077872
v 0.007604 0.091365 0.068288
v 0.007257 0.091402 0.074866
v 0.009688 0.091402 0.071623
v 0.010262 0.091402 0.067611
v 0.009688 0.091402 0.063598
v 0.004510 0.094682 0.056746
v 0.000001 0.094682 0.055810
v 0.008356 0.094682 0.059273
v -0.004508 0.094682 0.056746
v -0.008355 0.094682 0.059273
v -0.010877 0.094682 0.063111
v -0.011807 0.094682 0.067605
v -0.004509 0.094682 0.078474
v 0.000001 0.094682 0.079411
v -0.008357 0.094682 0.075944
v 0.004511 0.094682 0.078474
v 0.008358 0.094682 0.075944
v 0.010879 0.094682 0.072102
v 0.011808 0.094682 0.067605
v -0.010878 0.094682 0.072102
v 0.010878 0.094682 0.063111
v 0.004412 0.091507 0.056962
v 0.000001 0.091507 0.056048
v 0.008177 0.091507 0.059435
v -0.004410 0.091507 0.056962
v -0.008175 0.091507 0.059435
v -0.010648 0.091507 0.063200
v -0.011562 0.091507 0.067611
v -0.010648 0.091507 0.072021
v -0.008175 0.091507 0.075786
v -0.004410 0.091507 0.078259
v 0.000001 0.091507 0.079173
v 0.004412 0.091507 0.078259
v 0.008177 0.091507 0.075786
v 0.010650 0.091507 0.072021
v 0.011563 0.091507 0.067611
v 0.010650 0.091507 0.063200
g rim_base_rim_base_rim_base
usemtl rim_base
s 1
f 2266 2267 2268
f 2270 2272 2267
f 2270 2273 2274
f 2275 2276 2277
f 2277 2278 2275
f 2281 2282 2280
f 2288 2289 2287
f 2288 2292 2290
f 2293 2399 2294
f 2300 2301 2302
f 2305 2306 2304
f 2314 2316 2315
f 2315 2317 2314
f 2334 2333 2336
f 2340 2341 2342
f 2341 2340 2343
f 2319 2356 2358
f 2356 2319 2318
f 2331 2332 2359
f 2366 2367 2368
f 2366 2327 2326
f 2369 2330 2329
f 2371 2340 2338
f 2372 2336 2333
f 2345 2374 2375
f 2374 2345 2344
f 2377 2378 2376
f 2379 2354 2352
f 2382 2383 2381
f 2393 2392 2390
f 2402 2297 2400
f 2404 2403 2296
f 2406 2405 2385
f 2411 2262 2413
f 2415 2273 2269
f 2416 2417 2418
f 2416 2418 2274
f 2419 2278 2421
f 2424 2399 2425
f 2426 2385 2427
f 2265 2430 2429
f 2266 2269 2273
f 2431 2432 2271
f 2271 2432 2272
f 2271 2274 2418
f 2433 2308 2416
f 2416 2435 2417
f 2278 2420 2436
f 2261 2413 2262
f 2413 2261 2408
f 2287 2396 2288
f 2287 2281 2395
f 2292 2288 2396
f 2297 2402 2299
f 2295 2296 2403
f 2360 2449 2446
f 2446 2331 2360
f 2452 2454 2453
f 2427 2385 2457
f 2457 2370 2368
f 2398 2425 2399
f 2381 2385 2405
f 2405 2382 2381
f 2465 2460 2466
f 2478 2481 2482
f 2486 2588 2487
f 2487 2481 2486
f 2488 2489 2490
f 2491 2490 2489
f 2493 2492 2599
f 2501 2502 2500
f 2500 2505 2501
f 2511 2512 2510
f 2532 2533 2534
f 2534 2530 2532
f 2535 2536 2537
f 2547 2550 2548
f 2514 2551 2516
f 2514 2515 2552
f 2527 2554 2553
f 2567 2568 2531
f 2540 2539 2570
f 2572 2573 2571
f 2547 2549 2575
f 2587 2481 2585
f 2585 2481 2586
f 2591 2592 2593
f 2600 2601 2602
f 2600 2382 2968
f 2576 2602 2577
f 2607 2461 2608
f 2472 2611 2468
f 2503 2615 2612
f 2616 2476 2617
f 2621 2493 2598
f 2613 2626 2614
f 2608 2468 2611
f 2629 2612 2614
f 2630 2475 2631
f 2610 2512 2511
f 2610 2462 2461
f 2632 2481 2587
f 2490 2590 2488
f 2490 2491 2591
f 2495 2594 2595
f 2594 2495 2494
f 2620 2599 2492
f 2502 2501 2635
f 2642 2554 2641
f 2637 2570 2539
f 2637 2516 2551
f 2638 2552 2515
f 2638 2519 2573
f 2638 2573 2645
f 2648 2577 2602
f 2620 2595 2650
f 2621 2593 2592
f 2382 2600 2576
f 2654 2264 2268
f 2664 2665 2663
f 2663 2665 2666
f 2670 2671 2772
f 2772 2665 2670
f 2774 2671 2672
f 2685 2686 2684
f 2684 2689 2685
f 2695 2696 2694
f 2713 2714 2715
f 2718 2719 2717
f 2720 2721 2722
f 2724 2725 2726
f 2724 2722 2721
f 2711 2742 2741
f 2723 2753 2719
f 2758 2759 2757
f 2760 2382 2761
f 2761 2762 2760
f 2770 2771 2768
f 2768 2771 2769
f 2677 2780 2778
f 2783 2781 2782
f 2784 2785 2786
f 2784 2382 2405
f 2761 2786 2762
f 2791 2651 2792
f 2658 2795 2655
f 2687 2799 2796
f 2800 2661 2801
f 2804 2783 2676
f 2805 2777 2675
f 2797 2809 2798
f 2792 2655 2795
f 2811 2796 2798
f 2812 2660 2813
f 2794 2696 2695
f 2794 2652 2651
f 2814 2771 2770
f 2777 2776 2674
f 2674 2675 2777
f 2686 2685 2816
f 2818 2726 2725
f 2821 2736 2735
f 2823 2742 2822
f 2825 2700 2739
f 2829 2762 2786
f 2804 2779 2831
f 2805 2782 2781
f 2382 2784 2761
f 2837 2467 2466
f 2839 2470 2467
f 2839 2841 2842
f 2843 2276 2844
f 2844 2845 2843
f 2848 2849 2847
f 2861 2863 2864
f 2865 2866 2867
f 2870 2871 2869
f 2879 2881 2880
f 2880 2882 2879
f 2884 2883 2886
f 2899 2900 2901
f 2900 2899 2903
f 2905 2906 2904
f 2907 2905 2909
f 2920 2922 2918
f 2923 2886 2883
f 2897 2898 2925
f 2932 2933 2934
f 2932 2893 2892
f 2935 2896 2895
f 2937 2909 2905
f 2939 2899 2902
f 2911 2940 2941
f 2940 2911 2910
f 2943 2944 2942
f 2382 3482 2946
f 2954 2953 2951
f 2969 2968 2948
f 2974 2835 2976
f 2978 2841 2838
f 2979 2980 2981
f 2979 2981 2842
f 2982 2845 2984
f 2862 2987 2986
f 2986 2964 2862
f 2962 2988 2859
f 2989 2948 2990
f 2464 2625 2992
f 2837 2838 2841
f 2993 2627 2840
f 2840 2627 2470
f 2840 2842 2981
f 2994 2873 2979
f 2979 2996 2980
f 2845 2983 2997
f 2834 2976 2835
f 2976 2834 2971
f 2957 2958 2855
f 2957 2848 2956
f 2959 2857 2856
f 2959 2855 2958
f 2858 2857 2961
f 3000 2859 2988
f 2967 2987 2860
f 3007 2945 3010
f 2945 3007 2922
f 2990 2948 3014
f 3014 2936 2934
f 2965 2988 2966
f 2946 2948 2968
f 2968 2382 2946
f 3022 3023 3024
f 3026 3028 3023
f 3026 3029 3030
f 3031 3032 2276
f 3034 3035 3033
f 3045 3048 3046
f 3048 3045 3142
f 3051 2780 2679
f 3053 3054 3055
f 3058 3059 3057
f 3067 3069 3068
f 3068 3070 3067
f 3091 3093 3092
f 3093 3091 3095
f 3106 3072 3071
f 3085 3086 3108
f 3115 3082 3116
f 3115 3080 3079
f 3117 3084 3083
f 3091 3090 3123
f 3097 3124 3125
f 3124 3097 3096
f 3139 3138 3136
f 3143 3142 3144
f 2780 3051 3145
f 3049 3147 3148
f 3129 3149 3503
f 3150 3149 3131
f 3155 3018 3157
f 3159 3029 3025
f 3160 3161 3162
f 3160 3162 3030
f 3163 3032 3165
f 3168 3050 3169
f 3170 3131 3171
f 3021 3174 3173
f 3022 3025 3029
f 3175 3176 3027
f 3027 3176 3028
f 3027 3030 3162
f 3177 3061 3160
f 3160 3179 3161
f 3032 3164 3180
f 3017 3157 3018
f 3157 3017 3152
f 3049 3050 3147
f 3182 3049 3167
f 3081 3188 3082
f 3172 3082 3188
f 3193 3127 3076
f 3193 3076 3187
f 3171 3131 3196
f 3196 3118 3116
f 3129 3131 3149
f 3203 3198 3204
f 3215 3216 3214
f 3214 3216 3217
f 3225 3226 3227
f 3232 3233 3234
f 3236 3239 3238
f 3238 3240 3236
f 3247 3248 3246
f 3264 3265 3266
f 3270 3271 3269
f 3273 3272 3271
f 3250 3287 3252
f 3250 3251 3288
f 3262 3290 3289
f 3273 3275 3299
f 3267 3300 3268
f 3276 3299 3275
f 3276 3278 3301
f 3303 3304 3302
f 3286 2380 2353
f 3316 3317 3314
f 3314 3317 3315
f 3327 3328 3329
f 3327 3305 3677
f 3305 3329 3306
f 3334 3199 3335
f 3210 3338 3206
f 3238 3342 3339
f 3343 3212 3344
f 3340 3353 3341
f 3335 3206 3338
f 3356 3339 3341
f 3357 2279 2437
f 3337 3248 3247
f 3337 3200 3199
f 3358 3317 3316
f 3222 3320 3319
f 3320 3222 3223
f 3225 3321 3224
f 3230 2402 3323
f 2402 3230 2299
f 3348 3228 3325
f 3348 3227 3226
f 3347 3326 3229
f 3236 3237 3360
f 3365 3285 3284
f 3367 3290 3366
f 3366 3300 3367
f 3363 3288 3251
f 3363 3255 3304
f 3363 3304 3370
f 3373 3306 3329
f 3380 3020 3024
f 3389 3390 3388
f 3388 3390 3391
f 3395 3396 3397
f 3397 3390 3395
f 3398 3399 3400
f 3401 3400 3399
f 3404 3499 3405
f 3406 3407 3408
f 3410 3413 3412
f 3412 3414 3410
f 3421 3422 3420
f 3445 3446 3444
f 3444 3440 3445
f 3451 3450 3449
f 3458 2921 2919
f 3463 3438 3437
f 3437 3464 3463
f 3447 3475 3446
f 3441 3476 3443
f 3453 3452 3477
f 3479 3480 3478
f 3482 3129 3483
f 3483 3484 3482
f 3492 3493 3490
f 3490 3493 3491
f 3500 3501 3502
f 3503 3504 3505
f 3483 3505 3484
f 3510 3377 3511
f 3384 3514 3381
f 3412 3518 3515
f 3519 3386 3520
f 3524 3497 3402
f 3516 3528 3517
f 3511 3381 3514
f 3530 3515 3517
f 3531 2846 2998
f 3513 3422 3421
f 3513 3378 3377
f 3532 3493 3492
f 3400 3495 3398
f 3400 3401 3496
f 3410 3411 3534
f 3539 3460 3459
f 3541 3464 3540
f 3540 3476 3541
f 3543 3426 3461
f 3547 3484 3505
f 3549 3500 3403
f 3523 3499 3549
f 3524 3502 3501
f 3129 3503 3483
f 3555 3205 3204
f 3557 3208 3205
f 3557 3559 3560
f 2474 2276 3561
f 3561 3562 2474
f 3564 3565 3563
f 3574 3573 3575
f 3676 3577 3675
f 3581 3582 3583
f 3586 3587 3585
f 3595 3597 3596
f 3596 3598 3595
f 3611 3610 3612
f 3619 3621 3620
f 3623 3624 3625
f 3631 2548 3630
f 3630 3633 3631
f 3634 3600 3599
f 3613 3614 3636
f 3643 3644 3645
f 3643 3608 3607
f 3646 3612 3610
f 3619 3618 3652
f 3624 3623 3653
f 3648 3623 3622
f 3655 3656 3654
f 3305 2382 3657
f 3665 3664 3662
f 3669 3671 3670
f 3673 3575 3573
f 3578 3580 3674
f 3678 3677 3659
f 3683 3553 3685
f 3687 3559 3556
f 3688 3689 3690
f 3688 3690 3560
f 3691 3562 3693
f 3698 3659 3699
f 3202 3352 3701
f 3555 3556 3559
f 3702 3354 3558
f 3558 3354 3208
f 3558 3560 3690
f 3703 3589 3688
f 3688 3705 3689
f 3562 3692 3706
f 3552 3685 3553
f 3685 3552 3680
f 3570 3669 3571
f 3670 3571 3669
f 3676 3695 3576
f 3712 3600 3713
f 3634 3713 3600
f 3699 3659 3721
f 3721 3646 3645
f 3657 3659 3677
f 3677 3305 3657
f 2576 3658 2382
f 3305 2384 2383
f 2383 2382 3305
f 2458 2452 2370
f 2458 2384 3374
f 3197 3724 3118
f 3197 3130 2830
f 3724 2752 2751
f 3727 3474 3473
f 3015 2947 3548
f 3015 3727 2936
f 3722 3728 3612
f 3722 3658 2649
f 3728 2564 2563
f 3730 3731 3732
f 3738 3739 3740
f 3738 3741 3742
f 3748 3752 3756
f 3753 3758 3759
f 3753 3760 3761
f 3762 3763 3764
f 3762 3765 3766
f 3767 3768 3769
f 3767 3770 3771
f 3772 3773 3774
f 3777 3778 3779
f 3782 3783 3784
f 3782 3785 3786
f 3787 3788 3789
f 3787 3790 3791
f 3792 3793 3794
f 3792 3795 3796
f 3797 3798 3799
f 3797 3800 3801
f 3802 3806 3810
f 3812 3816 3815
f 3817 3821 3820
f 3817 3819 3822
f 3824 3823 3827
f 3829 3828 3832
f 3839 3834 3840
f 3834 3833 3837
f 3844 3841 3845
f 3849 3846 3850
f 3851 3855 3854
f 3856 3860 3859
f 3864 3861 3865
f 3869 3866 3870
f 3866 3868 3871
f 3873 3872 3876
f 3878 3877 3881
f 3883 3882 3886
f 3888 3892 3891
f 3891 3893 3888
f 3894 3890 3889
f 3889 3897 3894
f 3898 3896 3895
f 3895 3901 3898
f 3902 3900 3899
f 3899 3905 3902
f 3906 3904 3903
f 3903 3909 3906
f 3910 3908 3907
f 3907 3913 3910
f 3914 3912 3911
f 3911 3917 3914
f 3918 3916 3915
f 3915 3921 3918
f 3922 3920 3919
f 3919 3925 3922
f 3926 3924 3923
f 3923 3929 3926
f 3930 3928 3927
f 3927 3933 3930
f 3934 3932 3931
f 3931 3937 3934
f 3938 3936 3935
f 3935 3941 3938
f 3942 3940 3939
f 3939 3945 3942
f 3946 3944 3943
f 3943 3949 3946
f 3950 3948 3947
f 3947 3953 3950
f 3954 3956 3955
f 3955 3957 3954
f 3958 3960 3959
f 3959 3961 3958
f 3962 3964 3963
f 3963 3965 3962
f 3966 3968 3967
f 3967 3969 3966
f 3970 3972 3971
f 3971 3973 3970
f 3974 3976 3975
f 3975 3977 3974
f 3978 3980 3979
f 3979 3981 3978
f 3982 3984 3983
f 3983 3985 3982
f 3986 3988 3987
f 3987 3989 3986
f 3990 3992 3991
f 3991 3993 3990
f 3994 3996 3995
f 3995 3997 3994
f 3998 4000 3999
f 3999 4001 3998
f 4002 4004 4003
f 4003 4005 4002
f 4006 4008 4007
f 4007 4009 4006
f 4010 4012 4011
f 4011 4013 4010
f 4014 3952 3951
f 3951 4015 4014
f 4019 4016 4020
f 4019 4021 4016
f 4022 4018 4017
f 4017 4025 4022
f 4026 4024 4023
f 4023 4029 4026
f 4030 4028 4027
f 4027 4033 4030
f 4035 4036 4034
f 4034 4037 4035
f 4039 4042 4040
f 4039 4045 4042
f 4046 4044 4043
f 4043 4049 4046
f 4050 4048 4047
f 4047 4052 4050
f 4058 4056 4055
f 4055 4060 4058
f 4067 4068 4066
f 4067 4066 4069
f 4074 4072 4071
f 4071 4076 4074
f 4082 4084 4083
f 4083 4085 4082
f 4091 4090 4092
f 4091 4093 4090
f 4094 4096 4095
f 4095 4097 4094
f 4098 4100 4099
f 4098 4099 4101
f 4102 4104 4103
f 4103 4105 4102
f 4106 4108 4107
f 4106 4107 4109
f 4110 4112 4111
f 4110 4111 4113
f 4114 4116 4115
f 4114 4115 4117
f 4119 4118 4120
f 4119 4121 4118
f 4123 4127 4126
f 4123 4126 4124
f 4131 4130 4132
f 4131 4133 4130
f 4134 4136 4135
f 4135 4137 4134
f 4138 4140 4139
f 4138 4139 4141
f 4142 4080 4079
f 4142 4079 4143
f 4144 4148 4147
f 4147 4149 4144
f 4150 4146 4145
f 4145 4153 4150
f 4151 4154 4152
f 4151 4157 4154
f 4158 4156 4155
f 4155 4161 4158
f 4162 4160 4159
f 4159 4165 4162
f 4166 4164 4163
f 4163 4169 4166
f 4170 4168 4167
f 4167 4173 4170
f 4174 4172 4171
f 4171 4177 4174
f 4178 4176 4175
f 4175 4181 4178
f 4182 4180 4179
f 4179 4185 4182
f 4186 4184 4183
f 4183 4189 4186
f 4190 4188 4187
f 4187 4193 4190
f 4194 4192 4191
f 4191 4197 4194
f 4198 4196 4195
f 4195 4201 4198
f 4202 4200 4199
f 4199 4205 4202
f 4206 4204 4203
f 4203 4209 4206
f 4210 4212 4211
f 4211 4213 4210
f 4214 4216 4215
f 4215 4217 4214
f 4218 4220 4219
f 4219 4221 4218
f 4222 4224 4223
f 4223 4225 4222
f 4226 4228 4227
f 4227 4229 4226
f 4230 4232 4231
f 4231 4233 4230
f 4234 4236 4235
f 4235 4237 4234
f 4238 4240 4239
f 4239 4241 4238
f 4242 4244 4243
f 4243 4245 4242
f 4246 4248 4247
f 4247 4249 4246
f 4250 4252 4251
f 4251 4253 4250
f 4254 4256 4255
f 4255 4257 4254
f 4258 4260 4259
f 4259 4261 4258
f 4262 4264 4263
f 4263 4265 4262
f 4266 4268 4267
f 4267 4269 4266
f 4270 4208 4207
f 4207 4271 4270
f 4300 4302 5372
f 4303 4304 5376
f 4307 4308 5384
f 4309 4310 5388
f 4311 4312 5392
f 4315 4316 5400
f 4317 4318 5404
f 4319 4320 5408
f 4321 4322 5412
f 4323 4324 5416
f 4325 4326 5420
f 4327 4328 5424
f 4329 4330 5428
f 4331 4332 5432
f 4333 4334 5436
f 4335 4336 5440
f 4337 4338 5444
f 4339 4340 5448
f 4341 4342 5452
f 4343 4344 5456
f 4345 4346 5460
f 4347 4348 5464
f 4349 4350 5468
f 4355 4356 5480
f 4357 4358 5484
f 4359 4360 5488
f 4361 4362 5492
f 4363 4301 5371
f 5187 4373 4374
f 4374 4376 5187
f 5191 4376 4377
f 4377 4376 4375
f 4379 4381 5195
f 4387 4389 5207
f 5211 4389 4390
f 4390 4389 4388
f 4390 4392 5211
f 5215 4392 4393
f 4393 4395 5215
f 4403 4402 4404
f 5235 4410 4411
f 4414 4415 4413
f 4416 4418 5243
f 5247 4418 4419
f 4419 4421 5247
f 4429 4428 4430
f 5283 4451 4452
f 4457 4459 5291
f 5299 4463 4464
f 4464 4463 4462
f 4466 4365 5303
f 4595 4600 4601
f 4597 4602 4604
f 4604 4610 4606
f 4616 4618 4613
f 4613 4618 4615
f 4616 4620 4618
f 4616 4624 4620
f 4627 4629 4621
f 4621 4629 4626
f 4627 4633 4629
f 4630 4631 4634
f 4630 4636 4632
f 4630 4634 4637
f 4630 4637 4638
f 4638 4637 4640
f 4638 4640 4641
f 4641 4642 4638
f 4638 4642 4639
f 4641 4640 4643
f 4641 4645 4642
f 4641 4649 4644
f 4652 4654 4646
f 4646 4654 4651
f 4655 4657 4652
f 4652 4657 4654
f 4655 4660 4657
f 4655 4658 4661
f 4655 4661 4662
f 4662 4661 4664
f 4662 4664 4665
f 4665 4666 4662
f 4662 4666 4663
f 4665 4664 4667
f 4665 4669 4666
f 4665 4667 4670
f 4665 4670 4671
f 2262 2263 2260 2261
f 4671 4674 4672
f 4671 4678 4674
f 4675 4676 4679
f 4675 4679 4680
f 4680 4679 4682
f 4680 4684 4681
f 4680 4682 4685
f 4680 4685 4686
f 4686 4685 4688
f 4686 4688 4595
f 4686 4690 4687
f 4595 4688 4691
f 4699 4274 4700
f 4723 4727 4725
f 4760 4294 4762
f 4778 4781 4779
f 4810 4811 4812
f 4810 4813 4811
f 4826 4824 4823
f 4826 4823 4828
f 4871 4872 4870
f 4870 4873 4871
f 4878 4876 4875
f 4878 4875 4880
f 4883 4886 4884
f 4883 4889 4886
f 4890 4888 4887
f 4890 4887 4892
f 4898 4896 4895
f 4895 4900 4898
f 4910 4908 4907
f 4907 4913 4910
f 4914 4912 4911
f 4914 4911 4916
f 4272 4699 4698
f 4698 4697 4272
f 4777 4776 4289
f 5319 4674 5318
f 5325 4666 5324
f 5331 4657 5330
f 5333 4654 5332
f 5341 4642 5340
f 5349 4629 5348
f 5355 4620 5354
f 5357 4618 5356
f 5365 4606 5364
f 4596 5369 5368
f 4598 5373 5374
f 4602 5377 5378
f 4605 5381 5382
f 4608 5385 5386
f 4611 5389 5390
f 4614 5393 5394
f 4617 5397 5398
f 4619 5401 5402
f 4622 5405 5406
f 4625 5409 5410
f 4628 5413 5414
f 4643 5433 5434
f 4647 5437 5438
f 4650 5441 5442
f 4653 5445 5446
f 4656 5449 5450
f 4670 5469 5470
f 4673 5473 5474
f 4444 5271 4441
f 5642 5644 5643
f 5669 5671 5670
f 5686 5688 5687
f 5709 5711 5710
f 5712 5713 5714
f 5720 5713 5712
f 5712 5717 5720
f 5721 5725 5724
f 5724 5725 5727
f 5730 5731 5732
f 5734 5731 5730
f 5735 5738 5737
f 5737 5715 5735
f 5737 5738 5739
f 5718 5783 5782
f 5645 5785 5646
f 5785 5645 5748
f 5726 5791 5790
f 5666 5794 5667
f 5794 5666 5754
f 5729 5793 5799
f 5689 5801 5690
f 5801 5689 5768
f 5716 5781 5806
f 5706 5808 5707
f 5808 5706 5774
f 5813 5812 5815
f 5835 5834 5837
f 5857 5856 5859
f 5879 5878 5881
f 5900 5902 5903
f 5905 5904 5908
f 5909 5911 5912
f 5913 5915 5916
f 5923 5815 5922
f 5922 5815 5924
f 5930 5932 5927
f 5944 5837 5943
f 5943 5837 5945
f 5951 5905 5948
f 5964 5859 5963
f 5963 5859 5965
f 5971 5973 5968
f 5985 5881 5984
f 5984 5881 5986
f 5992 5994 5989
f 6000 5815 5812
f 6006 5837 5834
f 6012 5859 5856
f 6018 5881 5878
f 5973 5903 5902
f 6025 5908 5904
f 5932 5912 5911
f 5994 5916 5915
f 6032 5911 6033
f 6026 6035 6034
f 6040 5908 6041
f 5906 6043 6042
f 6048 5902 6049
f 6024 6051 6050
f 6056 5915 6057
f 6027 6059 6058
f 2434 2303 2421
f 2680 2683 2689
f 2681 2810 2803
f 2803 2682 2681
f 2496 2499 2505
f 2497 2628 2619
f 2619 2498 2497
f 2995 2868 2984
f 3178 3056 3165
f 3240 3238 3233
f 3233 3355 3346
f 3346 3234 3233
f 3414 3412 3407
f 3414 3409 3415
f 3407 3529 3522
f 3522 3408 3407
f 3704 3584 3693
f 6068 6069 3561
f 3561 2276 6068
f 3213 6071 6072
f 6071 3213 3212
f 6080 3705 6081
f 6084 6085 6086
f 6084 6089 6085
f 6095 6098 6096
f 6095 6100 6098
f 6114 6112 6111
f 6114 6111 6115
f 6116 6117 6118
f 6119 6120 6121
f 6119 6122 6123
f 6124 6125 6126
f 6124 6127 6128
f 6129 6132 6131
f 6131 6132 6133
f 6131 6134 6135
f 6168 6169 2844
f 2844 2276 6168
f 2477 6171 6172
f 6171 2477 2476
f 6180 2996 6181
f 6184 6188 6187
f 6187 6189 6184
f 6190 6186 6185
f 6190 6185 6193
f 6194 6195 6196
f 6194 6197 6195
f 6202 6203 6204
f 6202 6205 6203
f 6210 6208 6207
f 6210 6207 6213
f 6216 6217 6218
f 6216 6219 6220
f 6221 6222 6223
f 6221 6224 6225
f 6226 6227 6228
f 6226 6229 6230
f 6231 6232 6233
f 6231 6234 6235
f 6268 6269 3031
f 3031 2276 6268
f 3387 6271 6272
f 6271 3387 3386
f 6280 3179 6281
f 6284 6288 6287
f 6287 6289 6284
f 6290 6286 6285
f 6290 6285 6293
f 6294 6292 6291
f 6294 6291 6296
f 6302 6303 6304
f 6302 6305 6303
f 6310 6308 6307
f 6310 6307 6313
f 6333 6316 6317
f 6318 6319 6320
f 6318 6321 6322
f 6323 6324 6325
f 6323 6326 6327
f 6328 6329 6330
f 6328 6331 6332
f 6333 6334 6335
f 6368 6369 2277
f 2277 2276 6368
f 2662 6371 6372
f 6371 2662 2661
f 6380 2435 6381
f 6385 6386 6384
f 6384 6389 6385
f 6395 6396 6394
f 6395 6394 6397
f 6402 6403 6404
f 6402 6405 6403
f 6406 6407 6408
f 6407 6406 6409
f 6414 6387 6415
f 6414 6388 6387
f 6416 6417 6418
f 6416 6419 6421
f 6420 6422 6423
f 6424 6425 6426
f 6424 6427 6428
f 6429 6432 6431
f 6431 6432 6433
f 6431 6434 6435
f 5187 4376 5188
f 5195 4381 5196
f 5207 4389 5208
f 5211 4392 5212
f 5215 4395 5216
f 5224 4403 5227
f 5236 4413 5239
f 5243 4418 5244
f 5247 4421 5248
f 5256 4429 5259
f 5271 4444 5272
f 5276 4448 5279
f 5284 4454 5287
f 5291 4459 5292
f 5303 4365 5181
f 5370 5371 4300
f 5375 5372 4303
f 5379 5376 4305
f 5387 5384 4309
f 5391 5388 4311
f 5395 5392 4313
f 5403 5400 4317
f 5407 5404 4319
f 5411 5408 4321
f 5415 5412 4323
f 5419 5416 4325
f 5423 5420 4327
f 5427 5424 4329
f 5431 5428 4331
f 5435 5432 4333
f 5439 5436 4335
f 5443 5440 4337
f 5447 5444 4339
f 5451 5448 4341
f 5455 5452 4343
f 5459 5456 4345
f 5463 5460 4347
f 5467 5464 4349
f 5475 5472 4353
f 5483 5480 4357
f 5487 5484 4359
f 5491 5488 4361
f 5495 5492 4363
f 2263 2268 2264 2260
f 2262 2269 2266 2263
f 2260 2264 2265
f 2261 2260 2265
f 2263 2266 2268
f 2284 2283 2280 2282
f 2270 2271 2272
f 2271 2270 2274
f 2275 2278 2279
f 2285 2286 2280 2283
f 2294 2291 2397 2293
f 2280 2286 2281
f 2287 2289 2281
f 2290 2397 2291
f 2397 2290 2292
f 2309 2305 2304 2308
f 2303 2300 2302
f 2304 2306 2307
f 2312 2305 2310 2311
f 2313 2310 2305 2309
f 2317 2285 2283 2314
f 2283 2284 2314
f 2339 2337 2334 2336
f 2348 2349 2346 2347
f 2337 2339 2338
f 2338 2340 2342
f 2344 2341 2343
f 2350 2351 2347 2346
f 2318 2320 2357 2356
f 2352 2354 2355
f 2364 2361 2362 2363
f 2331 2359 2360
f 2325 2324 2361 2365
f 2365 2361 2364
f 2324 2322 2362 2361
f 2326 2328 2367 2366
f 2368 2370 2369 2366
f 2329 2327 2366 2369
f 2333 2335 2373 2372
f 2363 2362 2376 2378
f 2371 2338 2339
f 2343 2374 2344
f 2322 2321 2376 2362
f 2321 2323 2377 2376
f 2352 2353 2380 2379
f 2388 2389 2386 2387
f 2381 2383 2384
f 2384 2385 2381
f 2389 2391 2390 2386
f 2391 2394 2393 2390
f 2390 2392 2386
f 2298 2401 2400 2297
f 2393 2394 2395
f 2293 2398 2399
f 2409 2407 2408 2261
f 2392 2410 2407 2409
f 2285 2408 2407 2410
f 2414 2411 2413 2315
f 2411 2412 2262
f 2313 2412 2411 2414
f 2422 2419 2421 2302
f 2419 2420 2278
f 2422 2350 2420 2419
f 2367 2428 2426 2427
f 2423 2295 2403
f 2296 2424 2425
f 2409 2429 2386 2392
f 2428 2365 2426
f 2261 2265 2429 2409
f 2387 2386 2429 2430
f 2418 2417 2431 2271
f 2266 2270 2267
f 2270 2266 2273
f 2309 2415 2412 2313
f 2415 2433 2274 2273
f 2412 2415 2269
f 2269 2262 2412
f 2433 2416 2274
f 2415 2309 2308 2433
f 2303 2434 2416 2308
f 2416 2434 2435
f 2437 2436 2346 2349
f 2279 2278 2436 2437
f 2350 2346 2436 2420
f 2408 2285 2317 2413
f 2413 2317 2315
f 2395 2281 2438 2393
f 2410 2438 2286 2285
f 2286 2438 2281
f 2410 2392 2393 2438
f 2439 2422 2302 2301
f 2351 2350 2422 2439
f 2441 2414 2315 2316
f 2305 2312 2440
f 2305 2440 2306
f 2311 2310 2414 2441
f 2445 2450 2359 2332
f 2310 2313 2414
f 2445 2355 2354
f 2446 2449 2373
f 2373 2335 2446
f 2328 2444 2428 2367
f 2354 2450 2445
f 2444 2325 2365 2428
f 2320 2442 2451 2357
f 2451 2345 2375
f 2323 2443 2358 2377
f 2345 2451 2442
f 2447 2452 2453 2448
f 2319 2358 2443
f 2452 2369 2370
f 2447 2330 2369 2452
f 2385 2426 2455 2406
f 2365 2364 2455 2426
f 2456 2455 2364 2363
f 2423 2459 2401 2298
f 2406 2455 2456
f 2427 2457 2368
f 2368 2367 2427
f 2457 2458 2370
f 2457 2385 2384
f 2458 2457 2384
f 2461 2462 2460 2465
f 2403 2459 2423
f 2425 2404 2296
f 2467 2473 2465 2466
f 2463 2460 2462
f 2460 2463 2464
f 2472 2473 2469 2471
f 2468 2465 2473
f 2465 2468 2461
f 2473 2467 2470 2469
f 2477 2474 2475 2476
f 2481 2478 2479 2480
f 2474 2477 2276
f 2483 2484 2478 2482
f 2485 2479 2478 2484
f 2504 2503 2500 2502
f 2486 2481 2480
f 2498 2496 2497
f 2496 2498 2499
f 2502 2506 2508 2504
f 2509 2507 2506 2502
f 2484 2483 2511 2510
f 2510 2485 2484
f 2537 2536 2538 2540
f 2510 2512 2513
f 2514 2516 2515
f 2540 2538 2539
f 2543 2544 2541 2542
f 2544 2546 2545 2541
f 2558 2555 2556 2557
f 2527 2553 2528
f 2558 2518 2520 2555
f 2521 2559 2555 2520
f 2562 2524 2522 2560
f 2556 2555 2559
f 2560 2561 2562
f 2561 2560 2563 2564
f 2560 2522 2523
f 2560 2523 2525 2563
f 2566 2533 2535 2565
f 2563 2525 2526
f 2530 2569 2567 2529
f 2565 2535 2537
f 2529 2567 2531
f 2573 2519 2517 2571
f 2534 2569 2530
f 2534 2533 2566
f 2518 2558 2571 2517
f 2557 2572 2571 2558
f 2580 2581 2578 2579
f 2547 2574 2550
f 2574 2547 2575
f 2576 2577 3658
f 2583 2584 2579 2578
f 2578 2582 2583
f 2584 2583 2585 2586
f 2582 2587 2585 2583
f 2605 2603 2604 2462
f 2487 2588 2589
f 2590 2589 2588
f 2594 2596 2597
f 2483 2606 2603 2605
f 2582 2604 2603 2606
f 2508 2609 2607 2608
f 2610 2607 2609 2512
f 2615 2471 2613 2612
f 2607 2610 2461
f 2612 2613 2614
f 2617 2545 2618 2616
f 2619 2616 2618 2498
f 2578 2624 2604 2582
f 2616 2619 2476
f 2620 2495 2595
f 2622 2559 2623
f 2622 2623 2562
f 2581 2625 2624 2578
f 2463 2624 2625 2464
f 2462 2604 2624 2463
f 2471 2469 2626 2613
f 2473 2472 2468
f 2469 2470 2627 2626
f 2504 2508 2608 2611
f 2503 2504 2611 2615
f 2608 2461 2468
f 2471 2615 2611 2472
f 2612 2628 2497 2503
f 2541 2630 2631 2542
f 2629 2628 2612
f 2545 2617 2630 2541
f 2475 2630 2617 2476
f 2511 2483 2605 2610
f 2587 2582 2606 2632
f 2610 2605 2462
f 2482 2632 2606 2483
f 2498 2618 2634 2499
f 2481 2632 2482
f 2588 2488 2590
f 2591 2491 2592
f 2596 2594 2494
f 2598 2493 2599
f 2621 2633 2493
f 2633 2621 2592
f 2546 2634 2618 2545
f 2512 2609 2636 2513
f 2635 2509 2502
f 2507 2636 2609 2506
f 2609 2508 2506
f 2568 2642 2641 2531
f 2641 2554 2527
f 2575 2549 2640 2643
f 2553 2643 2640 2528
f 2559 2521 2639 2623
f 2524 2562 2623 2639
f 2602 2601 2646 2622
f 2637 2644 2570
f 2644 2637 2551
f 2638 2645 2552
f 2556 2646 2647 2557
f 2647 2646 2601
f 2559 2622 2646 2556
f 2561 2648 2622 2562
f 2622 2648 2602
f 2564 2649 2648 2561
f 2649 3658 2577
f 2648 2649 2577
f 2651 2652 2264 2654
f 2620 2650 2599
f 2576 2600 2602
f 2267 2659 2654 2268
f 2653 2264 2652
f 2264 2653 2265
f 2658 2659 2656 2657
f 2655 2654 2659
f 2654 2655 2651
f 2659 2267 2272 2656
f 2662 2276 2660 2661
f 2667 2668 2663 2666
f 2669 2664 2663 2668
f 2688 2687 2684 2686
f 2774 2672 2673
f 2676 2783 2782
f 2677 2679 2780
f 2682 2680 2681
f 2680 2682 2683
f 2686 2690 2692 2688
f 2693 2691 2690 2686
f 2668 2667 2695 2694
f 2694 2669 2668
f 2714 2718 2717 2715
f 2694 2696 2697
f 2729 2730 2727 2728
f 2723 2720 2722
f 2720 2723 2719
f 2730 2732 2731 2727
f 2737 2733 2735 2736
f 2738 2734 2733 2737
f 2699 2740 2739 2698
f 2698 2739 2700
f 2746 2743 2744 2745
f 2711 2741 2712
f 2746 2702 2704 2743
f 2705 2747 2743 2704
f 2750 2708 2706 2748
f 2744 2743 2747
f 2748 2749 2750
f 2749 2748 2751 2752
f 2748 2706 2707
f 2748 2707 2709 2751
f 2755 2716 2713 2754
f 2751 2709 2710
f 2759 2703 2701 2757
f 2754 2713 2715
f 2717 2719 2753
f 2724 2756 2722
f 2756 2724 2726
f 2702 2746 2757 2701
f 2745 2758 2757 2746
f 2388 2387 2763 2764
f 2760 2762 3130
f 2766 2767 2764 2763
f 2763 2765 2766
f 2767 2766 2768 2769
f 2765 2770 2768 2766
f 2678 2677 2778 2779
f 2772 2671 2773
f 2774 2773 2671
f 2789 2787 2788 2652
f 2667 2790 2787 2789
f 2765 2788 2787 2790
f 2692 2793 2791 2792
f 2794 2791 2793 2696
f 2799 2657 2797 2796
f 2791 2794 2651
f 2796 2797 2798
f 2801 2731 2802 2800
f 2803 2800 2802 2682
f 2763 2808 2788 2765
f 2800 2803 2661
f 2806 2747 2807
f 2806 2807 2750
f 2387 2430 2808 2763
f 2653 2808 2430 2265
f 2652 2788 2808 2653
f 2657 2656 2809 2797
f 2659 2658 2655
f 2656 2272 2432 2809
f 2688 2692 2792 2795
f 2687 2688 2795 2799
f 2792 2651 2655
f 2657 2799 2795 2658
f 2796 2810 2681 2687
f 2727 2812 2813 2728
f 2811 2810 2796
f 2731 2801 2812 2727
f 2660 2812 2801 2661
f 2695 2667 2789 2794
f 2770 2765 2790 2814
f 2794 2789 2652
f 2666 2814 2790 2667
f 2666 2665 2771 2814
f 2775 2673 2674 2776
f 2772 2771 2665
f 2673 2775 2774
f 2682 2802 2815 2683
f 2732 2815 2802 2731
f 2696 2793 2817 2697
f 2816 2693 2686
f 2691 2817 2793 2690
f 2793 2692 2690
f 2755 2823 2822 2716
f 2822 2742 2711
f 2741 2824 2821 2712
f 2821 2824 2736
f 2747 2705 2820 2807
f 2708 2750 2807 2820
f 2740 2699 2819 2826
f 2818 2825 2726
f 2825 2818 2700
f 2703 2759 2826 2819
f 2786 2785 2827 2806
f 2744 2827 2828 2745
f 2828 2827 2785
f 2747 2806 2827 2744
f 2749 2829 2806 2750
f 2806 2829 2786
f 2752 2830 2829 2749
f 2830 3130 2762
f 2829 2830 2762
f 2835 2836 2833 2834
f 2804 2831 2783
f 2804 2678 2779
f 2805 2832 2777
f 2832 2805 2781
f 2761 2784 2786
f 2836 2466 2460 2833
f 2835 2838 2837 2836
f 2833 2460 2464
f 2834 2833 2464
f 2836 2837 2466
f 2851 2850 2847 2849
f 2839 2840 2470
f 2840 2839 2842
f 2843 2845 2846
f 2852 2853 2847 2850
f 2874 2870 2869 2873
f 2847 2853 2848
f 2966 2967 2860
f 2965 2966 2860
f 2868 2865 2867
f 2869 2871 2872
f 2877 2870 2875 2876
f 2878 2875 2870 2874
f 2882 2852 2850 2879
f 2850 2851 2879
f 2914 2915 2912 2913
f 2902 2899 2901
f 2904 2906 2900
f 2900 2903 2904
f 2908 2907 2909
f 2916 2917 2913 2912
f 2921 2920 2918 2919
f 2883 2885 2924 2923
f 2930 2927 2928 2929
f 2897 2925 2926
f 2891 2890 2927 2931
f 2931 2927 2930
f 2890 2888 2928 2927
f 2892 2894 2933 2932
f 2934 2936 2935 2932
f 2895 2893 2932 2935
f 2910 2908 2938 2940
f 2909 2938 2908
f 2937 2905 2904
f 2929 2928 2942 2944
f 2888 2887 2942 2928
f 2887 2889 2943 2942
f 2580 2950 2949 2581
f 2920 2945 2922
f 2946 3482 2947
f 2947 2948 2946
f 2950 2952 2951 2949
f 2952 2955 2954 2951
f 2951 2953 2949
f 2972 2970 2971 2834
f 2954 2955 2956
f 2953 2973 2970 2972
f 2852 2971 2970 2973
f 2977 2974 2976 2880
f 2974 2975 2835
f 2878 2975 2974 2977
f 2985 2982 2984 2867
f 2982 2983 2845
f 2985 2916 2983 2982
f 2933 2991 2989 2990
f 2967 2986 2987
f 2972 2992 2949 2953
f 2991 2931 2989
f 2834 2464 2992 2972
f 2581 2949 2992 2625
f 2981 2980 2993 2840
f 2837 2839 2467
f 2839 2837 2841
f 2874 2978 2975 2878
f 2978 2994 2842 2841
f 2975 2978 2838
f 2838 2835 2975
f 2994 2979 2842
f 2978 2874 2873 2994
f 2868 2995 2979 2873
f 2979 2995 2996
f 2998 2997 2912 2915
f 2846 2845 2997 2998
f 2916 2912 2997 2983
f 2971 2852 2882 2976
f 2976 2882 2880
f 2956 2848 2999 2954
f 2973 2999 2853 2852
f 2853 2999 2848
f 2973 2953 2954 2999
f 2859 2858 2961 2962
f 2854 2957 2855
f 2957 2854 2848
f 2959 2960 2857
f 2959 2856 2855
f 2862 2964 2963 2861
f 2961 2857 2960
f 2861 2963 2863
f 3001 2985 2867 2866
f 2965 3000 2988
f 2917 2916 2985 3001
f 3003 2977 2880 2881
f 2870 2877 3002
f 2870 3002 2871
f 2876 2875 2977 3003
f 3008 3009 2939 2902
f 2875 2878 2977
f 3005 2884 2886
f 2897 2926 3009 3008
f 2894 3006 2991 2933
f 3007 3010 2925
f 2925 2898 3007
f 3006 2891 2931 2991
f 2889 3005 3011 2943
f 3004 2911 2941
f 2924 3004 2941
f 3004 2924 2885
f 2948 2989 3012 2969
f 2886 3011 3005
f 2931 2930 3012 2989
f 3013 3012 2930 2929
f 3018 3019 3016 3017
f 2969 3012 3013
f 2990 3014 2934
f 2934 2933 2990
f 3014 3015 2936
f 3014 2948 2947
f 3015 3014 2947
f 3019 3024 3020 3016
f 3018 3025 3022 3019
f 3016 3020 3021
f 3017 3016 3021
f 3019 3022 3024
f 3037 3036 3033 3035
f 3026 3027 3028
f 3027 3026 3030
f 2276 3032 2660
f 3038 3039 3033 3036
f 3040 3034 3033 3039
f 3046 3047 3044 3045
f 3042 3043 3041
f 3034 3040 3041
f 3043 3042 3044 3047
f 3062 3058 3057 3061
f 3143 3048 3142
f 3056 3053 3055
f 3057 3059 3060
f 3065 3058 3063 3064
f 3066 3063 3058 3062
f 3070 3038 3036 3067
f 3036 3037 3067
f 2729 2728 3098 3099
f 3079 3081 3082
f 3091 3092 3090
f 3094 3093 3095
f 3100 3101 3099 3098
f 2738 3103 3102 2734
f 3105 3102 3103 3104
f 3071 3073 3107 3106
f 3113 3110 3111 3112
f 3085 3108 3109
f 3078 3077 3110 3114
f 3114 3110 3113
f 3077 3075 3111 3110
f 3116 3118 3117 3115
f 3082 3115 3079
f 3083 3080 3115 3117
f 3088 3087 3120 3122
f 3095 3119 3094
f 3087 3089 3121 3120
f 3088 3122 3123 3090
f 3096 3094 3119 3124
f 3128 3126 3076 3127
f 3112 3111 3126 3128
f 3075 3074 3126 3111
f 3134 3135 3132 3133
f 3076 3126 3074
f 3129 2382 2760
f 3129 2760 3130
f 3130 3131 3129
f 3135 3137 3136 3132
f 3137 3140 3139 3136
f 3136 3138 3132
f 3052 3146 3145 3051
f 3139 3140 3040
f 3153 3151 3152 3017
f 3138 3154 3151 3153
f 3038 3152 3151 3154
f 3158 3155 3157 3068
f 3155 3156 3018
f 3066 3156 3155 3158
f 3166 3163 3165 3055
f 3163 3164 3032
f 3166 3100 3164 3163
f 3082 3172 3170 3171
f 3143 3168 3169
f 3153 3173 3132 3138
f 3172 3114 3170
f 3017 3021 3173 3153
f 3133 3132 3173 3174
f 3162 3161 3175 3027
f 3022 3026 3023
f 3026 3022 3029
f 3062 3159 3156 3066
f 3159 3177 3030 3029
f 3156 3159 3025
f 3025 3018 3156
f 3177 3160 3030
f 3159 3062 3061 3177
f 3056 3178 3160 3061
f 3160 3178 3179
f 2813 3180 3098 2728
f 2660 3032 3180 2813
f 3100 3098 3180 3164
f 3152 3038 3070 3157
f 3157 3070 3068
f 3154 3181 3039 3038
f 3181 3139 3040
f 3039 3181 3040
f 3154 3138 3139 3181
f 3183 3166 3055 3054
f 3041 3141 3042
f 3141 3041 3040
f 3182 3167 3052
f 3101 3100 3166 3183
f 3185 3158 3068 3069
f 3058 3065 3184
f 3058 3184 3059
f 3064 3063 3158 3185
f 3190 3191 3121 3089
f 3063 3066 3158
f 3189 3105 3104
f 3085 3109 3191 3190
f 3189 3192 3108 3086
f 3188 3078 3114 3172
f 3104 3192 3189
f 3187 3072 3106 3193
f 3186 3097 3125
f 3107 3186 3125
f 3186 3107 3073
f 3131 3170 3194 3150
f 3114 3113 3194 3170
f 3195 3194 3113 3112
f 3199 3200 3198 3203
f 3150 3194 3195
f 3171 3196 3116
f 3116 3082 3171
f 3196 3197 3118
f 3196 3131 3130
f 3197 3196 3130
f 3167 3049 3148
f 3146 3052 3167
f 3168 3143 3144
f 3168 3147 3050
f 3205 3211 3203 3204
f 3201 3198 3200
f 3198 3201 3202
f 3210 3211 3207 3209
f 3206 3203 3211
f 3203 3206 3199
f 3211 3205 3208 3207
f 3213 2275 2279 3212
f 3218 3219 3214 3217
f 2275 3213 2276
f 3220 3215 3214 3219
f 3229 3326 3325 3228
f 3241 3237 3236 3240
f 3236 3242 3244 3239
f 3245 3243 3242 3236
f 3219 3218 3247 3246
f 3246 3220 3219
f 3265 3270 3269 3266
f 3246 3248 3249
f 3267 3264 3266
f 3264 3267 3268
f 3269 3271 3272
f 2348 3280 3279 2349
f 3273 3274 3275
f 3274 3273 3271
f 3276 3277 3278
f 3277 3276 3275
f 3280 3282 3281 3279
f 3286 3283 3284 3285
f 3294 3291 3292 3293
f 3283 3286 2353
f 3250 3288 3287
f 3262 3289 3263
f 3294 3254 3256 3291
f 3257 3295 3291 3256
f 3298 3260 3258 3296
f 3292 3291 3295
f 3296 3297 3298
f 3297 3296 2453 2454
f 3296 3258 3259
f 3296 3259 3261 2453
f 3304 3255 3253 3302
f 2453 3261 2448
f 3254 3294 3302 3253
f 3293 3303 3302 3294
f 3309 3310 3307 3308
f 3305 3306 2384
f 3312 3313 3308 3307
f 3307 3311 3312
f 3313 3312 3314 3315
f 3311 3316 3314 3312
f 3332 3330 3331 3200
f 3225 3322 3321
f 3322 3225 3227
f 3323 3324 3231
f 3218 3333 3330 3332
f 3311 3331 3330 3333
f 3244 3336 3334 3335
f 3337 3334 3336 3248
f 3342 3209 3340 3339
f 3334 3337 3199
f 3339 3340 3341
f 3344 3281 3345 3343
f 3346 3343 3345 3234
f 3307 3351 3331 3311
f 3343 3346 3212
f 3349 3295 3350
f 3349 3350 3298
f 3310 3352 3351 3307
f 3201 3351 3352 3202
f 3200 3331 3351 3201
f 3209 3207 3353 3340
f 3211 3210 3206
f 3207 3208 3354 3353
f 3239 3244 3335 3338
f 3238 3239 3338 3342
f 3335 3199 3206
f 3209 3342 3338 3210
f 3339 3355 3233 3238
f 3279 3357 2437 2349
f 3356 3355 3339
f 3281 3344 3357 3279
f 2279 3357 3344 3212
f 3247 3218 3332 3337
f 3316 3311 3333 3358
f 3337 3332 3200
f 3217 3358 3333 3218
f 3217 3216 3317 3358
f 3216 3221 3318 3317
f 3318 3222 3319
f 3232 3345 3359 3235
f 3222 3318 3221
f 3224 3321 3320
f 3320 3223 3224
f 3231 3230 3323
f 3282 3359 3345 3281
f 3345 3232 3234
f 3248 3336 3361 3249
f 3360 3245 3236
f 3243 3361 3336 3242
f 3336 3244 3242
f 3289 3368 3365 3263
f 3366 3290 3262
f 3366 3268 3300
f 3365 3368 3285
f 3295 3257 3364 3350
f 3260 3298 3350 3364
f 3301 3278 3362 3369
f 3252 3287 3369 3362
f 3329 3328 3371 3349
f 3363 3370 3288
f 3292 3371 3372 3293
f 3372 3371 3328
f 3295 3349 3371 3292
f 3297 3373 3349 3298
f 3349 3373 3329
f 2454 3374 3373 3297
f 3374 2384 3306
f 3373 3374 3306
f 3324 3375 3347 3231
f 3347 3375 3326
f 3377 3378 3020 3380
f 3348 3376 3227
f 3376 3348 3325
f 3305 3327 3329
f 3023 3385 3380 3024
f 3379 3020 3378
f 3020 3379 3021
f 3384 3385 3382 3383
f 3381 3380 3385
f 3380 3381 3377
f 3385 3023 3028 3382
f 3387 2843 2846 3386
f 3392 3393 3388 3391
f 2843 3387 2276
f 3394 3389 3388 3393
f 3405 2864 2863 3404
f 3500 3502 3403
f 3415 3411 3410 3414
f 3406 3414 3407
f 3414 3406 3409
f 3410 3416 3418 3413
f 3419 3417 3416 3410
f 3393 3392 3421 3420
f 3420 3394 3393
f 3440 3442 3441 3439
f 3420 3422 3423
f 3449 3450 3447 3448
f 3439 3441 3443
f 3444 3442 3440
f 2914 3455 3454 2915
f 3448 3447 3446
f 3453 3451 3452
f 3451 3453 3450
f 3455 3457 3456 3454
f 3425 3462 3461 3424
f 3459 3460 3458
f 3424 3461 3426
f 3468 3465 3466 3467
f 3468 3428 3430 3465
f 3431 3469 3465 3430
f 3472 3434 3432 3470
f 3466 3465 3469
f 3470 3471 3472
f 3471 3470 3473 3474
f 3470 3432 3433
f 3470 3433 3435 3473
f 3480 3429 3427 3478
f 3473 3435 3436
f 3444 3446 3475
f 3428 3468 3478 3427
f 3467 3479 3478 3468
f 3134 3133 3485 3486
f 3458 3481 2921
f 3481 3458 3460
f 3482 2382 3129
f 3482 3484 2947
f 3488 3489 3486 3485
f 3485 3487 3488
f 3489 3488 3490 3491
f 3487 3492 3490 3488
f 3508 3506 3507 3378
f 3404 3498 3499
f 3392 3509 3506 3508
f 3487 3507 3506 3509
f 3418 3512 3510 3511
f 3513 3510 3512 3422
f 3518 3383 3516 3515
f 3510 3513 3377
f 3515 3516 3517
f 3520 3456 3521 3519
f 3522 3519 3521 3408
f 3485 3527 3507 3487
f 3519 3522 3386
f 3525 3469 3526
f 3525 3526 3472
f 3133 3174 3527 3485
f 3379 3527 3174 3021
f 3378 3507 3527 3379
f 3383 3382 3528 3516
f 3385 3384 3381
f 3382 3028 3176 3528
f 3413 3418 3511 3514
f 3412 3413 3514 3518
f 3511 3377 3381
f 3383 3518 3514 3384
f 3515 3529 3407 3412
f 3454 3531 2998 2915
f 3530 3529 3515
f 3456 3520 3531 3454
f 2846 3531 3520 3386
f 3421 3392 3508 3513
f 3492 3487 3509 3532
f 3513 3508 3378
f 3391 3532 3509 3392
f 3391 3390 3493 3532
f 3495 3494 3396 3398
f 3397 3396 3494
f 3397 3493 3390
f 3406 3521 3533 3409
f 3402 3497 3496
f 3496 3401 3402
f 3457 3533 3521 3456
f 3521 3406 3408
f 3422 3512 3535 3423
f 3534 3419 3410
f 3417 3535 3512 3416
f 3512 3418 3416
f 3463 3542 3539 3438
f 3540 3464 3437
f 3540 3443 3476
f 3539 3542 3460
f 3469 3431 3538 3526
f 3434 3472 3526 3538
f 3477 3452 3536 3543
f 3462 3425 3537 3544
f 3543 3536 3426
f 3429 3480 3544 3537
f 3505 3504 3545 3525
f 3466 3545 3546 3467
f 3546 3545 3504
f 3469 3525 3545 3466
f 3471 3547 3525 3472
f 3525 3547 3505
f 3474 3548 3547 3471
f 3548 2947 3484
f 3547 3548 3484
f 3553 3554 3551 3552
f 3523 3549 3403
f 3549 3499 3498
f 3524 3550 3497
f 3550 3524 3501
f 3483 3503 3505
f 3554 3204 3198 3551
f 3553 3556 3555 3554
f 3551 3198 3202
f 3552 3551 3202
f 3554 3555 3204
f 3567 3566 3563 3565
f 3557 3558 3208
f 3558 3557 3560
f 2474 3562 2475
f 3568 3569 3563 3566
f 3590 3586 3585 3589
f 3563 3569 3564
f 3577 3676 3576
f 3578 3579 3580
f 3579 3578 2596
f 3584 3581 3583
f 3585 3587 3588
f 3593 3586 3591 3592
f 3594 3591 3586 3590
f 3598 3568 3566 3595
f 3566 3567 3595
f 2543 2542 3626 3627
f 3619 3620 3618
f 3622 3623 3625
f 3628 3629 3627 3626
f 3599 3601 3635 3634
f 3630 2548 2550
f 3630 3632 3633
f 3641 3638 3639 3640
f 3613 3636 3637
f 3606 3605 3638 3642
f 3642 3638 3641
f 3605 3603 3639 3638
f 3607 3609 3644 3643
f 3610 3608 3643 3646
f 3646 3643 3645
f 3622 3621 3647 3648
f 3616 3615 3649 3651
f 3619 3647 3621
f 3615 3617 3650 3649
f 3616 3651 3652 3618
f 3640 3639 3654 3656
f 3603 3602 3654 3639
f 3602 3604 3655 3654
f 3309 3661 3660 3310
f 3657 2382 3658
f 3658 3659 3657
f 3661 3663 3662 3660
f 3663 3666 3665 3662
f 3662 3664 3660
f 3681 3679 3680 3552
f 3665 3666 3667
f 3672 3670 3671
f 3672 3673 3573
f 2597 2596 3578
f 3664 3682 3679 3681
f 3568 3680 3679 3682
f 3686 3683 3685 3596
f 3683 3684 3553
f 3594 3684 3683 3686
f 3694 3691 3693 3583
f 3691 3692 3562
f 3694 3628 3692 3691
f 3577 3697 3696 3675
f 3644 3700 3698 3699
f 3575 3696 3697
f 3681 3701 3660 3664
f 3700 3642 3698
f 3552 3202 3701 3681
f 3310 3660 3701 3352
f 3690 3689 3702 3558
f 3555 3557 3205
f 3557 3555 3559
f 3590 3687 3684 3594
f 3687 3703 3560 3559
f 3684 3687 3556
f 3556 3553 3684
f 3703 3688 3560
f 3687 3590 3589 3703
f 3584 3704 3688 3589
f 3688 3704 3705
f 2631 3706 3626 2542
f 2475 3562 3706 2631
f 3628 3626 3706 3692
f 3680 3568 3598 3685
f 3685 3598 3596
f 3667 3564 3707 3665
f 3682 3707 3569 3568
f 3569 3707 3564
f 3682 3664 3665 3707
f 3564 3667 3668 3570
f 3570 3668 3669
f 3708 3694 3583 3582
f 3670 3672 3572
f 3573 3572 3672
f 3697 3574 3575
f 3629 3628 3694 3708
f 3710 3686 3596 3597
f 3586 3593 3709
f 3586 3709 3587
f 3592 3591 3686 3710
f 3716 3717 3650 3617
f 3591 3594 3686
f 3604 3712 3713
f 3715 3633 3632
f 3613 3637 3717 3716
f 3715 3718 3636 3614
f 3609 3714 3700 3644
f 3632 3718 3715
f 3714 3606 3642 3700
f 3601 3711 3653 3635
f 3659 3698 3719 3678
f 3624 3653 3711
f 3713 3655 3604
f 3642 3641 3719 3698
f 3720 3719 3641 3640
f 3612 3646 3721 3722
f 3678 3719 3720
f 3699 3721 3645
f 3645 3644 3699
f 3695 3723 3674 3580
f 3721 3659 3658
f 3722 3721 3658
f 2452 2458 3374 2454
f 3676 3723 3695
f 3724 3197 2830 2752
f 3725 3724 2751 2710
f 3725 3084 3117 3724
f 3726 3727 3473 3436
f 3724 3117 3118
f 3727 2935 2936
f 3726 2896 2935 3727
f 3727 3015 3548 3474
f 3728 3722 2649 2564
f 3729 3728 2563 2526
f 3734 3733 3730 3732
f 3612 3728 3729
f 3729 3611 3612
f 3736 3730 3733 3735
f 3740 3731 3730 3738
f 3730 3736 3737
f 3741 3738 3730 3737
f 3744 3745 3738 3743
f 3746 3747 3743 3738
f 3738 3745 3739
f 3738 3742 3746
f 3750 3743 3748 3749
f 3751 3752 3748 3743
f 3743 3750 3744
f 3743 3747 3751
f 3754 3755 3748 3753
f 3756 3757 3753 3748
f 3748 3755 3749
f 3764 3758 3753 3762
f 3753 3759 3754
f 3753 3757 3760
f 3761 3765 3762 3753
f 3763 3762 3767 3769
f 3766 3770 3767 3762
f 3768 3767 3772 3774
f 3775 3772 3767 3771
f 3779 3773 3772 3777
f 3772 3775 3776
f 3780 3777 3772 3776
f 3778 3777 3782 3784
f 3777 3780 3781
f 3785 3782 3777 3781
f 3783 3782 3787 3789
f 3790 3787 3782 3786
f 3788 3787 3792 3794
f 3791 3795 3792 3787
f 3793 3792 3797 3799
f 3796 3800 3797 3792
f 3804 3797 3802 3803
f 3805 3806 3802 3797
f 3797 3804 3798
f 3797 3801 3805
f 3808 3809 3802 3807
f 3810 3811 3807 3802
f 3802 3809 3803
f 3733 3812 3815 3735
f 3812 3813 3814
f 3734 3813 3812 3733
f 3812 3817 3820 3816
f 3817 3818 3819
f 3812 3814 3818 3817
f 3823 3824 3817 3822
f 3824 3826 3825 3817
f 3829 3824 3827 3828
f 3825 3821 3817
f 3829 3831 3830 3824
f 3833 3834 3829 3832
f 3830 3826 3824
f 3834 3836 3835 3829
f 3840 3834 3841 3844
f 3829 3835 3831
f 3834 3837 3838
f 3839 3836 3834
f 3841 3842 3843
f 3834 3838 3842 3841
f 3845 3841 3846 3849
f 3846 3847 3848
f 3843 3847 3846 3841
f 3846 3851 3854 3850
f 3851 3852 3853
f 3848 3852 3851 3846
f 3851 3856 3859 3855
f 3856 3857 3858
f 3851 3853 3857 3856
f 3856 3861 3864 3860
f 3861 3862 3863
f 3858 3862 3861 3856
f 3861 3866 3869 3865
f 3866 3867 3868
f 3861 3863 3867 3866
f 3872 3873 3866 3871
f 3873 3875 3874 3866
f 3877 3878 3873 3876
f 3866 3874 3870
f 3878 3880 3879 3873
f 3883 3878 3881 3882
f 3879 3875 3873
f 3883 3885 3884 3878
f 3808 3807 3883 3886
f 3878 3884 3880
f 3807 3811 3887 3883
f 4036 4032 4031 4034
f 3883 3887 3885
f 3888 3889 3890
f 3889 3888 3893
f 3894 3895 3896
f 3895 3894 3897
f 3898 3899 3900
f 3899 3898 3901
f 3902 3903 3904
f 3903 3902 3905
f 3906 3907 3908
f 3907 3906 3909
f 3910 3911 3912
f 3911 3910 3913
f 3914 3915 3916
f 3915 3914 3917
f 3918 3919 3920
f 3919 3918 3921
f 3922 3923 3924
f 3923 3922 3925
f 3926 3927 3928
f 3927 3926 3929
f 3930 3931 3932
f 3931 3930 3933
f 3934 3935 3936
f 3935 3934 3937
f 3938 3939 3940
f 3939 3938 3941
f 3942 3943 3944
f 3943 3942 3945
f 3946 3947 3948
f 3947 3946 3949
f 3950 3951 3952
f 3951 3950 3953
f 3954 3891 3892
f 3891 3954 3957
f 3958 3955 3956
f 3955 3958 3961
f 3962 3959 3960
f 3959 3962 3965
f 3966 3963 3964
f 3963 3966 3969
f 3970 3967 3968
f 3967 3970 3973
f 3974 3971 3972
f 3971 3974 3977
f 3978 3975 3976
f 3975 3978 3981
f 3982 3979 3980
f 3979 3982 3985
f 3986 3983 3984
f 3983 3986 3989
f 3990 3987 3988
f 3987 3990 3993
f 3994 3991 3992
f 3991 3994 3997
f 3998 3995 3996
f 3995 3998 4001
f 4002 3999 4000
f 3999 4002 4005
f 4006 4003 4004
f 4003 4006 4009
f 4010 4007 4008
f 4007 4010 4013
f 4014 4011 4012
f 4011 4014 4015
f 4016 4017 4018
f 4016 4021 4017
f 4023 4024 4022
f 4023 4022 4025
f 4026 4027 4028
f 4027 4026 4029
f 4030 4031 4032
f 4031 4030 4033
f 4037 4041 4038 4035
f 4038 4039 4040
f 4053 4051 4050 4052
f 4039 4038 4041
f 4042 4043 4044
f 4042 4045 4043
f 4046 4047 4048
f 4046 4049 4047
f 4053 4057 4054 4051
f 4055 4056 4054
f 4061 4059 4058 4060
f 4055 4054 4057
f 4065 4062 4059 4061
f 4062 4063 4064
f 4068 4064 4063 4066
f 4063 4062 4065
f 4069 4073 4070 4067
f 4070 4071 4072
f 4077 4075 4074 4076
f 4071 4070 4073
f 4077 4081 4078 4075
f 4078 4079 4080
f 4084 4087 4086 4083
f 4079 4078 4081
f 4082 4019 4020
f 4082 4085 4019
f 4087 4089 4088 4086
f 4124 4125 4122 4123
f 4090 4088 4089
f 4088 4090 4093
f 4094 4091 4092
f 4091 4094 4097
f 4095 4096 4098
f 4095 4098 4101
f 4102 4099 4100
f 4099 4102 4105
f 4103 4104 4106
f 4103 4106 4109
f 4110 4107 4108
f 4107 4110 4113
f 4114 4111 4112
f 4111 4114 4117
f 4118 4115 4116
f 4118 4121 4115
f 4122 4119 4120
f 4127 4129 4128 4126
f 4119 4122 4125
f 4350 4351 5471 5468
f 4130 4128 4129
f 4128 4130 4133
f 4134 4131 4132
f 4131 4134 4137
f 4135 4136 4138
f 4135 4138 4141
f 4142 4139 4140
f 4139 4142 4143
f 4144 4145 4146
f 4145 4144 4149
f 4150 4151 4152
f 4151 4150 4153
f 4154 4155 4156
f 4155 4154 4157
f 4158 4159 4160
f 4159 4158 4161
f 4162 4163 4164
f 4163 4162 4165
f 4166 4167 4168
f 4167 4166 4169
f 4170 4171 4172
f 4171 4170 4173
f 4174 4175 4176
f 4175 4174 4177
f 4178 4179 4180
f 4179 4178 4181
f 4182 4183 4184
f 4183 4182 4185
f 4186 4187 4188
f 4187 4186 4189
f 4190 4191 4192
f 4191 4190 4193
f 4194 4195 4196
f 4195 4194 4197
f 4199 4200 4198
f 4199 4198 4201
f 4202 4203 4204
f 4203 4202 4205
f 4206 4207 4208
f 4207 4206 4209
f 4210 4147 4148
f 4147 4210 4213
f 4214 4211 4212
f 4211 4214 4217
f 4218 4215 4216
f 4215 4218 4221
f 4222 4219 4220
f 4219 4222 4225
f 4226 4223 4224
f 4223 4226 4229
f 4230 4227 4228
f 4227 4230 4233
f 4234 4231 4232
f 4231 4234 4237
f 4238 4235 4236
f 4235 4238 4241
f 4242 4239 4240
f 4239 4242 4245
f 4246 4243 4244
f 4243 4246 4249
f 4247 4248 4250
f 4247 4250 4253
f 4254 4251 4252
f 4251 4254 4257
f 4258 4255 4256
f 4255 4258 4261
f 4262 4259 4260
f 4259 4262 4265
f 4266 4263 4264
f 4263 4266 4269
f 4270 4267 4268
f 4267 4270 4271
f 4300 5371 4301
f 4303 5372 4302
f 4305 5376 4304
f 4309 5384 4308
f 4311 5388 4310
f 4313 5392 4312
f 4317 5400 4316
f 4319 5404 4318
f 4321 5408 4320
f 4323 5412 4322
f 4325 5416 4324
f 4327 5420 4326
f 4329 5424 4328
f 4331 5428 4330
f 4333 5432 4332
f 4335 5436 4334
f 4337 5440 4336
f 4339 5444 4338
f 4341 5448 4340
f 4343 5452 4342
f 4345 5456 4344
f 4347 5460 4346
f 4349 5464 4348
f 4352 5472 5471 4351
f 4365 4367 4366 4364
f 4353 5472 4352
f 4357 5480 4356
f 4359 5484 4358
f 4361 5488 4360
f 4363 5492 4362
f 4369 4364 4366 4368
f 4368 4371 4370 4369
f 4373 4370 4371 4372
f 5192 5191 4377 4378
f 4374 4373 4372
f 4374 4375 4376
f 4378 4379 5195 5192
f 4381 4380 4383 4382
f 4379 4380 4381
f 4384 4385 5203 5200
f 4382 4383 4384
f 4382 4384 5200
f 5204 5203 4385 4386
f 4386 4387 5207 5204
f 4394 4397 4396 4395
f 4387 4388 4389
f 4390 4391 4392
f 4393 4392 4391
f 4393 4394 4395
f 4399 4396 4397 4398
f 4399 4398 4401 4400
f 4406 4403 4404 4405
f 4400 4401 4402
f 4400 4402 5224
f 4403 5224 4402
f 4406 4405 4408 4407
f 4409 4410 4407 4408
f 5236 5235 4411 4412
f 4411 4410 4409
f 4415 4416 5243 5240
f 4413 5236 4412
f 4414 4413 4412
f 4413 4415 5240
f 4420 4423 4422 4421
f 4416 4417 4418
f 4419 4418 4417
f 4419 4420 4421
f 4425 4422 4423 4424
f 4425 4424 4427 4426
f 4432 4429 4430 4431
f 4426 4427 4428
f 4426 4428 5256
f 4429 5256 4428
f 4432 4431 4434 4433
f 4435 4436 4433 4434
f 4436 4435 4438 4437
f 4439 4440 4437 4438
f 4440 4439 4442 4441
f 4444 4441 4442 4443
f 4444 4443 4446 4445
f 4451 4448 4449 4450
f 4445 4446 4447
f 4445 4447 5276
f 4448 5276 4447
f 4449 4448 4447
f 5284 5283 4452 4453
f 4452 4451 4450
f 4456 4457 5291 5288
f 4454 5284 4453
f 4455 4454 4453
f 4454 4455 4456
f 4454 4456 5288
f 4459 4458 4461 4460
f 4457 4458 4459
f 4462 4463 4460 4461
f 5300 5299 4464 4465
f 4465 4466 5303 5300
f 4471 4467 4469 4470
f 4466 4367 4365
f 4472 4468 4467 4471
f 4475 4473 4468 4472
f 4476 4474 4473 4475
f 4479 4477 4474 4476
f 4480 4478 4477 4479
f 4483 4481 4478 4480
f 4484 4482 4481 4483
f 4487 4485 4482 4484
f 4488 4486 4485 4487
f 4491 4489 4486 4488
f 4492 4490 4489 4491
f 4495 4493 4490 4492
f 4496 4494 4493 4495
f 4499 4497 4494 4496
f 4500 4498 4497 4499
f 4503 4501 4498 4500
f 4504 4502 4501 4503
f 4507 4505 4502 4504
f 4508 4506 4505 4507
f 4511 4509 4506 4508
f 4512 4510 4509 4511
f 4515 4513 4510 4512
f 4516 4514 4513 4515
f 4519 4517 4514 4516
f 4520 4518 4517 4519
f 4523 4521 4518 4520
f 4524 4522 4521 4523
f 4527 4525 4522 4524
f 4528 4526 4525 4527
f 4531 4529 4526 4528
f 4532 4530 4529 4531
f 4535 4533 4530 4532
f 4536 4534 4533 4535
f 4539 4537 4534 4536
f 4540 4538 4537 4539
f 4543 4541 4538 4540
f 4544 4542 4541 4543
f 4547 4545 4542 4544
f 4548 4546 4545 4547
f 4551 4549 4546 4548
f 4552 4550 4549 4551
f 4555 4553 4550 4552
f 4556 4554 4553 4555
f 4559 4557 4554 4556
f 4560 4558 4557 4559
f 4563 4561 4558 4560
f 4564 4562 4561 4563
f 4567 4565 4562 4564
f 4568 4566 4565 4567
f 4571 4569 4566 4568
f 4572 4570 4569 4571
f 4575 4573 4570 4572
f 4576 4574 4573 4575
f 4579 4577 4574 4576
f 4580 4578 4577 4579
f 4583 4581 4578 4580
f 4584 4582 4581 4583
f 4587 4585 4582 4584
f 4588 4586 4585 4587
f 4591 4589 4586 4588
f 4592 4590 4589 4591
f 4594 4593 4590 4592
f 4470 4469 4593 4594
f 4598 4597 4595 4596
f 4600 4595 4597 4599
f 4606 4603 4597 4604
f 4597 4598 4602
f 4597 4603 4599
f 4604 4602 4605
f 4608 4607 4604 4605
f 4610 4604 4607 4609
f 4614 4613 4607 4611
f 4607 4608 4611
f 4607 4612 4609
f 4612 4607 4613 4615
f 4617 4616 4613 4614
f 4622 4621 4616 4619
f 4616 4617 4619
f 4624 4616 4621 4623
f 4628 4627 4621 4625
f 4621 4622 4625
f 4621 4626 4623
f 4631 4630 4627 4628
f 4633 4627 4630 4632
f 4635 4630 4638 4639
f 4630 4635 4636
f 4647 4646 4641 4643
f 4641 4644 4645
f 4649 4641 4646 4648
f 4653 4652 4646 4650
f 4646 4647 4650
f 4646 4651 4648
f 4656 4655 4652 4653
f 4659 4655 4662 4663
f 4655 4656 4658
f 4655 4659 4660
f 4668 4665 4671 4672
f 4665 4668 4669
f 4676 4675 4671 4673
f 4671 4670 4673
f 4678 4671 4675 4677
f 4677 4675 4680 4681
f 4683 4680 4686 4687
f 4680 4683 4684
f 4690 4686 4595 4689
f 4696 4692 4694 4695
f 4595 4691 4596
f 4595 4601 4689
f 4697 4693 4692 4696
f 4702 4701 4700 4274
f 4693 4697 4698
f 4275 4703 4701 4702
f 4705 4704 4703 4275
f 4276 4706 4704 4705
f 4277 4707 4706 4276
f 4278 4708 4707 4277
f 4710 4709 4708 4278
f 4713 4711 4709 4710
f 4714 4712 4711 4713
f 4279 4715 4712 4714
f 4717 4716 4715 4279
f 4720 4718 4716 4717
f 4721 4719 4718 4720
f 4724 4722 4719 4721
f 4728 4726 4725 4727
f 4722 4724 4723
f 4731 4729 4726 4728
f 4732 4730 4729 4731
f 4735 4733 4730 4732
f 4736 4734 4733 4735
f 4739 4737 4734 4736
f 4740 4738 4737 4739
f 4743 4741 4738 4740
f 4744 4742 4741 4743
f 4281 4745 4742 4744
f 4282 4746 4745 4281
f 4299 4747 4746 4282
f 4298 4748 4747 4299
f 4297 4749 4748 4298
f 4751 4750 4749 4297
f 4754 4752 4750 4751
f 4296 4753 4752 4754
f 4757 4755 4753 4296
f 4758 4756 4755 4757
f 4761 4759 4756 4758
f 4764 4763 4762 4294
f 4759 4761 4760
f 4293 4765 4763 4764
f 4292 4766 4765 4293
f 4769 4767 4766 4292
f 4770 4768 4767 4769
f 4773 4771 4768 4770
f 4291 4772 4771 4773
f 4290 4774 4772 4291
f 4776 4775 4774 4290
f 4287 4780 4779 4781
f 4775 4776 4777
f 4286 4782 4780 4287
f 4285 4783 4782 4286
f 4284 4784 4783 4285
f 4786 4785 4784 4284
f 4283 4787 4785 4786
f 4789 4788 4787 4283
f 4791 4790 4788 4789
f 4695 4694 4790 4791
f 4795 4796 4792 4794
f 4796 4797 4793 4792
f 4800 4798 4793 4797
f 4801 4799 4798 4800
f 4801 4804 4802 4799
f 4804 4805 4803 4802
f 4805 4808 4806 4803
f 4808 4809 4807 4806
f 4813 4816 4814 4811
f 4807 4810 4812
f 4810 4807 4809
f 4817 4815 4814 4816
f 4820 4818 4815 4817
f 4821 4819 4818 4820
f 4825 4822 4819 4821
f 4822 4823 4824
f 4828 4829 4827 4826
f 4823 4822 4825
f 4832 4830 4827 4829
f 4833 4831 4830 4832
f 4833 4836 4834 4831
f 4836 4837 4835 4834
f 4837 4840 4838 4835
f 4841 4839 4838 4840
f 4844 4842 4839 4841
f 4845 4843 4842 4844
f 4845 4848 4846 4843
f 4848 4849 4847 4846
f 4849 4852 4850 4847
f 4852 4853 4851 4850
f 4856 4854 4851 4853
f 4857 4855 4854 4856
f 4857 4860 4858 4855
f 4860 4861 4859 4858
f 4864 4862 4859 4861
f 4865 4863 4862 4864
f 4865 4868 4866 4863
f 4868 4869 4867 4866
f 4877 4874 4871 4873
f 4870 4872 4867
f 4870 4867 4869
f 4874 4875 4876
f 4880 4881 4879 4878
f 4875 4874 4877
f 4881 4885 4882 4879
f 4882 4883 4884
f 4892 4893 4891 4890
f 4883 4882 4885
f 4886 4887 4888
f 4887 4886 4889
f 4897 4894 4891 4893
f 4894 4895 4896
f 4900 4901 4899 4898
f 4894 4897 4895
f 4901 4904 4902 4899
f 4904 4905 4903 4902
f 4909 4906 4903 4905
f 4906 4907 4908
f 4917 4915 4914 4916
f 4906 4909 4907
f 4911 4912 4910
f 4911 4910 4913
f 4919 4918 4915 4917
f 4795 4794 4918 4919
f 4778 4777 4289 4288
f 4272 4273 4699
f 4274 4699 4273
f 4724 4280 4723
f 4727 4723 4280
f 4781 4778 4288
f 3891 4921 4920 3893
f 4294 4760 4295
f 4761 4295 4760
f 4921 4797 4796 4920
f 4795 4922 4920 4796
f 3889 3893 4920 4922
f 3889 4922 4923 3897
f 4795 4919 4923 4922
f 4924 4923 4919 4917
f 3895 3897 4923 4924
f 3895 4924 4925 3901
f 4917 4916 4925 4924
f 4926 4925 4916 4911
f 3899 3901 4925 4926
f 3899 4926 4927 3905
f 4926 4911 4913 4927
f 4928 4927 4913 4907
f 3903 3905 4927 4928
f 3903 4928 4929 3909
f 4907 4909 4929 4928
f 4930 4929 4909 4905
f 3907 3909 4929 4930
f 3907 4930 4931 3913
f 4930 4905 4904 4931
f 4932 4931 4904 4901
f 3911 3913 4931 4932
f 3911 4932 4933 3917
f 4901 4900 4933 4932
f 4895 4934 4933 4900
f 3915 3917 4933 4934
f 3915 4934 4935 3921
f 4895 4897 4935 4934
f 4936 4935 4897 4893
f 3919 3921 4935 4936
f 3919 4936 4937 3925
f 4936 4893 4892 4937
f 4887 4938 4937 4892
f 3923 3925 4937 4938
f 3923 4938 4939 3929
f 4887 4889 4939 4938
f 4940 4939 4889 4883
f 3927 3929 4939 4940
f 3927 4940 4941 3933
f 4940 4883 4885 4941
f 4881 4942 4941 4885
f 3931 3933 4941 4942
f 4942 4943 3937 3931
f 4942 4881 4880 4943
f 4875 4944 4943 4880
f 3935 3937 4943 4944
f 3935 4944 4945 3941
f 4944 4875 4877 4945
f 4946 4945 4877 4873
f 3939 3941 4945 4946
f 3939 4946 4947 3945
f 4946 4873 4870 4947
f 4869 4948 4947 4870
f 3943 3945 4947 4948
f 3943 4948 4949 3949
f 4948 4869 4868 4949
f 4865 4950 4949 4868
f 3947 3949 4949 4950
f 3947 4950 4951 3953
f 4865 4864 4951 4950
f 4952 4951 4864 4861
f 3951 3953 4951 4952
f 3955 4954 4953 3957
f 4801 4800 4953 4954
f 4921 4953 4800 4797
f 3891 3957 4953 4921
f 3959 4956 4955 3961
f 4956 4805 4804 4955
f 4801 4954 4955 4804
f 3955 3961 4955 4954
f 3963 4958 4957 3965
f 4958 4809 4808 4957
f 4956 4957 4808 4805
f 4956 3959 3965 4957
f 3967 4960 4959 3969
f 4960 4813 4810 4959
f 4809 4958 4959 4810
f 3963 3969 4959 4958
f 3971 4962 4961 3973
f 4817 4816 4961 4962
f 4960 4961 4816 4813
f 3967 3973 4961 4960
f 4964 4963 3977 3975
f 4964 4821 4820 4963
f 4962 4963 4820 4817
f 3971 3977 4963 4962
f 3979 4966 4965 3981
f 4823 4825 4965 4966
f 4964 4965 4825 4821
f 3975 3981 4965 4964
f 3983 4968 4967 3985
f 4968 4829 4828 4967
f 4823 4966 4967 4828
f 3979 3985 4967 4966
f 3987 4970 4969 3989
f 4833 4832 4969 4970
f 4968 4969 4832 4829
f 3983 3989 4969 4968
f 3991 4972 4971 3993
f 4972 4837 4836 4971
f 4833 4970 4971 4836
f 3987 3993 4971 4970
f 3995 4974 4973 3997
f 4841 4840 4973 4974
f 4837 4972 4973 4840
f 3991 3997 4973 4972
f 3999 4976 4975 4001
f 4845 4844 4975 4976
f 4974 4975 4844 4841
f 4974 3995 4001 4975
f 4978 4977 4005 4003
f 4978 4849 4848 4977
f 4845 4976 4977 4848
f 3999 4005 4977 4976
f 4007 4980 4979 4009
f 4853 4852 4979 4980
f 4978 4979 4852 4849
f 4003 4009 4979 4978
f 4011 4982 4981 4013
f 4857 4856 4981 4982
f 4980 4981 4856 4853
f 4007 4013 4981 4980
f 3951 4952 4983 4015
f 4952 4861 4860 4983
f 4857 4982 4983 4860
f 4011 4015 4983 4982
f 4985 4984 4021 4019
f 4985 3892 3888 4984
f 3890 4986 4984 3888
f 4017 4021 4984 4986
f 4017 4986 4987 4025
f 4986 3890 3894 4987
f 4988 4987 3894 3896
f 4023 4025 4987 4988
f 4988 4989 4029 4023
f 4988 3896 3898 4989
f 4990 4989 3898 3900
f 4027 4029 4989 4990
f 4027 4990 4991 4033
f 4990 3900 3902 4991
f 4992 4991 3902 3904
f 4992 4031 4033 4991
f 4031 4992 4993 4034
f 4992 3904 3906 4993
f 4994 4993 3906 3908
f 4994 4037 4034 4993
f 4037 4994 4995 4041
f 4994 3908 3910 4995
f 4996 4995 3910 3912
f 4996 4039 4041 4995
f 4039 4996 4997 4045
f 4996 3912 3914 4997
f 3916 4998 4997 3914
f 4043 4045 4997 4998
f 4043 4998 4999 4049
f 4998 3916 3918 4999
f 5000 4999 3918 3920
f 4047 4049 4999 5000
f 5000 5001 4052 4047
f 5000 3920 3922 5001
f 5002 5001 3922 3924
f 4053 4052 5001 5002
f 4053 5002 5003 4057
f 5002 3924 3926 5003
f 5004 5003 3926 3928
f 4055 4057 5003 5004
f 5004 5005 4060 4055
f 5004 3928 3930 5005
f 5006 5005 3930 3932
f 5006 4061 4060 5005
f 4061 5006 5007 4065
f 5006 3932 3934 5007
f 5008 5007 3934 3936
f 5008 4063 4065 5007
f 5008 5009 4066 4063
f 5008 3936 3938 5009
f 5010 5009 3938 3940
f 4069 4066 5009 5010
f 4069 5010 5011 4073
f 5010 3940 3942 5011
f 5012 5011 3942 3944
f 5012 4071 4073 5011
f 4071 5012 5013 4076
f 5012 3944 3946 5013
f 5014 5013 3946 3948
f 4077 4076 5013 5014
f 4077 5014 5015 4081
f 3948 3950 5015 5014
f 5016 5015 3950 3952
f 5016 4079 4081 5015
f 4083 5018 5017 4085
f 5018 3956 3954 5017
f 4985 5017 3954 3892
f 4019 4085 5017 4985
f 4088 5020 5019 4086
f 5020 3960 3958 5019
f 5018 5019 3958 3956
f 4083 4086 5019 5018
f 4091 5022 5021 4093
f 3964 3962 5021 5022
f 5020 5021 3962 3960
f 5020 4088 4093 5021
f 4095 5024 5023 4097
f 5024 3968 3966 5023
f 5022 5023 3966 3964
f 5022 4091 4097 5023
f 5026 5025 4101 4099
f 5026 3972 3970 5025
f 5024 5025 3970 3968
f 4095 4101 5025 5024
f 5028 5027 4105 4103
f 5028 3976 3974 5027
f 5026 5027 3974 3972
f 4099 4105 5027 5026
f 4107 5030 5029 4109
f 5030 3980 3978 5029
f 5028 5029 3978 3976
f 4103 4109 5029 5028
f 4111 5032 5031 4113
f 5032 3984 3982 5031
f 5030 5031 3982 3980
f 4107 4113 5031 5030
f 4115 5034 5033 4117
f 5034 3988 3986 5033
f 5032 5033 3986 3984
f 5032 4111 4117 5033
f 4119 5036 5035 4121
f 5036 3992 3990 5035
f 5034 5035 3990 3988
f 4115 4121 5035 5034
f 5038 5037 4125 4124
f 5038 3996 3994 5037
f 5036 5037 3994 3992
f 5036 4119 4125 5037
f 5040 5039 4126 4128
f 5040 4000 3998 5039
f 5038 5039 3998 3996
f 4124 4126 5039 5038
f 5042 5041 4133 4131
f 5042 4004 4002 5041
f 5040 5041 4002 4000
f 4128 4133 5041 5040
f 5044 5043 4137 4135
f 5044 4008 4006 5043
f 5042 5043 4006 4004
f 5042 4131 4137 5043
f 4139 5046 5045 4141
f 5046 4012 4010 5045
f 5044 5045 4010 4008
f 4135 4141 5045 5044
f 4079 5016 5047 4143
f 5016 3952 4014 5047
f 4012 5046 5047 4014
f 4139 4143 5047 5046
f 4147 5049 5048 4149
f 5049 4020 4016 5048
f 4018 5050 5048 4016
f 4145 4149 5048 5050
f 4145 5050 5051 4153
f 4018 4022 5051 5050
f 5052 5051 4022 4024
f 5052 4151 4153 5051
f 4151 5052 5053 4157
f 5052 4024 4026 5053
f 4028 5054 5053 4026
f 4155 4157 5053 5054
f 4155 5054 5055 4161
f 5054 4028 4030 5055
f 4032 5056 5055 4030
f 4159 4161 5055 5056
f 4159 5056 5057 4165
f 5056 4032 4036 5057
f 5058 5057 4036 4035
f 4163 4165 5057 5058
f 5058 5059 4169 4163
f 5058 4035 4038 5059
f 5060 5059 4038 4040
f 4167 4169 5059 5060
f 4167 5060 5061 4173
f 4040 4042 5061 5060
f 5062 5061 4042 4044
f 4171 4173 5061 5062
f 5062 5063 4177 4171
f 4044 4046 5063 5062
f 5064 5063 4046 4048
f 4175 4177 5063 5064
f 4175 5064 5065 4181
f 5064 4048 4050 5065
f 4051 5066 5065 4050
f 4179 4181 5065 5066
f 4179 5066 5067 4185
f 5066 4051 4054 5067
f 5068 5067 4054 4056
f 4183 4185 5067 5068
f 4183 5068 5069 4189
f 5068 4056 4058 5069
f 4059 5070 5069 4058
f 4187 4189 5069 5070
f 4187 5070 5071 4193
f 5070 4059 4062 5071
f 4064 5072 5071 4062
f 4191 4193 5071 5072
f 4191 5072 5073 4197
f 4064 4068 5073 5072
f 5074 5073 4068 4067
f 4195 4197 5073 5074
f 4195 5074 5075 4201
f 4067 4070 5075 5074
f 5076 5075 4070 4072
f 4199 4201 5075 5076
f 4199 5076 5077 4205
f 5076 4072 4074 5077
f 5078 5077 4074 4075
f 4203 4205 5077 5078
f 4203 5078 5079 4209
f 4075 4078 5079 5078
f 5080 5079 4078 4080
f 4207 4209 5079 5080
f 4211 5082 5081 4213
f 4084 4082 5081 5082
f 5049 5081 4082 4020
f 4147 4213 5081 5049
f 5084 5083 4217 4215
f 5084 4089 4087 5083
f 4084 5082 5083 4087
f 4211 4217 5083 5082
f 5086 5085 4221 4219
f 5086 4092 4090 5085
f 4089 5084 5085 4090
f 4215 4221 5085 5084
f 4223 5088 5087 4225
f 4096 4094 5087 5088
f 5086 5087 4094 4092
f 4219 4225 5087 5086
f 4227 5090 5089 4229
f 5090 4100 4098 5089
f 5088 5089 4098 4096
f 4223 4229 5089 5088
f 4231 5092 5091 4233
f 5092 4104 4102 5091
f 5090 5091 4102 4100
f 5090 4227 4233 5091
f 4235 5094 5093 4237
f 5094 4108 4106 5093
f 4104 5092 5093 4106
f 4231 4237 5093 5092
f 4239 5096 5095 4241
f 5096 4112 4110 5095
f 4108 5094 5095 4110
f 5094 4235 4241 5095
f 4243 5098 5097 4245
f 4116 4114 5097 5098
f 5096 5097 4114 4112
f 4239 4245 5097 5096
f 5100 5099 4249 4247
f 5100 4120 4118 5099
f 4116 5098 5099 4118
f 4243 4249 5099 5098
f 4251 5102 5101 4253
f 4123 4122 5101 5102
f 5100 5101 4122 4120
f 4247 4253 5101 5100
f 4255 5104 5103 4257
f 4129 4127 5103 5104
f 5102 5103 4127 4123
f 4251 4257 5103 5102
f 4259 5106 5105 4261
f 5106 4132 4130 5105
f 4129 5104 5105 4130
f 4255 4261 5105 5104
f 4263 5108 5107 4265
f 5108 4136 4134 5107
f 4132 5106 5107 4134
f 4259 4265 5107 5106
f 4267 5110 5109 4269
f 5110 4140 4138 5109
f 5108 5109 4138 4136
f 4263 4269 5109 5108
f 4207 5080 5111 4271
f 5080 4080 4142 5111
f 4140 5110 5111 4142
f 4267 4271 5111 5110
f 4367 5113 5112 4366
f 5113 4148 4144 5112
f 5114 5112 4144 4146
f 5114 4368 4366 5112
f 5114 5115 4371 4368
f 5114 4146 4150 5115
f 5116 5115 4150 4152
f 5116 4372 4371 5115
f 4372 5116 5117 4374
f 5116 4152 4154 5117
f 5118 5117 4154 4156
f 4375 4374 5117 5118
f 5118 5119 4377 4375
f 5118 4156 4158 5119
f 5120 5119 4158 4160
f 4378 4377 5119 5120
f 4378 5120 5121 4379
f 5120 4160 4162 5121
f 5122 5121 4162 4164
f 5122 4380 4379 5121
f 4380 5122 5123 4383
f 5122 4164 4166 5123
f 5124 5123 4166 4168
f 4384 4383 5123 5124
f 4384 5124 5125 4385
f 5124 4168 4170 5125
f 5126 5125 4170 4172
f 5126 4386 4385 5125
f 4386 5126 5127 4387
f 4172 4174 5127 5126
f 5128 5127 4174 4176
f 5128 4388 4387 5127
f 4388 5128 5129 4390
f 5128 4176 4178 5129
f 5130 5129 4178 4180
f 5130 4391 4390 5129
f 4391 5130 5131 4393
f 4180 4182 5131 5130
f 5132 5131 4182 4184
f 5132 4394 4393 5131
f 4394 5132 5133 4397
f 5132 4184 4186 5133
f 4188 5134 5133 4186
f 4398 4397 5133 5134
f 5134 5135 4401 4398
f 5134 4188 4190 5135
f 5136 5135 4190 4192
f 4402 4401 5135 5136
f 4402 5136 5137 4404
f 5136 4192 4194 5137
f 5138 5137 4194 4196
f 5138 4405 4404 5137
f 4405 5138 5139 4408
f 5138 4196 4198 5139
f 5140 5139 4198 4200
f 4409 4408 5139 5140
f 4409 5140 5141 4411
f 5140 4200 4202 5141
f 4204 5142 5141 4202
f 4412 4411 5141 5142
f 5142 5143 4414 4412
f 5142 4204 4206 5143
f 5144 5143 4206 4208
f 4415 4414 5143 5144
f 5146 5145 4466 4465
f 5146 4212 4210 5145
f 5113 5145 4210 4148
f 4367 4466 5145 5113
f 4462 5148 5147 4464
f 5148 4216 4214 5147
f 5146 5147 4214 4212
f 4465 4464 5147 5146
f 4458 5150 5149 4461
f 5150 4220 4218 5149
f 5148 5149 4218 4216
f 4462 4461 5149 5148
f 4456 5152 5151 4457
f 5152 4224 4222 5151
f 5150 5151 4222 4220
f 5150 4458 4457 5151
f 5154 5153 4455 4453
f 5154 4228 4226 5153
f 5152 5153 4226 4224
f 4456 4455 5153 5152
f 4450 5156 5155 4452
f 5156 4232 4230 5155
f 5154 5155 4230 4228
f 4453 4452 5155 5154
f 5158 5157 4449 4447
f 5158 4236 4234 5157
f 5156 5157 4234 4232
f 4450 4449 5157 5156
f 5160 5159 4446 4443
f 5160 4240 4238 5159
f 4236 5158 5159 4238
f 4447 4446 5159 5158
f 5162 5161 4442 4439
f 5162 4244 4242 5161
f 5160 5161 4242 4240
f 4443 4442 5161 5160
f 5164 5163 4438 4435
f 5164 4248 4246 5163
f 4244 5162 5163 4246
f 4439 4438 5163 5162
f 4431 5166 5165 4434
f 5166 4252 4250 5165
f 5164 5165 4250 4248
f 4435 4434 5165 5164
f 4428 5168 5167 4430
f 5168 4256 4254 5167
f 5166 5167 4254 4252
f 5166 4431 4430 5167
f 5170 5169 4427 4424
f 5170 4260 4258 5169
f 5168 5169 4258 4256
f 4428 4427 5169 5168
f 4420 5172 5171 4423
f 5172 4264 4262 5171
f 5170 5171 4262 4260
f 4424 4423 5171 5170
f 4417 5174 5173 4419
f 5174 4268 4266 5173
f 5172 5173 4266 4264
f 5172 4420 4419 5173
f 4415 5144 5175 4416
f 5144 4208 4270 5175
f 5174 5175 4270 4268
f 5174 4417 4416 5175
f 5179 5176 5177 5178
f 5179 4302 4300 5176
f 5180 5176 4300 4301
f 5181 5177 5176 5180
f 5185 5182 5183 5184
f 5185 4304 4303 5182
f 5179 5182 4303 4302
f 5178 5183 5182 5179
f 5188 5189 5186 5187
f 5189 4306 4305 5186
f 5185 5186 4305 4304
f 5185 5184 5187 5186
f 5193 5190 5191 5192
f 5193 4308 4307 5190
f 5189 5190 4307 4306
f 5188 5191 5190 5189
f 5196 5197 5194 5195
f 5197 4310 4309 5194
f 5193 5194 4309 4308
f 5193 5192 5195 5194
f 5200 5201 5198 5199
f 5201 4312 4311 5198
f 5197 5198 4311 4310
f 5197 5196 5199 5198
f 5204 5205 5202 5203
f 5205 4314 4313 5202
f 5201 5202 4313 4312
f 5201 5200 5203 5202
f 5208 5209 5206 5207
f 5209 4316 4315 5206
f 5205 5206 4315 4314
f 5205 5204 5207 5206
f 5212 5213 5210 5211
f 5213 4318 4317 5210
f 5209 5210 4317 4316
f 5209 5208 5211 5210
f 5217 5214 5215 5216
f 5217 4320 4319 5214
f 5213 5214 4319 4318
f 5212 5215 5214 5213
f 5220 5221 5218 5219
f 5221 4322 4321 5218
f 5217 5218 4321 4320
f 5217 5216 5219 5218
f 5224 5225 5222 5223
f 5225 4324 4323 5222
f 5221 5222 4323 4322
f 5221 5220 5223 5222
f 5229 5226 5227 5228
f 5229 4326 4325 5226
f 5225 5226 4325 4324
f 5224 5227 5226 5225
f 5233 5230 5231 5232
f 4328 4327 5230 5233
f 5229 5230 4327 4326
f 5228 5231 5230 5229
f 5236 5237 5234 5235
f 5237 4330 4329 5234
f 5233 5234 4329 4328
f 5233 5232 5235 5234
f 5241 5238 5239 5240
f 5241 4332 4331 5238
f 5237 5238 4331 4330
f 5236 5239 5238 5237
f 5244 5245 5242 5243
f 5245 4334 4333 5242
f 5241 5242 4333 4332
f 5241 5240 5243 5242
f 5249 5246 5247 5248
f 5249 4336 4335 5246
f 5245 5246 4335 4334
f 5244 5247 5246 5245
f 5252 5253 5250 5251
f 5253 4338 4337 5250
f 5249 5250 4337 4336
f 5249 5248 5251 5250
f 5257 5254 5255 5256
f 5257 4340 4339 5254
f 5253 5254 4339 4338
f 5252 5255 5254 5253
f 5261 5258 5259 5260
f 5261 4342 4341 5258
f 5257 5258 4341 4340
f 5256 5259 5258 5257
f 5265 5262 5263 5264
f 5265 4344 4343 5262
f 5261 5262 4343 4342
f 5260 5263 5262 5261
f 5268 5269 5266 5267
f 5269 4346 4345 5266
f 5265 5266 4345 4344
f 5265 5264 5267 5266
f 5273 5270 5271 5272
f 5273 4348 4347 5270
f 5269 5270 4347 4346
f 5268 5271 5270 5269
f 5277 5274 5275 5276
f 5277 4350 4349 5274
f 5273 5274 4349 4348
f 5272 5275 5274 5273
f 5281 5278 5279 5280
f 5281 4352 4351 5278
f 5277 5278 4351 4350
f 5276 5279 5278 5277
f 5285 5282 5283 5284
f 5285 4354 4353 5282
f 5281 5282 4353 4352
f 5280 5283 5282 5281
f 5289 5286 5287 5288
f 5289 4356 4355 5286
f 5285 5286 4355 4354
f 5284 5287 5286 5285
f 5292 5293 5290 5291
f 5293 4358 4357 5290
f 5289 5290 4357 4356
f 5289 5288 5291 5290
f 5297 5294 5295 5296
f 5297 4360 4359 5294
f 5293 5294 4359 4358
f 5293 5292 5295 5294
f 5300 5301 5298 5299
f 5301 4362 4361 5298
f 5297 5298 4361 4360
f 5297 5296 5299 5298
f 5181 5180 5302 5303
f 5180 4301 4363 5302
f 5301 5302 4363 4362
f 5301 5300 5303 5302
f 4468 5305 5304 4467
f 4601 4600 5304 5305
f 5306 5304 4600 4599
f 5306 4469 4467 5304
f 5308 5307 4473 4474
f 4601 5305 5307 4689
f 5307 5308 4689
f 4468 4473 5307 5305
f 5310 5309 4477 4478
f 4687 4690 5309 5310
f 5308 5309 4690 4689
f 5308 4474 4477 5309
f 4482 5312 5311 4481
f 4687 5310 5311 4683
f 5311 5312 4683
f 4478 4481 5311 5310
f 4486 5314 5313 4485
f 4681 4684 5313 5314
f 5312 5313 4684 4683
f 4482 4485 5313 5312
f 4490 5316 5315 4489
f 4681 5314 5315 4677
f 5315 5316 4677
f 5314 4486 4489 5315
f 4494 5318 5317 4493
f 4674 4678 5317 5318
f 5316 5317 4678 4677
f 5316 4490 4493 5317
f 5320 5319 4497 4498
f 4672 4674 5319 5320
f 4494 4497 5319 5318
f 4502 5322 5321 4501
f 4672 5320 5321 4668
f 5321 5322 4668
f 5320 4498 4501 5321
f 5324 5323 4505 4506
f 5324 4666 4669 5323
f 4668 5322 5323 4669
f 4502 4505 5323 5322
f 5326 5325 4509 4510
f 4663 4666 5325 5326
f 5324 4506 4509 5325
f 4514 5328 5327 4513
f 4663 5326 5327 4659
f 5327 5328 4659
f 4510 4513 5327 5326
f 5330 5329 4517 4518
f 4657 4660 5329 5330
f 5328 5329 4660 4659
f 4514 4517 5329 5328
f 5332 5331 4521 4522
f 4654 4657 5331 5332
f 4518 4521 5331 5330
f 4526 5334 5333 4525
f 4651 4654 5333 5334
f 4522 4525 5333 5332
f 5336 5335 4529 4530
f 4651 5334 5335 4648
f 5335 5336 4648
f 5334 4526 4529 5335
f 4534 5338 5337 4533
f 4644 4649 5337 5338
f 5336 5337 4649 4648
f 5336 4530 4533 5337
f 5340 5339 4537 4538
f 5340 4642 4645 5339
f 4644 5338 5339 4645
f 4534 4537 5339 5338
f 4542 5342 5341 4541
f 4639 4642 5341 5342
f 5340 4538 4541 5341
f 4546 5344 5343 4545
f 4639 5342 5343 4635
f 5343 5344 4635
f 5342 4542 4545 5343
f 4550 5346 5345 4549
f 4632 4636 5345 5346
f 5344 5345 4636 4635
f 5344 4546 4549 5345
f 4554 5348 5347 4553
f 5348 4629 4633 5347
f 4632 5346 5347 4633
f 5346 4550 4553 5347
f 4558 5350 5349 4557
f 4626 4629 5349 5350
f 4554 4557 5349 5348
f 5352 5351 4561 4562
f 4626 5350 5351 4623
f 5351 5352 4623
f 5350 4558 4561 5351
f 4566 5354 5353 4565
f 4620 4624 5353 5354
f 5352 5353 4624 4623
f 5352 4562 4565 5353
f 5356 5355 4569 4570
f 4618 4620 5355 5356
f 4566 4569 5355 5354
f 4574 5358 5357 4573
f 4615 4618 5357 5358
f 5356 4570 4573 5357
f 4578 5360 5359 4577
f 4615 5358 5359 4612
f 5359 5360 4612
f 5358 4574 4577 5359
f 5362 5361 4581 4582
f 4612 5360 5361 4609
f 5361 5362 4609
f 4578 4581 5361 5360
f 4586 5364 5363 4585
f 5364 4606 4610 5363
f 5362 5363 4610 4609
f 5362 4582 4585 5363
f 4590 5366 5365 4589
f 4603 4606 5365 5366
f 4586 4589 5365 5364
f 5306 5367 4593 4469
f 4603 5366 5367 4599
f 4599 5367 5306
f 5366 4590 4593 5367
f 5371 5370 5368 5369
f 5372 5373 5368 5370
f 4598 4596 5368 5373
f 5373 5372 5375 5374
f 5376 5377 5374 5375
f 4602 4598 5374 5377
f 5377 5376 5379 5378
f 5380 5381 5378 5379
f 4605 4602 5378 5381
f 5380 5383 5382 5381
f 5384 5385 5382 5383
f 4608 4605 5382 5385
f 5384 5387 5386 5385
f 5388 5389 5386 5387
f 4611 4608 5386 5389
f 5388 5391 5390 5389
f 5392 5393 5390 5391
f 5393 4614 4611 5390
f 5392 5395 5394 5393
f 5396 5397 5394 5395
f 5397 4617 4614 5394
f 5396 5399 5398 5397
f 5400 5401 5398 5399
f 4619 4617 5398 5401
f 5400 5403 5402 5401
f 5404 5405 5402 5403
f 5405 4622 4619 5402
f 5405 5404 5407 5406
f 5408 5409 5406 5407
f 4625 4622 5406 5409
f 5408 5411 5410 5409
f 5412 5413 5410 5411
f 4628 4625 5410 5413
f 5412 5415 5414 5413
f 5416 5417 5414 5415
f 5417 4631 4628 5414
f 4631 5417 5418 4634
f 5416 5419 5418 5417
f 5420 5421 5418 5419
f 4634 5421 5422 4637
f 4634 5418 5421
f 5420 5423 5422 5421
f 5425 5422 5423 5424
f 4637 5425 5426 4640
f 4637 5422 5425
f 5424 5427 5426 5425
f 5429 5426 5427 5428
f 5429 5430 4643 4640
f 4640 5426 5429
f 5428 5431 5430 5429
f 5432 5433 5430 5431
f 5432 5435 5434 5433
f 4643 5430 5433
f 5436 5437 5434 5435
f 4647 4643 5434 5437
f 5437 5436 5439 5438
f 5440 5441 5438 5439
f 4650 4647 5438 5441
f 5441 5440 5443 5442
f 5444 5445 5442 5443
f 4653 4650 5442 5445
f 5444 5447 5446 5445
f 5448 5449 5446 5447
f 5449 4656 4653 5446
f 5448 5451 5450 5449
f 5452 5453 5450 5451
f 5453 4658 4656 5450
f 4658 5453 5454 4661
f 5452 5455 5454 5453
f 5457 5454 5455 5456
f 4661 5457 5458 4664
f 4661 5454 5457
f 5456 5459 5458 5457
f 5461 5458 5459 5460
f 4664 5461 5462 4667
f 4664 5458 5461
f 5460 5463 5462 5461
f 5464 5465 5462 5463
f 4667 5465 5466 4670
f 4667 5462 5465
f 5464 5467 5466 5465
f 5468 5469 5466 5467
f 5468 5471 5470 5469
f 4670 5466 5469
f 5472 5473 5470 5471
f 5473 4673 4670 5470
f 5472 5475 5474 5473
f 5476 5477 5474 5475
f 5477 4676 4673 5474
f 4676 5477 5478 4679
f 5476 5479 5478 5477
f 5480 5481 5478 5479
f 4679 5481 5482 4682
f 4679 5478 5481
f 5480 5483 5482 5481
f 5484 5485 5482 5483
f 4682 5485 5486 4685
f 4682 5482 5485
f 5484 5487 5486 5485
f 5489 5486 5487 5488
f 4685 5489 5490 4688
f 4685 5486 5489
f 5488 5491 5490 5489
f 5492 5493 5490 5491
f 5493 5494 4691 4688
f 4688 5490 5493
f 5492 5495 5494 5493
f 5371 5369 5494 5495
f 5369 4596 4691 5494
f 5497 5496 4692 4693
f 3737 3736 5496 5497
f 5498 5496 3736 3735
f 4694 4692 5496 5498
f 4699 5500 5499 4698
f 3742 3741 5499 5500
f 5497 5499 3741 3737
f 5497 4693 4698 5499
f 5502 5501 4700 4701
f 3747 3746 5501 5502
f 3742 5500 5501 3746
f 4699 4700 5501 5500
f 5504 5503 4703 4704
f 5504 3752 3751 5503
f 5502 5503 3751 3747
f 5502 4701 4703 5503
f 5506 5505 4706 4707
f 5506 3757 3756 5505
f 3752 5504 5505 3756
f 4704 4706 5505 5504
f 5508 5507 4708 4709
f 5508 3761 3760 5507
f 3757 5506 5507 3760
f 4707 4708 5507 5506
f 5510 5509 4711 4712
f 5510 3766 3765 5509
f 3761 5508 5509 3765
f 4709 4711 5509 5508
f 4716 5512 5511 4715
f 3771 3770 5511 5512
f 3766 5510 5511 3770
f 5510 4712 4715 5511
f 5514 5513 4718 4719
f 3776 3775 5513 5514
f 3771 5512 5513 3775
f 4716 4718 5513 5512
f 4723 5516 5515 4722
f 3781 3780 5515 5516
f 3776 5514 5515 3780
f 5514 4719 4722 5515
f 4726 5518 5517 4725
f 3786 3785 5517 5518
f 5516 5517 3785 3781
f 5516 4723 4725 5517
f 4730 5520 5519 4729
f 3791 3790 5519 5520
f 5518 5519 3790 3786
f 5518 4726 4729 5519
f 4734 5522 5521 4733
f 3796 3795 5521 5522
f 5520 5521 3795 3791
f 5520 4730 4733 5521
f 5524 5523 4737 4738
f 5524 3801 3800 5523
f 3796 5522 5523 3800
f 4734 4737 5523 5522
f 5526 5525 4741 4742
f 5526 3806 3805 5525
f 3801 5524 5525 3805
f 4738 4741 5525 5524
f 4746 5528 5527 4745
f 5528 3811 3810 5527
f 3806 5526 5527 3810
f 5526 4742 4745 5527
f 5530 5529 4747 4748
f 3885 3887 5529 5530
f 3811 5528 5529 3887
f 4746 4747 5529 5528
f 4750 5532 5531 4749
f 3880 3884 5531 5532
f 5530 5531 3884 3885
f 5530 4748 4749 5531
f 4753 5534 5533 4752
f 3875 3879 5533 5534
f 5532 5533 3879 3880
f 5532 4750 4752 5533
f 4756 5536 5535 4755
f 3870 3874 5535 5536
f 5534 5535 3874 3875
f 5534 4753 4755 5535
f 5538 5537 4759 4760
f 5538 3865 3869 5537
f 3870 5536 5537 3869
f 4756 4759 5537 5536
f 5540 5539 4762 4763
f 5540 3860 3864 5539
f 3865 5538 5539 3864
f 4760 4762 5539 5538
f 5542 5541 4765 4766
f 3855 3859 5541 5542
f 3860 5540 5541 3859
f 4763 4765 5541 5540
f 4768 5544 5543 4767
f 3850 3854 5543 5544
f 3855 5542 5543 3854
f 5542 4766 4767 5543
f 5546 5545 4771 4772
f 3845 3849 5545 5546
f 3850 5544 5545 3849
f 4768 4771 5545 5544
f 4775 5548 5547 4774
f 3840 3844 5547 5548
f 3845 5546 5547 3844
f 5546 4772 4774 5547
f 5550 5549 4777 4778
f 3836 3839 5549 5550
f 5548 5549 3839 3840
f 5548 4775 4777 5549
f 4780 5552 5551 4779
f 3831 3835 5551 5552
f 5550 5551 3835 3836
f 5550 4778 4779 5551
f 5554 5553 4782 4783
f 5554 3826 3830 5553
f 5552 5553 3830 3831
f 5552 4780 4782 5553
f 4785 5556 5555 4784
f 3821 3825 5555 5556
f 3826 5554 5555 3825
f 5554 4783 4784 5555
f 5558 5557 4787 4788
f 5558 3816 3820 5557
f 3821 5556 5557 3820
f 4785 4787 5557 5556
f 4694 5498 5559 4790
f 3735 3815 5559 5498
f 3816 5558 5559 3815
f 5558 4788 4790 5559
f 5561 5560 4792 4793
f 5561 3734 3732 5560
f 5562 5560 3732 3731
f 4794 4792 5560 5562
f 4799 5564 5563 4798
f 5564 3814 3813 5563
f 5561 5563 3813 3734
f 5561 4793 4798 5563
f 5566 5565 4802 4803
f 3819 3818 5565 5566
f 5564 5565 3818 3814
f 4799 4802 5565 5564
f 5568 5567 4806 4807
f 3823 3822 5567 5568
f 5566 5567 3822 3819
f 4803 4806 5567 5566
f 4811 5570 5569 4812
f 5570 3828 3827 5569
f 5568 5569 3827 3823
f 5568 4807 4812 5569
f 5572 5571 4814 4815
f 3833 3832 5571 5572
f 5570 5571 3832 3828
f 4811 4814 5571 5570
f 4819 5574 5573 4818
f 3838 3837 5573 5574
f 5572 5573 3837 3833
f 5572 4815 4818 5573
f 4824 5576 5575 4822
f 3843 3842 5575 5576
f 5574 5575 3842 3838
f 5574 4819 4822 5575
f 5578 5577 4826 4827
f 5578 3848 3847 5577
f 5576 5577 3847 3843
f 4824 4826 5577 5576
f 4831 5580 5579 4830
f 5580 3853 3852 5579
f 5578 5579 3852 3848
f 5578 4827 4830 5579
f 5582 5581 4834 4835
f 3858 3857 5581 5582
f 5580 5581 3857 3853
f 4831 4834 5581 5580
f 5584 5583 4838 4839
f 3863 3862 5583 5584
f 3858 5582 5583 3862
f 4835 4838 5583 5582
f 4843 5586 5585 4842
f 5586 3868 3867 5585
f 5584 5585 3867 3863
f 5584 4839 4842 5585
f 5588 5587 4846 4847
f 5588 3872 3871 5587
f 5586 5587 3871 3868
f 4843 4846 5587 5586
f 4851 5590 5589 4850
f 3877 3876 5589 5590
f 3872 5588 5589 3876
f 5588 4847 4850 5589
f 4855 5592 5591 4854
f 5592 3882 3881 5591
f 3877 5590 5591 3881
f 5590 4851 4854 5591
f 5594 5593 4858 4859
f 5594 3808 3886 5593
f 5592 5593 3886 3882
f 4855 4858 5593 5592
f 4863 5596 5595 4862
f 5596 3803 3809 5595
f 5594 5595 3809 3808
f 5594 4859 4862 5595
f 4867 5598 5597 4866
f 3798 3804 5597 5598
f 5596 5597 3804 3803
f 5596 4863 4866 5597
f 4871 5600 5599 4872
f 3793 3799 5599 5600
f 5598 5599 3799 3798
f 5598 4867 4872 5599
f 4876 5602 5601 4874
f 5602 3788 3794 5601
f 5600 5601 3794 3793
f 5600 4871 4874 5601
f 5604 5603 4878 4879
f 5604 3783 3789 5603
f 5602 5603 3789 3788
f 4876 4878 5603 5602
f 4884 5606 5605 4882
f 5606 3778 3784 5605
f 3783 5604 5605 3784
f 5604 4879 4882 5605
f 4888 5608 5607 4886
f 5608 3773 3779 5607
f 3778 5606 5607 3779
f 5606 4884 4886 5607
f 5610 5609 4890 4891
f 5610 3768 3774 5609
f 5608 5609 3774 3773
f 4888 4890 5609 5608
f 4896 5612 5611 4894
f 5612 3763 3769 5611
f 5610 5611 3769 3768
f 5610 4891 4894 5611
f 5614 5613 4898 4899
f 5614 3758 3764 5613
f 3763 5612 5613 3764
f 4896 4898 5613 5612
f 5616 5615 4902 4903
f 3754 3759 5615 5616
f 5614 5615 3759 3758
f 4899 4902 5615 5614
f 4908 5618 5617 4906
f 3749 3755 5617 5618
f 3754 5616 5617 3755
f 5616 4903 4906 5617
f 5620 5619 4910 4912
f 5620 3744 3750 5619
f 5618 5619 3750 3749
f 5618 4908 4910 5619
f 4915 5622 5621 4914
f 5622 3739 3745 5621
f 3744 5620 5621 3745
f 4912 4914 5621 5620
f 4794 5562 5623 4918
f 5562 3731 3740 5623
f 3739 5622 5623 3740
f 5622 4915 4918 5623
f 5267 4437 4440 5268
f 5268 4440 4441 5271
f 4437 5267 4436
f 5628 5624 5626 5627
f 5629 5625 5624 5628
f 5633 5634 5630 5632
f 5634 5635 5631 5630
f 5637 5639 5638 5636
f 5641 5636 5638 5640
f 5651 5650 5648 5649
f 5645 5646 5647
f 5653 5648 5650 5652
f 5655 5657 5656 5654
f 5658 5659 5654 5656
f 5661 5663 5662 5660
f 5665 5660 5662 5664
f 5675 5672 5673 5674
f 5666 5667 5668
f 5633 5632 5672 5675
f 5658 5678 5676 5659
f 5678 5679 5677 5676
f 5681 5683 5682 5680
f 5685 5680 5682 5684
f 5629 5693 5692 5625
f 5689 5690 5691
f 5695 5692 5693 5694
f 5697 5699 5698 5696
f 5651 5649 5696 5698
f 5701 5703 5702 5700
f 5705 5700 5702 5704
f 5716 5715 5712 5714
f 5706 5707 5708
f 5722 5721 5724 5712
f 5717 5718 5719
f 5720 5717 5719
f 5721 5722 5723
f 5729 5728 5724 5727
f 5722 5726 5723
f 5718 5717 5730 5732
f 5728 5712 5724
f 5728 5734 5730 5712
f 5717 5712 5730
f 5728 5729 5733
f 5734 5728 5733
f 5726 5722 5737 5739
f 5735 5715 5736
f 5737 5712 5715
f 5715 5716 5736
f 5641 5742 5740 5741
f 5722 5712 5737
f 5742 5642 5743 5740
f 5626 5744 5740 5743
f 5713 5741 5740 5744
f 5719 5747 5745 5746
f 5631 5748 5745 5747
f 5749 5745 5748 5645
f 5637 5746 5745 5749
f 5661 5752 5750 5751
f 5723 5753 5750 5752
f 5653 5754 5750 5753
f 5754 5666 5751 5750
f 5655 5757 5755 5756
f 5725 5758 5755 5757
f 5665 5759 5755 5758
f 5759 5669 5756 5755
f 5685 5762 5760 5761
f 5762 5686 5763 5760
f 5673 5764 5760 5763
f 5731 5761 5760 5764
f 5733 5767 5765 5766
f 5677 5768 5765 5767
f 5769 5765 5768 5689
f 5681 5766 5765 5769
f 5701 5772 5770 5771
f 5736 5773 5770 5772
f 5695 5774 5770 5773
f 5774 5706 5771 5770
f 5777 5775 5776 5709
f 5697 5778 5775 5777
f 5738 5779 5775 5778
f 5705 5776 5775 5779
f 5744 5780 5714 5713
f 5744 5626 5624 5780
f 5625 5781 5780 5624
f 5781 5716 5714 5780
f 5632 5630 5782 5783
f 5747 5782 5630 5631
f 5747 5719 5718 5782
f 5784 5743 5642 5643
f 5627 5626 5743 5784
f 5640 5786 5742 5641
f 5785 5631 5635
f 5631 5785 5748
f 5786 5644 5642 5742
f 5746 5787 5720 5719
f 5746 5637 5636 5787
f 5741 5787 5636 5641
f 5741 5713 5720 5787
f 5788 5749 5645 5647
f 5639 5637 5749 5788
f 5752 5789 5721 5723
f 5752 5661 5660 5789
f 5758 5789 5660 5665
f 5758 5725 5721 5789
f 5649 5648 5790 5791
f 5753 5790 5648 5653
f 5753 5723 5726 5790
f 5757 5792 5727 5725
f 5757 5655 5654 5792
f 5659 5793 5792 5654
f 5793 5729 5727 5792
f 5795 5756 5669 5670
f 5794 5653 5652
f 5653 5794 5754
f 5657 5655 5756 5795
f 5664 5796 5759 5665
f 5796 5671 5669 5759
f 5797 5751 5666 5668
f 5663 5661 5751 5797
f 5764 5798 5732 5731
f 5764 5673 5672 5798
f 5632 5783 5798 5672
f 5783 5718 5732 5798
f 5659 5676 5799 5793
f 5767 5799 5676 5677
f 5767 5733 5729 5799
f 5800 5763 5686 5687
f 5674 5673 5763 5800
f 5684 5802 5762 5685
f 5801 5677 5679
f 5677 5801 5768
f 5802 5688 5686 5762
f 5766 5803 5734 5733
f 5766 5681 5680 5803
f 5761 5803 5680 5685
f 5761 5731 5734 5803
f 5804 5769 5689 5691
f 5683 5681 5769 5804
f 5772 5805 5735 5736
f 5772 5701 5700 5805
f 5779 5805 5700 5705
f 5779 5738 5735 5805
f 5625 5692 5806 5781
f 5773 5806 5692 5695
f 5773 5736 5716 5806
f 5778 5807 5739 5738
f 5778 5697 5696 5807
f 5649 5791 5807 5696
f 5791 5726 5739 5807
f 5809 5777 5709 5710
f 5808 5695 5694
f 5695 5808 5774
f 5699 5697 5777 5809
f 5704 5810 5776 5705
f 5810 5711 5709 5776
f 5811 5771 5706 5708
f 5703 5701 5771 5811
f 5818 5819 5816 5817
f 5819 5821 5820 5816
f 5822 5823 5816 5820
f 5823 5824 5817 5816
f 5827 5828 5825 5826
f 5828 5830 5829 5825
f 5831 5832 5825 5829
f 5832 5833 5826 5825
f 5840 5841 5838 5839
f 5841 5843 5842 5838
f 5844 5845 5838 5842
f 5845 5846 5839 5838
f 5849 5850 5847 5848
f 5850 5852 5851 5847
f 5853 5854 5847 5851
f 5854 5855 5848 5847
f 5862 5863 5860 5861
f 5863 5865 5864 5860
f 5866 5867 5860 5864
f 5867 5868 5861 5860
f 5871 5872 5869 5870
f 5872 5874 5873 5869
f 5875 5876 5869 5873
f 5876 5877 5870 5869
f 5884 5885 5882 5883
f 5885 5887 5886 5882
f 5888 5889 5882 5886
f 5889 5890 5883 5882
f 5893 5894 5891 5892
f 5894 5896 5895 5891
f 5897 5898 5891 5895
f 5898 5899 5892 5891
f 5920 5921 5917 5919
f 5900 5903 5901
f 5906 5907 5904
f 5909 5912 5910
f 5913 5916 5914
f 5917 5918 5814
f 5919 5917 5814
f 5921 5824 5918 5917
f 5926 5922 5924 5925
f 5831 5923 5922 5926
f 5818 5929 5927 5928
f 5929 5931 5930 5927
f 5911 5928 5927 5932
f 5935 5933 5934 5833
f 5937 5936 5933 5935
f 5941 5942 5938 5940
f 5933 5936 5910
f 5934 5933 5910
f 5938 5939 5836
f 5940 5938 5836
f 5942 5846 5939 5938
f 5947 5943 5945 5946
f 5853 5944 5943 5947
f 5840 5950 5948 5949
f 5950 5952 5951 5948
f 5908 5949 5948 5905
f 5955 5953 5954 5855
f 5957 5956 5953 5955
f 5961 5962 5958 5960
f 5953 5956 5907
f 5954 5953 5907
f 5958 5959 5858
f 5960 5958 5858
f 5962 5868 5959 5958
f 5967 5963 5965 5966
f 5875 5964 5963 5967
f 5862 5970 5968 5969
f 5970 5972 5971 5968
f 5902 5969 5968 5973
f 5976 5974 5975 5877
f 5978 5977 5974 5976
f 5982 5983 5979 5981
f 5974 5977 5901
f 5975 5974 5901
f 5979 5980 5880
f 5981 5979 5880
f 5983 5890 5980 5979
f 5988 5984 5986 5987
f 5897 5985 5984 5988
f 5884 5991 5989 5990
f 5991 5993 5992 5989
f 5915 5990 5989 5994
f 5997 5995 5996 5899
f 5999 5998 5995 5997
f 5814 6001 6000 5812
f 5995 5998 5914
f 5996 5995 5914
f 5931 5929 6002 6003
f 5929 5818 5817 6002
f 5824 5921 6002 5817
f 5921 5920 6003 6002
f 5833 5832 6004 5935
f 5832 5831 5926 6004
f 5925 6005 6004 5926
f 6005 5937 5935 6004
f 5836 6007 6006 5834
f 5952 5950 6008 6009
f 5950 5840 5839 6008
f 5846 5942 6008 5839
f 5942 5941 6009 6008
f 5855 5854 6010 5955
f 5854 5853 5947 6010
f 5946 6011 6010 5947
f 6011 5957 5955 6010
f 5858 6013 6012 5856
f 5972 5970 6014 6015
f 5970 5862 5861 6014
f 5868 5962 6014 5861
f 5962 5961 6015 6014
f 5877 5876 6016 5976
f 5876 5875 5967 6016
f 5966 6017 6016 5967
f 6017 5978 5976 6016
f 5880 6019 6018 5878
f 5993 5991 6020 6021
f 5991 5884 5883 6020
f 5890 5983 6020 5883
f 5983 5982 6021 6020
f 5899 5898 6022 5997
f 5898 5897 5988 6022
f 5987 6023 6022 5988
f 6023 5999 5997 6022
f 5918 6028 6001 5814
f 6024 5901 5903
f 6025 5904 5907
f 6026 5910 5912
f 6027 5914 5916
f 5824 5823 6028 5918
f 6029 6028 5823 5822
f 5815 5923 6030 5813
f 6028 6029 6001
f 5923 5831 5829 6030
f 5830 6031 6030 5829
f 5928 6032 5819 5818
f 5813 6030 6031
f 5821 5819 6032 6033
f 5911 6032 5928
f 5833 5934 6034 5826
f 5910 6026 6034 5934
f 6035 5827 5826 6034
f 5939 6036 6007 5836
f 5846 5845 6036 5939
f 6037 6036 5845 5844
f 5837 5944 6038 5835
f 6036 6037 6007
f 5944 5853 5851 6038
f 5852 6039 6038 5851
f 5949 6040 5841 5840
f 5835 6038 6039
f 5843 5841 6040 6041
f 5908 6040 5949
f 5855 5954 6042 5848
f 5907 5906 6042 5954
f 6043 5849 5848 6042
f 5959 6044 6013 5858
f 5868 5867 6044 5959
f 6045 6044 5867 5866
f 5859 5964 6046 5857
f 6044 6045 6013
f 5964 5875 5873 6046
f 5874 6047 6046 5873
f 5969 6048 5863 5862
f 5857 6046 6047
f 5865 5863 6048 6049
f 5902 6048 5969
f 5877 5975 6050 5870
f 5901 6024 6050 5975
f 6051 5871 5870 6050
f 5980 6052 6019 5880
f 5890 5889 6052 5980
f 6053 6052 5889 5888
f 5881 5985 6054 5879
f 6052 6053 6019
f 5985 5897 5895 6054
f 5896 6055 6054 5895
f 5990 6056 5885 5884
f 5879 6054 6055
f 5887 5885 6056 6057
f 5915 6056 5990
f 5899 5996 6058 5892
f 5914 6027 6058 5996
f 6059 5893 5892 6058
f 2301 2300 2304 2307
f 6060 2435 2434 2421
f 2303 2304 2300
f 2304 2303 2308
f 2421 2278 6060
f 2687 2681 2680 2684
f 2421 2303 2302
f 2810 2811 6061 2803
f 2684 2680 2689
f 2503 2497 2496 2500
f 6061 2661 2803
f 2628 2629 6062 2619
f 2500 2496 2505
f 2866 2865 2869 2872
f 6062 2476 2619
f 6063 2996 2995 2984
f 2868 2869 2865
f 2869 2868 2873
f 2984 2845 6063
f 3054 3053 3057 3060
f 2984 2868 2867
f 6064 3179 3178 3165
f 3056 3057 3053
f 3057 3056 3061
f 3165 3032 6064
f 3235 3241 3240 3232
f 3165 3056 3055
f 3232 3240 3233
f 3355 3356 6065 3346
f 3529 3530 6066 3522
f 6065 3212 3346
f 3582 3581 3585 3588
f 6066 3386 3522
f 6067 3705 3704 3693
f 3584 3585 3581
f 3585 3584 3589
f 3693 3562 6067
f 6071 3212 6065 6073
f 3693 3584 3583
f 3561 6069 6070
f 6070 3562 3561
f 6068 3213 6072
f 3213 6068 2276
f 3356 6074 6073 6065
f 3353 6075 6077 3341
f 3354 6076 6075 3353
f 3354 3702 6078 6076
f 3702 3689 6079 6078
f 6079 3689 3705 6080
f 3356 3341 6077 6082
f 6082 6074 3356
f 3705 6067 6083 6081
f 6067 3562 6070 6083
f 6086 6088 6087 6084
f 6089 6092 6090 6085
f 6092 6093 6091 6090
f 6096 6097 6094 6095
f 6101 6099 6098 6100
f 6094 6097 6091
f 6094 6091 6093
f 6104 6102 6099 6101
f 6105 6103 6102 6104
f 6105 6108 6106 6103
f 6108 6109 6107 6106
f 6109 6113 6110 6107
f 6111 6112 6110
f 6120 6119 6116 6118
f 6111 6110 6113
f 6114 6087 6088
f 6114 6115 6087
f 6125 6124 6119 6123
f 6119 6121 6122
f 6130 6129 6124 6128
f 6124 6116 6119
f 6124 6126 6127
f 6117 6116 6131 6135
f 6129 6116 6124
f 6131 6116 6129
f 6131 6133 6134
f 6068 6137 6136 6069
f 6137 6089 6084 6136
f 6087 6138 6136 6084
f 6138 6070 6069 6136
f 6140 6139 6072 6071
f 6093 6092 6139 6140
f 6137 6139 6092 6089
f 6068 6072 6139 6137
f 6074 6142 6141 6073
f 6095 6094 6141 6142
f 6140 6141 6094 6093
f 6140 6071 6073 6141
f 6076 6144 6143 6075
f 6144 6105 6104 6143
f 6101 6145 6143 6104
f 6145 6077 6075 6143
f 6147 6146 6078 6079
f 6109 6108 6146 6147
f 6144 6146 6108 6105
f 6076 6078 6146 6144
f 6081 6149 6148 6080
f 6111 6113 6148 6149
f 6147 6148 6113 6109
f 6147 6079 6080 6148
f 6145 6150 6082 6077
f 6145 6101 6100 6150
f 6095 6142 6150 6100
f 6074 6082 6150 6142
f 6138 6151 6083 6070
f 6138 6087 6115 6151
f 6111 6149 6151 6115
f 6081 6083 6151 6149
f 6153 6152 6086 6085
f 6153 6120 6118 6152
f 6154 6152 6118 6117
f 6154 6088 6086 6152
f 6156 6155 6090 6091
f 6156 6122 6121 6155
f 6153 6155 6121 6120
f 6153 6085 6090 6155
f 6158 6157 6097 6096
f 6158 6125 6123 6157
f 6156 6157 6123 6122
f 6156 6091 6097 6157
f 6160 6159 6098 6099
f 6160 6127 6126 6159
f 6158 6159 6126 6125
f 6158 6096 6098 6159
f 6162 6161 6102 6103
f 6162 6130 6128 6161
f 6160 6161 6128 6127
f 6160 6099 6102 6161
f 6164 6163 6106 6107
f 6164 6132 6129 6163
f 6162 6163 6129 6130
f 6162 6103 6106 6163
f 6166 6165 6110 6112
f 6166 6134 6133 6165
f 6164 6165 6133 6132
f 6164 6107 6110 6165
f 6154 6167 6114 6088
f 6154 6117 6135 6167
f 6166 6167 6135 6134
f 6166 6112 6114 6167
f 6171 2476 6062 6173
f 2844 6169 6170
f 6170 2845 2844
f 6168 2477 6172
f 2477 6168 2276
f 2629 6174 6173 6062
f 2626 6175 6177 2614
f 2627 6176 6175 2626
f 2627 2993 6178 6176
f 2993 2980 6179 6178
f 6179 2980 2996 6180
f 2629 2614 6177 6182
f 6182 6174 2629
f 2996 6063 6183 6181
f 6063 2845 6170 6183
f 6192 6191 6194 6196
f 6184 6185 6186
f 6184 6189 6185
f 6190 6191 6192
f 6191 6190 6193
f 6200 6198 6195 6197
f 6201 6199 6198 6200
f 6208 6209 6206 6207
f 6202 6204 6199
f 6199 6201 6202
f 6188 6215 6214 6187
f 6203 6206 6209
f 6206 6203 6205
f 6210 6211 6212
f 6211 6210 6213
f 6212 6211 6214 6215
f 6222 6221 6216 6220
f 6216 6218 6219
f 6227 6226 6221 6225
f 6221 6223 6224
f 6232 6231 6226 6230
f 6226 6216 6221
f 6226 6228 6229
f 6217 6216 6231 6235
f 6231 6216 6226
f 6231 6233 6234
f 6168 6237 6236 6169
f 6237 6185 6189 6236
f 6187 6238 6236 6189
f 6238 6170 6169 6236
f 6240 6239 6172 6171
f 6191 6193 6239 6240
f 6237 6239 6193 6185
f 6168 6172 6239 6237
f 6174 6242 6241 6173
f 6197 6194 6241 6242
f 6240 6241 6194 6191
f 6240 6171 6173 6241
f 6176 6244 6243 6175
f 6244 6205 6202 6243
f 6201 6245 6243 6202
f 6245 6177 6175 6243
f 6247 6246 6178 6179
f 6207 6206 6246 6247
f 6244 6246 6206 6205
f 6176 6178 6246 6244
f 6181 6249 6248 6180
f 6211 6213 6248 6249
f 6247 6248 6213 6207
f 6247 6179 6180 6248
f 6245 6250 6182 6177
f 6245 6201 6200 6250
f 6197 6242 6250 6200
f 6174 6182 6250 6242
f 6238 6251 6183 6170
f 6238 6187 6214 6251
f 6211 6249 6251 6214
f 6181 6183 6251 6249
f 6253 6252 6184 6186
f 6253 6219 6218 6252
f 6254 6252 6218 6217
f 6254 6188 6184 6252
f 6256 6255 6190 6192
f 6256 6222 6220 6255
f 6253 6255 6220 6219
f 6253 6186 6190 6255
f 6258 6257 6196 6195
f 6258 6224 6223 6257
f 6256 6257 6223 6222
f 6256 6192 6196 6257
f 6260 6259 6198 6199
f 6260 6227 6225 6259
f 6258 6259 6225 6224
f 6258 6195 6198 6259
f 6262 6261 6204 6203
f 6262 6229 6228 6261
f 6260 6261 6228 6227
f 6260 6199 6204 6261
f 6264 6263 6209 6208
f 6264 6232 6230 6263
f 6262 6263 6230 6229
f 6262 6203 6209 6263
f 6266 6265 6210 6212
f 6266 6234 6233 6265
f 6264 6265 6233 6232
f 6264 6208 6210 6265
f 6254 6267 6215 6188
f 6254 6217 6235 6267
f 6266 6267 6235 6234
f 6266 6212 6215 6267
f 6271 3386 6066 6273
f 3031 6269 6270
f 6270 3032 3031
f 6268 3387 6272
f 3387 6268 2276
f 3530 6274 6273 6066
f 3528 6275 6277 3517
f 3176 6276 6275 3528
f 3176 3175 6278 6276
f 3175 3161 6279 6278
f 6279 3161 3179 6280
f 3530 3517 6277 6282
f 6282 6274 3530
f 3179 6064 6283 6281
f 6064 3032 6270 6283
f 6297 6295 6294 6296
f 6284 6285 6286
f 6284 6289 6285
f 6290 6291 6292
f 6291 6290 6293
f 6301 6298 6295 6297
f 6298 6299 6300
f 6300 6299 6302 6304
f 6298 6301 6299
f 6305 6309 6306 6303
f 6306 6307 6308
f 6288 6315 6314 6287
f 6307 6306 6309
f 6310 6311 6312
f 6311 6310 6313
f 6312 6311 6314 6315
f 6319 6318 6333 6317
f 6324 6323 6318 6322
f 6318 6320 6321
f 6329 6328 6323 6327
f 6323 6325 6326
f 6334 6333 6328 6332
f 6328 6318 6323
f 6328 6330 6331
f 6268 6337 6336 6269
f 6333 6318 6328
f 6333 6335 6316
f 6337 6285 6289 6336
f 6287 6338 6336 6289
f 6338 6270 6269 6336
f 6340 6339 6272 6271
f 6291 6293 6339 6340
f 6337 6339 6293 6285
f 6268 6272 6339 6337
f 6274 6342 6341 6273
f 6297 6296 6341 6342
f 6340 6341 6296 6291
f 6340 6271 6273 6341
f 6276 6344 6343 6275
f 6344 6305 6302 6343
f 6299 6345 6343 6302
f 6345 6277 6275 6343
f 6347 6346 6278 6279
f 6307 6309 6346 6347
f 6344 6346 6309 6305
f 6276 6278 6346 6344
f 6281 6349 6348 6280
f 6311 6313 6348 6349
f 6347 6348 6313 6307
f 6347 6279 6280 6348
f 6345 6350 6282 6277
f 6345 6299 6301 6350
f 6297 6342 6350 6301
f 6274 6282 6350 6342
f 6338 6351 6283 6270
f 6338 6287 6314 6351
f 6311 6349 6351 6314
f 6281 6283 6351 6349
f 6353 6352 6284 6286
f 6353 6319 6317 6352
f 6354 6352 6317 6316
f 6354 6288 6284 6352
f 6356 6355 6290 6292
f 6356 6321 6320 6355
f 6353 6355 6320 6319
f 6353 6286 6290 6355
f 6358 6357 6294 6295
f 6358 6324 6322 6357
f 6356 6357 6322 6321
f 6356 6292 6294 6357
f 6360 6359 6298 6300
f 6360 6326 6325 6359
f 6358 6359 6325 6324
f 6358 6295 6298 6359
f 6362 6361 6304 6303
f 6362 6329 6327 6361
f 6360 6361 6327 6326
f 6360 6300 6304 6361
f 6364 6363 6306 6308
f 6364 6331 6330 6363
f 6362 6363 6330 6329
f 6362 6303 6306 6363
f 6366 6365 6310 6312
f 6366 6334 6332 6365
f 6364 6365 6332 6331
f 6364 6308 6310 6365
f 6354 6367 6315 6288
f 6354 6316 6335 6367
f 6366 6367 6335 6334
f 6366 6312 6315 6367
f 6371 2661 6061 6373
f 2277 6369 6370
f 6370 2278 2277
f 6368 2662 6372
f 2662 6368 2276
f 2811 6374 6373 6061
f 2809 6375 6377 2798
f 2432 6376 6375 2809
f 2432 2431 6378 6376
f 2431 2417 6379 6378
f 6379 2417 2435 6380
f 2811 2798 6377 6382
f 6382 6374 2811
f 2435 6060 6383 6381
f 6060 2278 6370 6383
f 6389 6392 6390 6385
f 6384 6386 6387
f 6387 6388 6384
f 6392 6393 6391 6390
f 6401 6398 6395 6397
f 6394 6396 6391
f 6394 6391 6393
f 6398 6399 6400
f 6400 6399 6402 6404
f 6398 6401 6399
f 6409 6413 6410 6407
f 6403 6406 6408
f 6406 6403 6405
f 6411 6412 6410
f 6415 6412 6411 6414
f 6411 6410 6413
f 6422 6420 6416 6421
f 6416 6418 6419
f 6425 6424 6420 6423
f 6430 6429 6424 6428
f 6424 6426 6427
f 6417 6416 6431 6435
f 6429 6420 6424
f 6431 6420 6429
f 6431 6433 6434
f 6368 6437 6436 6369
f 6416 6420 6431
f 6437 6389 6384 6436
f 6388 6438 6436 6384
f 6438 6370 6369 6436
f 6440 6439 6372 6371
f 6393 6392 6439 6440
f 6437 6439 6392 6389
f 6368 6372 6439 6437
f 6374 6442 6441 6373
f 6397 6394 6441 6442
f 6440 6441 6394 6393
f 6440 6371 6373 6441
f 6376 6444 6443 6375
f 6444 6405 6402 6443
f 6399 6445 6443 6402
f 6445 6377 6375 6443
f 6447 6446 6378 6379
f 6409 6406 6446 6447
f 6444 6446 6406 6405
f 6376 6378 6446 6444
f 6381 6449 6448 6380
f 6411 6413 6448 6449
f 6447 6448 6413 6409
f 6447 6379 6380 6448
f 6445 6450 6382 6377
f 6445 6399 6401 6450
f 6397 6442 6450 6401
f 6374 6382 6450 6442
f 6438 6451 6383 6370
f 6438 6388 6414 6451
f 6411 6449 6451 6414
f 6381 6383 6451 6449
f 6453 6452 6386 6385
f 6453 6419 6418 6452
f 6454 6452 6418 6417
f 6454 6387 6386 6452
f 6456 6455 6390 6391
f 6456 6422 6421 6455
f 6453 6455 6421 6419
f 6453 6385 6390 6455
f 6458 6457 6396 6395
f 6458 6425 6423 6457
f 6456 6457 6423 6422
f 6456 6391 6396 6457
f 6460 6459 6398 6400
f 6460 6427 6426 6459
f 6458 6459 6426 6425
f 6458 6395 6398 6459
f 6462 6461 6404 6403
f 6462 6430 6428 6461
f 6460 6461 6428 6427
f 6460 6400 6404 6461
f 6464 6463 6408 6407
f 6464 6432 6429 6463
f 6462 6463 6429 6430
f 6462 6403 6408 6463
f 6466 6465 6410 6412
f 6466 6434 6433 6465
f 6464 6465 6433 6432
f 6464 6407 6410 6465
f 6454 6467 6415 6387
f 6454 6417 6435 6467
f 6466 6467 6435 6434
f 6466 6412 6415 6467
f 4364 5177 5181 4365
f 4369 5178 5177 4364
f 4370 5183 5178 4369
f 4373 5184 5183 4370
f 4382 5199 5196 4381
f 5184 4373 5187
f 5188 4376 5191
f 4396 5219 5216 4395
f 5199 4382 5200
f 5208 4389 5211
f 5212 4392 5215
f 4399 5220 5219 4396
f 4400 5223 5220 4399
f 4406 5228 5227 4403
f 5223 4400 5224
f 4407 5231 5228 4406
f 4410 5232 5231 4407
f 4422 5251 5248 4421
f 5232 4410 5235
f 5239 4413 5240
f 5244 4418 5247
f 4425 5252 5251 4422
f 4426 5255 5252 4425
f 4432 5260 5259 4429
f 5255 4426 5256
f 4433 5263 5260 4432
f 4436 5264 5263 4433
f 4445 5275 5272 4444
f 5264 4436 5267
f 4451 5280 5279 4448
f 5275 4445 5276
f 4460 5295 5292 4459
f 5280 4451 5283
f 5287 4454 5288
f 4463 5296 5295 4460
f 4306 5380 5379 4305
f 5296 4463 5299
f 5370 4300 5372
f 5375 4303 5376
f 4306 4307 5383 5380
f 4314 5396 5395 4313
f 5383 4307 5384
f 5387 4309 5388
f 5391 4311 5392
f 4314 4315 5399 5396
f 4354 5476 5475 4353
f 5399 4315 5400
f 5403 4317 5404
f 5407 4319 5408
f 5411 4321 5412
f 5415 4323 5416
f 5419 4325 5420
f 5423 4327 5424
f 5427 4329 5428
f 5431 4331 5432
f 5435 4333 5436
f 5439 4335 5440
f 5443 4337 5444
f 5447 4339 5448
f 5451 4341 5452
f 5455 4343 5456
f 5459 4345 5460
f 5463 4347 5464
f 5467 4349 5468
f 4354 4355 5479 5476
f 5479 4355 5480
f 5483 4357 5484
f 5487 4359 5488
f 5491 4361 5492
f 5495 4363 5371
