mtllib Rear_Tire.mtl
o tire_rear
v -0.041130 0.035361 0.312386
v -0.041459 0.000002 0.314880
v -0.000004 0.000002 0.317608
v -0.000004 0.035361 0.315093
v -0.040306 0.068352 0.306125
v -0.000004 0.068352 0.308777
v -0.079921 0.068352 0.298256
v -0.081556 0.035361 0.304356
v -0.082207 0.000002 0.306786
v -0.039146 0.096604 0.297316
v -0.000004 0.096604 0.299893
v -0.037422 0.118386 0.284215
v -0.000004 0.118386 0.286678
v -0.074202 0.118386 0.276910
v -0.077622 0.096604 0.289674
v -0.034902 0.131963 0.265076
v -0.000004 0.131963 0.267373
v -0.032101 0.137699 0.243804
v -0.000004 0.137699 0.245917
v -0.063652 0.137699 0.237537
v -0.069205 0.131963 0.258263
v -0.029534 0.135960 0.224302
v -0.000004 0.135960 0.226246
v -0.027046 0.129249 0.205519
v 0.000011 0.129249 0.207300
v -0.053642 0.129249 0.200237
v -0.058561 0.135960 0.218537
v -0.024484 0.120070 0.186403
v 0.000056 0.120070 0.188019
v -0.022412 0.112260 0.171004
v 0.000101 0.112261 0.172486
v -0.044541 0.112260 0.166609
v -0.048607 0.120070 0.181612
v -0.024544 -0.120065 0.186403
v -0.022517 -0.112255 0.171005
v -0.000004 -0.112255 0.172487
v -0.000004 -0.120065 0.188019
v -0.027061 -0.129244 0.205519
v -0.000004 -0.129244 0.207300
v -0.053657 -0.129244 0.200237
v -0.048666 -0.120065 0.181612
v -0.044646 -0.112256 0.166609
v -0.029534 -0.135955 0.224302
v -0.000004 -0.135955 0.226246
v -0.032101 -0.137695 0.243804
v -0.000004 -0.137695 0.245917
v -0.063652 -0.137695 0.237538
v -0.058560 -0.135955 0.218537
v -0.034902 -0.131958 0.265076
v -0.000004 -0.131958 0.267374
v -0.037421 -0.118381 0.284215
v -0.000004 -0.118381 0.286678
v -0.074201 -0.118381 0.276910
v -0.069205 -0.131958 0.258263
v -0.039146 -0.096599 0.297316
v -0.000004 -0.096599 0.299893
v -0.040306 -0.068347 0.306125
v -0.000004 -0.068347 0.308778
v -0.079921 -0.068347 0.298256
v -0.077621 -0.096599 0.289674
v -0.041130 -0.035357 0.312386
v -0.000004 -0.035357 0.315093
v -0.081556 -0.035357 0.304357
v -0.120580 0.035361 0.291097
v -0.121543 0.000002 0.293421
v -0.118164 0.068352 0.285263
v -0.154393 0.068352 0.267409
v -0.157550 0.035361 0.272879
v -0.158808 0.000002 0.275057
v -0.114764 0.096604 0.277054
v -0.109707 0.118386 0.264846
v -0.143343 0.118386 0.248271
v -0.149950 0.096604 0.259715
v -0.102320 0.131963 0.247012
v -0.094109 0.137699 0.227189
v -0.122962 0.137699 0.212970
v -0.133691 0.131963 0.231552
v -0.086581 0.135960 0.209016
v -0.079316 0.129249 0.191513
v -0.103639 0.129249 0.179527
v -0.113127 0.135960 0.195935
v -0.071893 0.120070 0.173700
v -0.065904 0.112261 0.159351
v -0.086142 0.112261 0.149378
v -0.093953 0.120070 0.162829
v -0.071953 -0.120065 0.173700
v -0.066009 -0.112255 0.159351
v -0.079331 -0.129244 0.191514
v -0.103654 -0.129244 0.179527
v -0.094013 -0.120066 0.162829
v -0.086247 -0.112255 0.149378
v -0.086581 -0.135955 0.209017
v -0.094108 -0.137695 0.227189
v -0.122962 -0.137695 0.212970
v -0.113127 -0.135955 0.195935
v -0.102319 -0.131958 0.247012
v -0.109707 -0.118381 0.264846
v -0.143343 -0.118381 0.248271
v -0.133690 -0.131958 0.231553
v -0.114763 -0.096599 0.277055
v -0.118163 -0.068347 0.285263
v -0.154392 -0.068347 0.267409
v -0.149950 -0.096599 0.259715
v -0.120580 -0.035357 0.291097
v -0.157550 -0.035357 0.272879
v -0.191813 0.035361 0.249971
v -0.193345 0.000002 0.251966
v -0.187969 0.068352 0.244961
v -0.218343 0.068352 0.218339
v -0.222808 0.035361 0.222804
v -0.224587 0.000002 0.224583
v -0.182560 0.096604 0.237912
v -0.174516 0.118386 0.227429
v -0.202716 0.118386 0.202712
v -0.212060 0.096604 0.212056
v -0.162765 0.131963 0.212114
v -0.149703 0.137699 0.195092
v -0.173893 0.137699 0.173889
v -0.189066 0.131962 0.189062
v -0.137729 0.135960 0.179486
v -0.126181 0.129249 0.164456
v -0.146572 0.129249 0.146583
v -0.159984 0.135960 0.159980
v -0.114398 0.120070 0.149160
v -0.104898 0.112261 0.136838
v -0.121865 0.112261 0.121966
v -0.132893 0.120070 0.132949
v -0.114458 -0.120066 0.149160
v -0.105003 -0.112255 0.136838
v -0.126195 -0.129244 0.164456
v -0.146587 -0.129244 0.146584
v -0.132953 -0.120066 0.132950
v -0.121970 -0.112255 0.121967
v -0.137728 -0.135955 0.179487
v -0.149703 -0.137695 0.195092
v -0.173893 -0.137695 0.173890
v -0.159984 -0.135955 0.159980
v -0.162764 -0.131958 0.212114
v -0.174516 -0.118381 0.227429
v -0.202716 -0.118382 0.202712
v -0.189065 -0.131959 0.189062
v -0.182560 -0.096600 0.237912
v -0.187969 -0.068347 0.244961
v -0.218342 -0.068347 0.218339
v -0.212060 -0.096600 0.212056
v -0.191813 -0.035357 0.249971
v -0.222808 -0.035357 0.222805
v -0.249975 0.035361 0.191810
v -0.251970 0.000002 0.193341
v -0.244965 0.068352 0.187965
v -0.267413 0.068351 0.154389
v -0.272883 0.035361 0.157547
v -0.275061 0.000002 0.158805
v -0.237916 0.096604 0.182556
v -0.227433 0.118386 0.174512
v -0.248275 0.118386 0.143339
v -0.259719 0.096604 0.149946
v -0.212118 0.131962 0.162761
v -0.195096 0.137699 0.149699
v -0.212975 0.137699 0.122958
v -0.231557 0.131962 0.133687
v -0.179491 0.135960 0.137725
v -0.164445 0.129249 0.126192
v -0.179517 0.129249 0.103650
v -0.195939 0.135960 0.113123
v -0.149104 0.120070 0.114454
v -0.136737 0.112261 0.104999
v -0.149277 0.112260 0.086243
v -0.162773 0.120070 0.094009
v -0.149164 -0.120066 0.114455
v -0.136842 -0.112256 0.104999
v -0.164460 -0.129244 0.126192
v -0.179531 -0.129245 0.103650
v -0.162833 -0.120066 0.094010
v -0.149382 -0.112256 0.086244
v -0.179490 -0.135956 0.137725
v -0.195096 -0.137695 0.149700
v -0.212974 -0.137695 0.122959
v -0.195939 -0.135956 0.113123
v -0.212118 -0.131959 0.162761
v -0.227432 -0.118382 0.174513
v -0.248274 -0.118382 0.143340
v -0.231556 -0.131959 0.133687
v -0.237916 -0.096600 0.182557
v -0.244965 -0.068347 0.187965
v -0.267413 -0.068347 0.154389
v -0.259719 -0.096600 0.149947
v -0.249975 -0.035357 0.191810
v -0.272883 -0.035357 0.157547
v -0.291101 0.035361 0.120577
v -0.293425 0.000002 0.121539
v -0.285267 0.068351 0.118160
v -0.298261 0.068351 0.079918
v -0.304361 0.035361 0.081552
v -0.306790 0.000002 0.082204
v -0.277059 0.096604 0.114760
v -0.264851 0.118386 0.109703
v -0.276914 0.118386 0.074198
v -0.289678 0.096604 0.077618
v -0.247016 0.131962 0.102316
v -0.227194 0.137699 0.094105
v -0.237542 0.137699 0.063648
v -0.258267 0.131962 0.069201
v -0.209021 0.135960 0.086577
v -0.191503 0.129249 0.079327
v -0.200226 0.129249 0.053653
v -0.218541 0.135960 0.058557
v -0.173644 0.120070 0.071949
v -0.159250 0.112260 0.066005
v -0.166508 0.112261 0.044643
v -0.181556 0.120070 0.048663
v -0.173704 -0.120066 0.071949
v -0.159355 -0.112256 0.066006
v -0.191517 -0.129245 0.079328
v -0.200241 -0.129245 0.053654
v -0.181616 -0.120066 0.048663
v -0.166613 -0.112256 0.044643
v -0.209020 -0.135956 0.086578
v -0.227193 -0.137695 0.094105
v -0.237542 -0.137695 0.063648
v -0.218541 -0.135956 0.058557
v -0.247016 -0.131959 0.102316
v -0.264850 -0.118382 0.109703
v -0.276914 -0.118382 0.074198
v -0.258267 -0.131959 0.069202
v -0.277059 -0.096600 0.114760
v -0.285267 -0.068347 0.118160
v -0.298260 -0.068347 0.079918
v -0.289678 -0.096600 0.077618
v -0.291101 -0.035357 0.120577
v -0.304361 -0.035357 0.081553
v -0.312390 0.035360 0.041127
v -0.314884 0.000002 0.041455
v -0.306129 0.068351 0.040302
v -0.308782 0.068351 -0.000000
v -0.315097 0.035360 -0.000000
v -0.317613 0.000002 -0.000000
v -0.297320 0.096604 0.039142
v -0.284219 0.118385 0.037418
v -0.286683 0.118385 -0.000000
v -0.299897 0.096604 -0.000000
v -0.265081 0.131962 0.034898
v -0.243808 0.137699 0.032097
v -0.245921 0.137699 -0.000000
v -0.267378 0.131962 -0.000000
v -0.224307 0.135960 0.029530
v -0.205509 0.129249 0.027057
v -0.207290 0.129249 -0.000000
v -0.226250 0.135960 -0.000000
v -0.186348 0.120070 0.024540
v -0.170904 0.112261 0.022513
v -0.172386 0.112260 -0.000000
v -0.187963 0.120070 -0.000000
v -0.186407 -0.120066 0.024541
v -0.171009 -0.112256 0.022513
v -0.205523 -0.129245 0.027058
v -0.207304 -0.129245 -0.000000
v -0.188023 -0.120066 -0.000000
v -0.172491 -0.112256 -0.000000
v -0.224306 -0.135956 0.029530
v -0.243808 -0.137695 0.032098
v -0.245921 -0.137695 0.000001
v -0.226250 -0.135956 -0.000000
v -0.265081 -0.131959 0.034899
v -0.284219 -0.118382 0.037418
v -0.286682 -0.118382 0.000001
v -0.267378 -0.131959 0.000001
v -0.297320 -0.096600 0.039143
v -0.306129 -0.068347 0.040303
v -0.308782 -0.068347 0.000001
v -0.299897 -0.096600 0.000001
v -0.312390 -0.035357 0.041127
v -0.315097 -0.035357 0.000001
v -0.312390 0.035360 -0.041126
v -0.314884 0.000002 -0.041454
v -0.306129 0.068351 -0.040302
v -0.298261 0.068351 -0.079917
v -0.304361 0.035360 -0.081552
v -0.306791 0.000002 -0.082203
v -0.297321 0.096604 -0.039142
v -0.284220 0.118385 -0.037418
v -0.276914 0.118385 -0.074198
v -0.289679 0.096603 -0.077618
v -0.265081 0.131962 -0.034898
v -0.243808 0.137699 -0.032097
v -0.237542 0.137699 -0.063648
v -0.258268 0.131962 -0.069201
v -0.224307 0.135960 -0.029530
v -0.205509 0.129249 -0.027057
v -0.200226 0.129249 -0.053653
v -0.218541 0.135960 -0.058557
v -0.186348 0.120070 -0.024540
v -0.170904 0.112260 -0.022513
v -0.166508 0.112260 -0.044643
v -0.181556 0.120070 -0.048663
v -0.186408 -0.120066 -0.024540
v -0.171009 -0.112256 -0.022513
v -0.205523 -0.129245 -0.027057
v -0.200241 -0.129245 -0.053653
v -0.181616 -0.120066 -0.048662
v -0.166613 -0.112256 -0.044642
v -0.224306 -0.135956 -0.029529
v -0.243808 -0.137695 -0.032097
v -0.237542 -0.137695 -0.063647
v -0.218541 -0.135956 -0.058556
v -0.265081 -0.131959 -0.034897
v -0.284219 -0.118382 -0.037417
v -0.276914 -0.118382 -0.074197
v -0.258267 -0.131959 -0.069201
v -0.297320 -0.096600 -0.039142
v -0.306129 -0.068347 -0.040302
v -0.298261 -0.068347 -0.079917
v -0.289679 -0.096600 -0.077617
v -0.312390 -0.035357 -0.041126
v -0.304361 -0.035357 -0.081552
v -0.291102 0.035360 -0.120576
v -0.293426 0.000002 -0.121539
v -0.285267 0.068351 -0.118160
v -0.267414 0.068351 -0.154389
v -0.272883 0.035360 -0.157546
v -0.275062 0.000002 -0.158804
v -0.277059 0.096603 -0.114760
v -0.264851 0.118385 -0.109703
v -0.248275 0.118385 -0.143339
v -0.259719 0.096603 -0.149946
v -0.247016 0.131962 -0.102316
v -0.227194 0.137699 -0.094105
v -0.212975 0.137699 -0.122958
v -0.231557 0.131962 -0.133687
v -0.209021 0.135960 -0.086577
v -0.191503 0.129249 -0.079327
v -0.179517 0.129249 -0.103650
v -0.195939 0.135960 -0.113123
v -0.173645 0.120070 -0.071949
v -0.159250 0.112260 -0.066005
v -0.149277 0.112260 -0.086243
v -0.162773 0.120070 -0.094009
v -0.173705 -0.120066 -0.071949
v -0.159355 -0.112256 -0.066005
v -0.191518 -0.129245 -0.079327
v -0.179532 -0.129245 -0.103650
v -0.162833 -0.120066 -0.094009
v -0.149382 -0.112256 -0.086243
v -0.209021 -0.135956 -0.086577
v -0.227194 -0.137695 -0.094104
v -0.212975 -0.137695 -0.122958
v -0.195939 -0.135956 -0.113123
v -0.247016 -0.131959 -0.102315
v -0.264851 -0.118382 -0.109702
v -0.248275 -0.118382 -0.143339
v -0.231557 -0.131959 -0.133686
v -0.277059 -0.096600 -0.114759
v -0.285267 -0.068347 -0.118159
v -0.267414 -0.068347 -0.154388
v -0.259719 -0.096600 -0.149946
v -0.291102 -0.035357 -0.120576
v -0.272883 -0.035357 -0.157546
v -0.249976 0.035360 -0.191809
v -0.251971 0.000002 -0.193340
v -0.244965 0.068351 -0.187965
v -0.218343 0.068351 -0.218339
v -0.222809 0.035360 -0.222804
v -0.224588 0.000001 -0.224583
v -0.237917 0.096604 -0.182556
v -0.227433 0.118385 -0.174512
v -0.202717 0.118386 -0.202712
v -0.212061 0.096604 -0.212056
v -0.212118 0.131962 -0.162761
v -0.195096 0.137699 -0.149699
v -0.173894 0.137699 -0.173890
v -0.189066 0.131962 -0.189062
v -0.179491 0.135960 -0.137725
v -0.164446 0.129249 -0.126192
v -0.146573 0.129249 -0.146583
v -0.159985 0.135960 -0.159980
v -0.149104 0.120070 -0.114454
v -0.136737 0.112260 -0.104999
v -0.121866 0.112260 -0.121966
v -0.132894 0.120070 -0.132949
v -0.149164 -0.120066 -0.114454
v -0.136842 -0.112256 -0.104999
v -0.164461 -0.129246 -0.126191
v -0.146588 -0.129246 -0.146583
v -0.132954 -0.120066 -0.132949
v -0.121971 -0.112256 -0.121966
v -0.179491 -0.135956 -0.137724
v -0.195096 -0.137695 -0.149699
v -0.173894 -0.137695 -0.173889
v -0.159985 -0.135956 -0.159980
v -0.212118 -0.131959 -0.162760
v -0.227433 -0.118382 -0.174512
v -0.202717 -0.118382 -0.202712
v -0.189066 -0.131959 -0.189061
v -0.237917 -0.096600 -0.182556
v -0.244965 -0.068347 -0.187965
v -0.218343 -0.068347 -0.218338
v -0.212061 -0.096600 -0.212056
v -0.249976 -0.035357 -0.191809
v -0.222809 -0.035357 -0.222804
v -0.191814 0.035360 -0.249971
v -0.193346 0.000001 -0.251966
v -0.187970 0.068351 -0.244961
v -0.154393 0.068351 -0.267409
v -0.157551 0.035360 -0.272879
v -0.158809 0.000001 -0.275057
v -0.182561 0.096604 -0.237912
v -0.174517 0.118386 -0.227429
v -0.143344 0.118386 -0.248271
v -0.149951 0.096604 -0.259715
v -0.162765 0.131963 -0.212114
v -0.149704 0.137699 -0.195092
v -0.122963 0.137699 -0.212970
v -0.133691 0.131963 -0.231552
v -0.137729 0.135960 -0.179487
v -0.126181 0.129249 -0.164456
v -0.103640 0.129249 -0.179527
v -0.113128 0.135960 -0.195935
v -0.114399 0.120070 -0.149160
v -0.104899 0.112260 -0.136838
v -0.086143 0.112261 -0.149378
v -0.093954 0.120070 -0.162829
v -0.114459 -0.120066 -0.149160
v -0.105004 -0.112256 -0.136837
v -0.126196 -0.129246 -0.164456
v -0.103655 -0.129244 -0.179527
v -0.094014 -0.120066 -0.162829
v -0.086248 -0.112256 -0.149377
v -0.137729 -0.135955 -0.179486
v -0.149704 -0.137695 -0.195091
v -0.122963 -0.137695 -0.212970
v -0.113128 -0.135955 -0.195935
v -0.162765 -0.131958 -0.212114
v -0.174517 -0.118382 -0.227428
v -0.143344 -0.118382 -0.248270
v -0.133692 -0.131958 -0.231552
v -0.182561 -0.096600 -0.237912
v -0.187970 -0.068347 -0.244960
v -0.154394 -0.068347 -0.267409
v -0.149951 -0.096600 -0.259714
v -0.191814 -0.035357 -0.249971
v -0.157551 -0.035357 -0.272878
v -0.120581 0.035360 -0.291097
v -0.121544 0.000001 -0.293421
v -0.118164 0.068351 -0.285263
v -0.079922 0.068351 -0.298256
v -0.081557 0.035360 -0.304357
v -0.082208 0.000001 -0.306786
v -0.114764 0.096604 -0.277055
v -0.109708 0.118385 -0.264846
v -0.074202 0.118385 -0.276910
v -0.077623 0.096604 -0.289674
v -0.102320 0.131963 -0.247012
v -0.094110 0.137699 -0.227189
v -0.063653 0.137699 -0.237538
v -0.069206 0.131963 -0.258263
v -0.086582 0.135960 -0.209016
v -0.079317 0.129249 -0.191513
v -0.053643 0.129249 -0.200237
v -0.058561 0.135960 -0.218537
v -0.071893 0.120070 -0.173700
v -0.065905 0.112260 -0.159351
v -0.044542 0.112260 -0.166609
v -0.048607 0.120070 -0.181612
v -0.071954 -0.120065 -0.173700
v -0.066010 -0.112256 -0.159351
v -0.079332 -0.129246 -0.191513
v -0.053658 -0.129246 -0.200236
v -0.048667 -0.120065 -0.181612
v -0.044647 -0.112256 -0.166609
v -0.086582 -0.135955 -0.209016
v -0.094110 -0.137695 -0.227189
v -0.063653 -0.137695 -0.237537
v -0.058561 -0.135956 -0.218537
v -0.102320 -0.131958 -0.247012
v -0.109708 -0.118382 -0.264846
v -0.074203 -0.118382 -0.276910
v -0.069206 -0.131958 -0.258263
v -0.114765 -0.096600 -0.277054
v -0.118165 -0.068347 -0.285263
v -0.079922 -0.068347 -0.298256
v -0.077623 -0.096599 -0.289674
v -0.120581 -0.035357 -0.291097
v -0.081557 -0.035357 -0.304356
v -0.041131 0.035360 -0.312386
v -0.041460 0.000002 -0.314880
v -0.040307 0.068352 -0.306125
v -0.000005 0.068352 -0.308778
v -0.000005 0.035360 -0.315093
v -0.000005 0.000002 -0.317609
v -0.039147 0.096604 -0.297316
v -0.037422 0.118386 -0.284215
v -0.000005 0.118386 -0.286678
v -0.000005 0.096604 -0.299893
v -0.034903 0.131963 -0.265076
v -0.032102 0.137699 -0.243804
v -0.000005 0.137699 -0.245917
v -0.000005 0.131963 -0.267374
v -0.029535 0.135960 -0.224302
v -0.027047 0.129249 -0.205519
v 0.000010 0.129249 -0.207300
v -0.000005 0.135960 -0.226246
v -0.024485 0.120070 -0.186403
v -0.022413 0.112260 -0.171005
v 0.000101 0.112260 -0.172487
v 0.000056 0.120070 -0.188019
v -0.024545 -0.120065 -0.186403
v -0.022518 -0.112256 -0.171004
v -0.027062 -0.129246 -0.205519
v -0.000005 -0.129246 -0.207300
v -0.000005 -0.120065 -0.188019
v -0.000005 -0.112256 -0.172486
v -0.029535 -0.135956 -0.224302
v -0.032102 -0.137696 -0.243804
v -0.000005 -0.137696 -0.245917
v -0.000005 -0.135956 -0.226246
v -0.034903 -0.131958 -0.265076
v -0.037423 -0.118382 -0.284215
v -0.000005 -0.118382 -0.286678
v -0.000005 -0.131958 -0.267373
v -0.039147 -0.096599 -0.297316
v -0.040307 -0.068347 -0.306125
v -0.000005 -0.068347 -0.308778
v -0.000005 -0.096599 -0.299893
v -0.041131 -0.035357 -0.312386
v -0.000005 -0.035357 -0.315093
v 0.041121 0.035360 -0.312386
v 0.041450 0.000002 -0.314880
v 0.040297 0.068352 -0.306125
v 0.079913 0.068352 -0.298257
v 0.081547 0.035360 -0.304357
v 0.082198 0.000002 -0.306786
v 0.039138 0.096604 -0.297316
v 0.037413 0.118386 -0.284215
v 0.074193 0.118386 -0.276910
v 0.077613 0.096604 -0.289674
v 0.034893 0.131963 -0.265077
v 0.032093 0.137699 -0.243804
v 0.063643 0.137699 -0.237538
v 0.069197 0.131963 -0.258263
v 0.029525 0.135960 -0.224302
v 0.027067 0.129249 -0.205519
v 0.053664 0.129249 -0.200237
v 0.058552 0.135960 -0.218537
v 0.024596 0.120070 -0.186404
v 0.022614 0.112261 -0.171005
v 0.044743 0.112261 -0.166609
v 0.048718 0.120070 -0.181612
v 0.024536 -0.120065 -0.186403
v 0.022509 -0.112256 -0.171005
v 0.027052 -0.129244 -0.205519
v 0.053649 -0.129244 -0.200237
v 0.048658 -0.120065 -0.181612
v 0.044638 -0.112256 -0.166609
v 0.029525 -0.135956 -0.224302
v 0.032093 -0.137696 -0.243804
v 0.063643 -0.137696 -0.237538
v 0.058552 -0.135955 -0.218537
v 0.034893 -0.131958 -0.265076
v 0.037413 -0.118382 -0.284215
v 0.074193 -0.118382 -0.276910
v 0.069197 -0.131958 -0.258263
v 0.039137 -0.096599 -0.297316
v 0.040297 -0.068347 -0.306125
v 0.079913 -0.068347 -0.298256
v 0.077613 -0.096599 -0.289674
v 0.041121 -0.035357 -0.312386
v 0.081547 -0.035357 -0.304357
v 0.120571 0.035360 -0.291098
v 0.121534 0.000002 -0.293421
v 0.118155 0.068352 -0.285263
v 0.154384 0.068352 -0.267410
v 0.157542 0.035360 -0.272879
v 0.158799 0.000002 -0.275057
v 0.114755 0.096604 -0.277055
v 0.109698 0.118386 -0.264847
v 0.143334 0.118386 -0.248271
v 0.149942 0.096604 -0.259715
v 0.102311 0.131963 -0.247012
v 0.094100 0.137699 -0.227190
v 0.122954 0.137699 -0.212971
v 0.133682 0.131963 -0.231553
v 0.086573 0.135960 -0.209017
v 0.079338 0.129249 -0.191514
v 0.103660 0.129249 -0.179528
v 0.113118 0.135960 -0.195935
v 0.072004 0.120070 -0.173700
v 0.066106 0.112261 -0.159351
v 0.086344 0.112261 -0.149378
v 0.094065 0.120071 -0.162829
v 0.071944 -0.120065 -0.173700
v 0.066001 -0.112256 -0.159351
v 0.079323 -0.129244 -0.191513
v 0.103645 -0.129244 -0.179527
v 0.094005 -0.120065 -0.162829
v 0.086239 -0.112256 -0.149378
v 0.086573 -0.135955 -0.209017
v 0.094100 -0.137695 -0.227189
v 0.122954 -0.137695 -0.212971
v 0.113118 -0.135955 -0.195935
v 0.102311 -0.131958 -0.247012
v 0.109698 -0.118381 -0.264847
v 0.143334 -0.118381 -0.248271
v 0.133682 -0.131958 -0.231553
v 0.114755 -0.096599 -0.277055
v 0.118155 -0.068347 -0.285263
v 0.154384 -0.068347 -0.267410
v 0.149941 -0.096599 -0.259715
v 0.120571 -0.035357 -0.291098
v 0.157542 -0.035357 -0.272879
v 0.191805 0.035360 -0.249971
v 0.193336 0.000002 -0.251967
v 0.187960 0.068352 -0.244961
v 0.218334 0.068352 -0.218339
v 0.222800 0.035361 -0.222805
v 0.224578 0.000002 -0.224584
v 0.182552 0.096604 -0.237913
v 0.174507 0.118386 -0.227429
v 0.202707 0.118386 -0.202712
v 0.212052 0.096604 -0.212057
v 0.162756 0.131963 -0.212114
v 0.149695 0.137699 -0.195092
v 0.173885 0.137700 -0.173890
v 0.189057 0.131964 -0.189062
v 0.137720 0.135960 -0.179487
v 0.126202 0.129249 -0.164457
v 0.146594 0.129249 -0.146584
v 0.159975 0.135960 -0.159980
v 0.114510 0.120071 -0.149160
v 0.105100 0.112260 -0.136838
v 0.122067 0.112261 -0.121967
v 0.133005 0.120071 -0.132950
v 0.114450 -0.120065 -0.149160
v 0.104995 -0.112256 -0.136838
v 0.126187 -0.129244 -0.164457
v 0.146579 -0.129244 -0.146584
v 0.132945 -0.120065 -0.132950
v 0.121962 -0.112256 -0.121967
v 0.137720 -0.135955 -0.179487
v 0.149694 -0.137695 -0.195092
v 0.173885 -0.137694 -0.173890
v 0.159975 -0.135955 -0.159980
v 0.162756 -0.131958 -0.212114
v 0.174507 -0.118381 -0.227429
v 0.202707 -0.118381 -0.202712
v 0.189057 -0.131958 -0.189062
v 0.182551 -0.096599 -0.237912
v 0.187960 -0.068347 -0.244961
v 0.218334 -0.068347 -0.218339
v 0.212051 -0.096599 -0.212057
v 0.191804 -0.035357 -0.249971
v 0.222800 -0.035357 -0.222805
v 0.249966 0.035361 -0.191810
v 0.251962 0.000002 -0.193341
v 0.244956 0.068352 -0.187965
v 0.267405 0.068352 -0.154389
v 0.272875 0.035361 -0.157547
v 0.275053 0.000002 -0.158804
v 0.237908 0.096604 -0.182557
v 0.227424 0.118386 -0.174512
v 0.248267 0.118386 -0.143339
v 0.259711 0.096604 -0.149947
v 0.212110 0.131964 -0.162761
v 0.195087 0.137700 -0.149699
v 0.212966 0.137700 -0.122959
v 0.231548 0.131963 -0.133687
v 0.179482 0.135960 -0.137725
v 0.164467 0.129249 -0.126192
v 0.179538 0.129250 -0.103650
v 0.195931 0.135960 -0.113123
v 0.149216 0.120071 -0.114455
v 0.136939 0.112261 -0.104999
v 0.149479 0.112261 -0.086243
v 0.162885 0.120071 -0.094010
v 0.149155 -0.120065 -0.114455
v 0.136833 -0.112256 -0.104999
v 0.164452 -0.129246 -0.126192
v 0.179523 -0.129246 -0.103650
v 0.162825 -0.120065 -0.094010
v 0.149374 -0.112256 -0.086243
v 0.179482 -0.135955 -0.137725
v 0.195087 -0.137694 -0.149699
v 0.212966 -0.137694 -0.122959
v 0.195931 -0.135955 -0.113123
v 0.212109 -0.131958 -0.162761
v 0.227424 -0.118381 -0.174512
v 0.248266 -0.118381 -0.143339
v 0.231548 -0.131958 -0.133687
v 0.237908 -0.096599 -0.182557
v 0.244956 -0.068347 -0.187965
v 0.267405 -0.068347 -0.154389
v 0.259710 -0.096599 -0.149947
v 0.249966 -0.035357 -0.191810
v 0.272874 -0.035357 -0.157547
v 0.291093 0.035361 -0.120577
v 0.293417 0.000002 -0.121539
v 0.285259 0.068352 -0.118160
v 0.298252 0.068352 -0.079918
v 0.304353 0.035361 -0.081552
v 0.306782 0.000002 -0.082203
v 0.277051 0.096604 -0.114760
v 0.264842 0.118386 -0.109703
v 0.276906 0.118386 -0.074198
v 0.289670 0.096604 -0.077618
v 0.247008 0.131963 -0.102316
v 0.227185 0.137700 -0.094105
v 0.237533 0.137700 -0.063648
v 0.258259 0.131963 -0.069202
v 0.209012 0.135960 -0.086578
v 0.191524 0.129250 -0.079328
v 0.200248 0.129250 -0.053653
v 0.218533 0.135960 -0.058557
v 0.173756 0.120071 -0.071949
v 0.159452 0.112261 -0.066005
v 0.166710 0.112260 -0.044643
v 0.181668 0.120071 -0.048663
v 0.173696 -0.120065 -0.071949
v 0.159347 -0.112256 -0.066005
v 0.191509 -0.129244 -0.079328
v 0.200233 -0.129244 -0.053653
v 0.181608 -0.120065 -0.048663
v 0.166605 -0.112256 -0.044643
v 0.209012 -0.135955 -0.086578
v 0.227185 -0.137694 -0.094105
v 0.237533 -0.137694 -0.063648
v 0.218533 -0.135955 -0.058557
v 0.247008 -0.131958 -0.102316
v 0.264842 -0.118381 -0.109703
v 0.276906 -0.118381 -0.074198
v 0.258259 -0.131958 -0.069202
v 0.277050 -0.096599 -0.114760
v 0.285259 -0.068347 -0.118160
v 0.298252 -0.068347 -0.079918
v 0.289670 -0.096599 -0.077618
v 0.291093 -0.035357 -0.120577
v 0.304352 -0.035357 -0.081552
v 0.312382 0.035361 -0.041127
v 0.314876 0.000002 -0.041455
v 0.306121 0.068352 -0.040302
v 0.308774 0.068352 -0.000000
v 0.315089 0.035361 -0.000000
v 0.317605 0.000002 -0.000000
v 0.297312 0.096604 -0.039143
v 0.284211 0.118386 -0.037418
v 0.286674 0.118386 -0.000000
v 0.299889 0.096604 -0.000000
v 0.265072 0.131963 -0.034898
v 0.243800 0.137700 -0.032098
v 0.245913 0.137700 -0.000000
v 0.267370 0.131963 -0.000000
v 0.224298 0.135960 -0.029530
v 0.205530 0.129250 -0.027057
v 0.207311 0.129250 -0.000000
v 0.226242 0.135960 -0.000000
v 0.186459 0.120071 -0.024541
v 0.171106 0.112260 -0.022513
v 0.172588 0.112260 -0.000000
v 0.188075 0.120071 -0.000000
v 0.186399 -0.120065 -0.024541
v 0.171001 -0.112256 -0.022513
v 0.205515 -0.129244 -0.027057
v 0.207296 -0.129244 -0.000000
v 0.188015 -0.120065 -0.000000
v 0.172483 -0.112256 -0.000000
v 0.224298 -0.135955 -0.029530
v 0.243800 -0.137694 -0.032098
v 0.245913 -0.137694 -0.000000
v 0.226242 -0.135955 -0.000000
v 0.265072 -0.131958 -0.034898
v 0.284211 -0.118381 -0.037418
v 0.286674 -0.118381 -0.000000
v 0.267370 -0.131958 -0.000000
v 0.297312 -0.096599 -0.039143
v 0.306121 -0.068347 -0.040302
v 0.308774 -0.068347 -0.000000
v 0.299889 -0.096599 -0.000000
v 0.312382 -0.035357 -0.041127
v 0.315089 -0.035357 -0.000000
v 0.312382 0.035361 0.041126
v 0.314876 0.000002 0.041454
v 0.306121 0.068352 0.040302
v 0.298252 0.068352 0.079917
v 0.304353 0.035361 0.081552
v 0.306782 0.000002 0.082203
v 0.297312 0.096604 0.039142
v 0.284211 0.118386 0.037417
v 0.276906 0.118386 0.074197
v 0.289670 0.096604 0.077618
v 0.265072 0.131963 0.034898
v 0.243800 0.137700 0.032097
v 0.237534 0.137700 0.063648
v 0.258259 0.131963 0.069201
v 0.224298 0.135960 0.029530
v 0.205530 0.129250 0.027057
v 0.200248 0.129250 0.053653
v 0.218533 0.135960 0.058557
v 0.186459 0.120071 0.024540
v 0.171106 0.112260 0.022513
v 0.166710 0.112260 0.044643
v 0.181668 0.120071 0.048663
v 0.186399 -0.120065 0.024540
v 0.171001 -0.112256 0.022513
v 0.205515 -0.129244 0.027057
v 0.200233 -0.129244 0.053653
v 0.181608 -0.120065 0.048663
v 0.166605 -0.112256 0.044643
v 0.224298 -0.135955 0.029530
v 0.243800 -0.137694 0.032097
v 0.237534 -0.137694 0.063648
v 0.218533 -0.135955 0.058557
v 0.265072 -0.131958 0.034898
v 0.284211 -0.118381 0.037417
v 0.276906 -0.118381 0.074197
v 0.258259 -0.131958 0.069201
v 0.297312 -0.096599 0.039142
v 0.306121 -0.068347 0.040302
v 0.298252 -0.068347 0.079917
v 0.289670 -0.096599 0.077618
v 0.312382 -0.035357 0.041126
v 0.304353 -0.035357 0.081552
v 0.291093 0.035361 0.120576
v 0.293417 0.000002 0.121539
v 0.285259 0.068352 0.118159
v 0.267405 0.068352 0.154389
v 0.272875 0.035361 0.157546
v 0.275053 0.000002 0.158804
v 0.277051 0.096604 0.114759
v 0.264842 0.118386 0.109703
v 0.248267 0.118386 0.143339
v 0.259711 0.096604 0.149946
v 0.247008 0.131964 0.102315
v 0.227185 0.137700 0.094105
v 0.212966 0.137700 0.122958
v 0.231549 0.131964 0.133687
v 0.209013 0.135960 0.086577
v 0.191524 0.129250 0.079327
v 0.179538 0.129250 0.103650
v 0.195931 0.135960 0.113123
v 0.173756 0.120071 0.071949
v 0.159452 0.112260 0.066005
v 0.149479 0.112260 0.086243
v 0.162885 0.120071 0.094009
v 0.173696 -0.120065 0.071949
v 0.159347 -0.112256 0.066005
v 0.191510 -0.129244 0.079327
v 0.179523 -0.129244 0.103650
v 0.162825 -0.120065 0.094009
v 0.149374 -0.112256 0.086243
v 0.209013 -0.135955 0.086577
v 0.227185 -0.137694 0.094105
v 0.212967 -0.137694 0.122958
v 0.195931 -0.135955 0.113123
v 0.247008 -0.131958 0.102315
v 0.264843 -0.118380 0.109703
v 0.248267 -0.118381 0.143339
v 0.231549 -0.131958 0.133686
v 0.277051 -0.096599 0.114759
v 0.285259 -0.068347 0.118159
v 0.267406 -0.068347 0.154388
v 0.259711 -0.096599 0.149946
v 0.291093 -0.035357 0.120576
v 0.272875 -0.035357 0.157546
v 0.249967 0.035361 0.191809
v 0.251963 0.000002 0.193340
v 0.244957 0.068352 0.187965
v 0.218335 0.068352 0.218338
v 0.222801 0.035361 0.222804
v 0.224579 0.000002 0.224583
v 0.237908 0.096604 0.182556
v 0.227425 0.118386 0.174512
v 0.202708 0.118386 0.202712
v 0.212052 0.096604 0.212056
v 0.212110 0.131963 0.162760
v 0.195088 0.137700 0.149699
v 0.173886 0.137700 0.173889
v 0.189058 0.131963 0.189061
v 0.179483 0.135960 0.137725
v 0.164467 0.129249 0.126192
v 0.146595 0.129249 0.146583
v 0.159976 0.135960 0.159980
v 0.149216 0.120071 0.114454
v 0.136939 0.112261 0.104999
v 0.122068 0.112261 0.121966
v 0.133006 0.120071 0.132949
v 0.149156 -0.120065 0.114454
v 0.136834 -0.112256 0.104999
v 0.164453 -0.129244 0.126192
v 0.146580 -0.129244 0.146583
v 0.132946 -0.120065 0.132949
v 0.121963 -0.112255 0.121966
v 0.179483 -0.135955 0.137725
v 0.195088 -0.137694 0.149699
v 0.173886 -0.137694 0.173889
v 0.159976 -0.135955 0.159980
v 0.212110 -0.131958 0.162760
v 0.227425 -0.118381 0.174512
v 0.202708 -0.118381 0.202712
v 0.189058 -0.131958 0.189061
v 0.237908 -0.096599 0.182556
v 0.244957 -0.068347 0.187965
v 0.218335 -0.068347 0.218338
v 0.212053 -0.096599 0.212056
v 0.249967 -0.035357 0.191809
v 0.222801 -0.035357 0.222804
v 0.191806 0.035361 0.249971
v 0.193337 0.000002 0.251966
v 0.187961 0.068352 0.244960
v 0.154385 0.068352 0.267409
v 0.157543 0.035361 0.272878
v 0.158800 0.000002 0.275057
v 0.182553 0.096604 0.237912
v 0.174508 0.118386 0.227428
v 0.143335 0.118386 0.248270
v 0.149943 0.096604 0.259715
v 0.162757 0.131963 0.212114
v 0.149695 0.137699 0.195092
v 0.122955 0.137699 0.212970
v 0.133683 0.131963 0.231552
v 0.137721 0.135960 0.179486
v 0.126203 0.129249 0.164456
v 0.103661 0.129249 0.179527
v 0.113119 0.135960 0.195935
v 0.114511 0.120071 0.149160
v 0.105101 0.112261 0.136838
v 0.086345 0.112260 0.149378
v 0.094066 0.120071 0.162829
v 0.114451 -0.120065 0.149160
v 0.104996 -0.112255 0.136838
v 0.126188 -0.129244 0.164456
v 0.103646 -0.129244 0.179527
v 0.094006 -0.120065 0.162829
v 0.086240 -0.112256 0.149378
v 0.137721 -0.135955 0.179486
v 0.149696 -0.137695 0.195092
v 0.122955 -0.137695 0.212970
v 0.113119 -0.135955 0.195935
v 0.162757 -0.131958 0.212114
v 0.174509 -0.118381 0.227428
v 0.143335 -0.118381 0.248270
v 0.133683 -0.131958 0.231552
v 0.182553 -0.096599 0.237912
v 0.187961 -0.068347 0.244960
v 0.154385 -0.068347 0.267409
v 0.149943 -0.096599 0.259714
v 0.191806 -0.035357 0.249971
v 0.157543 -0.035357 0.272878
v 0.120573 0.035361 0.291097
v 0.121535 0.000002 0.293421
v 0.118156 0.068352 0.285263
v 0.079914 0.068352 0.298256
v 0.081548 0.035361 0.304356
v 0.082199 0.000002 0.306786
v 0.114756 0.096604 0.277054
v 0.109699 0.118386 0.264846
v 0.074194 0.118386 0.276910
v 0.077614 0.096604 0.289674
v 0.102312 0.131963 0.247012
v 0.094101 0.137699 0.227189
v 0.063644 0.137699 0.237537
v 0.069198 0.131963 0.258263
v 0.086574 0.135960 0.209016
v 0.079339 0.129249 0.191513
v 0.053664 0.129249 0.200236
v 0.058553 0.135960 0.218537
v 0.072005 0.120070 0.173700
v 0.066107 0.112261 0.159351
v 0.044744 0.112261 0.166609
v 0.048719 0.120070 0.181612
v 0.071945 -0.120065 0.173700
v 0.066002 -0.112255 0.159351
v 0.079324 -0.129244 0.191513
v 0.053650 -0.129244 0.200237
v 0.048659 -0.120065 0.181612
v 0.044639 -0.112255 0.166609
v 0.086574 -0.135955 0.209016
v 0.094101 -0.137695 0.227189
v 0.063644 -0.137695 0.237537
v 0.058553 -0.135955 0.218537
v 0.102312 -0.131958 0.247012
v 0.109699 -0.118381 0.264846
v 0.074194 -0.118381 0.276910
v 0.069198 -0.131958 0.258263
v 0.114756 -0.096599 0.277054
v 0.118156 -0.068347 0.285263
v 0.079914 -0.068347 0.298256
v 0.077614 -0.096599 0.289674
v 0.120573 -0.035357 0.291097
v 0.081548 -0.035357 0.304356
v 0.041123 0.035361 0.312386
v 0.041451 0.000002 0.314879
v 0.040298 0.068352 0.306125
v 0.039139 0.096604 0.297316
v 0.037414 0.118386 0.284215
v 0.034894 0.131963 0.265076
v 0.032094 0.137699 0.243804
v 0.029526 0.135960 0.224302
v 0.027068 0.129249 0.205519
v 0.024597 0.120070 0.186403
v 0.022615 0.112261 0.171004
v 0.024537 -0.120065 0.186403
v 0.022510 -0.112255 0.171005
v 0.027054 -0.129244 0.205519
v 0.029526 -0.135955 0.224302
v 0.032094 -0.137695 0.243804
v 0.034894 -0.131958 0.265076
v 0.037414 -0.118381 0.284215
v 0.039139 -0.096599 0.297316
v 0.040299 -0.068347 0.306125
v 0.041123 -0.035357 0.312386
v -0.046518 0.125958 0.292962
v -0.036741 0.117810 0.301232
v -0.031987 0.119621 0.300381
v -0.042092 0.126805 0.292775
v -0.054045 0.133129 0.283588
v -0.050027 0.133329 0.283879
v -0.059177 0.132676 0.283039
v -0.052211 0.124651 0.293012
v -0.042891 0.115219 0.302110
v -0.057921 0.123296 0.292920
v -0.064307 0.132209 0.282386
v -0.062342 0.122081 0.292695
v -0.068288 0.131695 0.281737
v -0.053882 0.110249 0.303151
v -0.049088 0.112519 0.302796
v -0.039719 0.100181 0.311248
v -0.044813 0.096617 0.312045
v -0.032383 0.090071 0.317031
v -0.037679 0.085487 0.318116
v -0.025518 0.095783 0.315333
v -0.033126 0.104529 0.309950
v -0.026610 0.108688 0.308385
v -0.018749 0.101230 0.313300
v -0.021598 0.111664 0.306976
v -0.013585 0.105187 0.311522
v -0.057422 0.139317 0.273121
v -0.061881 0.139142 0.272578
v -0.053908 0.139305 0.273416
v -0.055542 0.143781 0.262084
v -0.058530 0.143822 0.262020
v -0.062290 0.143680 0.261785
v -0.059247 0.145947 0.250746
v -0.056735 0.145801 0.250577
v -0.059632 0.146517 0.241974
v -0.057479 0.146294 0.241660
v -0.062295 0.146609 0.242275
v -0.062372 0.145921 0.250817
v -0.065505 0.145882 0.250847
v -0.064969 0.146678 0.242545
v -0.067998 0.145676 0.250763
v -0.067111 0.146567 0.242687
v -0.069015 0.143256 0.261139
v -0.066053 0.143531 0.261490
v -0.066336 0.138963 0.271956
v -0.069812 0.138675 0.271341
v -0.001008 0.055954 0.328723
v 0.002954 0.060777 0.327647
v -0.004418 0.067127 0.325964
v -0.009471 0.062286 0.327128
v -0.004260 0.052566 0.329218
v -0.013640 0.059124 0.327605
v 0.004993 0.047719 0.330145
v 0.007212 0.051590 0.329556
v 0.009994 0.056575 0.328505
v 0.006468 0.066689 0.326069
v 0.012647 0.061768 0.327233
v 0.009015 0.071629 0.324508
v 0.014662 0.065838 0.326010
v 0.003108 0.079230 0.322218
v -0.000023 0.073633 0.324085
v -0.006739 0.081377 0.321430
v -0.002710 0.086645 0.319521
v -0.011967 0.087556 0.318997
v -0.007143 0.092201 0.317187
v -0.018314 0.081482 0.321006
v -0.012204 0.074975 0.323422
v -0.018114 0.069609 0.324803
v -0.024794 0.075518 0.322602
v -0.022852 0.065816 0.325484
v -0.029820 0.070929 0.323547
v 0.015129 0.050177 0.329597
v 0.016786 0.055177 0.328572
v 0.013825 0.046165 0.330207
v 0.022265 0.046237 0.329750
v 0.022721 0.050226 0.329170
v 0.023295 0.055180 0.328192
v 0.029968 0.050247 0.328603
v 0.030345 0.046268 0.329117
v 0.035434 0.050190 0.327964
v 0.036415 0.046236 0.328440
v 0.034158 0.055126 0.327148
v 0.029483 0.055182 0.327709
v 0.028971 0.060030 0.326710
v 0.032851 0.059975 0.326223
v 0.028562 0.063757 0.325733
v 0.031808 0.063697 0.325333
v 0.024281 0.063783 0.326062
v 0.023852 0.060046 0.327106
v 0.018426 0.060090 0.327430
v 0.019700 0.063850 0.326341
v 0.014605 -0.013739 0.333597
v 0.023546 -0.005886 0.333391
v 0.019287 -0.001894 0.333616
v 0.009779 -0.009197 0.333905
v 0.007626 -0.020252 0.333437
v 0.002520 -0.014890 0.333825
v 0.014216 -0.027399 0.332594
v 0.020619 -0.020348 0.332834
v 0.028700 -0.012125 0.332751
v 0.026194 -0.028383 0.331745
v 0.020698 -0.034877 0.331413
v 0.030282 -0.035084 0.330635
v 0.025612 -0.040712 0.330256
v 0.036345 -0.027783 0.330822
v 0.033183 -0.020520 0.331811
v 0.039839 -0.013908 0.331532
v 0.042420 -0.020588 0.330712
v 0.046923 -0.009411 0.330828
v 0.048896 -0.015219 0.330195
v 0.044275 -0.002068 0.331342
v 0.036230 -0.005941 0.332272
v 0.032160 0.000590 0.332754
v 0.041490 0.004919 0.331642
v 0.039263 0.010196 0.331639
v 0.028817 0.005093 0.332875
v 0.072213 -0.007848 0.326362
v 0.063885 -0.007857 0.328069
v 0.063655 -0.013344 0.327821
v 0.070785 -0.013329 0.326380
v 0.078460 -0.007854 0.324834
v 0.076135 -0.013328 0.325099
v 0.081387 -0.000779 0.324230
v 0.073996 -0.000783 0.326048
v 0.064136 -0.000781 0.328101
v 0.075688 0.006283 0.325554
v 0.084193 0.006299 0.323437
v 0.076960 0.011783 0.324945
v 0.086307 0.011788 0.322625
v 0.064463 0.011803 0.327613
v 0.064339 0.006298 0.327952
v 0.052578 0.006332 0.330011
v 0.051521 0.011854 0.329865
v 0.053903 -0.000778 0.329908
v 0.055197 -0.007886 0.329615
v 0.056167 -0.013390 0.329162
v -0.010760 -0.073682 0.323928
v -0.017988 -0.067133 0.325480
v -0.022033 -0.071747 0.323861
v -0.014853 -0.078267 0.322228
v -0.005233 -0.078579 0.322454
v -0.009365 -0.083125 0.320722
v 0.000165 -0.072504 0.324419
v -0.005411 -0.067578 0.325813
v -0.012703 -0.061003 0.327263
v -0.000001 -0.061304 0.327435
v 0.005624 -0.066238 0.326112
v 0.004197 -0.056350 0.328435
v 0.009839 -0.061294 0.327187
v -0.003208 -0.049785 0.329727
v -0.007356 -0.054729 0.328793
v -0.014771 -0.048020 0.329805
v -0.010671 -0.043105 0.330678
v -0.020473 -0.042769 0.330302
v -0.016409 -0.037912 0.331152
v -0.025708 -0.048983 0.328920
v -0.020055 -0.054266 0.328361
v -0.025277 -0.060392 0.326675
v -0.030883 -0.055097 0.327304
v -0.029274 -0.065014 0.325132
v -0.034828 -0.059724 0.325844
v -0.064008 -0.145997 0.249869
v -0.065020 -0.143734 0.260988
v -0.067933 -0.143558 0.260230
v -0.066643 -0.145823 0.249140
v -0.063125 -0.146641 0.241201
v -0.065546 -0.146486 0.240526
v -0.060060 -0.146645 0.241956
v -0.060667 -0.146007 0.250646
v -0.061309 -0.143764 0.261797
v -0.057319 -0.146019 0.251379
v -0.056990 -0.146646 0.242673
v -0.054632 -0.145863 0.251851
v -0.054527 -0.146497 0.243168
v -0.054622 -0.143670 0.263026
v -0.057587 -0.143796 0.262550
v -0.057584 -0.139149 0.273520
v -0.054328 -0.139056 0.274005
v -0.055571 -0.132567 0.283995
v -0.051949 -0.132698 0.284350
v -0.060173 -0.132206 0.283376
v -0.061693 -0.139081 0.272745
v -0.065791 -0.139015 0.271904
v -0.064769 -0.131838 0.282673
v -0.068994 -0.138817 0.271118
v -0.068347 -0.131402 0.281989
v -0.033819 -0.104694 0.309920
v -0.041999 -0.115200 0.302384
v -0.037319 -0.116826 0.301811
v -0.028641 -0.107402 0.308928
v -0.027435 -0.096105 0.315107
v -0.021917 -0.099731 0.313847
v -0.034654 -0.091126 0.316473
v -0.040539 -0.100912 0.310951
v -0.048037 -0.112868 0.302912
v -0.047316 -0.096990 0.311734
v -0.041942 -0.085956 0.317524
v -0.052543 -0.093776 0.312141
v -0.047550 -0.081814 0.318119
v -0.058808 -0.108419 0.303372
v -0.054111 -0.110457 0.303266
v -0.060402 -0.122196 0.293353
v -0.064514 -0.121115 0.293031
v -0.055102 -0.123385 0.293576
v -0.049813 -0.124538 0.293679
v -0.045683 -0.125273 0.293618
v -0.134927 -0.100175 0.283281
v -0.128259 -0.104525 0.284108
v -0.122712 -0.095778 0.291596
v -0.129764 -0.090067 0.291066
v -0.140015 -0.096611 0.282448
v -0.135134 -0.085481 0.290443
v -0.145853 -0.110244 0.271167
v -0.141188 -0.112514 0.272326
v -0.135087 -0.115213 0.273610
v -0.146496 -0.123290 0.260186
v -0.150626 -0.122076 0.258591
v -0.149273 -0.132205 0.248184
v -0.152852 -0.131691 0.246325
v -0.144604 -0.132672 0.250407
v -0.141100 -0.124646 0.262056
v -0.135677 -0.125953 0.263787
v -0.139899 -0.133125 0.252531
v -0.131413 -0.126800 0.264991
v -0.136173 -0.133324 0.254062
v -0.124189 -0.119615 0.275373
v -0.128971 -0.117803 0.274696
v -0.121580 -0.108682 0.284655
v -0.116379 -0.111659 0.284882
v -0.115647 -0.101225 0.291780
v -0.110186 -0.105182 0.291703
v -0.140562 -0.145876 0.217849
v -0.144407 -0.143525 0.227788
v -0.147111 -0.143250 0.226529
v -0.142904 -0.145671 0.216990
v -0.137461 -0.146674 0.210129
v -0.139540 -0.146562 0.209596
v -0.134836 -0.146603 0.210707
v -0.137577 -0.145916 0.218799
v -0.140923 -0.143675 0.229244
v -0.134586 -0.145941 0.219707
v -0.132212 -0.146511 0.211253
v -0.132147 -0.145797 0.220331
v -0.130069 -0.146289 0.211628
v -0.134606 -0.143776 0.231635
v -0.137425 -0.143817 0.230641
v -0.139839 -0.139312 0.241533
v -0.136593 -0.139300 0.242911
v -0.143905 -0.139137 0.239625
v -0.147943 -0.138959 0.237642
v -0.151054 -0.138670 0.235973
v -0.118635 -0.069604 0.302906
v -0.111151 -0.062281 0.307813
v -0.115260 -0.059120 0.306965
v -0.123349 -0.065811 0.302073
v -0.124294 -0.075514 0.298728
v -0.129363 -0.070924 0.298056
v -0.117640 -0.081477 0.299236
v -0.112590 -0.074969 0.303439
v -0.105987 -0.067122 0.308285
v -0.106776 -0.081372 0.303253
v -0.110983 -0.087551 0.299310
v -0.102352 -0.086639 0.302698
v -0.105835 -0.092196 0.299096
v -0.097667 -0.079224 0.307077
v -0.101225 -0.073628 0.307873
v -0.095678 -0.066684 0.311785
v -0.092770 -0.071624 0.311097
v -0.090171 -0.061763 0.314820
v -0.087875 -0.065833 0.314287
v -0.093089 -0.056571 0.315200
v -0.099509 -0.060770 0.312186
v -0.103609 -0.055947 0.311971
v -0.096060 -0.051585 0.315330
v -0.098351 -0.047715 0.315196
v -0.106853 -0.052561 0.311426
v -0.074500 -0.060025 0.319420
v -0.079487 -0.060041 0.318198
v -0.078753 -0.063778 0.317340
v -0.074584 -0.063752 0.318364
v -0.070662 -0.059969 0.320170
v -0.071375 -0.063691 0.318998
v -0.069709 -0.055120 0.321456
v -0.074326 -0.055177 0.320530
v -0.080356 -0.055175 0.319056
v -0.074144 -0.050242 0.321530
v -0.068753 -0.050185 0.322630
v -0.073947 -0.046264 0.322137
v -0.067969 -0.046231 0.323389
v -0.081820 -0.046232 0.320214
v -0.081206 -0.050219 0.319806
v -0.088552 -0.050172 0.317840
v -0.089981 -0.046160 0.318013
v -0.086657 -0.055172 0.317385
v -0.084743 -0.060084 0.316811
v -0.083193 -0.063845 0.316175
v -0.071117 -0.000585 0.326654
v -0.067096 0.005946 0.327439
v -0.074411 0.012130 0.325593
v -0.079514 0.005891 0.324627
v -0.074338 -0.005087 0.325747
v -0.083637 0.001899 0.323539
v -0.064014 -0.010191 0.327764
v -0.061894 -0.004914 0.328448
v -0.059151 0.002072 0.329013
v -0.063433 0.013914 0.327838
v -0.056472 0.009417 0.329333
v -0.060725 0.020594 0.327846
v -0.054400 0.015224 0.329335
v -0.066542 0.027788 0.326094
v -0.069856 0.020525 0.326069
v -0.076489 0.028387 0.323870
v -0.072258 0.035090 0.324062
v -0.081621 0.034882 0.321873
v -0.076588 0.040716 0.322273
v -0.088153 0.027404 0.321016
v -0.082130 0.020352 0.323202
v -0.088090 0.013745 0.322089
v -0.094685 0.020257 0.319803
v -0.092778 0.009202 0.320907
v -0.099665 0.014895 0.318611
v -0.050839 -0.006328 0.330285
v -0.049546 0.000783 0.330592
v -0.051800 -0.011849 0.329822
v -0.038789 -0.011798 0.331635
v -0.039011 -0.006292 0.331920
v -0.039250 0.000786 0.331999
v -0.027473 -0.006278 0.333106
v -0.026074 -0.011777 0.332916
v -0.018728 -0.006294 0.333692
v -0.016466 -0.011782 0.333564
v -0.021642 0.000784 0.333588
v -0.029235 0.000789 0.333060
v -0.031029 0.007852 0.332814
v -0.024614 0.007860 0.333269
v -0.032393 0.013335 0.332394
v -0.026908 0.013333 0.332811
v -0.039623 0.013349 0.331586
v -0.039479 0.007861 0.331893
v -0.048224 0.007890 0.330709
v -0.047163 0.013394 0.330574
v -0.114899 0.048025 0.309497
v -0.119488 0.054271 0.306507
v -0.125042 0.048988 0.305311
v -0.120480 0.042774 0.308227
v -0.111262 0.043111 0.311583
v -0.116870 0.037917 0.310279
v -0.103865 0.049791 0.312959
v -0.107530 0.054734 0.310801
v -0.112152 0.061008 0.307709
v -0.100111 0.061309 0.311757
v -0.096420 0.056355 0.313992
v -0.094351 0.066243 0.312217
v -0.090666 0.061299 0.314529
v -0.099031 0.072509 0.308935
v -0.104766 0.067583 0.308558
v -0.109283 0.073687 0.305128
v -0.103570 0.078585 0.305415
v -0.112660 0.078271 0.302258
v -0.106974 0.083130 0.302502
v -0.119995 0.071752 0.301618
v -0.116639 0.067137 0.304396
v -0.123944 0.060397 0.303305
v -0.127279 0.065019 0.300614
v -0.129475 0.055101 0.302190
v -0.132784 0.059729 0.299594
v -0.138453 0.139155 0.242817
v -0.142128 0.139088 0.240823
v -0.143931 0.132213 0.251410
v -0.139739 0.132572 0.253406
v -0.135502 0.139061 0.244275
v -0.136399 0.132702 0.254851
v -0.132425 0.143675 0.233731
v -0.135102 0.143801 0.232371
v -0.138415 0.143771 0.230517
v -0.131431 0.146024 0.221818
v -0.129018 0.145870 0.223088
v -0.128456 0.146651 0.213629
v -0.126262 0.146502 0.214853
v -0.131160 0.146649 0.212007
v -0.134395 0.146013 0.220096
v -0.137338 0.146002 0.218334
v -0.133847 0.146646 0.210352
v -0.139624 0.145827 0.216835
v -0.135946 0.146491 0.208969
v -0.144243 0.143563 0.226999
v -0.141702 0.143738 0.228612
v -0.145773 0.139020 0.238769
v -0.148582 0.138822 0.237041
v -0.148093 0.131843 0.249335
v -0.151290 0.131407 0.247591
v -0.147200 0.122201 0.260839
v -0.142221 0.123390 0.262672
v -0.151016 0.121122 0.259275
v -0.148745 0.108426 0.270866
v -0.144241 0.110463 0.272201
v -0.138350 0.112874 0.273721
v -0.140361 0.096995 0.282341
v -0.145462 0.093781 0.281130
v -0.137014 0.085961 0.289496
v -0.142535 0.081819 0.288348
v -0.129753 0.091132 0.290724
v -0.133669 0.100918 0.283668
v -0.126955 0.104699 0.284740
v -0.122463 0.096109 0.291631
v -0.121722 0.107407 0.285378
v -0.116824 0.099736 0.292118
v -0.127808 0.116832 0.275949
v -0.132439 0.115206 0.275064
v -0.137218 0.124543 0.264387
v -0.133267 0.125278 0.265592
v -0.027310 0.076479 0.300079
v -0.032541 0.071968 0.301227
v -0.030366 0.063773 0.282449
v -0.025408 0.068045 0.281354
v -0.020640 0.082391 0.298317
v -0.019083 0.073644 0.279679
v -0.021926 0.089210 0.312321
v -0.028846 0.083073 0.314146
v -0.034250 0.078364 0.315335
v -0.014052 0.088034 0.296206
v -0.012837 0.078995 0.277679
v -0.009139 0.092346 0.294389
v -0.008181 0.083084 0.275959
v -0.009985 0.099502 0.308253
v -0.015093 0.095063 0.310133
v -0.017511 0.102394 0.287541
v -0.009992 0.096668 0.291806
v -0.008989 0.087172 0.273515
v -0.016114 0.092594 0.269472
v -0.027421 0.109444 0.281547
v -0.025505 0.099271 0.263791
v -0.029019 0.117163 0.294983
v -0.018712 0.109813 0.301227
v -0.010880 0.103856 0.305647
v -0.037096 0.115807 0.274663
v -0.034671 0.105301 0.257268
v -0.044746 0.121680 0.266465
v -0.041918 0.110864 0.249502
v -0.047034 0.129928 0.279270
v -0.039079 0.123803 0.287807
v -0.048583 0.127256 0.256530
v -0.045553 0.116147 0.240090
v -0.050297 0.131490 0.245634
v -0.047180 0.120175 0.229761
v -0.052804 0.140120 0.257629
v -0.051024 0.135728 0.268942
v -0.051576 0.133338 0.234555
v -0.048402 0.121976 0.219247
v -0.052536 0.133861 0.226046
v -0.049316 0.122507 0.211175
v -0.055096 0.142530 0.237309
v -0.054129 0.142018 0.246134
v -0.056271 0.134368 0.222715
v -0.054364 0.134248 0.222567
v -0.051023 0.122797 0.207914
v -0.052829 0.122890 0.208059
v -0.058602 0.134471 0.223070
v -0.055045 0.122985 0.208393
v -0.061286 0.143217 0.234330
v -0.058859 0.143103 0.233960
v -0.056885 0.142956 0.233776
v -0.060948 0.134549 0.223392
v -0.057274 0.123063 0.208701
v -0.062878 0.134568 0.223792
v -0.059106 0.123100 0.209076
v -0.065722 0.143302 0.235048
v -0.063729 0.143301 0.234665
v -0.065821 0.133113 0.234808
v -0.064755 0.134088 0.227326
v -0.060874 0.122717 0.212393
v -0.061882 0.121759 0.219490
v -0.066925 0.130828 0.244490
v -0.062930 0.119547 0.228678
v -0.069784 0.139447 0.256456
v -0.068635 0.141799 0.246388
v -0.067551 0.142779 0.238612
v -0.067837 0.126489 0.254034
v -0.063794 0.115420 0.237725
v -0.066539 0.119752 0.263898
v -0.062565 0.109037 0.247070
v -0.069386 0.127946 0.276638
v -0.070733 0.134944 0.266385
v -0.061015 0.110268 0.274535
v -0.057331 0.100053 0.257147
v -0.053065 0.098525 0.284773
v -0.049798 0.088930 0.266850
v -0.055388 0.105929 0.298302
v -0.063646 0.118109 0.287681
v -0.044492 0.085013 0.293439
v -0.041671 0.076128 0.275070
v -0.037629 0.074192 0.299392
v -0.035170 0.065877 0.280719
v -0.039388 0.080655 0.313458
v -0.046486 0.091906 0.307291
v 0.036368 0.045584 0.306162
v 0.037390 0.041844 0.306726
v 0.035392 0.037878 0.286177
v 0.034424 0.041423 0.285641
v 0.034881 0.050307 0.305408
v 0.033014 0.045899 0.284925
v 0.036126 0.053673 0.320930
v 0.037668 0.048771 0.321713
v 0.038747 0.044895 0.322281
v 0.033392 0.054949 0.304545
v 0.031603 0.050295 0.284108
v 0.032076 0.058561 0.303838
v 0.030357 0.053719 0.283438
v 0.033239 0.062224 0.319289
v 0.034578 0.058491 0.320035
v 0.026875 0.060863 0.303761
v 0.029651 0.060698 0.303560
v 0.028060 0.055742 0.283175
v 0.025430 0.055899 0.283365
v 0.023292 0.060863 0.304044
v 0.022035 0.055899 0.283632
v 0.024216 0.064467 0.319541
v 0.027975 0.064463 0.319245
v 0.030864 0.064315 0.319017
v 0.019413 0.060863 0.304302
v 0.018360 0.055899 0.283877
v 0.015007 0.062785 0.303950
v 0.014186 0.057718 0.283543
v 0.015549 0.066486 0.319442
v 0.020152 0.064478 0.319809
v 0.009841 0.068545 0.302400
v 0.009291 0.063176 0.282075
v 0.004429 0.075946 0.300120
v 0.004165 0.070187 0.279915
v 0.004547 0.080173 0.315464
v 0.010174 0.072476 0.317833
v -0.000711 0.082784 0.297576
v -0.000707 0.076667 0.277506
v -0.004676 0.087723 0.295557
v -0.004463 0.081349 0.275594
v -0.004921 0.092449 0.310695
v -0.000812 0.087295 0.312814
v -0.013725 0.083911 0.296889
v -0.008769 0.088094 0.295336
v -0.008338 0.081698 0.275384
v -0.013033 0.077732 0.276854
v -0.020090 0.078187 0.298815
v -0.019064 0.072310 0.278679
v -0.020745 0.082533 0.314104
v -0.014137 0.088473 0.312104
v -0.009016 0.092825 0.310474
v -0.026531 0.072238 0.300420
v -0.025166 0.066675 0.280199
v -0.031379 0.067498 0.301560
v -0.029759 0.062183 0.281279
v -0.032461 0.071469 0.316931
v -0.027423 0.076364 0.315770
v -0.024121 0.058646 0.304440
v -0.030734 0.063327 0.302788
v -0.029148 0.058233 0.282443
v -0.022883 0.053799 0.284008
v -0.015142 0.052507 0.306381
v -0.014377 0.047982 0.285846
v -0.015585 0.056057 0.321909
v -0.024910 0.062440 0.319890
v -0.031794 0.067288 0.318164
v -0.005814 0.046060 0.307944
v -0.005539 0.041875 0.287327
v 0.003479 0.041112 0.308891
v 0.003265 0.037187 0.288224
v 0.003724 0.044265 0.324508
v -0.005908 0.049379 0.323530
v 0.012351 0.039465 0.308979
v 0.011669 0.035628 0.288308
v 0.020858 0.039471 0.308540
v 0.019729 0.035631 0.287892
v 0.021724 0.042589 0.324140
v 0.012915 0.042573 0.324597
v 0.029059 0.039475 0.307904
v 0.027500 0.035637 0.287290
v 0.035189 0.039646 0.307314
v 0.033307 0.035798 0.286733
v 0.036542 0.042742 0.322863
v 0.030207 0.042598 0.323480
v 0.076808 -0.007329 0.302558
v 0.074215 -0.012591 0.303025
v 0.069710 -0.011739 0.282487
v 0.072167 -0.006754 0.282044
v 0.079952 -0.000521 0.301893
v 0.075145 -0.000305 0.281414
v 0.083420 -0.000690 0.317440
v 0.080153 -0.007752 0.318131
v 0.077484 -0.013199 0.318598
v 0.083044 0.006289 0.301028
v 0.078076 0.006149 0.280596
v 0.085273 0.011555 0.300316
v 0.080189 0.011139 0.279922
v 0.088946 0.011829 0.315788
v 0.086623 0.006376 0.316543
v 0.073186 0.014366 0.303066
v 0.082521 0.014203 0.300871
v 0.077582 0.013645 0.280448
v 0.068737 0.013797 0.282526
v 0.060643 0.014371 0.305754
v 0.056853 0.013802 0.285072
v 0.063496 0.014601 0.321426
v 0.076486 0.014594 0.318641
v 0.086150 0.014455 0.316354
v 0.047714 0.014375 0.307998
v 0.044604 0.013807 0.287197
v 0.035474 0.012621 0.309758
v 0.033008 0.012146 0.288865
v 0.037410 0.012806 0.325576
v 0.050099 0.014614 0.323751
v 0.024993 0.007346 0.310995
v 0.023078 0.007147 0.290037
v 0.015506 0.000401 0.311748
v 0.014091 0.000569 0.290750
v 0.016709 0.000156 0.327638
v 0.026548 0.007351 0.326858
v 0.006247 -0.006356 0.312056
v 0.005319 -0.005834 0.291043
v -0.000627 -0.011566 0.312110
v -0.001194 -0.010770 0.291095
v -0.000064 -0.012264 0.328002
v 0.007093 -0.006869 0.327957
v 0.003521 -0.021799 0.311389
v -0.001374 -0.016271 0.311904
v -0.001901 -0.015226 0.290899
v 0.002737 -0.020462 0.290410
v 0.010047 -0.028847 0.310556
v 0.008920 -0.027140 0.289620
v 0.011029 -0.030005 0.326410
v 0.004258 -0.022694 0.327276
v -0.000833 -0.016987 0.327796
v 0.016528 -0.035815 0.309401
v 0.015060 -0.033741 0.288526
v 0.021585 -0.041000 0.308398
v 0.019850 -0.038654 0.287577
v 0.022986 -0.042642 0.324157
v 0.017760 -0.037243 0.325210
v 0.029943 -0.036171 0.308307
v 0.025792 -0.041044 0.308062
v 0.023834 -0.038698 0.287260
v 0.027767 -0.034081 0.287492
v 0.035293 -0.029523 0.308526
v 0.032836 -0.027780 0.287698
v 0.037083 -0.030670 0.324318
v 0.031503 -0.037598 0.324090
v 0.027197 -0.042689 0.323818
v 0.040844 -0.022540 0.308484
v 0.038096 -0.021165 0.287658
v 0.046749 -0.017177 0.308071
v 0.043690 -0.016085 0.287266
v 0.049006 -0.017830 0.323840
v 0.042859 -0.023405 0.324273
v 0.053161 -0.015390 0.307174
v 0.049765 -0.014391 0.286417
v 0.059670 -0.015390 0.305999
v 0.055931 -0.014391 0.285304
v 0.062500 -0.015956 0.321677
v 0.055699 -0.015964 0.322904
v 0.065868 -0.015390 0.304752
v 0.061803 -0.014391 0.284123
v 0.070615 -0.015233 0.303746
v 0.066301 -0.014243 0.283171
v 0.073903 -0.015820 0.319316
v 0.068973 -0.015954 0.320374
v -0.029572 -0.062155 0.302981
v -0.034758 -0.057054 0.303827
v -0.032758 -0.052437 0.283394
v -0.027845 -0.057270 0.282592
v -0.022706 -0.068547 0.301749
v -0.021339 -0.063325 0.281425
v -0.023626 -0.072390 0.317179
v -0.030763 -0.065746 0.318460
v -0.036161 -0.060470 0.319319
v -0.015902 -0.074732 0.300170
v -0.014894 -0.069184 0.279930
v -0.010602 -0.079281 0.298867
v -0.009872 -0.073496 0.278696
v -0.011073 -0.083554 0.314167
v -0.016554 -0.078819 0.315538
v -0.002246 -0.075037 0.300533
v -0.006305 -0.079310 0.299003
v -0.005803 -0.073523 0.278825
v -0.001958 -0.069475 0.280273
v 0.002902 -0.069263 0.302427
v 0.002920 -0.064005 0.282067
v 0.002760 -0.073152 0.317872
v -0.002591 -0.079151 0.315903
v -0.006779 -0.083594 0.314300
v 0.008115 -0.063305 0.304060
v 0.007859 -0.058358 0.283614
v 0.012036 -0.058540 0.305240
v 0.011574 -0.053845 0.284732
v 0.012263 -0.062032 0.320776
v 0.008177 -0.066959 0.319569
v 0.006221 -0.049272 0.307355
v 0.011510 -0.054134 0.306276
v 0.011076 -0.049671 0.285713
v 0.006065 -0.045065 0.286736
v -0.000838 -0.043036 0.308562
v -0.000623 -0.039156 0.287880
v -0.001115 -0.046129 0.324193
v 0.006221 -0.052611 0.322938
v 0.011726 -0.057629 0.321811
v -0.007947 -0.036688 0.309447
v -0.007358 -0.033143 0.288719
v -0.013520 -0.031905 0.309977
v -0.012638 -0.028612 0.289221
v -0.014268 -0.034545 0.325655
v -0.008504 -0.039533 0.325113
v -0.021840 -0.036373 0.308886
v -0.017883 -0.031898 0.309786
v -0.016770 -0.028605 0.289040
v -0.020520 -0.032844 0.288187
v -0.026795 -0.042267 0.307593
v -0.025213 -0.038428 0.286961
v -0.027863 -0.045312 0.323199
v -0.022713 -0.039187 0.324543
v -0.018628 -0.034524 0.325466
v -0.031696 -0.048064 0.306080
v -0.029857 -0.043922 0.285528
v -0.035339 -0.052609 0.304810
v -0.033308 -0.048226 0.284325
v -0.036756 -0.056031 0.320300
v -0.032958 -0.051342 0.321626
v -0.022822 -0.082710 0.298031
v -0.017495 -0.086702 0.296740
v -0.016033 -0.077761 0.278173
v -0.021081 -0.073978 0.279394
v -0.029919 -0.077549 0.299457
v -0.027809 -0.069084 0.280745
v -0.031601 -0.084176 0.313513
v -0.024239 -0.089531 0.312034
v -0.018706 -0.093632 0.310700
v -0.037077 -0.072191 0.300557
v -0.034596 -0.064008 0.281791
v -0.042653 -0.068147 0.301202
v -0.039881 -0.060177 0.282409
v -0.044790 -0.074387 0.315318
v -0.039027 -0.078613 0.314652
v -0.051837 -0.082500 0.293327
v -0.047077 -0.070919 0.299159
v -0.044057 -0.062802 0.280491
v -0.048567 -0.073772 0.274955
v -0.057655 -0.096922 0.284841
v -0.054083 -0.087435 0.266901
v -0.060207 -0.104238 0.298390
v -0.054166 -0.089267 0.307192
v -0.049250 -0.077229 0.313232
v -0.062910 -0.109442 0.274780
v -0.059062 -0.099295 0.257365
v -0.066391 -0.119543 0.264081
v -0.062360 -0.108865 0.247229
v -0.069282 -0.127705 0.276844
v -0.065665 -0.117227 0.287951
v -0.066888 -0.126710 0.253681
v -0.062830 -0.115655 0.237377
v -0.065787 -0.131215 0.243338
v -0.061787 -0.119942 0.227572
v -0.068654 -0.139822 0.255294
v -0.069798 -0.135149 0.266040
v -0.064473 -0.133332 0.232808
v -0.060542 -0.122000 0.217578
v -0.063247 -0.134055 0.224726
v -0.059380 -0.122722 0.209909
v -0.066040 -0.142715 0.235965
v -0.067289 -0.141995 0.244359
v -0.058971 -0.134513 0.221998
v -0.061227 -0.134480 0.221567
v -0.057468 -0.123035 0.206947
v -0.055331 -0.123048 0.207361
v -0.056173 -0.134513 0.222706
v -0.052680 -0.123048 0.208032
v -0.058822 -0.143244 0.233964
v -0.061734 -0.143242 0.233228
v -0.064065 -0.143189 0.232752
v -0.053366 -0.134513 0.223376
v -0.050020 -0.123048 0.208666
v -0.051113 -0.134482 0.224048
v -0.047887 -0.123036 0.209297
v -0.053566 -0.143190 0.235328
v -0.055900 -0.143244 0.234661
v -0.049456 -0.133388 0.236192
v -0.049560 -0.134076 0.227993
v -0.046426 -0.122737 0.213004
v -0.046324 -0.122051 0.220783
v -0.049369 -0.131352 0.246788
v -0.046235 -0.120070 0.230840
v -0.051889 -0.139962 0.258816
v -0.051978 -0.142053 0.247809
v -0.052058 -0.142737 0.239302
v -0.048999 -0.126999 0.257206
v -0.045883 -0.115928 0.240716
v -0.046625 -0.121075 0.266950
v -0.043634 -0.110317 0.249947
v -0.049037 -0.129280 0.279779
v -0.051505 -0.135443 0.269645
v -0.040522 -0.114331 0.275520
v -0.037853 -0.103927 0.258066
v -0.032422 -0.106733 0.283026
v -0.030177 -0.096730 0.265179
v -0.034269 -0.114330 0.296524
v -0.042692 -0.122250 0.288704
v -0.024051 -0.098248 0.289576
v -0.022245 -0.088693 0.271389
v -0.017698 -0.091357 0.294228
v -0.016224 -0.082168 0.275801
v -0.018943 -0.098325 0.308162
v -0.025565 -0.105489 0.303341
v -0.105847 -0.088027 0.277007
v -0.100612 -0.092342 0.276815
v -0.093946 -0.083079 0.259606
v -0.098907 -0.078988 0.259786
v -0.112765 -0.082385 0.276955
v -0.105465 -0.073640 0.259736
v -0.118360 -0.089205 0.289857
v -0.111184 -0.095058 0.289912
v -0.105745 -0.099497 0.289721
v -0.119652 -0.076474 0.276546
v -0.111997 -0.068040 0.259352
v -0.124979 -0.071963 0.276003
v -0.117049 -0.063767 0.258843
v -0.131008 -0.078359 0.288872
v -0.125503 -0.083069 0.289430
v -0.133900 -0.085007 0.264872
v -0.129240 -0.074186 0.272671
v -0.121072 -0.065872 0.255700
v -0.125485 -0.076123 0.248303
v -0.139339 -0.098521 0.253963
v -0.130638 -0.088924 0.237956
v -0.145770 -0.105924 0.266090
v -0.140121 -0.091901 0.277409
v -0.135303 -0.080649 0.285484
v -0.143694 -0.110263 0.241754
v -0.134764 -0.100047 0.226386
v -0.145620 -0.119747 0.229924
v -0.136589 -0.109033 0.215179
v -0.152303 -0.127941 0.241138
v -0.150298 -0.118102 0.253421
v -0.143773 -0.126485 0.220148
v -0.134839 -0.115415 0.205918
v -0.139926 -0.130823 0.211366
v -0.131193 -0.119542 0.197592
v -0.146379 -0.139442 0.221841
v -0.150381 -0.134939 0.230977
v -0.135854 -0.133108 0.202513
v -0.127329 -0.121754 0.189191
v -0.132505 -0.134081 0.195738
v -0.124155 -0.122710 0.182763
v -0.138685 -0.142774 0.205587
v -0.142143 -0.141794 0.212635
v -0.127660 -0.134543 0.193190
v -0.129618 -0.134563 0.192967
v -0.121439 -0.123095 0.180165
v -0.119582 -0.123057 0.180380
v -0.125330 -0.134466 0.193617
v -0.117368 -0.122980 0.180784
v -0.131397 -0.143212 0.203475
v -0.133822 -0.143296 0.203031
v -0.135834 -0.143297 0.202772
v -0.123005 -0.134361 0.194008
v -0.115159 -0.122885 0.181158
v -0.121147 -0.134242 0.194462
v -0.113397 -0.122793 0.181585
v -0.127042 -0.142951 0.204323
v -0.128975 -0.143099 0.203881
v -0.122242 -0.133333 0.206721
v -0.120497 -0.133856 0.198338
v -0.112795 -0.122503 0.185216
v -0.114447 -0.121971 0.193170
v -0.124487 -0.131485 0.217646
v -0.116569 -0.120170 0.203540
v -0.130614 -0.140115 0.228257
v -0.128283 -0.142012 0.216924
v -0.126446 -0.142523 0.208238
v -0.126261 -0.127251 0.228532
v -0.118249 -0.116142 0.213860
v -0.125718 -0.121675 0.239168
v -0.117735 -0.110860 0.223937
v -0.131891 -0.129921 0.250618
v -0.132456 -0.135723 0.239561
v -0.121011 -0.115802 0.249345
v -0.113275 -0.105296 0.233578
v -0.113970 -0.109438 0.258906
v -0.106605 -0.099267 0.242637
v -0.119683 -0.117158 0.271172
v -0.127000 -0.123797 0.261213
v -0.106427 -0.102389 0.267695
v -0.099457 -0.092589 0.250966
v -0.100616 -0.096663 0.274094
v -0.093952 -0.087167 0.257032
v -0.105781 -0.103850 0.286966
v -0.111841 -0.109808 0.280321
v -0.063379 -0.054943 0.299745
v -0.064408 -0.058557 0.298661
v -0.059671 -0.053713 0.278745
v -0.058696 -0.050290 0.279771
v -0.062234 -0.050302 0.301029
v -0.057612 -0.045893 0.280988
v -0.065898 -0.053668 0.316164
v -0.067089 -0.058486 0.314831
v -0.068128 -0.062219 0.313703
v -0.061057 -0.045579 0.302210
v -0.056496 -0.041417 0.282108
v -0.060262 -0.041838 0.303065
v -0.055743 -0.037873 0.282919
v -0.063830 -0.044890 0.318266
v -0.064678 -0.048764 0.317389
v -0.068544 -0.039470 0.301583
v -0.062537 -0.039641 0.302937
v -0.057897 -0.035793 0.282796
v -0.063589 -0.035630 0.281512
v -0.076534 -0.039464 0.299626
v -0.071158 -0.035625 0.279658
v -0.080583 -0.042584 0.314716
v -0.072318 -0.042594 0.316738
v -0.066107 -0.042737 0.318130
v -0.084753 -0.039461 0.297387
v -0.078945 -0.035622 0.277536
v -0.093153 -0.041107 0.294532
v -0.086903 -0.037181 0.274832
v -0.097797 -0.044260 0.309445
v -0.089093 -0.042568 0.312399
v -0.101686 -0.046056 0.290731
v -0.094987 -0.041870 0.271231
v -0.110060 -0.052502 0.286332
v -0.102920 -0.047976 0.267064
v -0.115329 -0.056052 0.300946
v -0.106642 -0.049374 0.305508
v -0.117983 -0.058641 0.281685
v -0.110427 -0.053792 0.262661
v -0.123749 -0.063323 0.278051
v -0.115890 -0.058228 0.259218
v -0.129558 -0.067281 0.292326
v -0.123557 -0.062435 0.296116
v -0.119017 -0.072233 0.277114
v -0.123978 -0.067493 0.276682
v -0.116106 -0.062178 0.257922
v -0.111406 -0.066669 0.258330
v -0.112397 -0.078181 0.277600
v -0.105134 -0.072306 0.258791
v -0.117794 -0.082528 0.291921
v -0.124658 -0.076359 0.291417
v -0.129807 -0.071464 0.290947
v -0.105748 -0.083904 0.277758
v -0.098835 -0.077728 0.258941
v -0.100555 -0.088088 0.277830
v -0.093916 -0.081693 0.259010
v -0.105518 -0.092820 0.292134
v -0.110892 -0.088467 0.292083
v -0.093601 -0.082779 0.282475
v -0.096736 -0.087718 0.279319
v -0.090300 -0.081344 0.260421
v -0.087329 -0.076663 0.263410
v -0.089511 -0.075941 0.286496
v -0.083454 -0.070182 0.267219
v -0.094192 -0.080168 0.301110
v -0.098455 -0.087291 0.296919
v -0.101697 -0.092443 0.293623
v -0.085083 -0.068540 0.290352
v -0.079257 -0.063171 0.270872
v -0.080659 -0.062779 0.293438
v -0.075066 -0.057713 0.273795
v -0.084981 -0.066480 0.308324
v -0.089586 -0.072471 0.305118
v -0.076583 -0.060858 0.295149
v -0.071205 -0.055893 0.275416
v -0.072817 -0.060858 0.296114
v -0.067638 -0.055893 0.276331
v -0.076779 -0.064462 0.311125
v -0.080723 -0.064473 0.310110
v -0.069325 -0.060858 0.296965
v -0.064329 -0.055893 0.277137
v -0.066626 -0.060693 0.297640
v -0.061771 -0.055737 0.277778
v -0.070300 -0.064310 0.312704
v -0.073116 -0.064457 0.312018
v -0.012969 -0.006283 0.312004
v -0.010629 -0.011550 0.312007
v -0.009235 -0.011133 0.291036
v -0.011453 -0.006143 0.291031
v -0.016179 0.000527 0.311882
v -0.014494 0.000309 0.290914
v -0.017630 0.000695 0.327745
v -0.014306 -0.006371 0.327870
v -0.011863 -0.011823 0.327861
v -0.019375 0.007334 0.311554
v -0.017523 0.006760 0.290604
v -0.021987 0.012595 0.311206
v -0.019997 0.011745 0.290274
v -0.023636 0.013205 0.327033
v -0.020952 0.007757 0.327404
v -0.030463 0.015394 0.310299
v -0.025635 0.015238 0.310793
v -0.023452 0.014247 0.289883
v -0.028025 0.014396 0.289415
v -0.036744 0.015394 0.309591
v -0.033977 0.014396 0.288744
v -0.038844 0.015961 0.325384
v -0.032283 0.015959 0.326122
v -0.027265 0.015825 0.326622
v -0.043301 0.015394 0.308720
v -0.040189 0.014396 0.287918
v -0.049680 0.017183 0.307613
v -0.046232 0.016089 0.286869
v -0.052353 0.017834 0.323317
v -0.045695 0.015970 0.324472
v -0.055429 0.022544 0.306201
v -0.051679 0.021170 0.285532
v -0.060728 0.029528 0.304544
v -0.056698 0.027785 0.283962
v -0.063852 0.030676 0.320127
v -0.058338 0.023411 0.321850
v -0.065755 0.036178 0.302700
v -0.061462 0.034086 0.282216
v -0.069631 0.041049 0.301197
v -0.065135 0.038703 0.280793
v -0.073111 0.042694 0.316628
v -0.069094 0.037603 0.318204
v -0.078861 0.035819 0.299639
v -0.073740 0.041004 0.300231
v -0.069025 0.038659 0.279877
v -0.073877 0.033746 0.279316
v -0.085385 0.028852 0.298757
v -0.080058 0.027145 0.278480
v -0.089298 0.030012 0.314153
v -0.082522 0.037248 0.315069
v -0.077224 0.042646 0.315663
v -0.091853 0.021804 0.297556
v -0.086186 0.020467 0.277342
v -0.096672 0.016276 0.296550
v -0.090751 0.015231 0.276389
v -0.101015 0.016992 0.311846
v -0.096008 0.022700 0.312907
v -0.089461 0.006361 0.299025
v -0.096023 0.011571 0.296974
v -0.090138 0.010774 0.276792
v -0.083920 0.005838 0.278734
v -0.080552 -0.000397 0.301562
v -0.075479 -0.000564 0.281137
v -0.084264 -0.000151 0.317059
v -0.093518 0.006873 0.314422
v -0.100346 0.012269 0.312277
v -0.071289 -0.007340 0.303745
v -0.066703 -0.007141 0.283206
v -0.060931 -0.012615 0.305772
v -0.056891 -0.012140 0.285125
v -0.063924 -0.012801 0.321425
v -0.074658 -0.007346 0.319324
v -0.048738 -0.014370 0.307839
v -0.045340 -0.013802 0.287084
v -0.035743 -0.014365 0.309655
v -0.033028 -0.013797 0.288805
v -0.037818 -0.014596 0.325448
v -0.051285 -0.014608 0.323567
v -0.022978 -0.014360 0.310931
v -0.020934 -0.013792 0.290014
v -0.013419 -0.014198 0.311695
v -0.011877 -0.013640 0.290739
v -0.014698 -0.014450 0.327546
v -0.024599 -0.014588 0.326769
v -0.106915 0.074736 0.280936
v -0.101470 0.079285 0.281316
v -0.094608 0.073501 0.262333
v -0.099766 0.069189 0.261973
v -0.113875 0.068551 0.280359
v -0.106361 0.063329 0.261426
v -0.119470 0.072395 0.294769
v -0.112235 0.078824 0.295368
v -0.106596 0.083559 0.295739
v -0.120790 0.062160 0.279433
v -0.112911 0.057274 0.260548
v -0.125986 0.057058 0.278653
v -0.117834 0.052441 0.259810
v -0.132059 0.060474 0.292974
v -0.126657 0.065751 0.293806
v -0.123759 0.048071 0.281734
v -0.126840 0.052614 0.279411
v -0.118643 0.048231 0.260528
v -0.115725 0.043926 0.262728
v -0.119555 0.042271 0.284673
v -0.111742 0.038432 0.265513
v -0.125344 0.045318 0.299205
v -0.129714 0.051347 0.296150
v -0.132924 0.056035 0.293726
v -0.115234 0.036377 0.287419
v -0.107648 0.032849 0.268114
v -0.111741 0.031903 0.289486
v -0.104338 0.028609 0.270073
v -0.117244 0.034528 0.304187
v -0.120851 0.039192 0.302059
v -0.102178 0.036693 0.292201
v -0.107646 0.031909 0.291002
v -0.100460 0.028616 0.271509
v -0.095279 0.033148 0.272645
v -0.095138 0.043040 0.293532
v -0.088610 0.039161 0.273906
v -0.100181 0.046133 0.308330
v -0.107497 0.039538 0.306946
v -0.113151 0.034549 0.305700
v -0.088048 0.049277 0.294541
v -0.081892 0.045070 0.274861
v -0.082682 0.054138 0.295130
v -0.076809 0.049676 0.275419
v -0.087226 0.057634 0.309987
v -0.092812 0.052616 0.309378
v -0.085237 0.063309 0.291982
v -0.081865 0.058545 0.294304
v -0.076035 0.053850 0.274637
v -0.079230 0.058363 0.272437
v -0.089701 0.069268 0.288834
v -0.083459 0.064009 0.269454
v -0.094559 0.073156 0.303495
v -0.089920 0.066963 0.306767
v -0.086399 0.062037 0.309166
v -0.094024 0.075042 0.285456
v -0.087555 0.069480 0.266255
v -0.097421 0.079314 0.282759
v -0.090773 0.073527 0.263700
v -0.102549 0.083599 0.297178
v -0.099052 0.079155 0.299985
v -0.127195 0.072196 0.274830
v -0.132700 0.068152 0.273738
v -0.124315 0.060183 0.256694
v -0.119095 0.064014 0.257721
v -0.120043 0.077554 0.275971
v -0.112313 0.069090 0.258800
v -0.125942 0.084180 0.288839
v -0.133360 0.078618 0.287653
v -0.139052 0.074391 0.286526
v -0.112849 0.082717 0.276783
v -0.105494 0.073983 0.259570
v -0.107383 0.086707 0.277182
v -0.100314 0.077766 0.259951
v -0.112804 0.093637 0.290104
v -0.118480 0.089537 0.289682
v -0.111435 0.098252 0.268356
v -0.106809 0.091364 0.274729
v -0.099771 0.082173 0.257634
v -0.104155 0.088698 0.251593
v -0.117402 0.106738 0.259562
v -0.109809 0.096735 0.243255
v -0.123287 0.114334 0.271848
v -0.117084 0.105494 0.281000
v -0.112254 0.098330 0.287615
v -0.122820 0.114335 0.249938
v -0.114942 0.103932 0.234136
v -0.126010 0.121079 0.239912
v -0.117964 0.110321 0.224638
v -0.132229 0.129285 0.251390
v -0.128917 0.122255 0.261828
v -0.125291 0.127003 0.229910
v -0.117283 0.115935 0.215162
v -0.122458 0.131357 0.219877
v -0.114599 0.120077 0.205651
v -0.128535 0.139968 0.230559
v -0.131480 0.135450 0.240986
v -0.119302 0.133392 0.209762
v -0.111608 0.122056 0.196049
v -0.116894 0.134080 0.201924
v -0.109327 0.122742 0.188611
v -0.122730 0.142742 0.211928
v -0.125254 0.142058 0.220052
v -0.119106 0.134519 0.196364
v -0.117166 0.134486 0.197693
v -0.109585 0.123040 0.184635
v -0.111423 0.123054 0.183382
v -0.121574 0.134519 0.194868
v -0.113761 0.123054 0.181964
v -0.127538 0.143249 0.204777
v -0.124969 0.143249 0.206333
v -0.122950 0.143196 0.207682
v -0.124021 0.134518 0.193339
v -0.116080 0.123054 0.180515
v -0.126038 0.134485 0.192238
v -0.117988 0.123040 0.179467
v -0.132160 0.143194 0.202020
v -0.130085 0.143249 0.203185
v -0.132565 0.133336 0.201948
v -0.128927 0.134061 0.194628
v -0.120714 0.122727 0.181703
v -0.124165 0.122005 0.188649
v -0.137035 0.131220 0.211573
v -0.128407 0.119947 0.197784
v -0.143421 0.139827 0.222079
v -0.138778 0.142000 0.212086
v -0.135022 0.142719 0.204475
v -0.141246 0.126714 0.221084
v -0.132398 0.115660 0.206801
v -0.143952 0.119547 0.231138
v -0.134962 0.108870 0.216325
v -0.150607 0.127711 0.242406
v -0.147796 0.135154 0.231961
v -0.143909 0.109447 0.242389
v -0.134921 0.099301 0.226984
v -0.141982 0.096928 0.253575
v -0.133096 0.087441 0.237586
v -0.148554 0.104242 0.265695
v -0.150559 0.117232 0.254086
v -0.139037 0.082505 0.263433
v -0.130306 0.073777 0.246941
v -0.136288 0.070926 0.270441
v -0.127706 0.062807 0.253590
v -0.142659 0.077234 0.283176
v -0.145494 0.089272 0.275922
v -0.037103 0.079351 0.320399
v -0.039744 0.083417 0.318309
v -0.036537 0.076790 0.315612
v -0.035024 0.081161 0.320102
v -0.008749 0.104025 0.312132
v -0.010607 0.102441 0.312985
v -0.008244 0.101394 0.307353
v -0.011535 0.106427 0.310587
v -0.056794 0.145923 0.238033
v -0.056335 0.145828 0.241353
v -0.055803 0.142769 0.234000
v -0.057765 0.146184 0.238096
v -0.067650 0.146351 0.239581
v -0.066707 0.146565 0.239385
v -0.066800 0.143167 0.235561
v -0.068177 0.146114 0.242604
v 0.039175 0.044445 0.327954
v 0.036838 0.044334 0.328345
v 0.038906 0.043162 0.322533
v 0.038822 0.046115 0.327849
v 0.032631 0.065032 0.324396
v 0.033287 0.063527 0.324842
v 0.032322 0.063876 0.318952
v 0.031324 0.065254 0.324618
v -0.006896 0.095723 0.315269
v -0.005233 0.093876 0.316185
v -0.006798 0.094235 0.309919
v -0.008898 0.094224 0.315982
v -0.034281 0.070800 0.322799
v -0.032468 0.072756 0.322485
v -0.034147 0.069354 0.317420
v -0.031803 0.068978 0.323602
v 0.077127 -0.015455 0.324293
v 0.075138 -0.015600 0.324873
v 0.076076 -0.015418 0.318821
v 0.078281 -0.013327 0.324242
v 0.090598 0.013957 0.320996
v 0.089795 0.011815 0.321417
v 0.089574 0.014054 0.315522
v 0.087159 0.014093 0.321958
v -0.002099 -0.014843 0.333505
v 0.000491 -0.012765 0.333644
v -0.002525 -0.014569 0.327961
v -0.000261 -0.017047 0.333460
v 0.025737 -0.044802 0.329256
v 0.023718 -0.042876 0.329790
v 0.025241 -0.044440 0.323730
v 0.027497 -0.042931 0.329485
v -0.038317 -0.059361 0.325130
v -0.036943 -0.057531 0.325799
v -0.038016 -0.058142 0.319696
v -0.036371 -0.061483 0.324929
v -0.008882 -0.086452 0.319099
v -0.011026 -0.084804 0.319724
v -0.008708 -0.085119 0.313697
v -0.007199 -0.084874 0.319831
v 0.013501 -0.061105 0.326702
v 0.012017 -0.063115 0.326370
v 0.013621 -0.059831 0.321274
v 0.011505 -0.059188 0.327293
v -0.016976 -0.034044 0.331219
v -0.014746 -0.035875 0.331174
v -0.016728 -0.032886 0.325777
v -0.018637 -0.035813 0.331013
v -0.017387 -0.098012 0.314791
v -0.019729 -0.100846 0.313108
v -0.016768 -0.095433 0.309994
v -0.019412 -0.096542 0.315447
v -0.047853 -0.075550 0.320179
v -0.045660 -0.077168 0.320084
v -0.047165 -0.073038 0.315381
v -0.049727 -0.079921 0.318115
v -0.066104 -0.146189 0.236878
v -0.066685 -0.146026 0.240049
v -0.065244 -0.143027 0.232839
v -0.065062 -0.146426 0.237068
v -0.053402 -0.146194 0.239984
v -0.054474 -0.146426 0.239664
v -0.052414 -0.143034 0.235974
v -0.053283 -0.146044 0.243253
v -0.105783 -0.104020 0.293792
v -0.107947 -0.106422 0.291454
v -0.103810 -0.101388 0.289410
v -0.107814 -0.102435 0.294022
v -0.135300 -0.079345 0.292792
v -0.133232 -0.081157 0.293158
v -0.133268 -0.076785 0.288421
v -0.137156 -0.083412 0.289981
v -0.139082 -0.146346 0.206476
v -0.140527 -0.146109 0.209183
v -0.137019 -0.143162 0.202923
v -0.138125 -0.146560 0.206585
v -0.128285 -0.145918 0.208396
v -0.129228 -0.146179 0.208152
v -0.126085 -0.142764 0.204874
v -0.128886 -0.145823 0.211693
v -0.070300 -0.065026 0.318365
v -0.071612 -0.065247 0.318168
v -0.068894 -0.063871 0.313096
v -0.069816 -0.063521 0.318994
v -0.065195 -0.044440 0.323789
v -0.065498 -0.046110 0.323579
v -0.063758 -0.043157 0.318555
v -0.067537 -0.044329 0.323431
v -0.133368 -0.070795 0.295952
v -0.131265 -0.068972 0.297490
v -0.131561 -0.069349 0.290885
v -0.131547 -0.072750 0.296221
v -0.105001 -0.095718 0.297352
v -0.107126 -0.094219 0.297404
v -0.103237 -0.094230 0.292299
v -0.103708 -0.093870 0.298741
v -0.011883 -0.013952 0.333326
v -0.015451 -0.014088 0.333190
v -0.011183 -0.014048 0.327801
v -0.012776 -0.011809 0.333481
v -0.025717 0.015460 0.332347
v -0.024603 0.013331 0.332650
v -0.025044 0.015423 0.326815
v -0.027788 0.015606 0.332290
v -0.076163 0.044808 0.321359
v -0.074558 0.042936 0.322116
v -0.074946 0.044446 0.315947
v -0.078249 0.042881 0.321251
v -0.103966 0.014848 0.316895
v -0.102202 0.017052 0.317414
v -0.102676 0.014574 0.311485
v -0.101542 0.012770 0.317819
v -0.106019 0.086458 0.301104
v -0.104640 0.084879 0.302316
v -0.104201 0.085124 0.296015
v -0.108251 0.084809 0.301044
v -0.135887 0.059366 0.297847
v -0.133974 0.061488 0.298251
v -0.133940 0.058147 0.292766
v -0.134784 0.057535 0.298904
v -0.117431 0.034048 0.310169
v -0.118949 0.035817 0.309465
v -0.115530 0.032890 0.305064
v -0.115294 0.035881 0.310809
v -0.087032 0.061109 0.315187
v -0.089113 0.059193 0.315139
v -0.085258 0.059836 0.310056
v -0.088343 0.063120 0.314417
v -0.143454 0.075555 0.290217
v -0.144607 0.079926 0.287679
v -0.141332 0.073044 0.285860
v -0.141336 0.077173 0.290797
v -0.112799 0.098017 0.294402
v -0.114928 0.096547 0.294407
v -0.110743 0.095438 0.290024
v -0.114514 0.100851 0.292084
v -0.124218 0.146199 0.212166
v -0.125105 0.146049 0.215315
v -0.122051 0.143039 0.208650
v -0.125141 0.146432 0.211534
v -0.135362 0.146196 0.205324
v -0.134428 0.146432 0.205824
v -0.133308 0.143032 0.201742
v -0.136885 0.146031 0.208166
v -0.029647 0.085987 0.318897
v -0.022669 0.092176 0.317058
v -0.015784 0.098075 0.314857
v -0.019520 0.112471 0.306147
v -0.029977 0.119980 0.299780
v -0.040178 0.126777 0.292450
v -0.048242 0.133036 0.283757
v -0.052287 0.138927 0.273297
v -0.054093 0.143382 0.261866
v -0.055439 0.145331 0.250258
v -0.059741 0.146362 0.238379
v -0.062225 0.146486 0.238755
v -0.064723 0.146582 0.239100
v -0.069201 0.145150 0.250491
v -0.070370 0.142742 0.260733
v -0.071335 0.138170 0.270819
v -0.069975 0.131101 0.281203
v -0.064169 0.121199 0.292341
v -0.055821 0.108944 0.303040
v -0.046831 0.094817 0.312110
v -0.034813 0.070525 0.301493
v -0.032511 0.062403 0.282708
v -0.007494 0.094272 0.293506
v -0.006621 0.084906 0.275124
v -0.053292 0.134121 0.222864
v -0.050021 0.122726 0.208175
v -0.063961 0.134493 0.224379
v -0.060127 0.123073 0.209614
v 0.037678 0.050002 0.327324
v 0.036129 0.054951 0.326533
v 0.034559 0.059813 0.325630
v 0.028383 0.065331 0.324907
v 0.024474 0.065350 0.325211
v 0.020261 0.065394 0.325478
v 0.015532 0.067458 0.325104
v 0.010075 0.073531 0.323483
v 0.004369 0.081339 0.321087
v -0.001106 0.088600 0.318389
v -0.013992 0.089804 0.317681
v -0.020657 0.083816 0.319701
v -0.027371 0.077615 0.321377
v -0.024802 0.064128 0.325376
v -0.015381 0.057655 0.327425
v -0.005641 0.050961 0.329055
v 0.004030 0.045872 0.330028
v 0.013247 0.044219 0.330107
v 0.022063 0.044268 0.329641
v 0.030530 0.044291 0.328981
v 0.037481 0.040150 0.307016
v 0.035479 0.036274 0.286451
v 0.031107 0.060205 0.303547
v 0.029439 0.055275 0.283163
v -0.006557 0.089429 0.294851
v -0.006244 0.082964 0.274925
v -0.032966 0.065404 0.302088
v -0.031263 0.060200 0.281780
v 0.080905 -0.007876 0.323824
v 0.084214 -0.000762 0.323123
v 0.087422 0.006354 0.322223
v 0.077485 0.014142 0.324287
v 0.064475 0.014158 0.327075
v 0.051031 0.014194 0.329409
v 0.038288 0.012412 0.331243
v 0.027384 0.006973 0.332531
v 0.017489 -0.000245 0.333313
v 0.007773 -0.007360 0.333632
v 0.004902 -0.022708 0.332977
v 0.011719 -0.030070 0.332105
v 0.018518 -0.037379 0.330891
v 0.031834 -0.037696 0.329808
v 0.037539 -0.030628 0.330037
v 0.043405 -0.023255 0.329988
v 0.049656 -0.017601 0.329541
v 0.056517 -0.015690 0.328579
v 0.063510 -0.015660 0.327321
v 0.070159 -0.015648 0.325984
v 0.072774 -0.014762 0.303296
v 0.068346 -0.013796 0.282744
v 0.085825 0.013731 0.300109
v 0.080712 0.013198 0.279726
v -0.002963 -0.013866 0.312102
v -0.003406 -0.012948 0.291087
v 0.023840 -0.042698 0.308022
v 0.021985 -0.040264 0.287222
v -0.030884 -0.066749 0.324119
v -0.023657 -0.073479 0.322822
v -0.016494 -0.079989 0.321161
v -0.003048 -0.080367 0.321495
v 0.002368 -0.074296 0.323487
v 0.007848 -0.068030 0.325205
v 0.005909 -0.054211 0.328450
v -0.001516 -0.047649 0.329721
v -0.008997 -0.040974 0.330652
v -0.022689 -0.040571 0.330115
v -0.027906 -0.046776 0.328754
v -0.033065 -0.052882 0.327161
v -0.036520 -0.054739 0.304248
v -0.034427 -0.050242 0.283793
v -0.008246 -0.080765 0.298463
v -0.007641 -0.074902 0.278313
v 0.013308 -0.056353 0.305775
v 0.012779 -0.051772 0.285239
v -0.015971 -0.030359 0.310120
v -0.014959 -0.027145 0.289356
v -0.025009 -0.092523 0.316769
v -0.032427 -0.087124 0.318255
v -0.039914 -0.081515 0.319402
v -0.054614 -0.092113 0.312046
v -0.060715 -0.107208 0.303157
v -0.066234 -0.120289 0.292632
v -0.069892 -0.130842 0.281430
v -0.070415 -0.138356 0.270508
v -0.069257 -0.143096 0.259628
v -0.067875 -0.145324 0.248553
v -0.062743 -0.146505 0.237641
v -0.059781 -0.146505 0.238387
v -0.056813 -0.146505 0.239097
v -0.053278 -0.145377 0.251845
v -0.053181 -0.143231 0.263005
v -0.052792 -0.138642 0.273979
v -0.050291 -0.132378 0.284262
v -0.043861 -0.125204 0.293349
v -0.035321 -0.117115 0.301321
v -0.026492 -0.108104 0.308263
v -0.015650 -0.088547 0.296044
v -0.014284 -0.079508 0.277519
v -0.045001 -0.066930 0.301260
v -0.042098 -0.059023 0.282476
v -0.062409 -0.134383 0.221728
v -0.058586 -0.122997 0.207081
v -0.049978 -0.134388 0.224766
v -0.046818 -0.122998 0.209959
v -0.113317 -0.098070 0.294184
v -0.120544 -0.092170 0.294125
v -0.127748 -0.085982 0.293693
v -0.141953 -0.094811 0.281879
v -0.147661 -0.108940 0.270456
v -0.152251 -0.121194 0.257685
v -0.154288 -0.131095 0.245291
v -0.152337 -0.138166 0.235001
v -0.148271 -0.142737 0.225721
v -0.143962 -0.145145 0.216357
v -0.136151 -0.146576 0.206934
v -0.133671 -0.146480 0.207386
v -0.131193 -0.146357 0.207804
v -0.130815 -0.145326 0.220432
v -0.133162 -0.143376 0.231880
v -0.135016 -0.138921 0.243304
v -0.134439 -0.133031 0.254503
v -0.129494 -0.126772 0.265281
v -0.122091 -0.119975 0.275429
v -0.114146 -0.112466 0.284744
v -0.098773 -0.094267 0.276489
v -0.092205 -0.084901 0.259300
v -0.127221 -0.070519 0.275546
v -0.119167 -0.062399 0.258419
v -0.130830 -0.134487 0.193186
v -0.122577 -0.123069 0.180357
v -0.120222 -0.134116 0.195078
v -0.112527 -0.122721 0.182146
v -0.068854 -0.059808 0.320139
v -0.067645 -0.054946 0.321487
v -0.066420 -0.049996 0.322723
v -0.073728 -0.044286 0.322065
v -0.081979 -0.044263 0.320048
v -0.090499 -0.044214 0.317737
v -0.099230 -0.045868 0.314784
v -0.108114 -0.050956 0.310839
v -0.116858 -0.057650 0.306249
v -0.125168 -0.064123 0.301361
v -0.126360 -0.077609 0.296760
v -0.119458 -0.083811 0.297264
v -0.112496 -0.089799 0.297427
v -0.100475 -0.088595 0.302124
v -0.096116 -0.081333 0.306396
v -0.091444 -0.073526 0.310454
v -0.086766 -0.067452 0.313698
v -0.082390 -0.065389 0.315530
v -0.078304 -0.065344 0.316592
v -0.074496 -0.065326 0.317524
v -0.065238 -0.060200 0.298083
v -0.060457 -0.055270 0.278197
v -0.060266 -0.040145 0.303369
v -0.055746 -0.036269 0.283207
v -0.125652 -0.065398 0.276689
v -0.117692 -0.060195 0.257928
v -0.098303 -0.089424 0.278060
v -0.091783 -0.082959 0.259229
v -0.015282 -0.006350 0.333523
v -0.018612 0.000767 0.333398
v -0.021977 0.007880 0.333054
v -0.032869 0.015654 0.331825
v -0.039607 0.015664 0.331066
v -0.046651 0.015695 0.330126
v -0.053477 0.017607 0.328944
v -0.059565 0.023260 0.327458
v -0.065165 0.030633 0.325712
v -0.070527 0.037702 0.323749
v -0.083537 0.037385 0.320709
v -0.090381 0.030077 0.319786
v -0.097139 0.022713 0.318532
v -0.094606 0.007366 0.320034
v -0.085257 0.000250 0.322701
v -0.075596 -0.006968 0.324981
v -0.064821 -0.012407 0.327089
v -0.052127 -0.014189 0.329239
v -0.038613 -0.014153 0.331127
v -0.025374 -0.014137 0.332450
v -0.010041 -0.013725 0.311979
v -0.008677 -0.013193 0.291009
v -0.023442 0.014767 0.311024
v -0.021374 0.013802 0.290102
v -0.071478 0.042703 0.300562
v -0.066884 0.040269 0.280191
v -0.098244 0.013871 0.296253
v -0.092242 0.012953 0.276108
v -0.113897 0.079994 0.300740
v -0.121224 0.073483 0.300132
v -0.128501 0.066754 0.299157
v -0.131508 0.052887 0.301387
v -0.127083 0.046780 0.304480
v -0.122532 0.040576 0.307371
v -0.109660 0.040978 0.312069
v -0.102253 0.047653 0.313470
v -0.094795 0.054216 0.314530
v -0.091956 0.068035 0.312033
v -0.096649 0.074301 0.308722
v -0.101196 0.080371 0.305169
v -0.099104 0.080770 0.281651
v -0.092367 0.074906 0.262651
v -0.127792 0.054743 0.278515
v -0.119546 0.050248 0.259679
v -0.110022 0.030363 0.290388
v -0.102711 0.027151 0.270928
v -0.080817 0.056358 0.295202
v -0.075042 0.051778 0.275488
v -0.135657 0.081521 0.291904
v -0.128178 0.087130 0.293102
v -0.120661 0.092528 0.293955
v -0.119472 0.108110 0.285403
v -0.125757 0.117121 0.276094
v -0.131450 0.125209 0.265892
v -0.134794 0.132383 0.255275
v -0.134031 0.138647 0.244720
v -0.131046 0.143235 0.234152
v -0.127726 0.145382 0.223497
v -0.127194 0.146509 0.210278
v -0.129804 0.146510 0.208695
v -0.132395 0.146510 0.207079
v -0.140618 0.145329 0.215900
v -0.145320 0.143101 0.226021
v -0.149748 0.138362 0.236026
v -0.152591 0.130847 0.246585
v -0.152532 0.120293 0.258370
v -0.150496 0.107214 0.270078
v -0.147404 0.092118 0.280406
v -0.134954 0.066935 0.273076
v -0.126447 0.059028 0.256079
v -0.105414 0.088552 0.277084
v -0.098449 0.079513 0.259863
v -0.116305 0.134393 0.198724
v -0.108770 0.123004 0.185592
v -0.127212 0.134388 0.192030
v -0.119094 0.123001 0.179253
v 0.134564 0.125958 0.264352
v 0.147335 0.117810 0.265295
v 0.150681 0.119621 0.261813
v 0.138035 0.126805 0.261598
v 0.122965 0.133129 0.261192
v 0.126386 0.133329 0.259065
v 0.118490 0.132676 0.263765
v 0.129988 0.124651 0.267738
v 0.142876 0.115219 0.269620
v 0.125314 0.123296 0.271020
v 0.113956 0.132209 0.266251
v 0.121605 0.122081 0.273436
v 0.110354 0.131695 0.268067
v 0.134596 0.110249 0.276923
v 0.138265 0.112519 0.273817
v 0.150813 0.100181 0.275149
v 0.147161 0.096617 0.278788
v 0.160147 0.090071 0.275515
v 0.156500 0.085487 0.279506
v 0.164703 0.095783 0.270106
v 0.155384 0.104530 0.270224
v 0.159736 0.108688 0.265127
v 0.168984 0.101230 0.264483
v 0.162962 0.111664 0.261042
v 0.172117 0.105187 0.260010
v 0.114080 0.139317 0.254709
v 0.110154 0.139142 0.256890
v 0.117097 0.139305 0.252882
v 0.109114 0.143781 0.244674
v 0.106659 0.143822 0.246379
v 0.103479 0.143680 0.248399
v 0.099452 0.145947 0.237680
v 0.101385 0.145801 0.236067
v 0.093984 0.146517 0.230809
v 0.095542 0.146294 0.229290
v 0.092007 0.146609 0.232618
v 0.096966 0.145921 0.239575
v 0.094449 0.145882 0.241440
v 0.090003 0.146678 0.234409
v 0.092383 0.145676 0.242837
v 0.088354 0.146567 0.235783
v 0.097658 0.143256 0.251829
v 0.100261 0.143531 0.250373
v 0.106184 0.138963 0.259006
v 0.103010 0.138675 0.260552
v 0.192402 0.055954 0.266533
v 0.194975 0.060777 0.263333
v 0.188022 0.067127 0.266305
v 0.184618 0.062286 0.270217
v 0.190063 0.052566 0.268845
v 0.181526 0.059124 0.273053
v 0.198093 0.047720 0.264155
v 0.199543 0.051591 0.262375
v 0.201175 0.056575 0.259889
v 0.196891 0.066689 0.259991
v 0.202574 0.061768 0.257301
v 0.198034 0.071629 0.257231
v 0.203485 0.065838 0.255127
v 0.191909 0.079230 0.258850
v 0.190473 0.073634 0.262202
v 0.183479 0.081377 0.264001
v 0.185617 0.086645 0.260088
v 0.177820 0.087556 0.265106
v 0.180658 0.092201 0.260806
v 0.173865 0.081482 0.270462
v 0.180228 0.074975 0.268825
v 0.176259 0.069609 0.273416
v 0.169561 0.075518 0.275562
v 0.172826 0.065817 0.276752
v 0.166050 0.070929 0.279280
v 0.205971 0.050177 0.257755
v 0.206710 0.055177 0.255951
v 0.205275 0.046165 0.259015
v 0.211834 0.046237 0.253684
v 0.211862 0.050226 0.252947
v 0.211752 0.055180 0.251818
v 0.217392 0.050248 0.248228
v 0.217999 0.046268 0.248423
v 0.221438 0.050190 0.244499
v 0.222512 0.046237 0.244308
v 0.219926 0.055126 0.244588
v 0.216474 0.055183 0.247791
v 0.215472 0.060030 0.247283
v 0.218326 0.059975 0.244608
v 0.214567 0.063757 0.246733
v 0.216958 0.063697 0.244501
v 0.211298 0.063783 0.249515
v 0.211564 0.060046 0.250612
v 0.207364 0.060090 0.254064
v 0.207755 0.063850 0.252434
v 0.207898 -0.013739 0.261298
v 0.215011 -0.005885 0.255876
v 0.211698 -0.001894 0.258562
v 0.204175 -0.009197 0.264384
v 0.202158 -0.020252 0.265271
v 0.198256 -0.014890 0.268586
v 0.206994 -0.027399 0.260716
v 0.212316 -0.020348 0.257146
v 0.218805 -0.012125 0.252330
v 0.216186 -0.028383 0.252989
v 0.211544 -0.034877 0.255950
v 0.218840 -0.035086 0.249688
v 0.214839 -0.040712 0.252126
v 0.223856 -0.027783 0.246275
v 0.221878 -0.020520 0.248934
v 0.227099 -0.013908 0.244796
v 0.228705 -0.020588 0.242616
v 0.232416 -0.009411 0.240062
v 0.233641 -0.015219 0.238391
v 0.230576 -0.002068 0.242035
v 0.224614 -0.005941 0.247516
v 0.221606 0.000590 0.250298
v 0.228500 0.004919 0.243915
v 0.226696 0.010197 0.245221
v 0.218972 0.005093 0.252361
v 0.250252 -0.007848 0.221585
v 0.244518 -0.007857 0.227860
v 0.244185 -0.013343 0.227795
v 0.249107 -0.013329 0.222438
v 0.254407 -0.007854 0.216677
v 0.252682 -0.013329 0.218257
v 0.256420 -0.000779 0.214467
v 0.251509 -0.000783 0.220283
v 0.244739 -0.000781 0.227739
v 0.252588 0.006284 0.218888
v 0.258224 0.006299 0.212177
v 0.253259 0.011783 0.217647
v 0.259457 0.011788 0.210277
v 0.244717 0.011803 0.227152
v 0.244816 0.006298 0.227499
v 0.236511 0.006332 0.236078
v 0.235570 0.011854 0.236581
v 0.237523 -0.000778 0.235216
v 0.238398 -0.007886 0.234218
v 0.238916 -0.013390 0.233282
v 0.181694 -0.073682 0.268385
v 0.176759 -0.067133 0.273890
v 0.172535 -0.071747 0.274957
v 0.177384 -0.078267 0.269416
v 0.185300 -0.078579 0.263944
v 0.180938 -0.083124 0.264971
v 0.190821 -0.072503 0.262361
v 0.187130 -0.067578 0.266766
v 0.182083 -0.061003 0.272225
v 0.192460 -0.061304 0.264899
v 0.196233 -0.066238 0.260522
v 0.196443 -0.056350 0.263240
v 0.200275 -0.061294 0.258914
v 0.191213 -0.049787 0.268638
v 0.187308 -0.054729 0.270321
v 0.181904 -0.048020 0.275498
v 0.185734 -0.043105 0.273794
v 0.177583 -0.042769 0.279251
v 0.181371 -0.037912 0.277550
v 0.172535 -0.048983 0.281211
v 0.176780 -0.054266 0.277435
v 0.171564 -0.060391 0.279140
v 0.167399 -0.055097 0.282945
v 0.167424 -0.065014 0.280242
v 0.163349 -0.059724 0.284082
v 0.095085 -0.145997 0.239768
v 0.100801 -0.143734 0.249359
v 0.097999 -0.143558 0.250458
v 0.092524 -0.145823 0.240728
v 0.090704 -0.146641 0.232237
v 0.088349 -0.146486 0.233114
v 0.093627 -0.146645 0.231046
v 0.098245 -0.146007 0.238434
v 0.104280 -0.143764 0.247832
v 0.101384 -0.146019 0.237059
v 0.096533 -0.146646 0.229822
v 0.103835 -0.145863 0.235861
v 0.098817 -0.146497 0.228775
v 0.110411 -0.143670 0.244896
v 0.107733 -0.143796 0.246254
v 0.114184 -0.139149 0.255127
v 0.117103 -0.139056 0.253606
v 0.121969 -0.132567 0.262418
v 0.125108 -0.132698 0.260576
v 0.117882 -0.132206 0.264622
v 0.110404 -0.139081 0.256915
v 0.106594 -0.139015 0.258644
v 0.113750 -0.131838 0.266755
v 0.103541 -0.138817 0.259890
v 0.110454 -0.131402 0.268305
v 0.154805 -0.104694 0.270606
v 0.143759 -0.115200 0.269318
v 0.147208 -0.116826 0.266103
v 0.158411 -0.107401 0.266760
v 0.163019 -0.096104 0.271051
v 0.166742 -0.099731 0.266787
v 0.157982 -0.091126 0.276398
v 0.149975 -0.100912 0.275391
v 0.139183 -0.112868 0.273295
v 0.144952 -0.096990 0.280008
v 0.152703 -0.085955 0.281533
v 0.140963 -0.093776 0.283409
v 0.148516 -0.081813 0.285311
v 0.130740 -0.108419 0.279997
v 0.134478 -0.110457 0.277151
v 0.123561 -0.122195 0.272829
v 0.120046 -0.121115 0.274985
v 0.127981 -0.123385 0.269894
v 0.132320 -0.124538 0.266868
v 0.135625 -0.125273 0.264392
v 0.057349 -0.100175 0.308486
v 0.063230 -0.104524 0.305234
v 0.072119 -0.095778 0.308032
v 0.066102 -0.090065 0.311748
v 0.052743 -0.096611 0.310802
v 0.061391 -0.085480 0.314401
v 0.041389 -0.110244 0.305107
v 0.045845 -0.112514 0.303302
v 0.051536 -0.115213 0.300755
v 0.034415 -0.123290 0.296601
v 0.030136 -0.122075 0.297738
v 0.025114 -0.132205 0.288523
v 0.021125 -0.131691 0.289123
v 0.030198 -0.132671 0.287577
v 0.039880 -0.124645 0.294942
v 0.045284 -0.125953 0.293155
v 0.035253 -0.133125 0.286530
v 0.049442 -0.126800 0.291622
v 0.039167 -0.133324 0.285579
v 0.061388 -0.119615 0.295775
v 0.057122 -0.117803 0.298039
v 0.068955 -0.108682 0.301751
v 0.073296 -0.111659 0.298878
v 0.077942 -0.101225 0.304028
v 0.082315 -0.105182 0.300756
v 0.014330 -0.145876 0.258862
v 0.017062 -0.143525 0.269162
v 0.014135 -0.143250 0.269733
v 0.011931 -0.145671 0.259543
v 0.012302 -0.146674 0.250793
v 0.010306 -0.146562 0.251583
v 0.014765 -0.146603 0.249718
v 0.017304 -0.145916 0.257875
v 0.020736 -0.143675 0.268292
v 0.020257 -0.145941 0.256852
v 0.017209 -0.146511 0.248617
v 0.022598 -0.145797 0.255923
v 0.019163 -0.146289 0.247661
v 0.027252 -0.143776 0.266514
v 0.024387 -0.143817 0.267366
v 0.028836 -0.139312 0.277597
v 0.032273 -0.139300 0.276804
v 0.024425 -0.139137 0.278443
v 0.019993 -0.138959 0.279213
v 0.016495 -0.138670 0.279691
v 0.082065 -0.069603 0.314785
v 0.091004 -0.062280 0.314356
v 0.087181 -0.059120 0.316086
v 0.077762 -0.065811 0.316883
v 0.075031 -0.075513 0.314732
v 0.070535 -0.070923 0.317168
v 0.080713 -0.081477 0.311232
v 0.087269 -0.074969 0.311664
v 0.095460 -0.067121 0.311703
v 0.091863 -0.081371 0.308096
v 0.086142 -0.087550 0.307378
v 0.095116 -0.086639 0.305047
v 0.090181 -0.092196 0.304180
v 0.101480 -0.079224 0.305835
v 0.099070 -0.073628 0.308571
v 0.105857 -0.066683 0.308475
v 0.107805 -0.071623 0.306210
v 0.112095 -0.061763 0.307694
v 0.113640 -0.065833 0.305913
v 0.109959 -0.056571 0.309716
v 0.102993 -0.060770 0.311052
v 0.099550 -0.055947 0.313287
v 0.107631 -0.051585 0.311567
v 0.105699 -0.047714 0.312806
v 0.096605 -0.052560 0.314753
v 0.127478 -0.060025 0.302204
v 0.122725 -0.060041 0.304147
v 0.122815 -0.063778 0.303021
v 0.126789 -0.063752 0.301399
v 0.131023 -0.059969 0.300554
v 0.129758 -0.063691 0.300025
v 0.132550 -0.055120 0.301035
v 0.128270 -0.055176 0.302999
v 0.122527 -0.055175 0.305351
v 0.129006 -0.050242 0.303702
v 0.134014 -0.050185 0.301423
v 0.129522 -0.046263 0.304077
v 0.135094 -0.046230 0.301576
v 0.122022 -0.046231 0.307149
v 0.122279 -0.050219 0.306458
v 0.115181 -0.050172 0.309185
v 0.114126 -0.046160 0.310165
v 0.116446 -0.055172 0.307703
v 0.117658 -0.060084 0.306114
v 0.118538 -0.063845 0.304688
v 0.134467 -0.000585 0.306068
v 0.138181 0.005947 0.304339
v 0.131178 0.012130 0.307146
v 0.126482 0.005892 0.309363
v 0.131328 -0.005087 0.307227
v 0.122507 0.001899 0.310907
v 0.140866 -0.010190 0.302790
v 0.142982 -0.004914 0.302098
v 0.145534 0.002072 0.300943
v 0.141379 0.013914 0.302509
v 0.147889 0.009417 0.299627
v 0.143575 0.020594 0.300924
v 0.149566 0.015225 0.298411
v 0.137839 0.027788 0.302926
v 0.135143 0.020525 0.304853
v 0.128484 0.028387 0.306973
v 0.132020 0.035090 0.304641
v 0.123159 0.034882 0.308373
v 0.127465 0.040716 0.305739
v 0.117370 0.027404 0.311520
v 0.123528 0.020352 0.309748
v 0.118052 0.013745 0.312351
v 0.111372 0.020257 0.314378
v 0.113564 0.009203 0.314151
v 0.106643 0.014895 0.316341
v 0.153006 -0.006328 0.297086
v 0.154233 0.000784 0.296574
v 0.151957 -0.011849 0.297277
v 0.163548 -0.011798 0.291096
v 0.163536 -0.006292 0.291457
v 0.163389 0.000786 0.291661
v 0.173568 -0.006278 0.285634
v 0.174588 -0.011777 0.284658
v 0.180987 -0.006294 0.280968
v 0.182742 -0.011782 0.279535
v 0.178569 0.000785 0.282597
v 0.172115 0.000789 0.286633
v 0.170520 0.007852 0.287488
v 0.175977 0.007860 0.284085
v 0.169169 0.013335 0.287950
v 0.173852 0.013333 0.285063
v 0.162845 0.013350 0.291546
v 0.163142 0.007861 0.291710
v 0.155371 0.007890 0.295892
v 0.156150 0.013394 0.295159
v 0.088962 0.048025 0.317922
v 0.083492 0.054271 0.318200
v 0.078296 0.048988 0.320497
v 0.083701 0.042774 0.320175
v 0.093130 0.043111 0.317471
v 0.087827 0.037917 0.319713
v 0.099923 0.049791 0.314237
v 0.095690 0.054734 0.314645
v 0.090133 0.061010 0.314861
v 0.102254 0.061309 0.311058
v 0.106553 0.056355 0.310697
v 0.107184 0.066243 0.308045
v 0.111524 0.061299 0.307749
v 0.101469 0.072509 0.308140
v 0.096608 0.067583 0.311206
v 0.090937 0.073687 0.311086
v 0.095728 0.078585 0.307960
v 0.086518 0.078271 0.310749
v 0.091261 0.083131 0.307605
v 0.080207 0.071752 0.314543
v 0.084555 0.067137 0.314818
v 0.078004 0.060397 0.318229
v 0.073725 0.065019 0.318012
v 0.072875 0.055101 0.320578
v 0.068672 0.059729 0.320422
v 0.030713 0.139155 0.277821
v 0.026567 0.139088 0.278368
v 0.031331 0.132213 0.287993
v 0.035896 0.132572 0.287144
v 0.033957 0.139061 0.277266
v 0.039448 0.132702 0.286350
v 0.030249 0.143675 0.266927
v 0.027284 0.143801 0.267401
v 0.023513 0.143771 0.267848
v 0.024051 0.146024 0.256705
v 0.026750 0.145870 0.256314
v 0.021644 0.146651 0.248332
v 0.024139 0.146502 0.248033
v 0.018503 0.146649 0.248609
v 0.020641 0.146013 0.257055
v 0.017224 0.146002 0.257359
v 0.015356 0.146646 0.248849
v 0.014493 0.145827 0.257490
v 0.012846 0.146491 0.248964
v 0.016731 0.143563 0.268428
v 0.019734 0.143738 0.268239
v 0.022411 0.139020 0.278849
v 0.019123 0.138822 0.279102
v 0.026745 0.131843 0.288760
v 0.023133 0.131407 0.289229
v 0.034229 0.122201 0.297543
v 0.039334 0.123391 0.296099
v 0.030223 0.121122 0.298521
v 0.038873 0.108426 0.306563
v 0.043301 0.110463 0.304995
v 0.048961 0.112874 0.302763
v 0.052401 0.096995 0.310918
v 0.047562 0.093781 0.312937
v 0.059314 0.085961 0.314740
v 0.054172 0.081819 0.317056
v 0.065910 0.091132 0.311465
v 0.058594 0.100918 0.308058
v 0.064657 0.104699 0.304979
v 0.072341 0.096109 0.307914
v 0.069265 0.107407 0.302420
v 0.077190 0.099736 0.304993
v 0.058800 0.116832 0.298369
v 0.054533 0.115206 0.300375
v 0.044391 0.124543 0.294546
v 0.048295 0.125278 0.293198
v 0.154287 0.076479 0.258819
v 0.150730 0.071968 0.262823
v 0.141452 0.063773 0.246352
v 0.144820 0.068045 0.242552
v 0.158647 0.082391 0.253473
v 0.148952 0.073644 0.237479
v 0.165838 0.089210 0.265558
v 0.161313 0.083074 0.271102
v 0.157640 0.078364 0.275240
v 0.162736 0.088034 0.247893
v 0.152829 0.078995 0.232190
v 0.165643 0.092347 0.243535
v 0.155586 0.083084 0.228061
v 0.173108 0.099502 0.255248
v 0.170080 0.095063 0.259771
v 0.154845 0.102394 0.242916
v 0.163435 0.096668 0.241947
v 0.153495 0.087172 0.226560
v 0.145355 0.092594 0.227477
v 0.143304 0.109444 0.243892
v 0.134418 0.099271 0.228400
v 0.149910 0.117163 0.255701
v 0.161918 0.109813 0.254694
v 0.170852 0.103856 0.253666
v 0.131431 0.115808 0.244009
v 0.123169 0.105301 0.228511
v 0.120423 0.121680 0.241873
v 0.112740 0.110864 0.226488
v 0.126099 0.129928 0.253577
v 0.137553 0.123803 0.255809
v 0.111479 0.127256 0.236091
v 0.104267 0.116147 0.221010
v 0.103688 0.131490 0.228284
v 0.096880 0.120175 0.213610
v 0.108710 0.140120 0.239461
v 0.116800 0.135728 0.247567
v 0.096141 0.133338 0.220072
v 0.089711 0.121976 0.205822
v 0.090363 0.133861 0.213753
v 0.084227 0.122507 0.199829
v 0.094912 0.142530 0.224369
v 0.100882 0.142018 0.230941
v 0.085384 0.134368 0.213253
v 0.086839 0.134248 0.212012
v 0.080929 0.122797 0.198194
v 0.079553 0.122890 0.199373
v 0.083707 0.134471 0.214911
v 0.077958 0.122985 0.200946
v 0.088153 0.143217 0.225598
v 0.089899 0.143103 0.223871
v 0.091388 0.142956 0.222562
v 0.081998 0.134549 0.216550
v 0.076335 0.123063 0.202505
v 0.080671 0.134568 0.218008
v 0.075074 0.123100 0.203885
v 0.084987 0.143302 0.228785
v 0.086374 0.143301 0.227305
v 0.084766 0.133113 0.228650
v 0.081230 0.134088 0.221970
v 0.075592 0.122717 0.207608
v 0.078948 0.121759 0.213943
v 0.089563 0.130828 0.237132
v 0.083501 0.119547 0.221991
v 0.094284 0.139447 0.248493
v 0.089296 0.141799 0.239672
v 0.085602 0.142779 0.232744
v 0.094435 0.126489 0.245390
v 0.088120 0.115420 0.229819
v 0.101283 0.119752 0.252606
v 0.094607 0.109037 0.236656
v 0.106469 0.127946 0.264587
v 0.099352 0.134944 0.257084
v 0.112005 0.110268 0.257965
v 0.104765 0.100052 0.241732
v 0.124454 0.098525 0.261575
v 0.116562 0.088930 0.245154
v 0.130527 0.105929 0.273885
v 0.117603 0.118109 0.270146
v 0.136484 0.085013 0.263546
v 0.127969 0.076127 0.247028
v 0.145535 0.074192 0.264329
v 0.136549 0.065877 0.247776
v 0.152380 0.080655 0.276742
v 0.143012 0.091906 0.275925
v 0.209379 0.045584 0.226311
v 0.210537 0.041844 0.226167
v 0.196843 0.037878 0.210716
v 0.195744 0.041423 0.210853
v 0.207732 0.050307 0.226575
v 0.194183 0.045899 0.211102
v 0.217864 0.053673 0.238401
v 0.219572 0.048771 0.238128
v 0.220778 0.044895 0.237954
v 0.206021 0.054949 0.226753
v 0.192561 0.050295 0.211270
v 0.204541 0.058561 0.226953
v 0.191159 0.053719 0.211460
v 0.214563 0.062225 0.238770
v 0.216086 0.058491 0.238587
v 0.200288 0.060864 0.229949
v 0.202415 0.060698 0.228155
v 0.189146 0.055742 0.212598
v 0.187130 0.055899 0.214297
v 0.197555 0.060864 0.232284
v 0.184541 0.055899 0.216509
v 0.207412 0.064467 0.244278
v 0.210279 0.064463 0.241830
v 0.212483 0.064315 0.239946
v 0.194569 0.060864 0.234772
v 0.181712 0.055899 0.218867
v 0.190797 0.062785 0.237077
v 0.178138 0.057718 0.221050
v 0.200342 0.066486 0.249292
v 0.204281 0.064478 0.246883
v 0.185707 0.068545 0.238860
v 0.173316 0.063177 0.222740
v 0.179989 0.075946 0.240196
v 0.167898 0.070187 0.224006
v 0.189103 0.080173 0.252541
v 0.195048 0.072477 0.251150
v 0.174335 0.082784 0.241160
v 0.162542 0.076667 0.224920
v 0.169941 0.087723 0.241856
v 0.158379 0.081349 0.225581
v 0.178640 0.092449 0.254248
v 0.183210 0.087295 0.253547
v 0.163403 0.083911 0.248253
v 0.166499 0.088094 0.244083
v 0.155120 0.081698 0.227689
v 0.152186 0.077732 0.231638
v 0.159385 0.078187 0.253553
v 0.148379 0.072310 0.236659
v 0.167842 0.082534 0.266307
v 0.172012 0.088473 0.260805
v 0.175197 0.092825 0.256476
v 0.155118 0.072238 0.258637
v 0.144337 0.066675 0.241476
v 0.151866 0.067498 0.262408
v 0.141256 0.062183 0.245049
v 0.160025 0.071470 0.275481
v 0.163418 0.076364 0.271580
v 0.159431 0.058646 0.260473
v 0.153109 0.063327 0.263023
v 0.142434 0.058233 0.245632
v 0.148422 0.053799 0.243216
v 0.167835 0.052507 0.256765
v 0.156384 0.047982 0.239702
v 0.176604 0.056057 0.269588
v 0.167873 0.062440 0.273436
v 0.161290 0.067288 0.276086
v 0.176301 0.046060 0.252547
v 0.164405 0.041875 0.235706
v 0.184375 0.041112 0.247851
v 0.172054 0.037187 0.231257
v 0.193753 0.044265 0.260341
v 0.185386 0.049379 0.265212
v 0.191605 0.039465 0.242708
v 0.178903 0.035628 0.226385
v 0.198229 0.039471 0.237352
v 0.185180 0.035631 0.221311
v 0.208099 0.042590 0.249463
v 0.201241 0.042573 0.255011
v 0.204490 0.039475 0.232017
v 0.191112 0.035637 0.216256
v 0.209103 0.039646 0.227937
v 0.195482 0.035798 0.212392
v 0.219337 0.042742 0.239720
v 0.214574 0.042599 0.243943
v 0.239977 -0.007329 0.199625
v 0.238154 -0.012591 0.201527
v 0.222437 -0.011739 0.187559
v 0.224164 -0.006754 0.185757
v 0.242130 -0.000521 0.197240
v 0.226204 -0.000305 0.183497
v 0.254074 -0.000689 0.207778
v 0.251837 -0.007752 0.210258
v 0.249952 -0.013199 0.212205
v 0.244123 0.006289 0.194722
v 0.228094 0.006149 0.181112
v 0.245508 0.011555 0.192836
v 0.229407 0.011139 0.179326
v 0.257573 0.011829 0.203194
v 0.256138 0.006376 0.205170
v 0.237346 0.014366 0.202165
v 0.243608 0.014204 0.194902
v 0.227608 0.013645 0.181283
v 0.221673 0.013798 0.188163
v 0.228778 0.014371 0.211713
v 0.213555 0.013802 0.197209
v 0.240298 0.014601 0.222714
v 0.249170 0.014594 0.212827
v 0.255645 0.014456 0.205296
v 0.219638 0.014376 0.221127
v 0.204895 0.013807 0.206127
v 0.210769 0.012621 0.229746
v 0.196494 0.012146 0.214293
v 0.221633 0.012806 0.241405
v 0.230826 0.014614 0.232471
v 0.203017 0.007346 0.236908
v 0.189149 0.007147 0.221077
v 0.195785 0.000402 0.243093
v 0.182298 0.000570 0.226937
v 0.206098 0.000156 0.255241
v 0.213599 0.007351 0.248827
v 0.188475 -0.006356 0.248784
v 0.175373 -0.005834 0.232330
v 0.182946 -0.011566 0.252869
v 0.170134 -0.010769 0.236201
v 0.192742 -0.012264 0.265394
v 0.198505 -0.006869 0.261151
v 0.185878 -0.021799 0.249847
v 0.182220 -0.016271 0.253141
v 0.169447 -0.015226 0.236457
v 0.172912 -0.020462 0.233336
v 0.190667 -0.028847 0.245337
v 0.177450 -0.027140 0.229063
v 0.200781 -0.030007 0.257587
v 0.195812 -0.022694 0.262266
v 0.191999 -0.016987 0.265680
v 0.195232 -0.035815 0.240593
v 0.181774 -0.033740 0.224569
v 0.198734 -0.041000 0.236810
v 0.185092 -0.038654 0.220985
v 0.209130 -0.042642 0.248735
v 0.205521 -0.037242 0.252659
v 0.205442 -0.036171 0.231824
v 0.201940 -0.041044 0.234064
v 0.188129 -0.038698 0.218387
v 0.191447 -0.034080 0.216263
v 0.209899 -0.029523 0.228856
v 0.195669 -0.027780 0.213450
v 0.220629 -0.030670 0.240580
v 0.215981 -0.037598 0.243675
v 0.212338 -0.042690 0.245986
v 0.214365 -0.022540 0.225559
v 0.199901 -0.021165 0.210326
v 0.218900 -0.017177 0.221753
v 0.204196 -0.016085 0.206720
v 0.229994 -0.017830 0.233185
v 0.225276 -0.023405 0.237149
v 0.223560 -0.015390 0.217259
v 0.208611 -0.014391 0.202463
v 0.228135 -0.015390 0.212483
v 0.212946 -0.014391 0.197938
v 0.239640 -0.015956 0.223503
v 0.234858 -0.015964 0.228493
v 0.232416 -0.015390 0.207831
v 0.217002 -0.014391 0.193531
v 0.235665 -0.015232 0.204227
v 0.220081 -0.014243 0.190117
v 0.247477 -0.015819 0.214891
v 0.244111 -0.015954 0.218645
v 0.154163 -0.062154 0.262496
v 0.150465 -0.057054 0.266229
v 0.140073 -0.052437 0.248523
v 0.143576 -0.057270 0.244986
v 0.158994 -0.068547 0.257464
v 0.148153 -0.063324 0.240218
v 0.167318 -0.072391 0.270489
v 0.162297 -0.065746 0.275720
v 0.158435 -0.060470 0.279587
v 0.163570 -0.074732 0.252187
v 0.152489 -0.069184 0.235220
v 0.167092 -0.079281 0.248018
v 0.155825 -0.073496 0.231270
v 0.175704 -0.083554 0.260673
v 0.172075 -0.078819 0.265004
v 0.174831 -0.075036 0.244454
v 0.170648 -0.079309 0.245602
v 0.159194 -0.073523 0.228982
v 0.163156 -0.069475 0.227894
v 0.180109 -0.069263 0.242960
v 0.168157 -0.064005 0.226478
v 0.189072 -0.073152 0.255539
v 0.183586 -0.079150 0.257092
v 0.179255 -0.083594 0.258256
v 0.185287 -0.063305 0.241217
v 0.173062 -0.058358 0.224827
v 0.189152 -0.058540 0.239867
v 0.176724 -0.053845 0.223548
v 0.198467 -0.062032 0.252303
v 0.194452 -0.066958 0.253728
v 0.185691 -0.049272 0.244996
v 0.189336 -0.054134 0.241014
v 0.176898 -0.049671 0.224635
v 0.173445 -0.045064 0.228407
v 0.180690 -0.043035 0.250123
v 0.168707 -0.039156 0.233264
v 0.189653 -0.046128 0.262931
v 0.194851 -0.052611 0.257603
v 0.198642 -0.057629 0.253456
v 0.175458 -0.036688 0.255017
v 0.163751 -0.033142 0.237901
v 0.171261 -0.031905 0.258721
v 0.159775 -0.028612 0.241411
v 0.179872 -0.034545 0.271844
v 0.184216 -0.039533 0.268018
v 0.163889 -0.036373 0.262729
v 0.167620 -0.031898 0.261131
v 0.156325 -0.028604 0.243693
v 0.152790 -0.032844 0.245207
v 0.159120 -0.042266 0.264595
v 0.148273 -0.038427 0.246974
v 0.167429 -0.045312 0.277849
v 0.172386 -0.039187 0.275908
v 0.176233 -0.034523 0.274254
v 0.154266 -0.048064 0.266252
v 0.143674 -0.043922 0.248544
v 0.150572 -0.052609 0.267366
v 0.140174 -0.048226 0.249600
v 0.158531 -0.056030 0.280730
v 0.162383 -0.051342 0.279571
v 0.156714 -0.082710 0.254524
v 0.160265 -0.086701 0.250349
v 0.150534 -0.077761 0.234468
v 0.147168 -0.073978 0.238423
v 0.151811 -0.077549 0.259850
v 0.142519 -0.069084 0.243471
v 0.158711 -0.084176 0.272210
v 0.163799 -0.089531 0.266686
v 0.167491 -0.093632 0.262354
v 0.146666 -0.072191 0.264947
v 0.137643 -0.064008 0.248307
v 0.142534 -0.068147 0.268745
v 0.133731 -0.060177 0.251913
v 0.149103 -0.074387 0.281423
v 0.153373 -0.078613 0.277496
v 0.130476 -0.082499 0.267773
v 0.137754 -0.070919 0.269694
v 0.129225 -0.062802 0.252816
v 0.122322 -0.073772 0.250988
v 0.120780 -0.096922 0.264328
v 0.113126 -0.087435 0.247714
v 0.126680 -0.104238 0.276789
v 0.136741 -0.089267 0.280359
v 0.144268 -0.077229 0.282356
v 0.110615 -0.109442 0.259277
v 0.103492 -0.099295 0.242926
v 0.101511 -0.119542 0.252667
v 0.094867 -0.108865 0.236664
v 0.106674 -0.127705 0.264692
v 0.116128 -0.117227 0.271552
v 0.094996 -0.126710 0.244546
v 0.088695 -0.115655 0.228970
v 0.089807 -0.131215 0.235531
v 0.083776 -0.119942 0.220425
v 0.094515 -0.139822 0.246888
v 0.099906 -0.135149 0.256255
v 0.084680 -0.133330 0.226240
v 0.078909 -0.122000 0.211607
v 0.080922 -0.134055 0.218980
v 0.075341 -0.122722 0.204720
v 0.085268 -0.142715 0.229715
v 0.089192 -0.141995 0.237240
v 0.082778 -0.134513 0.214260
v 0.080699 -0.134480 0.215237
v 0.075147 -0.123035 0.201200
v 0.077120 -0.123048 0.200279
v 0.085458 -0.134513 0.213189
v 0.079658 -0.123048 0.199263
v 0.089932 -0.143244 0.223853
v 0.087143 -0.143242 0.224969
v 0.084978 -0.143189 0.225955
v 0.088122 -0.134513 0.212080
v 0.082183 -0.123048 0.198213
v 0.090340 -0.134482 0.211300
v 0.084279 -0.123036 0.197470
v 0.094986 -0.143190 0.221867
v 0.092705 -0.143244 0.222700
v 0.098818 -0.133388 0.220150
v 0.093915 -0.134076 0.213579
v 0.087640 -0.122737 0.199610
v 0.092295 -0.122051 0.205844
v 0.105117 -0.131352 0.228671
v 0.098278 -0.120070 0.213927
v 0.110149 -0.139962 0.239883
v 0.103607 -0.142053 0.231031
v 0.098542 -0.142737 0.224196
v 0.111540 -0.126999 0.236883
v 0.104368 -0.115928 0.221710
v 0.119188 -0.121075 0.243370
v 0.111614 -0.110316 0.227856
v 0.124778 -0.129280 0.255167
v 0.116824 -0.135443 0.248419
v 0.129163 -0.114331 0.246717
v 0.121063 -0.103927 0.231027
v 0.140128 -0.106733 0.248028
v 0.131453 -0.096729 0.232270
v 0.146568 -0.114330 0.260033
v 0.135157 -0.122250 0.258658
v 0.150750 -0.098248 0.248406
v 0.141521 -0.088693 0.232631
v 0.158624 -0.091357 0.248436
v 0.148985 -0.082167 0.232661
v 0.165807 -0.098325 0.260441
v 0.157616 -0.105489 0.260432
v 0.077188 -0.088027 0.286316
v 0.081310 -0.092341 0.283084
v 0.076587 -0.083078 0.265243
v 0.072680 -0.078988 0.268305
v 0.071560 -0.082385 0.290340
v 0.067345 -0.073640 0.272119
v 0.074618 -0.089204 0.304067
v 0.080455 -0.095058 0.299894
v 0.084743 -0.099496 0.296542
v 0.065749 -0.076474 0.294058
v 0.061835 -0.068040 0.275648
v 0.061119 -0.071963 0.296750
v 0.057449 -0.063767 0.278206
v 0.063806 -0.078358 0.310704
v 0.068588 -0.083069 0.307920
v 0.047360 -0.085007 0.292988
v 0.055714 -0.074186 0.296558
v 0.052346 -0.065872 0.278027
v 0.044429 -0.076123 0.274637
v 0.036547 -0.098521 0.287359
v 0.034178 -0.088924 0.269295
v 0.038473 -0.105923 0.300950
v 0.049696 -0.091901 0.306787
v 0.058340 -0.080648 0.310488
v 0.025848 -0.110263 0.280042
v 0.024039 -0.100047 0.262361
v 0.017336 -0.119747 0.271603
v 0.015975 -0.109032 0.254366
v 0.018521 -0.127941 0.284604
v 0.027363 -0.118102 0.293362
v 0.013084 -0.126484 0.262609
v 0.011947 -0.115415 0.245845
v 0.011034 -0.130823 0.253243
v 0.010003 -0.119542 0.236966
v 0.011971 -0.139442 0.265511
v 0.014103 -0.134939 0.275254
v 0.009126 -0.133108 0.243687
v 0.008192 -0.121754 0.227899
v 0.007852 -0.134081 0.236238
v 0.006982 -0.122710 0.220833
v 0.008641 -0.142774 0.247838
v 0.009987 -0.141794 0.255573
v 0.010274 -0.134543 0.231328
v 0.008559 -0.134563 0.232299
v 0.007651 -0.123094 0.217134
v 0.009280 -0.123057 0.216217
v 0.012410 -0.134466 0.230304
v 0.011309 -0.122980 0.215242
v 0.013297 -0.143212 0.241846
v 0.011074 -0.143296 0.242911
v 0.009293 -0.143297 0.243885
v 0.014521 -0.134361 0.229253
v 0.013316 -0.122885 0.214246
v 0.016291 -0.134242 0.228529
v 0.014992 -0.122792 0.213556
v 0.017318 -0.142951 0.239972
v 0.015495 -0.143099 0.240751
v 0.022610 -0.133333 0.239090
v 0.019095 -0.133856 0.231283
v 0.017614 -0.122503 0.216140
v 0.020952 -0.121971 0.223545
v 0.027216 -0.131485 0.249248
v 0.025330 -0.120170 0.233183
v 0.028496 -0.140115 0.261435
v 0.023721 -0.142012 0.250896
v 0.020101 -0.142523 0.242789
v 0.032179 -0.127251 0.259098
v 0.030037 -0.116142 0.242519
v 0.038870 -0.121675 0.267384
v 0.036376 -0.110858 0.250369
v 0.040607 -0.129921 0.280275
v 0.033650 -0.135723 0.271662
v 0.048661 -0.115802 0.272851
v 0.045651 -0.105296 0.255547
v 0.059977 -0.109438 0.276447
v 0.056372 -0.099267 0.258955
v 0.062564 -0.117158 0.289728
v 0.050791 -0.123797 0.285972
v 0.071245 -0.102388 0.279123
v 0.067050 -0.092589 0.261493
v 0.079707 -0.096663 0.280886
v 0.075070 -0.087167 0.263164
v 0.083095 -0.103850 0.294335
v 0.074286 -0.109808 0.292521
v 0.124910 -0.054943 0.279749
v 0.123441 -0.058556 0.279478
v 0.115566 -0.053713 0.260581
v 0.116958 -0.050289 0.260838
v 0.126591 -0.050302 0.280116
v 0.118551 -0.045893 0.261185
v 0.132523 -0.053668 0.294514
v 0.130776 -0.058486 0.294135
v 0.129272 -0.062219 0.293833
v 0.128238 -0.045578 0.280379
v 0.120112 -0.041417 0.261436
v 0.129383 -0.041838 0.280603
v 0.121198 -0.037872 0.261649
v 0.135431 -0.044890 0.294999
v 0.134230 -0.048764 0.294788
v 0.121812 -0.039470 0.284272
v 0.127468 -0.039640 0.281837
v 0.119383 -0.035792 0.262816
v 0.114024 -0.035630 0.265122
v 0.114198 -0.039464 0.287386
v 0.106810 -0.035625 0.268072
v 0.119792 -0.042583 0.301973
v 0.127667 -0.042593 0.298752
v 0.133510 -0.042737 0.296227
v 0.106232 -0.039461 0.290405
v 0.099263 -0.035622 0.270932
v 0.097758 -0.041107 0.293033
v 0.091235 -0.037181 0.273422
v 0.102767 -0.044260 0.307828
v 0.111545 -0.042568 0.305102
v 0.088621 -0.046056 0.294973
v 0.082579 -0.041870 0.275260
v 0.079261 -0.052502 0.296337
v 0.073711 -0.047976 0.276551
v 0.083588 -0.056052 0.311256
v 0.093297 -0.049374 0.309841
v 0.070119 -0.058641 0.297234
v 0.065050 -0.053792 0.277402
v 0.063318 -0.063323 0.297683
v 0.058607 -0.058228 0.277828
v 0.067010 -0.067281 0.312647
v 0.074092 -0.062434 0.312186
v 0.066596 -0.072233 0.294144
v 0.062328 -0.067493 0.296711
v 0.057670 -0.062178 0.276906
v 0.061713 -0.066669 0.274474
v 0.072237 -0.078181 0.290646
v 0.067057 -0.072306 0.271160
v 0.076289 -0.082528 0.305404
v 0.070439 -0.076359 0.309031
v 0.065998 -0.071464 0.311677
v 0.077709 -0.083904 0.286866
v 0.072242 -0.077727 0.267579
v 0.081953 -0.088088 0.283872
v 0.076262 -0.081693 0.264744
v 0.086345 -0.092820 0.298361
v 0.081968 -0.088467 0.301479
v 0.090309 -0.082778 0.283541
v 0.085917 -0.087718 0.282831
v 0.080016 -0.081343 0.263759
v 0.084177 -0.076663 0.264431
v 0.095981 -0.075941 0.284392
v 0.089551 -0.070182 0.265235
v 0.100785 -0.080167 0.298965
v 0.094872 -0.087290 0.298081
v 0.090312 -0.092443 0.297320
v 0.101831 -0.068539 0.284908
v 0.095093 -0.063171 0.265724
v 0.107223 -0.062779 0.284804
v 0.100202 -0.057713 0.265625
v 0.112476 -0.066480 0.299388
v 0.106867 -0.072471 0.299500
v 0.111527 -0.060858 0.283792
v 0.104279 -0.055893 0.264667
v 0.115140 -0.060858 0.282360
v 0.107703 -0.055893 0.263311
v 0.120758 -0.064462 0.296833
v 0.116971 -0.064472 0.298330
v 0.118465 -0.060858 0.280995
v 0.110853 -0.055893 0.262018
v 0.121047 -0.060693 0.279955
v 0.113299 -0.055736 0.261033
v 0.126928 -0.064309 0.294301
v 0.124247 -0.064457 0.295402
v 0.172898 -0.006283 0.260037
v 0.174793 -0.011550 0.258665
v 0.163594 -0.011133 0.240879
v 0.161798 -0.006143 0.242179
v 0.170230 0.000527 0.261825
v 0.159269 0.000309 0.243872
v 0.178380 0.000695 0.275511
v 0.181143 -0.006370 0.273659
v 0.183114 -0.011823 0.272216
v 0.167451 0.007334 0.263439
v 0.156636 0.006760 0.245400
v 0.165134 0.012595 0.264692
v 0.154440 0.011745 0.246588
v 0.173102 0.013205 0.278466
v 0.175492 0.007757 0.277189
v 0.157743 0.015394 0.268940
v 0.161939 0.015239 0.266502
v 0.151415 0.014247 0.248303
v 0.147440 0.014396 0.250612
v 0.152246 0.015395 0.272060
v 0.142231 0.014396 0.253567
v 0.159830 0.015962 0.286070
v 0.165572 0.015959 0.282812
v 0.169925 0.015826 0.280266
v 0.146429 0.015395 0.275209
v 0.136720 0.014396 0.256550
v 0.140618 0.017183 0.278063
v 0.131214 0.016089 0.259254
v 0.147686 0.017834 0.292339
v 0.153751 0.015970 0.289360
v 0.135137 0.022544 0.280300
v 0.126022 0.021170 0.261374
v 0.129876 0.029528 0.282073
v 0.121038 0.027785 0.263054
v 0.136508 0.030676 0.296516
v 0.141981 0.023411 0.294670
v 0.124725 0.036178 0.283536
v 0.116158 0.034086 0.264442
v 0.120705 0.041050 0.284599
v 0.112350 0.038703 0.265449
v 0.126961 0.042694 0.299128
v 0.131136 0.037603 0.298042
v 0.112323 0.035819 0.288764
v 0.116814 0.041004 0.286233
v 0.108664 0.038659 0.266995
v 0.104409 0.033746 0.269393
v 0.106527 0.028852 0.291885
v 0.098918 0.027145 0.272349
v 0.112411 0.030012 0.306641
v 0.118430 0.037248 0.303399
v 0.123066 0.042646 0.300766
v 0.100587 0.021804 0.294715
v 0.093291 0.020467 0.275031
v 0.096098 0.016276 0.296733
v 0.089037 0.015231 0.276943
v 0.101575 0.016992 0.311661
v 0.106249 0.022700 0.309577
v 0.103386 0.006362 0.294498
v 0.096872 0.011572 0.296696
v 0.089770 0.010775 0.276909
v 0.095942 0.005838 0.274825
v 0.112085 -0.000396 0.291313
v 0.104184 -0.000564 0.271808
v 0.118191 -0.000151 0.306033
v 0.109155 0.006873 0.309339
v 0.102369 0.012269 0.311617
v 0.120863 -0.007340 0.287635
v 0.112499 -0.007141 0.268323
v 0.130433 -0.012615 0.283187
v 0.121566 -0.012140 0.264109
v 0.137213 -0.012801 0.297609
v 0.127294 -0.007345 0.302219
v 0.141512 -0.014369 0.277692
v 0.132062 -0.013801 0.258903
v 0.153093 -0.014365 0.271523
v 0.143034 -0.013796 0.253059
v 0.160698 -0.014596 0.285520
v 0.148697 -0.014608 0.291913
v 0.164170 -0.014360 0.265052
v 0.153529 -0.013792 0.246929
v 0.172353 -0.014198 0.260052
v 0.161282 -0.013640 0.242192
v 0.180635 -0.014449 0.273627
v 0.172168 -0.014588 0.278818
v 0.078633 0.074736 0.290122
v 0.083261 0.079286 0.287229
v 0.077655 0.073501 0.267839
v 0.073270 0.069189 0.270579
v 0.072663 0.068551 0.293747
v 0.067614 0.063329 0.274013
v 0.076607 0.072395 0.308693
v 0.082813 0.078824 0.304925
v 0.087592 0.083559 0.301911
v 0.066525 0.062160 0.297062
v 0.061799 0.057274 0.277153
v 0.061863 0.057058 0.299485
v 0.057382 0.052441 0.279449
v 0.065367 0.060474 0.314641
v 0.070227 0.065751 0.312139
v 0.065475 0.048071 0.300669
v 0.061617 0.052614 0.300601
v 0.057149 0.048231 0.280506
v 0.060804 0.043926 0.280570
v 0.070603 0.042272 0.300576
v 0.065662 0.038432 0.280482
v 0.074462 0.045318 0.315735
v 0.069131 0.051347 0.315832
v 0.065109 0.056036 0.315758
v 0.075714 0.036377 0.300257
v 0.070504 0.032849 0.280180
v 0.079755 0.031903 0.299876
v 0.074333 0.028609 0.279820
v 0.083944 0.034529 0.315004
v 0.079774 0.039192 0.315403
v 0.089087 0.036693 0.296452
v 0.083959 0.031909 0.298695
v 0.078314 0.028616 0.278702
v 0.083173 0.033149 0.276576
v 0.095565 0.043040 0.293391
v 0.089310 0.039161 0.273676
v 0.100183 0.046134 0.308327
v 0.093451 0.039538 0.311508
v 0.088144 0.034549 0.313822
v 0.101894 0.049277 0.290039
v 0.095306 0.045070 0.270500
v 0.106581 0.054138 0.287362
v 0.099747 0.049676 0.267964
v 0.111638 0.057634 0.302053
v 0.106760 0.052616 0.304843
v 0.102664 0.063309 0.286317
v 0.106757 0.058545 0.286214
v 0.099913 0.053850 0.266876
v 0.096036 0.058363 0.266974
v 0.097202 0.069269 0.286394
v 0.090861 0.064009 0.267047
v 0.101890 0.073157 0.301111
v 0.107566 0.066964 0.301032
v 0.111824 0.062037 0.300902
v 0.091719 0.075043 0.286203
v 0.085666 0.069480 0.266866
v 0.087386 0.079315 0.286017
v 0.081561 0.073527 0.266690
v 0.091712 0.083599 0.300697
v 0.096191 0.079156 0.300912
v 0.058637 0.072196 0.297103
v 0.053542 0.068152 0.299456
v 0.050307 0.060183 0.280738
v 0.055134 0.064014 0.278500
v 0.065094 0.077554 0.293822
v 0.061255 0.069090 0.275387
v 0.067885 0.084180 0.307700
v 0.061187 0.078618 0.311101
v 0.055920 0.074392 0.313534
v 0.071391 0.082717 0.290251
v 0.067225 0.073983 0.272002
v 0.076048 0.086707 0.287361
v 0.071639 0.077766 0.269266
v 0.079258 0.093637 0.301001
v 0.074418 0.089537 0.303996
v 0.067582 0.098252 0.282602
v 0.075071 0.091364 0.285038
v 0.070716 0.082173 0.267072
v 0.063619 0.088698 0.264761
v 0.057586 0.106738 0.278994
v 0.054144 0.096735 0.261339
v 0.060046 0.114334 0.292394
v 0.070444 0.105494 0.296152
v 0.078239 0.098330 0.298664
v 0.047546 0.114335 0.274394
v 0.044631 0.103932 0.256979
v 0.039072 0.121079 0.268157
v 0.036604 0.110321 0.251071
v 0.040787 0.129285 0.281099
v 0.049602 0.122255 0.287596
v 0.033774 0.127003 0.259643
v 0.031584 0.115935 0.243004
v 0.030169 0.131357 0.249861
v 0.028165 0.120077 0.233732
v 0.031532 0.139968 0.262074
v 0.035277 0.135450 0.272242
v 0.026777 0.133393 0.239822
v 0.024941 0.122056 0.224206
v 0.024118 0.134080 0.232066
v 0.022414 0.122742 0.216848
v 0.025277 0.142742 0.243590
v 0.028009 0.142058 0.251646
v 0.019060 0.134519 0.228868
v 0.021411 0.134486 0.228803
v 0.019868 0.123040 0.213783
v 0.017645 0.123054 0.213849
v 0.016184 0.134519 0.229108
v 0.014920 0.123054 0.214077
v 0.017184 0.143249 0.240630
v 0.020177 0.143249 0.240380
v 0.022603 0.143196 0.240285
v 0.013305 0.134519 0.229310
v 0.012193 0.123054 0.214268
v 0.011028 0.134485 0.229605
v 0.010033 0.123040 0.214542
v 0.011824 0.143194 0.241117
v 0.014187 0.143249 0.240840
v 0.011454 0.133336 0.241297
v 0.010095 0.134061 0.233236
v 0.009142 0.122728 0.217953
v 0.010433 0.122005 0.225601
v 0.013495 0.131220 0.251711
v 0.012371 0.119947 0.235484
v 0.014505 0.139827 0.263964
v 0.012386 0.142000 0.253150
v 0.010951 0.142719 0.244786
v 0.015679 0.126714 0.261881
v 0.014442 0.115660 0.245124
v 0.019399 0.119548 0.271605
v 0.017966 0.108870 0.254337
v 0.020638 0.127711 0.284633
v 0.016774 0.135154 0.274530
v 0.026047 0.109447 0.280682
v 0.024264 0.099301 0.262936
v 0.034181 0.096928 0.288599
v 0.031972 0.087441 0.270441
v 0.035988 0.104242 0.302267
v 0.027543 0.117232 0.294054
v 0.042358 0.082505 0.294843
v 0.039727 0.073777 0.276369
v 0.048701 0.070926 0.298897
v 0.045740 0.062807 0.280220
v 0.051032 0.077234 0.312945
v 0.044476 0.089272 0.308743
v 0.158308 0.079351 0.281015
v 0.154943 0.083417 0.280876
v 0.155952 0.076790 0.276809
v 0.159815 0.081162 0.279552
v 0.176387 0.104026 0.257660
v 0.175386 0.102441 0.259442
v 0.173987 0.101394 0.253497
v 0.173225 0.106427 0.258048
v 0.093964 0.145923 0.225953
v 0.096287 0.145828 0.228370
v 0.092395 0.142769 0.222108
v 0.093215 0.146183 0.226575
v 0.086091 0.146351 0.233587
v 0.086739 0.146565 0.232874
v 0.084416 0.143167 0.229835
v 0.087442 0.146114 0.236342
v 0.224459 0.044446 0.242292
v 0.222798 0.044334 0.243981
v 0.221055 0.043162 0.238064
v 0.224112 0.046116 0.242414
v 0.217074 0.065032 0.243259
v 0.217867 0.063527 0.243235
v 0.213623 0.063877 0.239037
v 0.216147 0.065254 0.244208
v 0.179731 0.095724 0.259109
v 0.181614 0.093876 0.258873
v 0.176665 0.094235 0.254723
v 0.178530 0.094224 0.260863
v 0.162001 0.070800 0.281297
v 0.163284 0.072756 0.279978
v 0.158949 0.069354 0.276867
v 0.164478 0.068978 0.280491
v 0.253011 -0.015455 0.217022
v 0.251743 -0.015600 0.218660
v 0.248945 -0.015418 0.213213
v 0.253914 -0.013327 0.216302
v 0.261971 0.013957 0.206437
v 0.261569 0.011815 0.207250
v 0.257926 0.014054 0.202610
v 0.259754 0.014093 0.209236
v 0.194331 -0.014843 0.271043
v 0.196508 -0.012765 0.269633
v 0.190727 -0.014569 0.266807
v 0.195791 -0.017046 0.269926
v 0.214353 -0.044802 0.251243
v 0.213034 -0.042876 0.252862
v 0.210704 -0.044440 0.247064
v 0.215911 -0.042931 0.250394
v 0.160107 -0.059361 0.285555
v 0.161611 -0.057531 0.285289
v 0.157157 -0.058142 0.280982
v 0.161563 -0.061482 0.284249
v 0.180375 -0.086452 0.263375
v 0.179008 -0.084804 0.265141
v 0.177341 -0.085119 0.258903
v 0.182167 -0.084873 0.262978
v 0.202952 -0.061104 0.256370
v 0.201557 -0.063115 0.256973
v 0.199859 -0.059831 0.251908
v 0.201685 -0.059187 0.258021
v 0.180950 -0.034043 0.277938
v 0.182729 -0.035876 0.276591
v 0.177953 -0.032886 0.273389
v 0.179486 -0.035813 0.278748
v 0.170962 -0.098012 0.264889
v 0.168079 -0.100846 0.264904
v 0.168644 -0.095432 0.260644
v 0.169709 -0.096542 0.266610
v 0.149482 -0.075549 0.287156
v 0.151201 -0.077168 0.285789
v 0.147218 -0.073038 0.282870
v 0.146752 -0.079921 0.286587
v 0.085753 -0.146189 0.230491
v 0.087147 -0.146026 0.233397
v 0.084075 -0.143027 0.226717
v 0.086708 -0.146426 0.230032
v 0.097855 -0.146194 0.225538
v 0.096800 -0.146426 0.225909
v 0.096297 -0.143034 0.221713
v 0.099872 -0.146044 0.228113
v 0.087106 -0.104020 0.299858
v 0.083981 -0.106422 0.299238
v 0.086126 -0.101388 0.295153
v 0.085598 -0.102435 0.301238
v 0.062638 -0.079345 0.316399
v 0.064526 -0.081156 0.315480
v 0.061713 -0.076785 0.311668
v 0.059484 -0.083412 0.315216
v 0.008843 -0.146346 0.248791
v 0.009265 -0.146109 0.251830
v 0.008424 -0.143162 0.244704
v 0.009681 -0.146560 0.248316
v 0.018706 -0.145918 0.243998
v 0.017801 -0.146179 0.244355
v 0.018416 -0.142764 0.239855
v 0.020158 -0.145823 0.247019
v 0.130255 -0.065026 0.298882
v 0.129078 -0.065247 0.299494
v 0.128296 -0.063870 0.293793
v 0.131016 -0.063521 0.299106
v 0.137574 -0.044439 0.300269
v 0.137206 -0.046109 0.300277
v 0.135660 -0.043157 0.295190
v 0.135468 -0.044328 0.301356
v 0.066059 -0.070795 0.317820
v 0.068664 -0.068972 0.317827
v 0.064542 -0.069349 0.312658
v 0.067689 -0.072750 0.316967
v 0.089831 -0.095717 0.302278
v 0.088142 -0.094219 0.303569
v 0.088288 -0.094229 0.297154
v 0.091693 -0.093870 0.302642
v 0.186310 -0.013952 0.276648
v 0.183343 -0.014089 0.278635
v 0.183628 -0.014047 0.271767
v 0.185678 -0.011809 0.277299
v 0.174542 0.015460 0.283988
v 0.175622 0.013331 0.283579
v 0.171835 0.015423 0.279117
v 0.172834 0.015606 0.285159
v 0.127272 0.044808 0.304750
v 0.129015 0.042936 0.304419
v 0.125075 0.044446 0.299656
v 0.125521 0.042881 0.305889
v 0.102155 0.014848 0.317480
v 0.103887 0.017052 0.316864
v 0.100019 0.014574 0.312346
v 0.104659 0.012771 0.316804
v 0.091213 0.086458 0.305913
v 0.093041 0.084879 0.306082
v 0.089692 0.085124 0.300726
v 0.089372 0.084809 0.307175
v 0.065134 0.059366 0.320834
v 0.066920 0.061488 0.320035
v 0.063723 0.058147 0.315578
v 0.066648 0.057535 0.321041
v 0.087309 0.034048 0.319954
v 0.085667 0.035817 0.320277
v 0.085845 0.032890 0.314706
v 0.089414 0.035881 0.319215
v 0.114851 0.061109 0.306145
v 0.113139 0.059193 0.307330
v 0.113270 0.059837 0.300951
v 0.113338 0.063120 0.306293
v 0.054528 0.075555 0.319109
v 0.052103 0.079926 0.317732
v 0.053683 0.073044 0.314336
v 0.056582 0.077173 0.318333
v 0.081788 0.098017 0.304475
v 0.080069 0.096547 0.305731
v 0.080878 0.095438 0.299725
v 0.079038 0.100851 0.303608
v 0.024213 0.146200 0.244657
v 0.025346 0.146049 0.247725
v 0.023899 0.143039 0.240539
v 0.023095 0.146432 0.244688
v 0.011176 0.146196 0.245672
v 0.012225 0.146432 0.245528
v 0.010732 0.143032 0.241567
v 0.011614 0.146031 0.248866
v 0.163457 0.085987 0.275417
v 0.168022 0.092176 0.269827
v 0.172298 0.098075 0.264000
v 0.164156 0.112471 0.259150
v 0.151954 0.119980 0.260145
v 0.139393 0.126777 0.260211
v 0.127759 0.133036 0.257918
v 0.118338 0.138927 0.251833
v 0.110158 0.143382 0.243647
v 0.102246 0.145331 0.235046
v 0.091783 0.146361 0.227965
v 0.089995 0.146486 0.229730
v 0.088177 0.146582 0.231477
v 0.091250 0.145150 0.243324
v 0.096324 0.142742 0.252298
v 0.101471 0.138170 0.261024
v 0.108675 0.131101 0.268626
v 0.119919 0.121199 0.274224
v 0.132962 0.108944 0.277973
v 0.145566 0.094817 0.280026
v 0.149048 0.070525 0.264373
v 0.139869 0.062403 0.247822
v 0.166455 0.094272 0.241853
v 0.156356 0.084906 0.226470
v 0.087881 0.134121 0.211623
v 0.081894 0.122726 0.197816
v 0.080140 0.134493 0.219119
v 0.074564 0.123073 0.204921
v 0.222878 0.050002 0.242661
v 0.221159 0.054951 0.242932
v 0.219359 0.059813 0.243124
v 0.213937 0.065331 0.246170
v 0.210953 0.065350 0.248713
v 0.207702 0.065394 0.251406
v 0.203656 0.067458 0.253883
v 0.198288 0.073532 0.255779
v 0.192264 0.081339 0.257195
v 0.186249 0.088600 0.258230
v 0.175408 0.089804 0.265232
v 0.171203 0.083816 0.270783
v 0.166756 0.077615 0.276086
v 0.171185 0.064129 0.277810
v 0.180011 0.057655 0.273930
v 0.188849 0.050961 0.269524
v 0.197245 0.045873 0.264627
v 0.204748 0.044219 0.259273
v 0.211606 0.044269 0.253715
v 0.218069 0.044291 0.248203
v 0.210782 0.040150 0.226347
v 0.197074 0.036274 0.210887
v 0.203586 0.060205 0.227288
v 0.190255 0.055276 0.211777
v 0.168004 0.089429 0.242391
v 0.156545 0.082964 0.226087
v 0.150892 0.065404 0.263770
v 0.140333 0.060200 0.246339
v 0.255791 -0.007876 0.214422
v 0.258056 -0.000762 0.211910
v 0.260123 0.006354 0.209296
v 0.253297 0.014143 0.216807
v 0.244411 0.014158 0.226709
v 0.234906 0.014194 0.236500
v 0.225675 0.012412 0.245474
v 0.217610 0.006973 0.252925
v 0.210065 -0.000245 0.259374
v 0.202392 -0.007360 0.265343
v 0.199684 -0.022708 0.266501
v 0.204686 -0.030070 0.261788
v 0.209474 -0.037379 0.256809
v 0.219610 -0.037696 0.248106
v 0.224360 -0.030628 0.244938
v 0.229077 -0.023254 0.241450
v 0.233871 -0.017601 0.237415
v 0.238856 -0.015689 0.232604
v 0.243775 -0.015660 0.227475
v 0.248367 -0.015648 0.222486
v 0.237147 -0.014762 0.202594
v 0.221485 -0.013797 0.188569
v 0.245832 0.013731 0.192344
v 0.229715 0.013198 0.178860
v 0.181052 -0.013866 0.254235
v 0.168340 -0.012947 0.237494
v 0.200337 -0.042698 0.235180
v 0.186611 -0.040264 0.219442
v 0.165526 -0.066749 0.280368
v 0.170610 -0.073478 0.275072
v 0.175429 -0.079989 0.269518
v 0.186503 -0.080367 0.261884
v 0.192056 -0.074296 0.260312
v 0.197499 -0.068030 0.258481
v 0.197838 -0.054211 0.262247
v 0.192578 -0.047648 0.267639
v 0.187073 -0.040974 0.272789
v 0.175680 -0.040571 0.280402
v 0.170659 -0.046776 0.282368
v 0.165549 -0.052882 0.284112
v 0.149286 -0.054738 0.267605
v 0.138956 -0.050242 0.249826
v 0.168760 -0.080765 0.246307
v 0.157405 -0.074901 0.229649
v 0.190496 -0.056353 0.239552
v 0.177997 -0.051772 0.223249
v 0.169363 -0.030358 0.260277
v 0.157976 -0.027145 0.242885
v 0.165959 -0.092522 0.270970
v 0.160831 -0.087124 0.276532
v 0.155448 -0.081515 0.281860
v 0.139231 -0.092113 0.284549
v 0.129070 -0.107208 0.280944
v 0.118420 -0.120288 0.275673
v 0.108875 -0.130842 0.268761
v 0.102033 -0.138356 0.260232
v 0.096575 -0.143096 0.250749
v 0.091183 -0.145324 0.240977
v 0.088921 -0.146505 0.229133
v 0.091756 -0.146505 0.227996
v 0.094574 -0.146505 0.226825
v 0.104927 -0.145377 0.235060
v 0.111565 -0.143231 0.244032
v 0.118331 -0.138642 0.252682
v 0.126398 -0.132378 0.259531
v 0.136941 -0.125204 0.263102
v 0.148536 -0.117115 0.264533
v 0.159759 -0.108104 0.264959
v 0.161348 -0.088547 0.248702
v 0.151565 -0.079508 0.232911
v 0.140669 -0.066930 0.270173
v 0.131976 -0.059023 0.253270
v 0.079838 -0.134383 0.216062
v 0.074321 -0.122997 0.201966
v 0.091680 -0.134388 0.211214
v 0.085533 -0.122998 0.197377
v 0.081241 -0.098069 0.304603
v 0.075359 -0.092169 0.308804
v 0.069277 -0.085982 0.312689
v 0.050841 -0.094811 0.311480
v 0.039509 -0.108939 0.305594
v 0.028289 -0.121193 0.297960
v 0.019356 -0.131095 0.289130
v 0.014886 -0.138165 0.279659
v 0.012721 -0.142737 0.269762
v 0.010703 -0.145144 0.259653
v 0.011483 -0.146576 0.247438
v 0.013756 -0.146480 0.246346
v 0.016006 -0.146357 0.245228
v 0.023734 -0.145326 0.255223
v 0.028565 -0.143376 0.265863
v 0.033779 -0.138921 0.276195
v 0.040829 -0.133031 0.284917
v 0.051165 -0.126772 0.290729
v 0.063118 -0.119975 0.294588
v 0.075021 -0.112466 0.297453
v 0.082606 -0.094267 0.281740
v 0.077817 -0.084901 0.263972
v 0.059037 -0.070518 0.297698
v 0.055486 -0.062399 0.279108
v 0.007708 -0.134487 0.233188
v 0.006843 -0.123068 0.217959
v 0.017402 -0.134116 0.228484
v 0.016025 -0.122721 0.213499
v 0.132468 -0.059808 0.299467
v 0.134239 -0.054946 0.299847
v 0.135956 -0.049995 0.300127
v 0.129657 -0.044285 0.303890
v 0.121796 -0.044262 0.307108
v 0.113545 -0.044214 0.310246
v 0.104745 -0.045867 0.312989
v 0.095240 -0.050956 0.315020
v 0.085468 -0.057649 0.316446
v 0.075872 -0.064123 0.317376
v 0.072203 -0.077609 0.314354
v 0.078083 -0.083811 0.310705
v 0.083811 -0.089799 0.306744
v 0.096297 -0.088595 0.303479
v 0.102334 -0.081333 0.304373
v 0.108500 -0.073525 0.304909
v 0.114191 -0.067452 0.304784
v 0.118808 -0.065389 0.303694
v 0.122738 -0.065344 0.302152
v 0.126367 -0.065325 0.300667
v 0.122429 -0.060200 0.279498
v 0.114609 -0.055270 0.260600
v 0.129559 -0.040144 0.280851
v 0.121365 -0.036268 0.261884
v 0.060978 -0.065398 0.297700
v 0.056391 -0.060194 0.277843
v 0.083910 -0.089424 0.282734
v 0.078116 -0.082959 0.263667
v 0.183675 -0.006350 0.278806
v 0.180908 0.000767 0.280662
v 0.177984 0.007881 0.282362
v 0.168450 0.015654 0.287770
v 0.162552 0.015664 0.291116
v 0.156301 0.015696 0.294496
v 0.150084 0.017607 0.297552
v 0.144285 0.023261 0.299928
v 0.138728 0.030633 0.301807
v 0.133236 0.037702 0.303371
v 0.120925 0.037385 0.308558
v 0.114845 0.030077 0.311835
v 0.108641 0.022713 0.314792
v 0.111573 0.007366 0.314518
v 0.120704 0.000250 0.311181
v 0.129860 -0.006968 0.307347
v 0.139816 -0.012406 0.302719
v 0.151349 -0.014188 0.296997
v 0.163392 -0.014153 0.290581
v 0.174881 -0.014137 0.283870
v 0.175253 -0.013725 0.258296
v 0.164030 -0.013194 0.240529
v 0.163849 0.014768 0.265400
v 0.153225 0.013802 0.247258
v 0.118838 0.042703 0.285171
v 0.110581 0.040269 0.265990
v 0.094651 0.013871 0.297417
v 0.087666 0.012953 0.277592
v 0.084626 0.079994 0.310248
v 0.078340 0.073484 0.314063
v 0.071880 0.066754 0.317552
v 0.070757 0.052887 0.321123
v 0.076156 0.046780 0.321025
v 0.081537 0.040576 0.320689
v 0.094712 0.040978 0.316924
v 0.101528 0.047654 0.313703
v 0.108185 0.054216 0.310177
v 0.109014 0.068035 0.306488
v 0.103271 0.074301 0.306567
v 0.097503 0.080371 0.306366
v 0.085373 0.080771 0.286110
v 0.079655 0.074906 0.266779
v 0.060320 0.054744 0.300436
v 0.055920 0.050248 0.280349
v 0.081675 0.030363 0.299596
v 0.076152 0.027151 0.279555
v 0.108133 0.056358 0.286324
v 0.101216 0.051778 0.266981
v 0.061828 0.081521 0.315890
v 0.068582 0.087130 0.312463
v 0.075165 0.092528 0.308735
v 0.071100 0.108110 0.301117
v 0.060544 0.117121 0.297280
v 0.049942 0.125209 0.292373
v 0.040996 0.132383 0.285749
v 0.035409 0.138647 0.276761
v 0.031612 0.143235 0.266458
v 0.028035 0.145382 0.255886
v 0.020695 0.146509 0.244879
v 0.017654 0.146510 0.245132
v 0.014607 0.146510 0.245348
v 0.013140 0.145329 0.257317
v 0.015285 0.143101 0.268269
v 0.017583 0.138362 0.278967
v 0.021490 0.130847 0.289180
v 0.028464 0.120293 0.298679
v 0.036993 0.107214 0.306954
v 0.045565 0.092118 0.313493
v 0.051329 0.066935 0.300244
v 0.048221 0.059028 0.281494
v 0.077583 0.088552 0.286124
v 0.073096 0.079513 0.268098
v 0.022713 0.134393 0.229131
v 0.021091 0.123004 0.214078
v 0.009955 0.134389 0.230126
v 0.009012 0.123001 0.215018
v 0.264246 0.125958 0.134768
v 0.275132 0.117810 0.128025
v 0.275792 0.119621 0.123241
v 0.265435 0.126806 0.130500
v 0.253005 0.133130 0.139029
v 0.254523 0.133329 0.135298
v 0.250897 0.132676 0.143741
v 0.262534 0.124651 0.140197
v 0.274067 0.115219 0.134145
v 0.260682 0.123296 0.145599
v 0.248690 0.132209 0.148418
v 0.259101 0.122081 0.149735
v 0.246843 0.131695 0.152004
v 0.271661 0.110249 0.144919
v 0.272804 0.112519 0.140250
v 0.283738 0.100181 0.133952
v 0.282922 0.096617 0.139043
v 0.291505 0.090071 0.128762
v 0.290900 0.085487 0.134134
v 0.292011 0.095783 0.121708
v 0.284541 0.104530 0.127281
v 0.285066 0.108688 0.120600
v 0.292170 0.101230 0.114643
v 0.285274 0.111664 0.115398
v 0.292075 0.105187 0.109182
v 0.242006 0.139317 0.139006
v 0.240112 0.139142 0.143079
v 0.243373 0.139306 0.135756
v 0.232091 0.143781 0.133808
v 0.231106 0.143822 0.136630
v 0.229721 0.143681 0.140133
v 0.220162 0.145947 0.133828
v 0.220778 0.145801 0.131387
v 0.211700 0.146518 0.131483
v 0.212068 0.146294 0.129339
v 0.211164 0.146609 0.134109
v 0.219265 0.145921 0.136822
v 0.218325 0.145883 0.139811
v 0.210595 0.146678 0.136736
v 0.217475 0.145676 0.142156
v 0.210068 0.146567 0.138817
v 0.227028 0.143256 0.146330
v 0.228277 0.143531 0.143621
v 0.238144 0.138963 0.147124
v 0.236484 0.138675 0.150241
v 0.312320 0.055954 0.102536
v 0.312521 0.060777 0.098435
v 0.308642 0.067127 0.104926
v 0.308188 0.062286 0.110092
v 0.311786 0.052566 0.105781
v 0.307354 0.059124 0.114204
v 0.315527 0.047720 0.097267
v 0.315653 0.051591 0.094975
v 0.315512 0.056575 0.092005
v 0.312106 0.066689 0.094605
v 0.315123 0.061769 0.089089
v 0.311409 0.071630 0.091701
v 0.314582 0.065838 0.086794
v 0.307405 0.079230 0.096611
v 0.308214 0.073634 0.100166
v 0.303613 0.081377 0.105733
v 0.303043 0.086645 0.101311
v 0.299684 0.087556 0.109953
v 0.299452 0.092201 0.104806
v 0.299633 0.081482 0.116610
v 0.303819 0.074975 0.111546
v 0.303306 0.069609 0.117593
v 0.299148 0.075519 0.123266
v 0.302489 0.065817 0.122310
v 0.298494 0.070930 0.128338
v 0.318137 0.050177 0.087459
v 0.317675 0.055177 0.085566
v 0.318315 0.046165 0.088888
v 0.320488 0.046238 0.080719
v 0.320078 0.050226 0.080107
v 0.319325 0.055180 0.079258
v 0.321778 0.050248 0.073038
v 0.322384 0.046268 0.072839
v 0.322859 0.050190 0.067643
v 0.323615 0.046237 0.066857
v 0.321689 0.055126 0.068604
v 0.320778 0.055183 0.073224
v 0.319669 0.060030 0.073402
v 0.320406 0.059975 0.069561
v 0.318613 0.063757 0.073489
v 0.319236 0.063697 0.070278
v 0.317604 0.063784 0.077662
v 0.318464 0.060046 0.078393
v 0.317095 0.060090 0.083654
v 0.316454 0.063850 0.082106
v 0.321779 -0.013739 0.089193
v 0.324347 -0.005885 0.080626
v 0.323245 -0.001894 0.084746
v 0.320582 -0.009196 0.093878
v 0.319471 -0.020252 0.095781
v 0.318262 -0.014890 0.100757
v 0.320706 -0.027399 0.089253
v 0.322913 -0.020348 0.083237
v 0.325331 -0.012125 0.075527
v 0.323600 -0.028383 0.077599
v 0.321586 -0.034877 0.082723
v 0.323807 -0.035086 0.073368
v 0.322004 -0.040711 0.077692
v 0.325859 -0.027783 0.067659
v 0.325822 -0.020520 0.070973
v 0.327614 -0.013908 0.064557
v 0.327632 -0.020588 0.061848
v 0.329133 -0.009411 0.057601
v 0.329141 -0.015219 0.055529
v 0.328804 -0.002068 0.060279
v 0.327202 -0.005940 0.068217
v 0.326403 0.000590 0.072236
v 0.328229 0.004919 0.063020
v 0.327538 0.010197 0.065137
v 0.325485 0.005091 0.075454
v 0.332701 -0.007848 0.032169
v 0.331751 -0.007857 0.040616
v 0.331444 -0.013344 0.040759
v 0.332276 -0.013328 0.033532
v 0.333178 -0.007856 0.025756
v 0.332712 -0.013328 0.028048
v 0.333508 -0.000779 0.022785
v 0.332953 -0.000783 0.030377
v 0.331858 -0.000782 0.040388
v 0.333006 0.006284 0.028615
v 0.333622 0.006299 0.019872
v 0.332820 0.011784 0.027216
v 0.333502 0.011788 0.017610
v 0.331496 0.011803 0.039927
v 0.331780 0.006298 0.040149
v 0.330104 0.006332 0.051971
v 0.329638 0.011854 0.052931
v 0.330415 -0.000778 0.050679
v 0.330537 -0.007885 0.049357
v 0.330405 -0.013389 0.048295
v 0.304746 -0.073682 0.110329
v 0.303988 -0.067133 0.117683
v 0.301199 -0.071747 0.121029
v 0.301864 -0.078267 0.113696
v 0.305052 -0.078580 0.104617
v 0.302128 -0.083125 0.108011
v 0.308589 -0.072503 0.100090
v 0.308192 -0.067578 0.105824
v 0.307317 -0.061003 0.113207
v 0.311406 -0.061304 0.101180
v 0.311887 -0.066238 0.095421
v 0.313654 -0.056350 0.097497
v 0.314211 -0.061294 0.091745
v 0.312595 -0.049787 0.104938
v 0.310425 -0.054729 0.108595
v 0.309096 -0.048020 0.115960
v 0.311194 -0.043104 0.112330
v 0.307806 -0.042769 0.121536
v 0.309871 -0.037912 0.117933
v 0.304875 -0.048983 0.126088
v 0.306090 -0.054266 0.120538
v 0.302872 -0.060392 0.124984
v 0.301738 -0.055096 0.130510
v 0.300170 -0.065014 0.128309
v 0.299130 -0.059723 0.133810
v 0.217857 -0.145996 0.138085
v 0.228119 -0.143734 0.142484
v 0.226498 -0.143557 0.145020
v 0.216349 -0.145823 0.140366
v 0.209886 -0.146641 0.134567
v 0.208497 -0.146486 0.136661
v 0.211551 -0.146645 0.131885
v 0.219629 -0.146007 0.135148
v 0.230035 -0.143764 0.139204
v 0.221360 -0.146020 0.132190
v 0.213182 -0.146646 0.129187
v 0.222639 -0.145865 0.129781
v 0.214414 -0.146496 0.126997
v 0.233270 -0.143669 0.133225
v 0.231901 -0.143795 0.135897
v 0.242335 -0.139149 0.139284
v 0.243803 -0.139056 0.136338
v 0.252920 -0.132567 0.140607
v 0.254377 -0.132698 0.137271
v 0.250909 -0.132206 0.144792
v 0.240328 -0.139083 0.142953
v 0.238262 -0.139015 0.146591
v 0.248820 -0.131837 0.148946
v 0.236525 -0.138817 0.149393
v 0.247064 -0.131402 0.152138
v 0.284298 -0.104694 0.127930
v 0.274603 -0.115200 0.133381
v 0.275504 -0.116826 0.128753
v 0.284954 -0.107401 0.122699
v 0.291204 -0.096104 0.123462
v 0.291710 -0.099731 0.117824
v 0.290272 -0.091126 0.130749
v 0.283202 -0.100912 0.134641
v 0.273239 -0.112868 0.139288
v 0.281852 -0.096990 0.141328
v 0.289019 -0.085955 0.138006
v 0.280624 -0.093776 0.146425
v 0.287852 -0.081813 0.143523
v 0.270348 -0.108419 0.149673
v 0.271699 -0.110457 0.145173
v 0.260327 -0.122195 0.148093
v 0.258750 -0.121115 0.151904
v 0.262177 -0.123384 0.143121
v 0.263910 -0.124538 0.138123
v 0.265128 -0.125272 0.134177
v 0.227719 -0.100175 0.215859
v 0.230565 -0.104524 0.209772
v 0.239402 -0.095778 0.206811
v 0.236718 -0.090067 0.213353
v 0.225354 -0.096611 0.220440
v 0.234466 -0.085480 0.218268
v 0.212821 -0.110244 0.222506
v 0.215365 -0.112513 0.218428
v 0.218472 -0.115213 0.213022
v 0.202179 -0.123290 0.219724
v 0.199386 -0.122075 0.223159
v 0.189907 -0.132205 0.218656
v 0.187032 -0.131691 0.221486
v 0.193463 -0.132670 0.214903
v 0.205625 -0.124645 0.215170
v 0.208947 -0.125953 0.210547
v 0.196938 -0.133124 0.211085
v 0.211410 -0.126799 0.206864
v 0.199545 -0.133324 0.208014
v 0.223516 -0.119615 0.203202
v 0.221395 -0.117803 0.207540
v 0.233150 -0.108682 0.203589
v 0.234973 -0.111659 0.198713
v 0.241759 -0.101225 0.200148
v 0.243374 -0.105181 0.194931
v 0.163748 -0.145876 0.200998
v 0.172012 -0.143524 0.207726
v 0.169980 -0.143250 0.209908
v 0.162208 -0.145671 0.202960
v 0.157364 -0.146674 0.195663
v 0.156214 -0.146562 0.197475
v 0.158725 -0.146603 0.193345
v 0.165574 -0.145916 0.198452
v 0.174473 -0.143674 0.204862
v 0.167361 -0.145941 0.195888
v 0.160055 -0.146511 0.191018
v 0.168709 -0.145797 0.193761
v 0.161074 -0.146289 0.189096
v 0.178699 -0.143776 0.199593
v 0.176883 -0.143817 0.201967
v 0.186496 -0.139312 0.207629
v 0.188810 -0.139300 0.204967
v 0.183424 -0.139137 0.210906
v 0.180292 -0.138958 0.214134
v 0.177742 -0.138669 0.216577
v 0.251417 -0.069603 0.206428
v 0.258397 -0.062280 0.200826
v 0.256321 -0.059120 0.204472
v 0.249169 -0.065811 0.210654
v 0.245696 -0.075513 0.210519
v 0.243490 -0.070923 0.215133
v 0.248235 -0.081477 0.204347
v 0.253793 -0.074969 0.200843
v 0.260442 -0.067121 0.196061
v 0.255413 -0.081371 0.195257
v 0.250362 -0.087551 0.198039
v 0.256252 -0.086639 0.190878
v 0.251750 -0.092196 0.193077
v 0.261864 -0.079223 0.187775
v 0.261522 -0.073627 0.191405
v 0.266956 -0.066683 0.187338
v 0.267200 -0.071623 0.184360
v 0.271544 -0.061762 0.183039
v 0.271747 -0.065833 0.180690
v 0.271004 -0.056571 0.185931
v 0.266154 -0.060770 0.191106
v 0.264682 -0.055947 0.194939
v 0.270210 -0.051584 0.188797
v 0.269374 -0.047714 0.190935
v 0.263162 -0.052560 0.197855
v 0.280762 -0.060025 0.169556
v 0.278059 -0.060041 0.173922
v 0.277470 -0.063778 0.172958
v 0.279732 -0.063752 0.169309
v 0.282661 -0.059969 0.166138
v 0.281326 -0.063691 0.166454
v 0.284179 -0.055120 0.165629
v 0.281871 -0.055176 0.169734
v 0.278606 -0.055175 0.175013
v 0.282879 -0.050241 0.169870
v 0.285591 -0.050185 0.165082
v 0.283517 -0.046263 0.169869
v 0.286555 -0.046230 0.164572
v 0.279255 -0.046231 0.176764
v 0.279056 -0.050219 0.176053
v 0.274917 -0.050171 0.182432
v 0.274640 -0.046160 0.183845
v 0.275069 -0.055171 0.180489
v 0.275115 -0.060084 0.178492
v 0.274989 -0.063845 0.176821
v 0.288687 -0.000585 0.168574
v 0.290676 0.005947 0.164992
v 0.286661 0.012130 0.171379
v 0.284165 0.005892 0.175933
v 0.286830 -0.005087 0.171357
v 0.281856 0.001900 0.179519
v 0.291938 -0.010191 0.162161
v 0.293243 -0.004914 0.160357
v 0.294629 0.002072 0.157923
v 0.292188 0.013915 0.161632
v 0.295761 0.009417 0.155474
v 0.293033 0.020594 0.159059
v 0.296402 0.015225 0.153504
v 0.289568 0.027788 0.164050
v 0.288520 0.020525 0.167194
v 0.284379 0.028387 0.172823
v 0.285869 0.035090 0.168858
v 0.280894 0.034882 0.177086
v 0.282830 0.040716 0.172424
v 0.278060 0.027404 0.183034
v 0.282001 0.020352 0.177981
v 0.279100 0.013745 0.183306
v 0.274888 0.020258 0.188872
v 0.276528 0.009203 0.187399
v 0.272216 0.014895 0.193240
v 0.298407 -0.006328 0.150410
v 0.299098 0.000784 0.149276
v 0.297670 -0.011849 0.151182
v 0.303415 -0.011799 0.139368
v 0.303617 -0.006292 0.139667
v 0.303618 0.000786 0.139919
v 0.308311 -0.006278 0.129060
v 0.308562 -0.011777 0.127671
v 0.311570 -0.006294 0.120924
v 0.312147 -0.011782 0.118733
v 0.310571 0.000785 0.123663
v 0.307722 0.000790 0.130721
v 0.306934 0.007852 0.132351
v 0.309349 0.007861 0.126391
v 0.306113 0.013335 0.133519
v 0.308204 0.013333 0.128431
v 0.303110 0.013350 0.140146
v 0.303446 0.007861 0.140103
v 0.299618 0.007890 0.148054
v 0.299818 0.013394 0.147003
v 0.258841 0.048025 0.204911
v 0.254579 0.054271 0.208352
v 0.251725 0.048989 0.213264
v 0.255908 0.042774 0.209826
v 0.261948 0.043111 0.202096
v 0.258976 0.037917 0.207027
v 0.265543 0.049791 0.195487
v 0.262358 0.054735 0.198306
v 0.257989 0.061010 0.201747
v 0.265560 0.061309 0.191546
v 0.268826 0.056355 0.188726
v 0.267777 0.066243 0.186210
v 0.271114 0.061299 0.183420
v 0.263210 0.072509 0.189646
v 0.261079 0.067583 0.194984
v 0.256421 0.073687 0.198220
v 0.258459 0.078585 0.192875
v 0.252648 0.078271 0.200545
v 0.254637 0.083131 0.195213
v 0.249772 0.071752 0.207323
v 0.253451 0.067137 0.204990
v 0.250156 0.060398 0.211600
v 0.246567 0.065019 0.213940
v 0.247387 0.055101 0.216516
v 0.243895 0.059729 0.218860
v 0.188146 0.139155 0.206707
v 0.185113 0.139088 0.209587
v 0.194625 0.132213 0.214573
v 0.197819 0.132572 0.211203
v 0.190444 0.139061 0.204351
v 0.200226 0.132702 0.208472
v 0.181367 0.143675 0.198166
v 0.179247 0.143802 0.200292
v 0.176459 0.143771 0.202870
v 0.170344 0.146024 0.193540
v 0.172298 0.145870 0.191637
v 0.163476 0.146652 0.188180
v 0.165318 0.146502 0.186472
v 0.161097 0.146649 0.190251
v 0.167791 0.146013 0.195827
v 0.165206 0.146002 0.198081
v 0.158693 0.146646 0.192295
v 0.163073 0.145827 0.199792
v 0.156729 0.146491 0.193864
v 0.171313 0.143563 0.207326
v 0.173631 0.143738 0.205408
v 0.182033 0.139020 0.212418
v 0.179523 0.138822 0.214556
v 0.191366 0.131844 0.217889
v 0.188719 0.131407 0.220391
v 0.202582 0.122201 0.220595
v 0.205864 0.123391 0.216427
v 0.199916 0.121122 0.223742
v 0.211641 0.108426 0.225163
v 0.214303 0.110463 0.221292
v 0.217569 0.112874 0.216159
v 0.225146 0.096995 0.220735
v 0.222418 0.093781 0.225212
v 0.232985 0.085961 0.219763
v 0.230187 0.081819 0.224660
v 0.236396 0.091132 0.213237
v 0.228475 0.100918 0.214781
v 0.231570 0.104699 0.208727
v 0.239512 0.096109 0.206584
v 0.233794 0.107407 0.203947
v 0.241717 0.099736 0.201371
v 0.222946 0.116832 0.206822
v 0.220673 0.115206 0.210953
v 0.209042 0.124543 0.212198
v 0.211408 0.125278 0.208813
v 0.276950 0.076480 0.118699
v 0.276426 0.071968 0.124029
v 0.259238 0.063773 0.116157
v 0.259730 0.068045 0.111104
v 0.277335 0.082391 0.111811
v 0.260091 0.073644 0.104570
v 0.290256 0.089210 0.117362
v 0.289854 0.083074 0.124506
v 0.289315 0.078364 0.130013
v 0.277364 0.088034 0.104893
v 0.260119 0.078995 0.098013
v 0.277154 0.092347 0.099659
v 0.259922 0.083085 0.093052
v 0.290078 0.099502 0.104748
v 0.290287 0.095063 0.110186
v 0.268053 0.102394 0.105505
v 0.274433 0.096668 0.099673
v 0.257348 0.087172 0.093066
v 0.251301 0.092594 0.098593
v 0.259291 0.109444 0.113078
v 0.242996 0.099271 0.105768
v 0.271576 0.117163 0.118749
v 0.280699 0.109813 0.110876
v 0.287322 0.103856 0.104793
v 0.249754 0.115808 0.120152
v 0.233960 0.105301 0.112470
v 0.239593 0.121680 0.124894
v 0.224334 0.110864 0.116963
v 0.251064 0.129928 0.131027
v 0.261642 0.123803 0.126100
v 0.228959 0.127256 0.125474
v 0.214259 0.116147 0.117512
v 0.218066 0.131490 0.123737
v 0.203934 0.120175 0.115867
v 0.228699 0.140120 0.129828
v 0.240009 0.135728 0.131631
v 0.207134 0.133338 0.121529
v 0.193556 0.121976 0.113780
v 0.198745 0.133861 0.119813
v 0.185597 0.122507 0.112155
v 0.208666 0.142530 0.125728
v 0.217358 0.142018 0.127535
v 0.194424 0.134368 0.122335
v 0.194871 0.134248 0.120476
v 0.181968 0.122797 0.112771
v 0.181548 0.122890 0.114533
v 0.194041 0.134471 0.124662
v 0.181181 0.122985 0.116744
v 0.203920 0.143217 0.130695
v 0.204318 0.143103 0.128272
v 0.204753 0.142956 0.126338
v 0.193622 0.134549 0.126993
v 0.180785 0.123063 0.118959
v 0.193406 0.134568 0.128952
v 0.180576 0.123100 0.120817
v 0.203232 0.143302 0.135135
v 0.203484 0.143301 0.133121
v 0.202973 0.133113 0.135155
v 0.196187 0.134088 0.131829
v 0.183183 0.122717 0.123524
v 0.189622 0.121759 0.126676
v 0.211840 0.130828 0.139197
v 0.198036 0.119547 0.130511
v 0.222337 0.139447 0.145614
v 0.213117 0.141799 0.141410
v 0.206056 0.142779 0.137976
v 0.220635 0.126490 0.143014
v 0.206374 0.115420 0.134129
v 0.230417 0.119752 0.144828
v 0.215641 0.109037 0.135847
v 0.241654 0.127946 0.151472
v 0.231487 0.134944 0.149585
v 0.242241 0.110268 0.142861
v 0.226843 0.100052 0.133984
v 0.254435 0.098525 0.138464
v 0.238398 0.088930 0.129818
v 0.266583 0.105930 0.144853
v 0.253930 0.118109 0.149425
v 0.265326 0.085013 0.132988
v 0.248727 0.076127 0.124629
v 0.273108 0.074192 0.128301
v 0.256109 0.065877 0.120191
v 0.285942 0.080655 0.134320
v 0.277883 0.091906 0.139165
v 0.302413 0.045585 0.060017
v 0.303265 0.041844 0.059219
v 0.283104 0.037878 0.054769
v 0.282296 0.041423 0.055525
v 0.301236 0.050307 0.061199
v 0.281179 0.045899 0.056645
v 0.316384 0.053673 0.064811
v 0.317605 0.048771 0.063586
v 0.318478 0.044895 0.062736
v 0.299956 0.054949 0.062348
v 0.279966 0.050295 0.057734
v 0.298876 0.058561 0.063380
v 0.278943 0.053719 0.058712
v 0.313930 0.062225 0.067050
v 0.315054 0.058491 0.066006
v 0.297196 0.060864 0.068304
v 0.297863 0.060698 0.065602
v 0.277984 0.055743 0.060815
v 0.277352 0.055899 0.063375
v 0.296358 0.060864 0.071799
v 0.276557 0.055899 0.066687
v 0.311382 0.064467 0.075709
v 0.312262 0.064463 0.072043
v 0.312938 0.064316 0.069224
v 0.295405 0.060864 0.075567
v 0.275654 0.055899 0.070257
v 0.293708 0.062785 0.079649
v 0.274046 0.057718 0.074124
v 0.308609 0.066486 0.083921
v 0.310381 0.064478 0.079657
v 0.290638 0.068545 0.084084
v 0.271138 0.063177 0.078325
v 0.286797 0.075946 0.088526
v 0.267499 0.070187 0.082534
v 0.301426 0.080174 0.093156
v 0.305418 0.072477 0.088536
v 0.282789 0.082784 0.092629
v 0.263703 0.076667 0.086422
v 0.279644 0.087723 0.095775
v 0.260724 0.081349 0.089404
v 0.293965 0.092449 0.100687
v 0.297250 0.087295 0.097434
v 0.278114 0.083911 0.104793
v 0.278169 0.088094 0.099599
v 0.259326 0.081698 0.093024
v 0.259274 0.077732 0.097944
v 0.277979 0.078187 0.111442
v 0.259145 0.072310 0.104243
v 0.292318 0.082534 0.116789
v 0.292457 0.088473 0.109887
v 0.292489 0.092825 0.104513
v 0.277515 0.072238 0.118063
v 0.258706 0.066675 0.110516
v 0.277101 0.067498 0.123026
v 0.258314 0.062183 0.115218
v 0.291386 0.071470 0.128805
v 0.291838 0.076364 0.123655
v 0.282084 0.058646 0.117014
v 0.278469 0.063327 0.122792
v 0.259610 0.058233 0.114998
v 0.263034 0.053799 0.109523
v 0.286703 0.052507 0.109074
v 0.267410 0.047982 0.102001
v 0.301335 0.056057 0.114293
v 0.296533 0.062440 0.122539
v 0.292764 0.067288 0.128552
v 0.291073 0.046060 0.100685
v 0.271550 0.041875 0.094053
v 0.294845 0.041112 0.092140
v 0.275124 0.037187 0.085957
v 0.309774 0.044265 0.096733
v 0.305867 0.049379 0.105591
v 0.297671 0.039465 0.083730
v 0.277801 0.035628 0.077990
v 0.299882 0.039471 0.075503
v 0.279896 0.035631 0.070196
v 0.314985 0.042590 0.079500
v 0.312698 0.042573 0.088019
v 0.301811 0.039475 0.067507
v 0.281724 0.035637 0.062620
v 0.303145 0.039646 0.061495
v 0.282988 0.035799 0.056924
v 0.318350 0.042742 0.065013
v 0.316980 0.042599 0.071228
v 0.311482 -0.007329 0.020443
v 0.311124 -0.012591 0.023053
v 0.290199 -0.011739 0.020991
v 0.290537 -0.006754 0.018518
v 0.311821 -0.000521 0.017248
v 0.290859 -0.000305 0.015491
v 0.327678 -0.000689 0.018753
v 0.327326 -0.007752 0.022074
v 0.326946 -0.013199 0.024757
v 0.311954 0.006289 0.014039
v 0.290986 0.006149 0.012450
v 0.311965 0.011555 0.011699
v 0.290999 0.011140 0.010233
v 0.327815 0.011829 0.012987
v 0.327815 0.006376 0.015430
v 0.310846 0.014366 0.024044
v 0.311643 0.014204 0.014488
v 0.290693 0.013645 0.012874
v 0.289936 0.013798 0.021928
v 0.309526 0.014371 0.036805
v 0.288685 0.013803 0.034018
v 0.325312 0.014601 0.038934
v 0.326678 0.014594 0.025720
v 0.327490 0.014456 0.015821
v 0.307665 0.014376 0.049794
v 0.286922 0.013807 0.046324
v 0.305556 0.012621 0.061979
v 0.284924 0.012146 0.057868
v 0.321199 0.012806 0.065025
v 0.323384 0.014615 0.052394
v 0.303494 0.007346 0.072329
v 0.282970 0.007147 0.067673
v 0.301279 0.000402 0.081585
v 0.280872 0.000570 0.076442
v 0.316763 0.000156 0.085351
v 0.319061 0.007351 0.075753
v 0.298711 -0.006356 0.090485
v 0.278439 -0.005833 0.084875
v 0.296638 -0.011565 0.097040
v 0.276476 -0.010769 0.091085
v 0.311925 -0.012264 0.101415
v 0.314094 -0.006869 0.094595
v 0.297234 -0.021799 0.092872
v 0.296211 -0.016272 0.097687
v 0.276071 -0.015226 0.091697
v 0.277040 -0.020462 0.087135
v 0.298458 -0.028846 0.086408
v 0.278199 -0.027139 0.081011
v 0.313840 -0.030007 0.090374
v 0.312571 -0.022694 0.097080
v 0.311492 -0.016987 0.102083
v 0.299362 -0.035814 0.079887
v 0.279056 -0.033740 0.074833
v 0.299972 -0.041000 0.074768
v 0.279634 -0.038654 0.069984
v 0.315392 -0.042642 0.078305
v 0.314779 -0.037242 0.083601
v 0.302468 -0.036171 0.066791
v 0.300951 -0.041044 0.070663
v 0.280563 -0.038698 0.066097
v 0.281999 -0.034080 0.062428
v 0.304329 -0.029523 0.061771
v 0.283761 -0.027780 0.057671
v 0.319901 -0.030670 0.064948
v 0.317960 -0.037598 0.070184
v 0.316371 -0.042689 0.074195
v 0.306005 -0.022540 0.056478
v 0.285349 -0.021164 0.052656
v 0.307436 -0.017177 0.050734
v 0.286705 -0.016085 0.047214
v 0.323131 -0.017829 0.053461
v 0.321643 -0.023405 0.059441
v 0.308565 -0.015390 0.044359
v 0.287774 -0.014391 0.041175
v 0.309459 -0.015390 0.037805
v 0.288621 -0.014391 0.034966
v 0.325244 -0.015956 0.039959
v 0.324309 -0.015964 0.046806
v 0.310188 -0.015390 0.031526
v 0.289312 -0.014391 0.029017
v 0.310698 -0.015232 0.026700
v 0.289797 -0.014243 0.024445
v 0.326522 -0.015819 0.028385
v 0.326005 -0.015954 0.033400
v 0.279011 -0.062154 0.121747
v 0.278213 -0.057054 0.126941
v 0.259398 -0.052437 0.118724
v 0.260154 -0.057270 0.113804
v 0.279961 -0.068547 0.114836
v 0.261054 -0.063324 0.107256
v 0.294352 -0.072391 0.120480
v 0.293364 -0.065746 0.127664
v 0.292513 -0.060470 0.133063
v 0.280562 -0.074732 0.107878
v 0.261624 -0.069184 0.100664
v 0.280961 -0.079280 0.102434
v 0.262002 -0.073496 0.095507
v 0.295366 -0.083554 0.107610
v 0.294976 -0.078818 0.113247
v 0.285127 -0.075037 0.095002
v 0.282418 -0.079309 0.098390
v 0.263382 -0.073523 0.091676
v 0.265948 -0.069475 0.088467
v 0.288519 -0.069263 0.090691
v 0.269161 -0.064005 0.084382
v 0.303164 -0.073151 0.095599
v 0.299638 -0.079150 0.100080
v 0.296819 -0.083594 0.103568
v 0.291683 -0.063305 0.086238
v 0.272159 -0.058358 0.080163
v 0.294017 -0.058540 0.082874
v 0.274370 -0.053845 0.076976
v 0.308863 -0.062032 0.087459
v 0.306452 -0.066958 0.090972
v 0.294232 -0.049272 0.089057
v 0.294840 -0.054134 0.083694
v 0.275149 -0.049671 0.077753
v 0.274573 -0.045065 0.082834
v 0.293199 -0.043035 0.096144
v 0.273595 -0.039156 0.089549
v 0.307979 -0.046128 0.101238
v 0.309052 -0.052610 0.093873
v 0.309681 -0.057629 0.088289
v 0.291843 -0.036688 0.103179
v 0.272311 -0.033143 0.096213
v 0.290625 -0.031905 0.108643
v 0.271157 -0.028612 0.101390
v 0.305304 -0.034545 0.114198
v 0.306570 -0.039532 0.108549
v 0.287016 -0.036373 0.116219
v 0.289095 -0.031897 0.112733
v 0.269708 -0.028604 0.105264
v 0.267738 -0.032844 0.108566
v 0.284255 -0.042266 0.120531
v 0.265122 -0.038427 0.112651
v 0.298767 -0.045312 0.126370
v 0.301637 -0.039187 0.121887
v 0.303777 -0.034523 0.118286
v 0.281302 -0.048066 0.124724
v 0.262324 -0.043921 0.116624
v 0.278969 -0.052609 0.127797
v 0.260114 -0.048226 0.119536
v 0.293262 -0.056030 0.133931
v 0.295697 -0.051342 0.130729
v 0.276389 -0.082710 0.113797
v 0.276807 -0.086701 0.108333
v 0.259601 -0.077761 0.101204
v 0.259202 -0.073977 0.106383
v 0.275552 -0.077549 0.120988
v 0.258408 -0.069084 0.113199
v 0.288400 -0.084176 0.126932
v 0.289269 -0.089531 0.119473
v 0.289710 -0.093631 0.113798
v 0.274387 -0.072191 0.128136
v 0.257306 -0.064008 0.119978
v 0.273277 -0.068146 0.133638
v 0.256261 -0.060177 0.125194
v 0.286042 -0.074387 0.140033
v 0.287188 -0.078613 0.134346
v 0.262949 -0.082499 0.139939
v 0.269967 -0.070919 0.137214
v 0.253146 -0.062802 0.128574
v 0.246487 -0.073772 0.131152
v 0.253081 -0.096922 0.142850
v 0.237123 -0.087435 0.133909
v 0.265178 -0.104238 0.149464
v 0.275416 -0.089267 0.146439
v 0.282679 -0.077229 0.143629
v 0.241888 -0.109442 0.144739
v 0.226514 -0.099295 0.135698
v 0.230637 -0.119542 0.144743
v 0.215855 -0.108865 0.135702
v 0.241882 -0.127705 0.151437
v 0.253563 -0.117227 0.151429
v 0.220593 -0.126710 0.142002
v 0.206340 -0.115655 0.133105
v 0.211096 -0.131214 0.137759
v 0.197338 -0.119942 0.129083
v 0.221581 -0.139821 0.144180
v 0.231448 -0.135148 0.148589
v 0.201487 -0.133332 0.133255
v 0.188217 -0.122000 0.124810
v 0.194180 -0.134055 0.129592
v 0.181283 -0.122722 0.121335
v 0.204006 -0.142714 0.135721
v 0.211603 -0.141994 0.139503
v 0.192907 -0.134512 0.124682
v 0.191800 -0.134480 0.126695
v 0.179057 -0.123035 0.118601
v 0.180111 -0.123048 0.116697
v 0.194445 -0.134512 0.122240
v 0.181568 -0.123048 0.114383
v 0.204333 -0.143244 0.128238
v 0.202733 -0.143244 0.130780
v 0.201560 -0.143188 0.132850
v 0.195949 -0.134512 0.119777
v 0.182993 -0.123048 0.112049
v 0.197285 -0.134481 0.117842
v 0.184253 -0.123035 0.110216
v 0.207254 -0.143190 0.123661
v 0.205898 -0.143244 0.125675
v 0.209346 -0.133388 0.120019
v 0.201516 -0.134075 0.117584
v 0.188230 -0.122737 0.109972
v 0.195660 -0.122051 0.112279
v 0.219450 -0.131352 0.123210
v 0.205251 -0.120070 0.115302
v 0.230111 -0.139962 0.129324
v 0.219615 -0.142054 0.126007
v 0.211500 -0.142736 0.123455
v 0.229473 -0.126998 0.126078
v 0.214753 -0.115928 0.118019
v 0.239474 -0.121075 0.126831
v 0.224227 -0.110316 0.118732
v 0.250930 -0.129279 0.133089
v 0.240528 -0.135443 0.132305
v 0.249510 -0.114331 0.123676
v 0.233736 -0.103927 0.115743
v 0.259152 -0.106733 0.118291
v 0.242872 -0.096729 0.110641
v 0.271418 -0.114330 0.124218
v 0.261379 -0.122251 0.129813
v 0.267968 -0.098248 0.112354
v 0.251229 -0.088693 0.105016
v 0.274356 -0.091357 0.107750
v 0.257285 -0.082167 0.100653
v 0.287223 -0.098324 0.113240
v 0.280592 -0.105489 0.118047
v 0.230738 -0.088027 0.186263
v 0.232173 -0.092341 0.181224
v 0.217866 -0.083078 0.169567
v 0.216504 -0.078988 0.174341
v 0.228550 -0.082386 0.192826
v 0.214430 -0.073640 0.180562
v 0.239092 -0.089205 0.202134
v 0.241362 -0.095058 0.195327
v 0.242861 -0.099496 0.190094
v 0.226034 -0.076473 0.199249
v 0.212046 -0.068040 0.186656
v 0.223871 -0.071962 0.204148
v 0.210001 -0.063767 0.191303
v 0.234247 -0.078358 0.213858
v 0.236479 -0.083068 0.208796
v 0.210528 -0.085007 0.209193
v 0.219385 -0.074186 0.207171
v 0.205769 -0.065871 0.194158
v 0.197370 -0.076123 0.196069
v 0.198472 -0.098520 0.210994
v 0.185938 -0.088924 0.197773
v 0.208018 -0.105923 0.220858
v 0.220529 -0.091901 0.218983
v 0.229698 -0.080648 0.216896
v 0.185515 -0.110263 0.211364
v 0.173659 -0.100047 0.198122
v 0.173669 -0.119747 0.209540
v 0.162436 -0.109032 0.196394
v 0.182269 -0.127941 0.219361
v 0.194570 -0.118102 0.221250
v 0.164942 -0.126485 0.204762
v 0.154169 -0.115415 0.191868
v 0.157778 -0.130823 0.198390
v 0.147378 -0.119542 0.185828
v 0.165747 -0.139442 0.207764
v 0.173199 -0.134938 0.214393
v 0.150618 -0.133108 0.191781
v 0.140582 -0.121754 0.179557
v 0.145209 -0.134081 0.186502
v 0.135450 -0.122710 0.174551
v 0.152665 -0.142774 0.195424
v 0.158301 -0.141794 0.200890
v 0.144283 -0.134543 0.181107
v 0.143465 -0.134563 0.182900
v 0.133818 -0.123094 0.171166
v 0.134596 -0.123057 0.169466
v 0.145408 -0.134466 0.179023
v 0.135665 -0.122979 0.167485
v 0.152910 -0.143212 0.187839
v 0.151738 -0.143296 0.190008
v 0.150870 -0.143297 0.191842
v 0.146499 -0.134361 0.176932
v 0.136703 -0.122885 0.165500
v 0.147505 -0.134242 0.175306
v 0.137653 -0.122792 0.163956
v 0.155061 -0.142951 0.183960
v 0.154044 -0.143099 0.185661
v 0.158825 -0.133333 0.180136
v 0.151392 -0.133856 0.175886
v 0.141293 -0.122503 0.164505
v 0.148346 -0.121972 0.168534
v 0.168522 -0.131485 0.185647
v 0.157553 -0.120170 0.173758
v 0.176720 -0.140115 0.194753
v 0.166663 -0.142012 0.189034
v 0.158969 -0.142523 0.184602
v 0.178327 -0.127251 0.190698
v 0.166849 -0.116141 0.178544
v 0.188611 -0.121674 0.193469
v 0.176591 -0.110860 0.181169
v 0.197593 -0.129921 0.202877
v 0.186902 -0.135723 0.199998
v 0.199744 -0.115801 0.192136
v 0.187139 -0.105296 0.179907
v 0.211013 -0.109438 0.188395
v 0.197816 -0.099266 0.176362
v 0.220913 -0.117158 0.197618
v 0.209180 -0.123797 0.201499
v 0.221702 -0.102388 0.183936
v 0.207946 -0.092589 0.172139
v 0.229584 -0.096663 0.180388
v 0.215416 -0.087167 0.168777
v 0.240230 -0.103851 0.189278
v 0.232038 -0.109807 0.192988
v 0.265486 -0.054942 0.152899
v 0.264138 -0.058557 0.153543
v 0.246660 -0.053713 0.142883
v 0.247937 -0.050289 0.142273
v 0.267061 -0.050301 0.152207
v 0.249429 -0.045893 0.141618
v 0.280324 -0.053668 0.160369
v 0.278687 -0.058486 0.161090
v 0.277294 -0.062219 0.161730
v 0.268549 -0.045580 0.151453
v 0.250840 -0.041416 0.140903
v 0.269607 -0.041838 0.150961
v 0.251844 -0.037872 0.140438
v 0.282962 -0.044890 0.159052
v 0.281866 -0.048764 0.159587
v 0.265638 -0.039470 0.158379
v 0.268782 -0.039640 0.153085
v 0.251061 -0.035792 0.142448
v 0.248082 -0.035630 0.147465
v 0.261308 -0.039466 0.165374
v 0.243979 -0.035627 0.154091
v 0.274408 -0.042583 0.173887
v 0.278886 -0.042593 0.166652
v 0.282129 -0.042737 0.161175
v 0.256638 -0.039461 0.172498
v 0.239554 -0.035622 0.160841
v 0.251328 -0.041107 0.179605
v 0.234523 -0.037181 0.167574
v 0.264076 -0.044260 0.188631
v 0.269575 -0.042568 0.181266
v 0.245076 -0.046056 0.186546
v 0.228600 -0.041869 0.174149
v 0.238305 -0.052502 0.193150
v 0.222186 -0.047976 0.180406
v 0.250575 -0.056052 0.202678
v 0.257598 -0.049374 0.195826
v 0.231437 -0.058641 0.199250
v 0.215679 -0.053792 0.186185
v 0.226198 -0.063323 0.203611
v 0.210716 -0.058228 0.190317
v 0.237981 -0.067281 0.213547
v 0.243439 -0.062434 0.209011
v 0.226770 -0.072233 0.198821
v 0.224826 -0.067493 0.203406
v 0.209416 -0.062178 0.190122
v 0.211258 -0.066669 0.185778
v 0.229278 -0.078181 0.192675
v 0.213634 -0.072306 0.179956
v 0.241230 -0.082527 0.202233
v 0.238630 -0.076359 0.208606
v 0.236592 -0.071464 0.213357
v 0.231482 -0.083904 0.186401
v 0.215723 -0.077727 0.174011
v 0.233156 -0.088088 0.181484
v 0.217309 -0.081692 0.169354
v 0.245226 -0.092820 0.190624
v 0.243518 -0.088467 0.195719
v 0.239722 -0.082778 0.176305
v 0.235752 -0.087718 0.178312
v 0.219767 -0.081343 0.166351
v 0.223529 -0.076663 0.164449
v 0.244811 -0.075941 0.173659
v 0.228349 -0.070182 0.161941
v 0.257263 -0.080167 0.182626
v 0.251960 -0.087290 0.185386
v 0.247823 -0.092443 0.187450
v 0.249847 -0.068539 0.170638
v 0.233120 -0.063171 0.159079
v 0.254148 -0.062779 0.167384
v 0.237195 -0.057713 0.155996
v 0.266970 -0.066480 0.176096
v 0.262498 -0.072470 0.179484
v 0.257035 -0.060857 0.164037
v 0.239930 -0.055893 0.152824
v 0.259117 -0.060857 0.160754
v 0.241902 -0.055893 0.149714
v 0.272169 -0.064461 0.169160
v 0.269985 -0.064472 0.172598
v 0.261005 -0.060857 0.157695
v 0.243692 -0.055893 0.146817
v 0.262482 -0.060693 0.155337
v 0.245092 -0.055737 0.144582
v 0.275672 -0.064309 0.163486
v 0.274150 -0.064457 0.165953
v 0.292723 -0.006285 0.108745
v 0.293449 -0.011551 0.106521
v 0.273935 -0.011133 0.098714
v 0.273245 -0.006143 0.100822
v 0.291615 0.000527 0.111760
v 0.272194 0.000309 0.103678
v 0.306253 0.000695 0.118042
v 0.307399 -0.006370 0.114919
v 0.308146 -0.011822 0.112593
v 0.290315 0.007334 0.114699
v 0.270963 0.006760 0.106463
v 0.289177 0.012595 0.117075
v 0.269885 0.011746 0.108714
v 0.303720 0.013206 0.123534
v 0.304903 0.007758 0.121096
v 0.285695 0.015394 0.124855
v 0.287657 0.015239 0.120417
v 0.268445 0.014247 0.111879
v 0.266587 0.014396 0.116084
v 0.283081 0.015395 0.130611
v 0.264109 0.014396 0.121537
v 0.297452 0.015962 0.137488
v 0.300182 0.015959 0.131476
v 0.302207 0.015826 0.126858
v 0.280226 0.015395 0.136577
v 0.261404 0.014396 0.127189
v 0.277203 0.017183 0.142302
v 0.258540 0.016089 0.132613
v 0.291312 0.017834 0.149698
v 0.294468 0.015970 0.143722
v 0.274083 0.022544 0.147334
v 0.255585 0.021170 0.137380
v 0.270870 0.029528 0.151861
v 0.252540 0.027786 0.141669
v 0.284724 0.030676 0.159647
v 0.288067 0.023411 0.154936
v 0.267562 0.036178 0.156072
v 0.249408 0.034086 0.145660
v 0.264935 0.041050 0.159294
v 0.246919 0.038703 0.148713
v 0.278536 0.042694 0.167372
v 0.281276 0.037603 0.164039
v 0.260602 0.035819 0.167591
v 0.262747 0.041004 0.162903
v 0.244846 0.038659 0.152130
v 0.242813 0.033746 0.156571
v 0.257747 0.028852 0.173523
v 0.240108 0.027145 0.162190
v 0.271180 0.030012 0.182002
v 0.274145 0.037248 0.175841
v 0.276347 0.042646 0.170986
v 0.254606 0.021804 0.179304
v 0.237132 0.020468 0.167667
v 0.252159 0.016276 0.183575
v 0.234815 0.015231 0.171714
v 0.265365 0.016993 0.192432
v 0.267921 0.022700 0.187999
v 0.256742 0.006362 0.177482
v 0.252764 0.011572 0.183090
v 0.235388 0.010775 0.171256
v 0.239156 0.005838 0.165943
v 0.261908 -0.000396 0.169793
v 0.244050 -0.000563 0.158657
v 0.275499 -0.000152 0.178113
v 0.270132 0.006873 0.186098
v 0.265982 0.012269 0.191929
v 0.266847 -0.007340 0.161658
v 0.248729 -0.007141 0.150950
v 0.271975 -0.012615 0.152434
v 0.253587 -0.012140 0.142211
v 0.285937 -0.012801 0.160117
v 0.280622 -0.007345 0.169677
v 0.277708 -0.014370 0.141477
v 0.259019 -0.013803 0.131831
v 0.283452 -0.014364 0.129679
v 0.264461 -0.013797 0.120653
v 0.297831 -0.014596 0.136532
v 0.291879 -0.014608 0.148758
v 0.288609 -0.014359 0.117933
v 0.269348 -0.013792 0.109525
v 0.292290 -0.014198 0.109077
v 0.272837 -0.013641 0.101136
v 0.306970 -0.014450 0.115192
v 0.303171 -0.014588 0.124368
v 0.234144 0.074736 0.188492
v 0.236188 0.079286 0.183431
v 0.220255 0.073501 0.171039
v 0.218319 0.069189 0.175834
v 0.231445 0.068551 0.194934
v 0.215761 0.063329 0.181936
v 0.243421 0.072395 0.204707
v 0.246227 0.078824 0.198011
v 0.248322 0.083559 0.192764
v 0.228428 0.062161 0.201223
v 0.212902 0.057274 0.187895
v 0.226080 0.057058 0.205924
v 0.210678 0.052441 0.192349
v 0.237824 0.060474 0.216125
v 0.240284 0.065752 0.211245
v 0.229698 0.048071 0.204759
v 0.226537 0.052614 0.206971
v 0.211111 0.048231 0.193340
v 0.214106 0.043926 0.191244
v 0.233792 0.042272 0.201669
v 0.217985 0.038432 0.188317
v 0.245824 0.045318 0.211665
v 0.241569 0.051347 0.214877
v 0.238271 0.056036 0.217181
v 0.237739 0.036377 0.198407
v 0.221724 0.032849 0.185227
v 0.240785 0.031903 0.195724
v 0.224610 0.028609 0.182685
v 0.253066 0.034529 0.205501
v 0.249927 0.039192 0.208274
v 0.246322 0.036694 0.187468
v 0.243492 0.031909 0.192298
v 0.227174 0.028616 0.179440
v 0.229855 0.033149 0.174864
v 0.249763 0.043040 0.181184
v 0.233115 0.039161 0.168911
v 0.262279 0.046134 0.190553
v 0.258702 0.039538 0.197084
v 0.255769 0.034549 0.202075
v 0.252914 0.049278 0.174752
v 0.236100 0.045071 0.162817
v 0.255132 0.054139 0.169831
v 0.238201 0.049676 0.158155
v 0.267858 0.057634 0.178744
v 0.265553 0.052616 0.183869
v 0.251349 0.063309 0.171289
v 0.254600 0.058545 0.168799
v 0.237697 0.053850 0.157177
v 0.234617 0.058364 0.159536
v 0.246975 0.069269 0.174561
v 0.230473 0.064009 0.162636
v 0.259418 0.073157 0.183712
v 0.263963 0.066964 0.180312
v 0.267333 0.062037 0.177704
v 0.242427 0.075043 0.177629
v 0.226165 0.069480 0.165543
v 0.238813 0.079315 0.180026
v 0.222741 0.073527 0.167814
v 0.250941 0.083599 0.189359
v 0.254691 0.079156 0.186900
v 0.222070 0.072196 0.205893
v 0.219331 0.068152 0.210791
v 0.205712 0.060183 0.197550
v 0.208302 0.064014 0.192902
v 0.225366 0.077554 0.199443
v 0.211424 0.069090 0.186785
v 0.235781 0.084180 0.209030
v 0.232361 0.078618 0.215719
v 0.229530 0.074392 0.220783
v 0.228361 0.082717 0.192853
v 0.214264 0.073983 0.180538
v 0.230430 0.086707 0.187777
v 0.216227 0.077767 0.175730
v 0.241044 0.093637 0.196926
v 0.238889 0.089537 0.202194
v 0.220784 0.098252 0.188904
v 0.228274 0.091364 0.186473
v 0.214191 0.082173 0.174497
v 0.207091 0.088699 0.176799
v 0.210576 0.106738 0.191861
v 0.197414 0.096735 0.179600
v 0.220442 0.114334 0.201255
v 0.231063 0.105494 0.198184
v 0.238847 0.098330 0.195634
v 0.199749 0.114335 0.194040
v 0.187155 0.103932 0.181664
v 0.189228 0.121080 0.193975
v 0.177188 0.110322 0.181603
v 0.198223 0.129285 0.203437
v 0.209173 0.122255 0.203512
v 0.179937 0.127003 0.190201
v 0.168386 0.115935 0.178028
v 0.171271 0.131358 0.184406
v 0.160170 0.120077 0.172535
v 0.179552 0.139968 0.193486
v 0.188559 0.135450 0.199510
v 0.162626 0.133393 0.178279
v 0.151962 0.122057 0.166724
v 0.155916 0.134080 0.173567
v 0.145593 0.122742 0.162256
v 0.163627 0.142742 0.182209
v 0.170573 0.142058 0.187120
v 0.149945 0.134519 0.173952
v 0.151808 0.134486 0.172518
v 0.141732 0.123040 0.161273
v 0.139972 0.123054 0.162633
v 0.147759 0.134519 0.175837
v 0.137902 0.123054 0.164420
v 0.155340 0.143249 0.184571
v 0.157614 0.143249 0.182609
v 0.159521 0.143196 0.181106
v 0.145548 0.134519 0.177692
v 0.135807 0.123054 0.166177
v 0.143879 0.134485 0.179270
v 0.134220 0.123040 0.167668
v 0.151290 0.143194 0.188115
v 0.153039 0.143249 0.186502
v 0.151097 0.133336 0.188478
v 0.145259 0.134061 0.182756
v 0.135504 0.122728 0.170952
v 0.141044 0.122005 0.176380
v 0.158869 0.131220 0.195704
v 0.148421 0.119947 0.183237
v 0.166888 0.139827 0.205023
v 0.158818 0.142000 0.197520
v 0.152740 0.142719 0.191596
v 0.166613 0.126714 0.202648
v 0.155763 0.115660 0.189819
v 0.175339 0.119548 0.208328
v 0.164029 0.108870 0.195200
v 0.183999 0.127712 0.218139
v 0.174934 0.135154 0.212238
v 0.186052 0.109447 0.211764
v 0.174179 0.099301 0.198456
v 0.197286 0.096928 0.213388
v 0.184826 0.087441 0.199996
v 0.206782 0.104242 0.223383
v 0.195122 0.117232 0.221703
v 0.207572 0.082506 0.213633
v 0.194585 0.073777 0.200234
v 0.215086 0.070926 0.213185
v 0.201713 0.062807 0.199815
v 0.225229 0.077234 0.223179
v 0.217455 0.089272 0.223633
v 0.293249 0.079351 0.134292
v 0.290446 0.083417 0.136158
v 0.288872 0.076790 0.132275
v 0.293609 0.081162 0.132223
v 0.294148 0.104026 0.104771
v 0.294386 0.102441 0.106801
v 0.289760 0.101394 0.102813
v 0.291818 0.106427 0.106943
v 0.208830 0.145923 0.127567
v 0.212129 0.145828 0.128156
v 0.205301 0.142769 0.125378
v 0.208590 0.146184 0.128510
v 0.206947 0.146351 0.138370
v 0.207052 0.146565 0.137412
v 0.203387 0.143168 0.136319
v 0.209659 0.146115 0.139805
v 0.324006 0.044446 0.064082
v 0.323655 0.044335 0.066425
v 0.318767 0.043162 0.062662
v 0.323797 0.046116 0.064385
v 0.318600 0.065032 0.069206
v 0.319227 0.063527 0.068720
v 0.313326 0.063877 0.067818
v 0.318407 0.065254 0.070518
v 0.297705 0.095724 0.103978
v 0.299090 0.093876 0.102680
v 0.292647 0.094235 0.102231
v 0.297765 0.094224 0.106103
v 0.296403 0.070800 0.132350
v 0.296666 0.072756 0.130528
v 0.291330 0.069354 0.130560
v 0.297933 0.068978 0.130241
v 0.332252 -0.015455 0.026856
v 0.332189 -0.015600 0.028926
v 0.326723 -0.015418 0.026164
v 0.332560 -0.013327 0.025743
v 0.333279 0.013957 0.013026
v 0.333431 0.011815 0.013920
v 0.327756 0.014054 0.012307
v 0.333131 0.014093 0.016593
v 0.316531 -0.014843 0.105051
v 0.317464 -0.012764 0.102631
v 0.311126 -0.014569 0.103743
v 0.317056 -0.017046 0.103289
v 0.321091 -0.044802 0.077264
v 0.320976 -0.042876 0.079349
v 0.315683 -0.044442 0.076028
v 0.321853 -0.042932 0.075661
v 0.297373 -0.059361 0.136908
v 0.298434 -0.057530 0.135809
v 0.292299 -0.058142 0.134943
v 0.297783 -0.061482 0.134996
v 0.300734 -0.086453 0.107051
v 0.300665 -0.084804 0.109283
v 0.295650 -0.085119 0.105216
v 0.301950 -0.084873 0.105676
v 0.314881 -0.061104 0.088113
v 0.314107 -0.063114 0.089421
v 0.309756 -0.059831 0.086321
v 0.314826 -0.059187 0.090193
v 0.309759 -0.034043 0.118494
v 0.310406 -0.035875 0.116359
v 0.304660 -0.032885 0.116576
v 0.309050 -0.035813 0.120010
v 0.294008 -0.098011 0.113808
v 0.291684 -0.100846 0.115515
v 0.289637 -0.095432 0.111737
v 0.294006 -0.096542 0.115937
v 0.289718 -0.075549 0.144448
v 0.290306 -0.077167 0.142333
v 0.285368 -0.073038 0.142311
v 0.287176 -0.079921 0.145593
v 0.204854 -0.146189 0.136064
v 0.207690 -0.146026 0.137597
v 0.201278 -0.143027 0.133998
v 0.205357 -0.146426 0.135132
v 0.211733 -0.146194 0.124944
v 0.211098 -0.146426 0.125864
v 0.208225 -0.143035 0.122765
v 0.214879 -0.146044 0.125841
v 0.246721 -0.104020 0.191388
v 0.243829 -0.106422 0.192724
v 0.243163 -0.101388 0.188158
v 0.246312 -0.102435 0.193391
v 0.236648 -0.079345 0.219152
v 0.237636 -0.081156 0.217298
v 0.233120 -0.076785 0.215868
v 0.233402 -0.083412 0.220049
v 0.153389 -0.146346 0.196076
v 0.155517 -0.146109 0.198286
v 0.150647 -0.143162 0.193016
v 0.153788 -0.146560 0.195199
v 0.158551 -0.145918 0.186401
v 0.158028 -0.146179 0.187222
v 0.155881 -0.142764 0.183220
v 0.161501 -0.145823 0.187991
v 0.281056 -0.065026 0.165236
v 0.280464 -0.065247 0.166423
v 0.276480 -0.063870 0.162271
v 0.281804 -0.063521 0.164970
v 0.287792 -0.044439 0.162057
v 0.287499 -0.046109 0.162280
v 0.283259 -0.043156 0.159072
v 0.286728 -0.044328 0.164173
v 0.240252 -0.070795 0.218291
v 0.242363 -0.068972 0.216766
v 0.235991 -0.069349 0.215006
v 0.241069 -0.072750 0.216643
v 0.250348 -0.095717 0.191745
v 0.249741 -0.094220 0.193782
v 0.246088 -0.094229 0.188506
v 0.252069 -0.093870 0.190944
v 0.313337 -0.013952 0.114300
v 0.312105 -0.014089 0.117652
v 0.308298 -0.014047 0.111928
v 0.313208 -0.011808 0.115198
v 0.308131 0.015460 0.127155
v 0.308764 0.013332 0.126189
v 0.303078 0.015423 0.124806
v 0.307437 0.015606 0.129107
v 0.282092 0.044808 0.171737
v 0.283308 0.042936 0.170444
v 0.277321 0.044446 0.168907
v 0.281345 0.042881 0.173687
v 0.269255 0.014848 0.196799
v 0.270293 0.017052 0.195282
v 0.264509 0.014574 0.193901
v 0.270883 0.012771 0.194780
v 0.253603 0.086458 0.193872
v 0.255182 0.084879 0.192935
v 0.249324 0.085124 0.190571
v 0.252856 0.084809 0.195976
v 0.241275 0.059366 0.221273
v 0.242250 0.061489 0.219577
v 0.237045 0.058147 0.217850
v 0.242622 0.057535 0.220550
v 0.258697 0.034048 0.207527
v 0.257559 0.035818 0.208754
v 0.254429 0.032890 0.204142
v 0.259966 0.035881 0.205692
v 0.272863 0.061109 0.180166
v 0.272175 0.059193 0.182131
v 0.268531 0.059837 0.176894
v 0.271726 0.063120 0.181175
v 0.231681 0.075556 0.226111
v 0.228910 0.079926 0.226423
v 0.228192 0.073044 0.222746
v 0.232887 0.077173 0.224276
v 0.245133 0.098018 0.198250
v 0.244480 0.096547 0.200276
v 0.241605 0.095438 0.194941
v 0.242399 0.100851 0.199164
v 0.163394 0.146200 0.183697
v 0.166114 0.146050 0.185514
v 0.160719 0.143039 0.180550
v 0.162507 0.146432 0.184379
v 0.153443 0.146196 0.192182
v 0.154207 0.146432 0.191448
v 0.150671 0.143034 0.189121
v 0.155675 0.146031 0.194508
v 0.294125 0.085987 0.126737
v 0.294532 0.092176 0.119531
v 0.294566 0.098076 0.112304
v 0.285129 0.112471 0.113165
v 0.275842 0.119980 0.121143
v 0.265718 0.126778 0.128580
v 0.254958 0.133037 0.133563
v 0.243761 0.138927 0.134178
v 0.232331 0.143383 0.132362
v 0.220875 0.145332 0.130055
v 0.208248 0.146362 0.130476
v 0.207838 0.146486 0.132955
v 0.207395 0.146582 0.135437
v 0.216845 0.145150 0.143216
v 0.226224 0.142742 0.147493
v 0.235518 0.138170 0.151527
v 0.245814 0.131101 0.153443
v 0.258201 0.121200 0.151363
v 0.270956 0.108944 0.146729
v 0.282360 0.094817 0.140982
v 0.275976 0.070525 0.126272
v 0.258822 0.062403 0.118277
v 0.276822 0.094272 0.097821
v 0.259610 0.084906 0.091311
v 0.195485 0.134121 0.119549
v 0.182526 0.122726 0.111898
v 0.193629 0.134493 0.130163
v 0.180772 0.123074 0.121955
v 0.322944 0.050002 0.065311
v 0.321713 0.054951 0.066539
v 0.320369 0.059813 0.067753
v 0.317773 0.065331 0.073404
v 0.316854 0.065350 0.077215
v 0.315806 0.065394 0.081305
v 0.313989 0.067458 0.085687
v 0.310761 0.073532 0.090376
v 0.306719 0.081339 0.095063
v 0.302462 0.088600 0.099436
v 0.297806 0.089804 0.111472
v 0.297667 0.083816 0.118435
v 0.297187 0.077615 0.125339
v 0.301784 0.064129 0.124131
v 0.306644 0.057656 0.115804
v 0.311203 0.050961 0.107045
v 0.315117 0.045873 0.098148
v 0.318041 0.044219 0.089406
v 0.320322 0.044269 0.080878
v 0.322311 0.044291 0.072621
v 0.303569 0.040150 0.059222
v 0.283392 0.036275 0.054772
v 0.298300 0.060205 0.064213
v 0.278398 0.055276 0.059500
v 0.278391 0.089429 0.097346
v 0.259537 0.082964 0.090891
v 0.277113 0.065404 0.124700
v 0.258325 0.060200 0.116804
v 0.332973 -0.007876 0.023118
v 0.333328 -0.000762 0.019755
v 0.333464 0.006354 0.016426
v 0.332357 0.014143 0.026514
v 0.330988 0.014158 0.039748
v 0.329053 0.014195 0.053256
v 0.326860 0.012412 0.065942
v 0.324715 0.006973 0.076710
v 0.322401 -0.000245 0.086363
v 0.319702 -0.007362 0.095702
v 0.318192 -0.022708 0.098230
v 0.319469 -0.030072 0.091477
v 0.320416 -0.037379 0.084635
v 0.323500 -0.037696 0.071636
v 0.325482 -0.030628 0.066281
v 0.327247 -0.023255 0.060687
v 0.328754 -0.017601 0.054604
v 0.329959 -0.015689 0.047782
v 0.330924 -0.015660 0.040742
v 0.331706 -0.015648 0.034006
v 0.310937 -0.014762 0.024508
v 0.290022 -0.013797 0.022368
v 0.311939 0.013731 0.011111
v 0.290974 0.013198 0.009675
v 0.295909 -0.013865 0.099259
v 0.275785 -0.012947 0.093187
v 0.300310 -0.042699 0.072507
v 0.279955 -0.040264 0.067843
v 0.298709 -0.066749 0.129527
v 0.299709 -0.073478 0.122253
v 0.300342 -0.079989 0.114928
v 0.304815 -0.080366 0.102243
v 0.308383 -0.074296 0.097707
v 0.311711 -0.068030 0.093026
v 0.314198 -0.054211 0.095874
v 0.313112 -0.047648 0.103327
v 0.311686 -0.040973 0.110730
v 0.306944 -0.040572 0.123585
v 0.304037 -0.046775 0.128127
v 0.300928 -0.052882 0.132541
v 0.278069 -0.054738 0.128747
v 0.259262 -0.050244 0.120435
v 0.281304 -0.080765 0.100069
v 0.262327 -0.074901 0.093267
v 0.294918 -0.056353 0.081829
v 0.275224 -0.051774 0.075987
v 0.290004 -0.030358 0.111017
v 0.270569 -0.027147 0.103639
v 0.293534 -0.092522 0.121669
v 0.292656 -0.087125 0.129182
v 0.291432 -0.081515 0.136657
v 0.279894 -0.092113 0.148365
v 0.269554 -0.107208 0.151420
v 0.257840 -0.120288 0.153417
v 0.246055 -0.130842 0.153435
v 0.235506 -0.138356 0.150556
v 0.225516 -0.143095 0.146093
v 0.215411 -0.145324 0.141356
v 0.206619 -0.146504 0.133103
v 0.208244 -0.146504 0.130518
v 0.209836 -0.146504 0.127913
v 0.223052 -0.145376 0.128491
v 0.233696 -0.143230 0.131848
v 0.244253 -0.138641 0.134868
v 0.254806 -0.132377 0.135668
v 0.265434 -0.125203 0.132360
v 0.275656 -0.117115 0.126702
v 0.284986 -0.108104 0.120450
v 0.276716 -0.088547 0.106363
v 0.259519 -0.079508 0.099339
v 0.272606 -0.066929 0.135889
v 0.255639 -0.059023 0.127324
v 0.191587 -0.134383 0.127868
v 0.178838 -0.122997 0.119707
v 0.198318 -0.134387 0.116985
v 0.185213 -0.122998 0.109404
v 0.244766 -0.098069 0.198674
v 0.242476 -0.092169 0.205530
v 0.239839 -0.085982 0.212248
v 0.224214 -0.094811 0.222107
v 0.211587 -0.108940 0.224006
v 0.198022 -0.121193 0.224424
v 0.185605 -0.131095 0.222532
v 0.176422 -0.138165 0.217497
v 0.168853 -0.142737 0.210762
v 0.161278 -0.145145 0.203770
v 0.154730 -0.146576 0.193430
v 0.155926 -0.146480 0.191210
v 0.157089 -0.146357 0.188983
v 0.169217 -0.145326 0.192526
v 0.179379 -0.143376 0.198296
v 0.189670 -0.138921 0.203589
v 0.200500 -0.133030 0.206502
v 0.212278 -0.126772 0.205128
v 0.224218 -0.119975 0.201224
v 0.235531 -0.112466 0.196546
v 0.232431 -0.094267 0.179375
v 0.218113 -0.084901 0.167816
v 0.222744 -0.070518 0.206139
v 0.208944 -0.062399 0.193187
v 0.143299 -0.134487 0.184120
v 0.133648 -0.123068 0.172308
v 0.148377 -0.134116 0.174617
v 0.138455 -0.122721 0.163302
v 0.283191 -0.059807 0.164409
v 0.284846 -0.054946 0.163675
v 0.286400 -0.049995 0.162892
v 0.283516 -0.044285 0.169639
v 0.279048 -0.044262 0.176863
v 0.274217 -0.044214 0.184252
v 0.268710 -0.045867 0.191643
v 0.262214 -0.050955 0.198873
v 0.255147 -0.057649 0.205771
v 0.247929 -0.064122 0.212164
v 0.243186 -0.077609 0.211875
v 0.245798 -0.083810 0.205467
v 0.248104 -0.089799 0.198896
v 0.256285 -0.088594 0.188915
v 0.261695 -0.081332 0.186090
v 0.266998 -0.073525 0.182900
v 0.271529 -0.067451 0.179453
v 0.274624 -0.065389 0.175858
v 0.276897 -0.065343 0.172300
v 0.278960 -0.065325 0.168966
v 0.263331 -0.060199 0.154154
v 0.245896 -0.055269 0.143462
v 0.269895 -0.040144 0.151058
v 0.252117 -0.036268 0.140529
v 0.224315 -0.065398 0.205000
v 0.208932 -0.060195 0.191632
v 0.234071 -0.089425 0.179413
v 0.218176 -0.082960 0.167393
v 0.312474 -0.006350 0.117595
v 0.311327 0.000767 0.120723
v 0.309959 0.007881 0.123817
v 0.305425 0.015655 0.133796
v 0.302620 0.015664 0.139970
v 0.299550 0.015696 0.146378
v 0.296316 0.017607 0.152505
v 0.293021 0.023261 0.157836
v 0.289630 0.030633 0.162622
v 0.286106 0.037702 0.167115
v 0.279196 0.037385 0.178549
v 0.276202 0.030077 0.184773
v 0.272922 0.022713 0.190812
v 0.275133 0.007366 0.188867
v 0.280558 0.000250 0.180800
v 0.285712 -0.006967 0.172317
v 0.291047 -0.012406 0.162720
v 0.297014 -0.014188 0.151312
v 0.302986 -0.014153 0.139043
v 0.308335 -0.014137 0.126861
v 0.293604 -0.013725 0.105952
v 0.274082 -0.013193 0.098176
v 0.288554 0.014768 0.118402
v 0.269295 0.013803 0.109971
v 0.263761 0.042703 0.160854
v 0.245806 0.040269 0.150190
v 0.251391 0.013871 0.184979
v 0.234087 0.012954 0.173045
v 0.250822 0.079994 0.201252
v 0.247979 0.073484 0.208033
v 0.244803 0.066754 0.214653
v 0.245995 0.052888 0.218202
v 0.250304 0.046780 0.214949
v 0.254460 0.040576 0.211514
v 0.262906 0.040978 0.200724
v 0.266527 0.047654 0.194112
v 0.269840 0.054216 0.187347
v 0.268342 0.068035 0.183875
v 0.263743 0.074301 0.187315
v 0.258959 0.080371 0.190542
v 0.237239 0.080771 0.181285
v 0.221250 0.074906 0.169006
v 0.225391 0.054744 0.207600
v 0.210025 0.050248 0.193936
v 0.242174 0.030363 0.194368
v 0.225926 0.027151 0.181401
v 0.255778 0.056359 0.168080
v 0.238813 0.051778 0.156496
v 0.235694 0.081521 0.219217
v 0.239145 0.087130 0.212474
v 0.242279 0.092528 0.205589
v 0.234512 0.108110 0.201815
v 0.223717 0.117121 0.204915
v 0.212255 0.125210 0.207177
v 0.201124 0.132384 0.207077
v 0.191322 0.138647 0.203089
v 0.182193 0.143235 0.196985
v 0.173086 0.145382 0.190535
v 0.160679 0.146510 0.185944
v 0.158367 0.146510 0.187937
v 0.156029 0.146510 0.189902
v 0.161877 0.145329 0.200448
v 0.170050 0.143101 0.208048
v 0.178197 0.138362 0.215351
v 0.187361 0.130847 0.221317
v 0.198587 0.120294 0.224903
v 0.210351 0.107214 0.226584
v 0.221129 0.092118 0.226836
v 0.218005 0.066935 0.212730
v 0.204469 0.059028 0.199387
v 0.230945 0.088552 0.185874
v 0.216719 0.079513 0.173928
v 0.153054 0.134393 0.172018
v 0.142894 0.123004 0.160793
v 0.143318 0.134389 0.180322
v 0.133675 0.123001 0.168654
v 0.292994 0.125958 -0.046293
v 0.297837 0.117810 -0.058147
v 0.295559 0.119621 -0.062405
v 0.291447 0.126805 -0.050445
v 0.286404 0.133130 -0.036238
v 0.285438 0.133329 -0.040149
v 0.287468 0.132676 -0.031187
v 0.294799 0.124651 -0.040894
v 0.300572 0.115219 -0.052570
v 0.296477 0.123296 -0.035435
v 0.288431 0.132209 -0.026106
v 0.297629 0.122081 -0.031160
v 0.289045 0.131695 -0.022120
v 0.304959 0.110249 -0.042438
v 0.303139 0.112519 -0.046888
v 0.308283 0.100181 -0.058410
v 0.310615 0.096617 -0.053812
v 0.311516 0.090071 -0.067174
v 0.314184 0.085487 -0.062472
v 0.307779 0.095783 -0.073178
v 0.305011 0.104530 -0.064279
v 0.301509 0.108688 -0.069993
v 0.303755 0.101230 -0.078988
v 0.298621 0.111664 -0.074323
v 0.300468 0.105187 -0.083350
v 0.277492 0.139317 -0.029791
v 0.278354 0.139142 -0.025383
v 0.276688 0.139306 -0.033225
v 0.266415 0.143781 -0.028169
v 0.267277 0.143822 -0.025307
v 0.268215 0.143681 -0.021659
v 0.256776 0.145947 -0.021141
v 0.255840 0.145801 -0.023479
v 0.248553 0.146518 -0.018065
v 0.247589 0.146294 -0.020015
v 0.249662 0.146609 -0.015625
v 0.257810 0.145921 -0.018191
v 0.258807 0.145883 -0.015221
v 0.250745 0.146678 -0.013165
v 0.259497 0.145676 -0.012824
v 0.251543 0.146567 -0.011172
v 0.269679 0.143256 -0.015063
v 0.269098 0.143531 -0.017988
v 0.279139 0.138963 -0.020954
v 0.279628 0.138675 -0.017457
v 0.312940 0.055954 -0.100626
v 0.310693 0.060777 -0.104062
v 0.311370 0.067127 -0.096531
v 0.314039 0.062286 -0.092084
v 0.314416 0.052566 -0.097687
v 0.315781 0.059124 -0.088267
v 0.312438 0.047720 -0.106773
v 0.311193 0.051591 -0.108702
v 0.309333 0.056575 -0.111023
v 0.308106 0.066689 -0.106917
v 0.307304 0.061769 -0.113153
v 0.305834 0.071630 -0.108857
v 0.305518 0.065838 -0.114691
v 0.305482 0.079230 -0.102531
v 0.308225 0.073634 -0.100130
v 0.307775 0.081377 -0.092922
v 0.304715 0.086645 -0.096165
v 0.307077 0.087556 -0.087198
v 0.303865 0.092201 -0.091227
v 0.310949 0.081482 -0.081782
v 0.311359 0.074975 -0.088340
v 0.314498 0.069609 -0.083146
v 0.314469 0.075519 -0.076113
v 0.316610 0.065816 -0.078851
v 0.316921 0.070930 -0.071625
v 0.308785 0.050177 -0.116243
v 0.307298 0.055177 -0.117503
v 0.309768 0.046165 -0.115192
v 0.306725 0.046238 -0.123077
v 0.306033 0.050226 -0.123332
v 0.304926 0.055180 -0.123576
v 0.303254 0.050248 -0.130049
v 0.303627 0.046268 -0.130567
v 0.300958 0.050190 -0.135050
v 0.301107 0.046237 -0.136130
v 0.300575 0.055126 -0.133585
v 0.302554 0.055183 -0.129311
v 0.301761 0.060030 -0.128516
v 0.300100 0.059975 -0.132056
v 0.300959 0.063757 -0.127825
v 0.299575 0.063697 -0.130789
v 0.302595 0.063784 -0.123856
v 0.303721 0.060046 -0.123770
v 0.305705 0.060090 -0.118709
v 0.304276 0.063850 -0.119584
v 0.312751 -0.013739 -0.116981
v 0.309792 -0.005885 -0.125421
v 0.311322 -0.001894 -0.121440
v 0.314535 -0.009197 -0.112487
v 0.314755 -0.020252 -0.110294
v 0.316702 -0.014890 -0.105559
v 0.311917 -0.027400 -0.116302
v 0.310167 -0.020348 -0.122466
v 0.307591 -0.012125 -0.130125
v 0.307409 -0.028383 -0.127431
v 0.308791 -0.034877 -0.122101
v 0.305090 -0.035086 -0.130975
v 0.306172 -0.040711 -0.126417
v 0.303394 -0.027783 -0.136800
v 0.305312 -0.020520 -0.134098
v 0.302990 -0.013910 -0.140342
v 0.301412 -0.020590 -0.142543
v 0.300130 -0.009411 -0.146862
v 0.298919 -0.015219 -0.148543
v 0.301438 -0.002068 -0.144502
v 0.304808 -0.005941 -0.137138
v 0.306525 0.000589 -0.133417
v 0.302584 0.004919 -0.141946
v 0.303269 0.010197 -0.139827
v 0.307673 0.005091 -0.130274
v 0.288069 -0.007848 -0.169534
v 0.292265 -0.007857 -0.162141
v 0.292101 -0.013344 -0.161845
v 0.288526 -0.013329 -0.168182
v 0.284685 -0.007856 -0.175003
v 0.285655 -0.013329 -0.172874
v 0.283205 -0.000779 -0.177600
v 0.287219 -0.000783 -0.171132
v 0.292218 -0.000782 -0.162389
v 0.286226 0.006284 -0.172589
v 0.281585 0.006299 -0.180024
v 0.285254 0.011783 -0.173611
v 0.280159 0.011788 -0.181783
v 0.291653 0.011803 -0.162550
v 0.292014 0.006298 -0.162536
v 0.297607 0.006332 -0.151987
v 0.297794 0.011854 -0.150937
v 0.297099 -0.000778 -0.153216
v 0.296421 -0.007885 -0.154356
v 0.295690 -0.013389 -0.155138
v 0.311393 -0.073682 -0.089870
v 0.315103 -0.067133 -0.083475
v 0.314813 -0.071747 -0.079128
v 0.311041 -0.078267 -0.085452
v 0.308284 -0.078580 -0.094671
v 0.307913 -0.083125 -0.090206
v 0.308484 -0.072504 -0.100412
v 0.311533 -0.067578 -0.095540
v 0.315165 -0.061005 -0.089052
v 0.311404 -0.061304 -0.101186
v 0.308408 -0.066238 -0.106127
v 0.311058 -0.056350 -0.105487
v 0.308127 -0.061294 -0.110468
v 0.314575 -0.049787 -0.098845
v 0.314969 -0.054731 -0.094610
v 0.318222 -0.048020 -0.087871
v 0.317786 -0.043105 -0.092041
v 0.320457 -0.042769 -0.082602
v 0.320010 -0.037913 -0.086730
v 0.320761 -0.048983 -0.077196
v 0.318482 -0.054266 -0.082400
v 0.318492 -0.060392 -0.076912
v 0.320823 -0.055096 -0.071775
v 0.318260 -0.065014 -0.072634
v 0.320653 -0.059724 -0.067572
v 0.257413 -0.145996 -0.016342
v 0.268301 -0.143734 -0.018815
v 0.268480 -0.143558 -0.015811
v 0.257534 -0.145823 -0.013611
v 0.248897 -0.146641 -0.014504
v 0.249004 -0.146486 -0.011993
v 0.248668 -0.146645 -0.017651
v 0.257120 -0.146009 -0.019760
v 0.267923 -0.143764 -0.022595
v 0.256783 -0.146020 -0.023171
v 0.248401 -0.146646 -0.020793
v 0.256401 -0.145865 -0.025871
v 0.248111 -0.146497 -0.023289
v 0.267026 -0.143669 -0.029334
v 0.267489 -0.143795 -0.026367
v 0.277922 -0.139149 -0.029761
v 0.277378 -0.139056 -0.033007
v 0.287262 -0.132567 -0.034912
v 0.286480 -0.132698 -0.038466
v 0.288095 -0.132208 -0.030344
v 0.278454 -0.139083 -0.025613
v 0.278921 -0.139015 -0.021455
v 0.288847 -0.131837 -0.025755
v 0.279163 -0.138818 -0.018167
v 0.289303 -0.131402 -0.022141
v 0.305196 -0.104694 -0.063611
v 0.300557 -0.115202 -0.053503
v 0.298566 -0.116826 -0.057776
v 0.302653 -0.107402 -0.068228
v 0.308158 -0.096104 -0.071285
v 0.305253 -0.099731 -0.076143
v 0.311686 -0.091127 -0.064842
v 0.308254 -0.100912 -0.057538
v 0.302926 -0.112868 -0.047923
v 0.311093 -0.096990 -0.051335
v 0.314939 -0.085955 -0.058235
v 0.313095 -0.093776 -0.046489
v 0.317237 -0.081814 -0.053085
v 0.306691 -0.108419 -0.037821
v 0.305139 -0.110457 -0.042255
v 0.297655 -0.122195 -0.033209
v 0.298619 -0.121115 -0.029199
v 0.296229 -0.123384 -0.038319
v 0.294693 -0.124538 -0.043381
v 0.293359 -0.125272 -0.047289
v 0.311106 -0.100175 0.040781
v 0.309831 -0.104524 0.034184
v 0.315239 -0.095777 0.026594
v 0.316914 -0.090067 0.033464
v 0.311886 -0.096611 0.045877
v 0.317981 -0.085480 0.038765
v 0.302961 -0.110244 0.054916
v 0.302622 -0.112513 0.050121
v 0.301958 -0.115213 0.043921
v 0.292716 -0.123290 0.058920
v 0.292475 -0.122075 0.063341
v 0.282160 -0.132205 0.065270
v 0.281498 -0.131691 0.069249
v 0.282831 -0.132671 0.060143
v 0.292827 -0.124645 0.053210
v 0.292797 -0.125953 0.047518
v 0.283397 -0.133124 0.055012
v 0.292625 -0.126799 0.043090
v 0.283702 -0.133324 0.050995
v 0.300266 -0.119615 0.033012
v 0.301100 -0.117803 0.037769
v 0.308288 -0.108682 0.027662
v 0.306896 -0.111658 0.022646
v 0.313230 -0.101224 0.019818
v 0.311470 -0.105181 0.014648
v 0.250618 -0.145876 0.066360
v 0.261258 -0.143524 0.066945
v 0.260897 -0.143250 0.069906
v 0.250525 -0.145670 0.068852
v 0.242317 -0.146673 0.065796
v 0.242452 -0.146562 0.067938
v 0.242056 -0.146603 0.063121
v 0.250598 -0.145916 0.063227
v 0.261566 -0.143674 0.063182
v 0.250537 -0.145940 0.060102
v 0.241764 -0.146511 0.060457
v 0.250378 -0.145796 0.057589
v 0.241458 -0.146289 0.058303
v 0.261888 -0.143776 0.056435
v 0.261814 -0.143817 0.059423
v 0.272918 -0.139312 0.058353
v 0.273226 -0.139300 0.054840
v 0.272360 -0.139137 0.062810
v 0.271723 -0.138958 0.067263
v 0.271096 -0.138669 0.070738
v 0.324735 -0.069603 0.019222
v 0.327090 -0.062281 0.010587
v 0.327553 -0.059120 0.014758
v 0.325400 -0.065810 0.023962
v 0.322511 -0.075513 0.025895
v 0.323439 -0.070923 0.030924
v 0.320938 -0.081477 0.019409
v 0.323374 -0.074969 0.013308
v 0.325943 -0.067121 0.005530
v 0.321401 -0.081373 0.007836
v 0.318951 -0.087551 0.013055
v 0.319506 -0.086640 0.003800
v 0.317157 -0.092195 0.008225
v 0.322223 -0.079223 -0.002009
v 0.324080 -0.073627 0.001128
v 0.326085 -0.066684 -0.005356
v 0.324533 -0.071623 -0.007908
v 0.327271 -0.061762 -0.011530
v 0.326054 -0.065833 -0.013550
v 0.328533 -0.056570 -0.008873
v 0.327651 -0.060772 -0.001836
v 0.328714 -0.055949 0.002130
v 0.329575 -0.051584 -0.006088
v 0.330156 -0.047714 -0.003867
v 0.329198 -0.052560 0.005383
v 0.326803 -0.060025 -0.027856
v 0.327182 -0.060041 -0.022735
v 0.326139 -0.063778 -0.023169
v 0.325825 -0.063752 -0.027450
v 0.326330 -0.059969 -0.031738
v 0.325436 -0.063691 -0.030698
v 0.327259 -0.055120 -0.033042
v 0.327804 -0.055176 -0.028364
v 0.328266 -0.055175 -0.022175
v 0.328700 -0.050241 -0.028847
v 0.328080 -0.050184 -0.034314
v 0.329216 -0.046263 -0.029222
v 0.328560 -0.046230 -0.035294
v 0.329820 -0.046231 -0.021140
v 0.329242 -0.050221 -0.021597
v 0.329643 -0.050171 -0.014004
v 0.330249 -0.046160 -0.012698
v 0.328624 -0.055171 -0.015665
v 0.327487 -0.060084 -0.017309
v 0.326403 -0.063845 -0.018586
v 0.332638 -0.000585 -0.033309
v 0.332141 0.005947 -0.037376
v 0.332647 0.012130 -0.029849
v 0.333304 0.005891 -0.024697
v 0.332770 -0.005087 -0.029966
v 0.333544 0.001900 -0.020439
v 0.331498 -0.010191 -0.040408
v 0.331493 -0.004914 -0.042635
v 0.331184 0.002073 -0.045418
v 0.331389 0.013915 -0.040983
v 0.330660 0.009417 -0.048065
v 0.330560 0.020594 -0.043561
v 0.330021 0.015225 -0.050036
v 0.330691 0.027788 -0.037487
v 0.331691 0.020525 -0.034328
v 0.331649 0.028387 -0.027340
v 0.330525 0.035090 -0.031423
v 0.331336 0.034882 -0.021842
v 0.330161 0.040716 -0.026752
v 0.332540 0.027404 -0.015364
v 0.332758 0.020352 -0.021768
v 0.333540 0.013745 -0.015756
v 0.333405 0.020258 -0.008777
v 0.333865 0.009203 -0.010932
v 0.333810 0.014895 -0.003673
v 0.329824 -0.006328 -0.053717
v 0.329717 0.000784 -0.055042
v 0.329682 -0.011850 -0.052660
v 0.327385 -0.011799 -0.065594
v 0.327724 -0.006292 -0.065471
v 0.327874 0.000786 -0.065268
v 0.325287 -0.006278 -0.076811
v 0.324674 -0.011777 -0.078082
v 0.323142 -0.006295 -0.085309
v 0.322321 -0.011784 -0.087421
v 0.323944 0.000785 -0.082506
v 0.325788 0.000790 -0.075121
v 0.326108 0.007852 -0.073339
v 0.324558 0.007861 -0.079581
v 0.326130 0.013335 -0.071912
v 0.324832 0.013333 -0.077257
v 0.327596 0.013350 -0.064786
v 0.327843 0.007861 -0.065018
v 0.329419 0.007890 -0.056335
v 0.328963 0.013394 -0.057303
v 0.329850 0.048025 0.013631
v 0.328424 0.054271 0.018920
v 0.329003 0.048989 0.024571
v 0.330366 0.042774 0.019332
v 0.330709 0.043111 0.009528
v 0.331203 0.037917 0.015264
v 0.329732 0.049792 0.002068
v 0.328812 0.054735 0.006220
v 0.327300 0.061010 0.011572
v 0.327429 0.061309 -0.001131
v 0.328414 0.056355 -0.005332
v 0.326087 0.066243 -0.006751
v 0.327147 0.061299 -0.010970
v 0.324412 0.072509 -0.001286
v 0.325826 0.067583 0.004285
v 0.323959 0.073687 0.009640
v 0.322466 0.078585 0.004118
v 0.322273 0.078272 0.013739
v 0.320748 0.083131 0.008256
v 0.323931 0.071752 0.020913
v 0.325536 0.067137 0.016863
v 0.326756 0.060398 0.024148
v 0.325227 0.065019 0.028150
v 0.327404 0.055101 0.029752
v 0.325958 0.059729 0.033701
v 0.273712 0.139155 0.056638
v 0.272951 0.139088 0.060750
v 0.283577 0.132213 0.059193
v 0.284180 0.132572 0.054589
v 0.274186 0.139061 0.053381
v 0.284522 0.132702 0.050966
v 0.263208 0.143675 0.053713
v 0.262742 0.143802 0.056679
v 0.262002 0.143771 0.060403
v 0.251570 0.146024 0.056449
v 0.252033 0.145870 0.053761
v 0.242864 0.146651 0.056150
v 0.243350 0.146502 0.053685
v 0.242156 0.146649 0.059223
v 0.250849 0.146013 0.059800
v 0.250083 0.146002 0.063143
v 0.241412 0.146647 0.062290
v 0.249363 0.145828 0.065781
v 0.240746 0.146491 0.064713
v 0.260457 0.143563 0.067033
v 0.261206 0.143738 0.064118
v 0.272124 0.139020 0.064851
v 0.271349 0.138822 0.068056
v 0.282889 0.131844 0.063792
v 0.282218 0.131407 0.067372
v 0.293555 0.122201 0.059388
v 0.293760 0.123391 0.054087
v 0.293247 0.121122 0.063501
v 0.303568 0.108426 0.057759
v 0.303446 0.110464 0.053063
v 0.303071 0.112874 0.046990
v 0.311891 0.096995 0.046239
v 0.312316 0.093781 0.051464
v 0.317662 0.085961 0.040845
v 0.318276 0.081819 0.046451
v 0.316585 0.091132 0.033560
v 0.311084 0.100918 0.039465
v 0.310030 0.104699 0.032748
v 0.315195 0.096109 0.026346
v 0.309020 0.107407 0.027573
v 0.313916 0.099736 0.020832
v 0.301933 0.116832 0.036275
v 0.302522 0.115206 0.040953
v 0.293845 0.124543 0.048797
v 0.293769 0.125278 0.044668
v 0.293827 0.076480 -0.066760
v 0.296535 0.071968 -0.062140
v 0.278003 0.063773 -0.058406
v 0.275430 0.068045 -0.062783
v 0.290089 0.082391 -0.072559
v 0.271882 0.073644 -0.068281
v 0.303805 0.089210 -0.075663
v 0.307680 0.083074 -0.069647
v 0.310480 0.078364 -0.064875
v 0.286046 0.088034 -0.078172
v 0.268050 0.078993 -0.073603
v 0.282799 0.092347 -0.082284
v 0.264975 0.083084 -0.077500
v 0.296246 0.099502 -0.085763
v 0.299612 0.095063 -0.081486
v 0.278873 0.102394 -0.072205
v 0.280607 0.096668 -0.080674
v 0.262901 0.087172 -0.075976
v 0.261258 0.092594 -0.067950
v 0.276236 0.109444 -0.060928
v 0.258756 0.099271 -0.057263
v 0.289508 0.117163 -0.063561
v 0.292260 0.109813 -0.075292
v 0.294044 0.103856 -0.084107
v 0.272678 0.115808 -0.049599
v 0.255385 0.105301 -0.046531
v 0.267245 0.121680 -0.039790
v 0.250239 0.110864 -0.037238
v 0.280130 0.129928 -0.041571
v 0.285792 0.123803 -0.051775
v 0.258982 0.127256 -0.033071
v 0.242410 0.116147 -0.030872
v 0.249149 0.131490 -0.028074
v 0.233090 0.120175 -0.026133
v 0.261331 0.140120 -0.029396
v 0.271541 0.135728 -0.034585
v 0.239007 0.133338 -0.023434
v 0.223468 0.121976 -0.021722
v 0.231212 0.133861 -0.019891
v 0.216074 0.122507 -0.018358
v 0.242714 0.142530 -0.020937
v 0.250809 0.142018 -0.024584
v 0.229198 0.134368 -0.015310
v 0.228468 0.134248 -0.017078
v 0.213499 0.122797 -0.015727
v 0.214195 0.122890 -0.014054
v 0.230256 0.134471 -0.013203
v 0.215198 0.122985 -0.012050
v 0.241794 0.143217 -0.014129
v 0.240692 0.143103 -0.016323
v 0.239907 0.142956 -0.018144
v 0.231288 0.134549 -0.011071
v 0.216180 0.123063 -0.010025
v 0.232264 0.134568 -0.009359
v 0.217103 0.123100 -0.008399
v 0.243848 0.143302 -0.010133
v 0.242868 0.143301 -0.011910
v 0.243650 0.133113 -0.009964
v 0.236205 0.134088 -0.008666
v 0.220803 0.122717 -0.007742
v 0.227865 0.121759 -0.008976
v 0.253199 0.130828 -0.011906
v 0.236927 0.119547 -0.010819
v 0.265464 0.139447 -0.012885
v 0.255533 0.141799 -0.010866
v 0.247803 0.142779 -0.009494
v 0.262559 0.126490 -0.013988
v 0.245798 0.115420 -0.012793
v 0.271538 0.119752 -0.018270
v 0.254306 0.109037 -0.016850
v 0.284535 0.127946 -0.019500
v 0.275200 0.134944 -0.015050
v 0.279948 0.110268 -0.026811
v 0.262272 0.100053 -0.024942
v 0.287228 0.098525 -0.037536
v 0.269173 0.088930 -0.035104
v 0.300812 0.105930 -0.039508
v 0.293263 0.118109 -0.028372
v 0.292820 0.085013 -0.048368
v 0.274479 0.076127 -0.045373
v 0.296362 0.074192 -0.056734
v 0.277842 0.065877 -0.053303
v 0.310282 0.080655 -0.059408
v 0.306611 0.091906 -0.050751
v 0.279934 0.045584 -0.129202
v 0.280154 0.041844 -0.130348
v 0.261228 0.037878 -0.122098
v 0.261018 0.041423 -0.121011
v 0.279676 0.050307 -0.127554
v 0.260773 0.045899 -0.119449
v 0.294054 0.053673 -0.133535
v 0.294322 0.048771 -0.135243
v 0.294529 0.044895 -0.136445
v 0.279316 0.054949 -0.125872
v 0.260431 0.050295 -0.117855
v 0.279049 0.058561 -0.124401
v 0.260179 0.053719 -0.116462
v 0.293385 0.062225 -0.130282
v 0.293681 0.058491 -0.131786
v 0.280584 0.060864 -0.119431
v 0.279535 0.060698 -0.122009
v 0.260639 0.055743 -0.114197
v 0.261633 0.055899 -0.111754
v 0.281960 0.060864 -0.116111
v 0.262936 0.055899 -0.108608
v 0.296413 0.064467 -0.121778
v 0.294971 0.064463 -0.125262
v 0.293860 0.064316 -0.127939
v 0.283404 0.060864 -0.112502
v 0.264304 0.055899 -0.105189
v 0.284431 0.062785 -0.108202
v 0.265276 0.057718 -0.101115
v 0.298997 0.066486 -0.113505
v 0.297924 0.064478 -0.117996
v 0.284553 0.068545 -0.102810
v 0.265393 0.063177 -0.096007
v 0.284057 0.075946 -0.096959
v 0.264923 0.070187 -0.090463
v 0.298614 0.080173 -0.101812
v 0.299128 0.072477 -0.107896
v 0.283226 0.082784 -0.091283
v 0.264137 0.076667 -0.085086
v 0.282531 0.087723 -0.086889
v 0.263480 0.081349 -0.080923
v 0.297004 0.092449 -0.091334
v 0.297750 0.087295 -0.095896
v 0.286594 0.083911 -0.078695
v 0.283585 0.088094 -0.082928
v 0.264477 0.081698 -0.077172
v 0.267326 0.077732 -0.073162
v 0.290393 0.078187 -0.073236
v 0.270925 0.072310 -0.067990
v 0.305136 0.082534 -0.077338
v 0.301192 0.088473 -0.083004
v 0.298059 0.092825 -0.087371
v 0.293910 0.072238 -0.067607
v 0.274257 0.066675 -0.062656
v 0.296492 0.067498 -0.063348
v 0.276703 0.062183 -0.058622
v 0.311445 0.071470 -0.067069
v 0.308784 0.076364 -0.071501
v 0.296989 0.058646 -0.071141
v 0.297461 0.063327 -0.064341
v 0.277622 0.058233 -0.059562
v 0.277174 0.053799 -0.066004
v 0.296059 0.052507 -0.080279
v 0.276293 0.047982 -0.074662
v 0.310964 0.056057 -0.084657
v 0.311926 0.062441 -0.075165
v 0.312412 0.067288 -0.068084
v 0.294664 0.046060 -0.089635
v 0.274971 0.041875 -0.083525
v 0.292692 0.041112 -0.098765
v 0.273103 0.037187 -0.092175
v 0.307470 0.044265 -0.103824
v 0.309516 0.049379 -0.094361
v 0.290035 0.039465 -0.107230
v 0.270586 0.035628 -0.100194
v 0.286989 0.039471 -0.115185
v 0.267700 0.035631 -0.107731
v 0.301557 0.042590 -0.120829
v 0.304714 0.042573 -0.112593
v 0.283849 0.039475 -0.122789
v 0.264726 0.035637 -0.114935
v 0.281394 0.039646 -0.128436
v 0.262401 0.035799 -0.120286
v 0.295764 0.042742 -0.134528
v 0.298308 0.042599 -0.128693
v 0.264009 -0.007330 -0.166548
v 0.265255 -0.012591 -0.164226
v 0.247114 -0.011739 -0.153595
v 0.245934 -0.006756 -0.155795
v 0.262405 -0.000521 -0.169332
v 0.244414 -0.000305 -0.158433
v 0.276119 -0.000689 -0.177436
v 0.277787 -0.007752 -0.174542
v 0.279056 -0.013200 -0.172148
v 0.260627 0.006289 -0.172007
v 0.242730 0.006149 -0.160968
v 0.259261 0.011555 -0.173906
v 0.241437 0.011139 -0.162769
v 0.272841 0.011829 -0.182180
v 0.274277 0.006376 -0.180204
v 0.265611 0.014366 -0.163261
v 0.260639 0.014204 -0.171461
v 0.242742 0.013645 -0.160452
v 0.247452 0.013798 -0.152682
v 0.272045 0.014371 -0.152162
v 0.253546 0.013803 -0.142166
v 0.286067 0.014601 -0.159718
v 0.279405 0.014594 -0.171211
v 0.274244 0.014456 -0.179697
v 0.278174 0.014376 -0.140560
v 0.259352 0.013807 -0.131174
v 0.283630 0.012621 -0.129462
v 0.264521 0.012146 -0.120660
v 0.298075 0.012806 -0.136192
v 0.292419 0.014614 -0.147695
v 0.288045 0.007346 -0.119876
v 0.268704 0.007147 -0.111579
v 0.291693 0.000402 -0.111086
v 0.272161 0.000570 -0.103252
v 0.306434 0.000156 -0.117141
v 0.302652 0.007351 -0.126257
v 0.294847 -0.006356 -0.102376
v 0.275150 -0.005833 -0.095000
v 0.297023 -0.011566 -0.095855
v 0.277212 -0.010769 -0.088821
v 0.311963 -0.012264 -0.101301
v 0.309708 -0.006869 -0.108094
v 0.295056 -0.021799 -0.099577
v 0.297058 -0.016272 -0.095080
v 0.277243 -0.015227 -0.088088
v 0.275346 -0.020462 -0.092348
v 0.292246 -0.028846 -0.105526
v 0.272684 -0.027139 -0.097984
v 0.307021 -0.030007 -0.111359
v 0.309936 -0.022694 -0.105187
v 0.312004 -0.016987 -0.100506
v 0.289145 -0.035815 -0.111333
v 0.269746 -0.033741 -0.103486
v 0.286629 -0.041000 -0.115833
v 0.267363 -0.038654 -0.107749
v 0.301183 -0.042642 -0.122035
v 0.303800 -0.037242 -0.117390
v 0.283960 -0.036171 -0.123753
v 0.285008 -0.041044 -0.119730
v 0.265830 -0.038698 -0.111440
v 0.264836 -0.034081 -0.115252
v 0.282515 -0.029523 -0.128909
v 0.263465 -0.027780 -0.120137
v 0.296980 -0.030670 -0.135491
v 0.298488 -0.037598 -0.130115
v 0.299559 -0.042689 -0.125935
v 0.280759 -0.022540 -0.134176
v 0.261802 -0.021165 -0.125126
v 0.278541 -0.017177 -0.139664
v 0.259700 -0.016085 -0.130326
v 0.292842 -0.017830 -0.146683
v 0.295153 -0.023407 -0.140971
v 0.275707 -0.015390 -0.145485
v 0.257015 -0.014392 -0.135840
v 0.272578 -0.015390 -0.151313
v 0.254051 -0.014392 -0.141362
v 0.286614 -0.015956 -0.158849
v 0.289883 -0.015964 -0.152759
v 0.269477 -0.015390 -0.156821
v 0.251113 -0.014392 -0.146581
v 0.267053 -0.015233 -0.161025
v 0.248818 -0.014243 -0.150565
v 0.280845 -0.015820 -0.168963
v 0.283375 -0.015955 -0.164602
v 0.297285 -0.062155 -0.065506
v 0.299692 -0.057054 -0.060835
v 0.279641 -0.052437 -0.056423
v 0.277360 -0.057270 -0.060848
v 0.293992 -0.068547 -0.071655
v 0.274240 -0.063324 -0.066674
v 0.308951 -0.072391 -0.075547
v 0.312375 -0.065746 -0.069156
v 0.314860 -0.060469 -0.064288
v 0.290387 -0.074732 -0.077638
v 0.270826 -0.069184 -0.072342
v 0.287510 -0.079280 -0.082276
v 0.268101 -0.073496 -0.076736
v 0.302207 -0.083554 -0.086556
v 0.305205 -0.078819 -0.081766
v 0.286513 -0.075037 -0.090737
v 0.286312 -0.079309 -0.086405
v 0.266966 -0.073523 -0.080647
v 0.267155 -0.069475 -0.084751
v 0.286723 -0.069263 -0.096219
v 0.267354 -0.064005 -0.089945
v 0.301456 -0.073151 -0.100856
v 0.301237 -0.079151 -0.095159
v 0.301006 -0.083594 -0.090680
v 0.286665 -0.063305 -0.101682
v 0.267299 -0.058358 -0.095120
v 0.286576 -0.058540 -0.105775
v 0.267215 -0.053846 -0.098998
v 0.301282 -0.062032 -0.110792
v 0.301396 -0.066958 -0.106532
v 0.290384 -0.049272 -0.100899
v 0.287723 -0.054134 -0.105595
v 0.268302 -0.049671 -0.098828
v 0.270823 -0.045065 -0.094378
v 0.293714 -0.043035 -0.094558
v 0.273977 -0.039156 -0.088371
v 0.308665 -0.046128 -0.099125
v 0.305205 -0.052611 -0.105714
v 0.302431 -0.057629 -0.110601
v 0.296752 -0.036688 -0.088070
v 0.276856 -0.033143 -0.082225
v 0.298979 -0.031906 -0.082934
v 0.278966 -0.028612 -0.077359
v 0.314120 -0.034545 -0.087067
v 0.311823 -0.039532 -0.092381
v 0.300512 -0.036373 -0.074683
v 0.300145 -0.031898 -0.078726
v 0.280070 -0.028604 -0.073373
v 0.280418 -0.032844 -0.069543
v 0.300813 -0.042266 -0.069572
v 0.280702 -0.038427 -0.064700
v 0.315985 -0.045314 -0.073378
v 0.315672 -0.039187 -0.078692
v 0.315287 -0.034523 -0.082863
v 0.300888 -0.048066 -0.064443
v 0.280774 -0.043921 -0.059841
v 0.300807 -0.052610 -0.060586
v 0.280697 -0.048226 -0.056187
v 0.315976 -0.056031 -0.064025
v 0.316064 -0.051342 -0.068047
v 0.290491 -0.082712 -0.070396
v 0.287617 -0.086701 -0.075063
v 0.269507 -0.077761 -0.070716
v 0.272228 -0.073977 -0.066292
v 0.294041 -0.077549 -0.064086
v 0.275592 -0.069084 -0.060311
v 0.307928 -0.084176 -0.066830
v 0.304247 -0.089531 -0.073375
v 0.301268 -0.093632 -0.078225
v 0.297299 -0.072191 -0.057618
v 0.278685 -0.064008 -0.054179
v 0.299635 -0.068146 -0.052515
v 0.280906 -0.060177 -0.049344
v 0.313721 -0.074387 -0.054844
v 0.311306 -0.078613 -0.060120
v 0.294983 -0.082499 -0.041347
v 0.299059 -0.070919 -0.047676
v 0.280372 -0.062801 -0.044779
v 0.276500 -0.073771 -0.038780
v 0.288711 -0.096922 -0.033191
v 0.270545 -0.087435 -0.031045
v 0.302385 -0.104238 -0.034951
v 0.308890 -0.089267 -0.043417
v 0.313115 -0.077229 -0.049959
v 0.280766 -0.109442 -0.025084
v 0.263014 -0.099296 -0.023363
v 0.271666 -0.119542 -0.018468
v 0.254393 -0.108865 -0.017094
v 0.284698 -0.127705 -0.019662
v 0.294144 -0.117227 -0.026534
v 0.261929 -0.126710 -0.014782
v 0.245169 -0.115655 -0.013602
v 0.251752 -0.131214 -0.012633
v 0.235521 -0.119942 -0.011564
v 0.264009 -0.139821 -0.013600
v 0.274583 -0.135148 -0.015833
v 0.241331 -0.133332 -0.010628
v 0.225632 -0.122000 -0.009660
v 0.233266 -0.134055 -0.009296
v 0.217979 -0.122722 -0.008396
v 0.244818 -0.142714 -0.010113
v 0.253188 -0.141994 -0.011519
v 0.229350 -0.134512 -0.012520
v 0.229638 -0.134480 -0.010241
v 0.214571 -0.123035 -0.009299
v 0.214305 -0.123048 -0.011459
v 0.229159 -0.134512 -0.015400
v 0.214124 -0.123048 -0.014188
v 0.240684 -0.143244 -0.016359
v 0.240884 -0.143244 -0.013362
v 0.241152 -0.143188 -0.010998
v 0.228928 -0.134512 -0.018277
v 0.213905 -0.123048 -0.016913
v 0.228872 -0.134481 -0.020627
v 0.213846 -0.123035 -0.019137
v 0.240357 -0.143190 -0.021780
v 0.240444 -0.143244 -0.019353
v 0.239909 -0.133388 -0.025955
v 0.232144 -0.134075 -0.023323
v 0.216920 -0.122737 -0.021672
v 0.224287 -0.122051 -0.024173
v 0.249959 -0.131352 -0.029313
v 0.233824 -0.120070 -0.027365
v 0.262177 -0.139962 -0.030633
v 0.251737 -0.142054 -0.027147
v 0.243671 -0.142736 -0.024442
v 0.259754 -0.126998 -0.032884
v 0.243108 -0.115928 -0.030752
v 0.268287 -0.121075 -0.038153
v 0.251192 -0.110316 -0.035743
v 0.281234 -0.129279 -0.039824
v 0.272358 -0.135445 -0.034344
v 0.274552 -0.114331 -0.046605
v 0.257127 -0.103927 -0.043751
v 0.279187 -0.106733 -0.056629
v 0.261520 -0.096729 -0.053248
v 0.292595 -0.114330 -0.059043
v 0.287761 -0.122251 -0.048616
v 0.282830 -0.098248 -0.066614
v 0.264975 -0.088692 -0.062711
v 0.285292 -0.091359 -0.074093
v 0.267310 -0.082167 -0.069801
v 0.298928 -0.098325 -0.077215
v 0.296389 -0.105489 -0.069428
v 0.296152 -0.088027 0.015063
v 0.294352 -0.092341 0.010143
v 0.275925 -0.083078 0.009122
v 0.277629 -0.078988 0.013785
v 0.298240 -0.082386 0.021658
v 0.279608 -0.073640 0.020037
v 0.312240 -0.089205 0.022992
v 0.310075 -0.095058 0.016151
v 0.308213 -0.099496 0.011037
v 0.299980 -0.076474 0.028334
v 0.281262 -0.068039 0.026368
v 0.301110 -0.071962 0.033569
v 0.282339 -0.063767 0.031330
v 0.315212 -0.078358 0.035326
v 0.314042 -0.083068 0.029918
v 0.293281 -0.085007 0.045493
v 0.299257 -0.074186 0.038651
v 0.280593 -0.065871 0.036127
v 0.274922 -0.076122 0.042610
v 0.284586 -0.098520 0.054036
v 0.266674 -0.088924 0.050708
v 0.298106 -0.105923 0.056405
v 0.307126 -0.091901 0.047535
v 0.313317 -0.080650 0.040457
v 0.274321 -0.110263 0.061951
v 0.256945 -0.100047 0.058207
v 0.263664 -0.119746 0.067439
v 0.246850 -0.109032 0.063407
v 0.276395 -0.127941 0.070329
v 0.287457 -0.118102 0.064627
v 0.253797 -0.126485 0.068703
v 0.237502 -0.115415 0.064604
v 0.244255 -0.130823 0.067759
v 0.228457 -0.119542 0.063709
v 0.256212 -0.139442 0.070658
v 0.266137 -0.134938 0.071641
v 0.234577 -0.133108 0.066621
v 0.219273 -0.121754 0.062630
v 0.227099 -0.134081 0.065530
v 0.212179 -0.122712 0.061597
v 0.238375 -0.142773 0.068364
v 0.246148 -0.141794 0.069474
v 0.223178 -0.134545 0.061709
v 0.223571 -0.134563 0.063640
v 0.208869 -0.123095 0.059818
v 0.208500 -0.123058 0.057985
v 0.222864 -0.134466 0.059362
v 0.208199 -0.122979 0.055754
v 0.234115 -0.143211 0.062085
v 0.234441 -0.143295 0.064528
v 0.234817 -0.143296 0.066522
v 0.222517 -0.134361 0.057029
v 0.207872 -0.122886 0.053538
v 0.222375 -0.134242 0.055122
v 0.207734 -0.122792 0.051731
v 0.233575 -0.142951 0.057682
v 0.233753 -0.143099 0.059656
v 0.234373 -0.133333 0.052375
v 0.225861 -0.133855 0.053306
v 0.211001 -0.122503 0.050035
v 0.219076 -0.121972 0.049149
v 0.245456 -0.131485 0.051134
v 0.229594 -0.120170 0.047963
v 0.257442 -0.140115 0.053683
v 0.245944 -0.142012 0.054968
v 0.237114 -0.142523 0.055904
v 0.256358 -0.127251 0.049458
v 0.239928 -0.116141 0.046372
v 0.266306 -0.121674 0.045655
v 0.249353 -0.110860 0.042769
v 0.279103 -0.129921 0.047986
v 0.268762 -0.135723 0.051941
v 0.274531 -0.115801 0.038033
v 0.257144 -0.105296 0.035548
v 0.281448 -0.109438 0.028382
v 0.263698 -0.099266 0.026404
v 0.294878 -0.117157 0.030025
v 0.287668 -0.123797 0.040061
v 0.287475 -0.102388 0.018492
v 0.269412 -0.092589 0.017033
v 0.291766 -0.096663 0.010988
v 0.273479 -0.087167 0.009922
v 0.305603 -0.103850 0.011923
v 0.301157 -0.109807 0.019740
v 0.304654 -0.054942 -0.032353
v 0.303942 -0.058557 -0.031040
v 0.283536 -0.053713 -0.029390
v 0.284210 -0.050289 -0.030634
v 0.305522 -0.050302 -0.033839
v 0.285033 -0.045893 -0.032042
v 0.321048 -0.053668 -0.035031
v 0.320148 -0.058486 -0.033486
v 0.319397 -0.062219 -0.032149
v 0.306281 -0.045580 -0.035324
v 0.285754 -0.041416 -0.033449
v 0.306848 -0.041838 -0.036344
v 0.286293 -0.037872 -0.034416
v 0.322408 -0.044890 -0.037647
v 0.321836 -0.048764 -0.036570
v 0.307998 -0.039470 -0.028009
v 0.307430 -0.039640 -0.034141
v 0.286841 -0.035792 -0.032329
v 0.287379 -0.035630 -0.026520
v 0.308606 -0.039466 -0.019806
v 0.287954 -0.035627 -0.018748
v 0.324208 -0.042584 -0.020618
v 0.323578 -0.042593 -0.029103
v 0.322983 -0.042736 -0.035440
v 0.309016 -0.039461 -0.011297
v 0.288342 -0.035622 -0.010686
v 0.308897 -0.041107 -0.002426
v 0.288230 -0.037181 -0.002282
v 0.324515 -0.044260 -0.002617
v 0.324635 -0.042568 -0.011808
v 0.307919 -0.046056 0.006864
v 0.287303 -0.041869 0.006519
v 0.306323 -0.052502 0.016188
v 0.285791 -0.047976 0.015352
v 0.321850 -0.056052 0.016683
v 0.323504 -0.049373 0.007012
v 0.304352 -0.058641 0.025159
v 0.283924 -0.053792 0.023851
v 0.302677 -0.063323 0.031767
v 0.282338 -0.058228 0.030111
v 0.318049 -0.067281 0.032879
v 0.319799 -0.062434 0.026001
v 0.300324 -0.072232 0.027555
v 0.301446 -0.067493 0.032407
v 0.281171 -0.062178 0.030718
v 0.280108 -0.066668 0.026121
v 0.298740 -0.078181 0.021109
v 0.278608 -0.072306 0.020014
v 0.314028 -0.082527 0.021816
v 0.315670 -0.076359 0.028500
v 0.316814 -0.071463 0.033542
v 0.296836 -0.083904 0.014737
v 0.276804 -0.077727 0.013977
v 0.295300 -0.088088 0.009776
v 0.275350 -0.081692 0.009277
v 0.310437 -0.092820 0.010075
v 0.312050 -0.088467 0.015202
v 0.297568 -0.082778 0.001726
v 0.295535 -0.087717 0.005684
v 0.275573 -0.081343 0.005402
v 0.277498 -0.076663 0.001653
v 0.300129 -0.075940 -0.003406
v 0.279924 -0.070182 -0.003210
v 0.315474 -0.080167 -0.003470
v 0.312806 -0.087290 0.001880
v 0.310673 -0.092443 0.005981
v 0.302428 -0.068539 -0.008809
v 0.282101 -0.063170 -0.008330
v 0.303995 -0.062778 -0.013970
v 0.283586 -0.057713 -0.013219
v 0.319489 -0.066480 -0.014459
v 0.317862 -0.072471 -0.009089
v 0.304363 -0.060857 -0.018375
v 0.283934 -0.055893 -0.017392
v 0.304118 -0.060857 -0.022255
v 0.283702 -0.055893 -0.021068
v 0.319618 -0.064461 -0.023126
v 0.319872 -0.064473 -0.019061
v 0.303847 -0.060857 -0.025839
v 0.283447 -0.055893 -0.024464
v 0.303656 -0.060693 -0.028615
v 0.283266 -0.055737 -0.027094
v 0.319117 -0.064309 -0.029776
v 0.319336 -0.064457 -0.026885
v 0.300736 -0.006285 -0.084084
v 0.300016 -0.011551 -0.086310
v 0.279640 -0.011133 -0.081156
v 0.280321 -0.006143 -0.079045
v 0.301612 0.000527 -0.080994
v 0.281150 0.000309 -0.076117
v 0.317147 0.000695 -0.084516
v 0.316238 -0.006370 -0.087716
v 0.315475 -0.011823 -0.090036
v 0.302288 0.007334 -0.077852
v 0.281790 0.006760 -0.073140
v 0.302764 0.012595 -0.075261
v 0.282241 0.011746 -0.070686
v 0.318325 0.013206 -0.078583
v 0.317849 0.007758 -0.081251
v 0.304520 0.015394 -0.066920
v 0.303498 0.015239 -0.071663
v 0.282937 0.014247 -0.067279
v 0.283905 0.014396 -0.062784
v 0.305788 0.015394 -0.060727
v 0.285106 0.014396 -0.056917
v 0.321456 0.015962 -0.063610
v 0.320131 0.015959 -0.070078
v 0.319056 0.015826 -0.075005
v 0.306985 0.015394 -0.054222
v 0.286240 0.014396 -0.050754
v 0.307904 0.017183 -0.047813
v 0.287110 0.016089 -0.044682
v 0.323666 0.017834 -0.050123
v 0.322706 0.015970 -0.056813
v 0.308338 0.022544 -0.041909
v 0.287521 0.021170 -0.039089
v 0.308399 0.029528 -0.036358
v 0.287580 0.027786 -0.033830
v 0.324184 0.030676 -0.038202
v 0.324120 0.023411 -0.043978
v 0.308199 0.036178 -0.031007
v 0.287391 0.034086 -0.028760
v 0.307967 0.041050 -0.026856
v 0.287173 0.038703 -0.024826
v 0.323718 0.042694 -0.028315
v 0.323976 0.037603 -0.032622
v 0.309338 0.035819 -0.017596
v 0.308318 0.041005 -0.022650
v 0.287503 0.038659 -0.020844
v 0.288469 0.033746 -0.016056
v 0.310515 0.028852 -0.011119
v 0.289584 0.027145 -0.009920
v 0.326367 0.030012 -0.012156
v 0.325143 0.037248 -0.018883
v 0.324072 0.042646 -0.024105
v 0.311372 0.021804 -0.004596
v 0.290396 0.020468 -0.003740
v 0.311903 0.016276 0.000297
v 0.290900 0.015231 0.000897
v 0.327793 0.016993 -0.000299
v 0.327255 0.022700 -0.005388
v 0.312029 0.006362 -0.007325
v 0.312107 0.011572 -0.000450
v 0.291094 0.010775 0.000189
v 0.291019 0.005838 -0.006324
v 0.311689 -0.000396 -0.016583
v 0.290696 -0.000563 -0.015095
v 0.327575 -0.000152 -0.017841
v 0.327927 0.006873 -0.008225
v 0.327996 0.012269 -0.001068
v 0.310903 -0.007340 -0.026067
v 0.289952 -0.007141 -0.024081
v 0.309630 -0.012615 -0.036544
v 0.288745 -0.012139 -0.034006
v 0.325441 -0.012801 -0.038535
v 0.326761 -0.007345 -0.027676
v 0.307828 -0.014370 -0.048778
v 0.287038 -0.013803 -0.045597
v 0.305540 -0.014364 -0.061699
v 0.284871 -0.013797 -0.057838
v 0.321201 -0.014596 -0.064606
v 0.323573 -0.014608 -0.051217
v 0.302808 -0.014359 -0.074233
v 0.282283 -0.013792 -0.069713
v 0.300581 -0.014198 -0.083561
v 0.280175 -0.013641 -0.078551
v 0.316052 -0.014450 -0.087243
v 0.318372 -0.014588 -0.077586
v 0.300219 0.074736 0.014864
v 0.298898 0.079286 0.009569
v 0.278724 0.073501 0.008909
v 0.279975 0.069189 0.013925
v 0.301821 0.068551 0.021662
v 0.281493 0.063329 0.020366
v 0.317255 0.072395 0.022530
v 0.315589 0.078824 0.015464
v 0.314199 0.083560 0.009987
v 0.303077 0.062161 0.028524
v 0.282682 0.057274 0.026867
v 0.303941 0.057059 0.033707
v 0.283501 0.052441 0.031777
v 0.319438 0.060474 0.035057
v 0.318560 0.065752 0.029663
v 0.306183 0.048071 0.030638
v 0.304926 0.052614 0.034285
v 0.284434 0.048231 0.032325
v 0.285625 0.043926 0.028869
v 0.307679 0.042272 0.025731
v 0.287042 0.038432 0.024221
v 0.323289 0.045318 0.026746
v 0.321734 0.051347 0.031846
v 0.320421 0.056036 0.035648
v 0.308955 0.036378 0.020773
v 0.288252 0.032849 0.019523
v 0.309842 0.031903 0.016812
v 0.289092 0.028609 0.015771
v 0.325524 0.034529 0.017503
v 0.324615 0.039192 0.021591
v 0.309469 0.036694 0.006878
v 0.310018 0.031909 0.012449
v 0.289259 0.028616 0.011638
v 0.288738 0.033149 0.006360
v 0.308560 0.043040 -0.000229
v 0.287876 0.039161 -0.000372
v 0.324191 0.046134 -0.000005
v 0.325136 0.039538 0.007380
v 0.325698 0.034549 0.013142
v 0.307328 0.049278 -0.007284
v 0.286709 0.045071 -0.007056
v 0.306230 0.054139 -0.012569
v 0.285669 0.049676 -0.012063
v 0.321765 0.057634 -0.012838
v 0.322911 0.052616 -0.007337
v 0.304026 0.063309 -0.009166
v 0.305192 0.058545 -0.013091
v 0.284686 0.053850 -0.012558
v 0.283581 0.058364 -0.008840
v 0.302411 0.069269 -0.003948
v 0.282051 0.064009 -0.003896
v 0.317856 0.073157 -0.003858
v 0.319535 0.066964 -0.009281
v 0.320728 0.062037 -0.013371
v 0.300535 0.075043 0.001207
v 0.280274 0.069480 0.000988
v 0.299019 0.079315 0.005271
v 0.278839 0.073527 0.004838
v 0.314317 0.083599 0.005693
v 0.315906 0.079156 0.001499
v 0.300679 0.072196 0.036039
v 0.301342 0.068152 0.041611
v 0.282540 0.060183 0.038904
v 0.281904 0.064014 0.033622
v 0.299554 0.077554 0.028884
v 0.280835 0.069090 0.026838
v 0.313615 0.084180 0.030518
v 0.314779 0.078618 0.037940
v 0.315466 0.074392 0.043701
v 0.298103 0.082717 0.021791
v 0.279460 0.073983 0.020115
v 0.296794 0.086707 0.016469
v 0.278222 0.077767 0.015071
v 0.310758 0.093637 0.017632
v 0.312111 0.089537 0.023160
v 0.289652 0.098252 0.023050
v 0.294283 0.091364 0.016681
v 0.275850 0.082173 0.015271
v 0.271459 0.088698 0.021307
v 0.283132 0.106738 0.031443
v 0.265277 0.096735 0.029260
v 0.296635 0.114335 0.033244
v 0.303423 0.105494 0.024516
v 0.308221 0.098330 0.017878
v 0.275654 0.114335 0.039570
v 0.258191 0.103933 0.036960
v 0.267104 0.121079 0.045701
v 0.250091 0.110322 0.042769
v 0.279942 0.129285 0.048069
v 0.288845 0.122255 0.041694
v 0.257369 0.127003 0.048109
v 0.240868 0.115935 0.045050
v 0.246952 0.131358 0.048515
v 0.230993 0.120077 0.045436
v 0.258989 0.139968 0.050993
v 0.269816 0.135450 0.050573
v 0.236356 0.133393 0.048639
v 0.220937 0.122057 0.045559
v 0.228158 0.134081 0.048771
v 0.213158 0.122742 0.045688
v 0.239476 0.142742 0.051230
v 0.247982 0.142058 0.051120
v 0.223553 0.134519 0.052592
v 0.224218 0.134486 0.050337
v 0.209456 0.123040 0.047163
v 0.208832 0.123054 0.049297
v 0.222894 0.134519 0.055402
v 0.208207 0.123054 0.051959
v 0.234160 0.143249 0.058012
v 0.234847 0.143249 0.055088
v 0.235506 0.143196 0.052751
v 0.222195 0.134519 0.058202
v 0.207546 0.123054 0.054613
v 0.221772 0.134485 0.060460
v 0.207139 0.123040 0.056751
v 0.232967 0.143195 0.063260
v 0.233434 0.143249 0.060927
v 0.233024 0.133336 0.063667
v 0.224938 0.134061 0.062469
v 0.210107 0.122728 0.058653
v 0.217780 0.122005 0.059788
v 0.243559 0.131220 0.064944
v 0.227779 0.119947 0.060999
v 0.255524 0.139828 0.067771
v 0.244585 0.142001 0.066444
v 0.236186 0.142720 0.065224
v 0.253906 0.126714 0.066010
v 0.237587 0.115660 0.062009
v 0.264303 0.119548 0.065477
v 0.247438 0.108870 0.061504
v 0.277077 0.127712 0.068324
v 0.266274 0.135154 0.068878
v 0.274991 0.109447 0.061960
v 0.257562 0.099301 0.058172
v 0.285034 0.096928 0.056670
v 0.267082 0.087441 0.053160
v 0.298591 0.104242 0.059175
v 0.288171 0.117232 0.064669
v 0.293499 0.082506 0.050822
v 0.275116 0.073777 0.047616
v 0.299315 0.070926 0.046043
v 0.280637 0.062807 0.043087
v 0.313395 0.077235 0.048167
v 0.307373 0.089272 0.053104
v 0.316178 0.079351 -0.063725
v 0.315006 0.083417 -0.060568
v 0.311450 0.076790 -0.062785
v 0.315252 0.081162 -0.065611
v 0.299553 0.104026 -0.088137
v 0.300938 0.102441 -0.086634
v 0.294852 0.101394 -0.087141
v 0.298945 0.106427 -0.085010
v 0.243928 0.145923 -0.019546
v 0.246944 0.145828 -0.021008
v 0.239787 0.142769 -0.019242
v 0.244288 0.146183 -0.018642
v 0.248755 0.146351 -0.009699
v 0.248277 0.146565 -0.010536
v 0.244669 0.143168 -0.009266
v 0.251793 0.146115 -0.010132
v 0.299792 0.044446 -0.138605
v 0.300886 0.044335 -0.136503
v 0.294719 0.043162 -0.136674
v 0.299801 0.046116 -0.138237
v 0.298430 0.065032 -0.131282
v 0.298651 0.063527 -0.132044
v 0.293348 0.063877 -0.129306
v 0.299046 0.065254 -0.130107
v 0.301964 0.095724 -0.090869
v 0.302322 0.093876 -0.092733
v 0.296845 0.094235 -0.089309
v 0.303262 0.094224 -0.089185
v 0.317588 0.070800 -0.067151
v 0.316729 0.072756 -0.068779
v 0.312431 0.069354 -0.065617
v 0.317586 0.068978 -0.069756
v 0.284582 -0.015456 -0.173568
v 0.285748 -0.015600 -0.171856
v 0.279703 -0.015418 -0.170878
v 0.284177 -0.013327 -0.174650
v 0.277284 0.013957 -0.185361
v 0.277932 0.011815 -0.184727
v 0.272394 0.014054 -0.182696
v 0.279261 0.014093 -0.182387
v 0.317826 -0.014843 -0.101067
v 0.317157 -0.012764 -0.103573
v 0.312684 -0.014569 -0.098948
v 0.317215 -0.017046 -0.102801
v 0.305182 -0.044802 -0.126227
v 0.306315 -0.042876 -0.124472
v 0.300080 -0.044442 -0.124048
v 0.304857 -0.042932 -0.127972
v 0.321052 -0.059361 -0.064033
v 0.321264 -0.057531 -0.065546
v 0.315791 -0.058141 -0.062640
v 0.320259 -0.061483 -0.065821
v 0.306221 -0.086453 -0.090163
v 0.307477 -0.084804 -0.088318
v 0.301029 -0.085120 -0.088660
v 0.306397 -0.084874 -0.091990
v 0.306535 -0.061104 -0.113800
v 0.306677 -0.063115 -0.112287
v 0.301336 -0.059831 -0.112237
v 0.307713 -0.059187 -0.112085
v 0.320248 -0.034043 -0.086210
v 0.319517 -0.035875 -0.088318
v 0.314996 -0.032886 -0.084765
v 0.320566 -0.035813 -0.084567
v 0.304751 -0.098011 -0.080743
v 0.303875 -0.100846 -0.077996
v 0.299998 -0.095432 -0.079850
v 0.306001 -0.096542 -0.079020
v 0.319291 -0.075550 -0.053433
v 0.318522 -0.077167 -0.055490
v 0.314515 -0.073038 -0.052605
v 0.317906 -0.079921 -0.051013
v 0.245706 -0.146189 -0.010334
v 0.248901 -0.146026 -0.010762
v 0.241599 -0.143027 -0.009904
v 0.245565 -0.146426 -0.011384
v 0.244735 -0.146194 -0.023375
v 0.244762 -0.146426 -0.022256
v 0.240616 -0.143035 -0.023075
v 0.247808 -0.146044 -0.024497
v 0.312096 -0.104019 0.009815
v 0.310541 -0.106421 0.012595
v 0.307319 -0.101388 0.009293
v 0.312942 -0.102435 0.011675
v 0.320266 -0.079345 0.038197
v 0.319976 -0.081156 0.036117
v 0.315481 -0.076785 0.037614
v 0.318167 -0.083412 0.040830
v 0.239344 -0.146345 0.068467
v 0.242365 -0.146108 0.069004
v 0.235327 -0.143162 0.067602
v 0.239151 -0.146560 0.067523
v 0.237833 -0.145917 0.057605
v 0.237893 -0.146178 0.058577
v 0.233804 -0.142764 0.056601
v 0.241155 -0.145823 0.057158
v 0.324502 -0.065026 -0.031524
v 0.324720 -0.065247 -0.030216
v 0.319057 -0.063870 -0.031234
v 0.324950 -0.063523 -0.032179
v 0.328083 -0.044439 -0.038056
v 0.327977 -0.046110 -0.037703
v 0.322661 -0.043156 -0.037805
v 0.328466 -0.044328 -0.035718
v 0.322675 -0.070795 0.035383
v 0.323487 -0.068971 0.032907
v 0.317297 -0.069349 0.035230
v 0.322368 -0.072750 0.033568
v 0.315240 -0.095717 0.007971
v 0.315946 -0.094219 0.009976
v 0.309890 -0.094230 0.007855
v 0.316161 -0.093869 0.006312
v 0.320678 -0.013953 -0.091706
v 0.321651 -0.014089 -0.088271
v 0.315207 -0.014048 -0.090664
v 0.321102 -0.011809 -0.090904
v 0.324022 0.015460 -0.078246
v 0.323967 0.013332 -0.079400
v 0.318554 0.015423 -0.077177
v 0.324609 0.015606 -0.076260
v 0.329161 0.044808 -0.026874
v 0.329385 0.042936 -0.028634
v 0.323637 0.044447 -0.026359
v 0.329703 0.042881 -0.024857
v 0.333507 0.014848 0.000947
v 0.333455 0.017052 -0.000890
v 0.327964 0.014574 0.001392
v 0.333637 0.012769 -0.001643
v 0.319124 0.086458 0.007780
v 0.319850 0.084879 0.006094
v 0.313721 0.085124 0.007624
v 0.319756 0.084810 0.009921
v 0.325256 0.059366 0.037193
v 0.325048 0.061489 0.035248
v 0.319822 0.058147 0.036910
v 0.325920 0.057535 0.035817
v 0.331271 0.034048 0.015832
v 0.331071 0.035818 0.017493
v 0.325828 0.032890 0.015602
v 0.331219 0.035881 0.013602
v 0.326650 0.061109 -0.014630
v 0.327247 0.059193 -0.012636
v 0.321221 0.059837 -0.014731
v 0.326322 0.063120 -0.013145
v 0.320338 0.075556 0.046747
v 0.318279 0.079926 0.048628
v 0.315537 0.073044 0.046075
v 0.320235 0.077173 0.044553
v 0.314844 0.098018 0.016299
v 0.315507 0.096547 0.018322
v 0.310045 0.095438 0.015696
v 0.313170 0.100851 0.018647
v 0.240162 0.146200 0.052571
v 0.243431 0.146050 0.052442
v 0.236149 0.143039 0.051597
v 0.239846 0.146433 0.053644
v 0.237099 0.146196 0.065284
v 0.237286 0.146432 0.064242
v 0.233057 0.143032 0.064438
v 0.240272 0.146031 0.065854
v 0.312445 0.085987 -0.070352
v 0.308540 0.092176 -0.076421
v 0.304319 0.098076 -0.082288
v 0.297190 0.112471 -0.076044
v 0.294366 0.119980 -0.064132
v 0.290547 0.126778 -0.052165
v 0.284771 0.133037 -0.041809
v 0.276073 0.138927 -0.034729
v 0.265760 0.143383 -0.029480
v 0.255135 0.145332 -0.024613
v 0.245167 0.146361 -0.016850
v 0.246293 0.146486 -0.014604
v 0.247393 0.146582 -0.012335
v 0.259610 0.145150 -0.011596
v 0.269712 0.142742 -0.013649
v 0.279602 0.138170 -0.015848
v 0.289058 0.131101 -0.020350
v 0.297857 0.121200 -0.029314
v 0.305453 0.108944 -0.040560
v 0.311300 0.094817 -0.051912
v 0.297490 0.070525 -0.060061
v 0.278912 0.062403 -0.056446
v 0.281451 0.094272 -0.083575
v 0.263700 0.084905 -0.078725
v 0.228419 0.134121 -0.018189
v 0.213438 0.122726 -0.016761
v 0.233156 0.134493 -0.008511
v 0.217930 0.123074 -0.007594
v 0.299655 0.050002 -0.136987
v 0.299381 0.054951 -0.135269
v 0.299008 0.059813 -0.133497
v 0.300229 0.065331 -0.127400
v 0.301725 0.065350 -0.123776
v 0.303282 0.065394 -0.119852
v 0.304387 0.067458 -0.115238
v 0.304532 0.073532 -0.109547
v 0.304017 0.081339 -0.103380
v 0.303143 0.088600 -0.097340
v 0.306451 0.089804 -0.084865
v 0.310432 0.083816 -0.079151
v 0.314101 0.077615 -0.073284
v 0.317110 0.064129 -0.076962
v 0.316147 0.057656 -0.086556
v 0.314687 0.050961 -0.096322
v 0.312624 0.045873 -0.105821
v 0.309851 0.044219 -0.114611
v 0.306684 0.044269 -0.122851
v 0.303440 0.044291 -0.130700
v 0.280402 0.040150 -0.130524
v 0.261462 0.036275 -0.122265
v 0.279073 0.060205 -0.123390
v 0.260202 0.055276 -0.115504
v 0.282441 0.089429 -0.084882
v 0.263394 0.082964 -0.079022
v 0.297485 0.065404 -0.062001
v 0.277644 0.060200 -0.057346
v 0.282968 -0.007876 -0.177016
v 0.281279 -0.000763 -0.179946
v 0.279432 0.006354 -0.182719
v 0.284466 0.014143 -0.173907
v 0.291137 0.014158 -0.162395
v 0.297512 0.014195 -0.150330
v 0.303194 0.012412 -0.138778
v 0.307788 0.006973 -0.128805
v 0.311590 -0.000245 -0.119636
v 0.314896 -0.007362 -0.110494
v 0.315160 -0.022708 -0.107562
v 0.312224 -0.030072 -0.113775
v 0.308968 -0.037379 -0.119867
v 0.303823 -0.037696 -0.132196
v 0.302278 -0.030628 -0.137693
v 0.300419 -0.023255 -0.143256
v 0.298062 -0.017601 -0.149063
v 0.295027 -0.015689 -0.155291
v 0.291669 -0.015660 -0.161554
v 0.288343 -0.015650 -0.167463
v 0.265958 -0.014762 -0.162940
v 0.247780 -0.013797 -0.152377
v 0.258894 0.013731 -0.174367
v 0.241089 0.013198 -0.163206
v 0.297737 -0.013865 -0.093631
v 0.277887 -0.012947 -0.086715
v 0.285574 -0.042699 -0.117861
v 0.266365 -0.040264 -0.109670
v 0.317793 -0.066749 -0.070790
v 0.314327 -0.073478 -0.077262
v 0.310534 -0.079989 -0.083561
v 0.306696 -0.080367 -0.096452
v 0.306917 -0.074298 -0.102219
v 0.306858 -0.068030 -0.107962
v 0.310544 -0.054211 -0.107120
v 0.314047 -0.047649 -0.100451
v 0.317244 -0.040973 -0.093625
v 0.320963 -0.040572 -0.080437
v 0.321281 -0.046775 -0.075054
v 0.321361 -0.052882 -0.069655
v 0.300637 -0.054738 -0.059289
v 0.280536 -0.050244 -0.054959
v 0.286398 -0.080765 -0.084391
v 0.267047 -0.074901 -0.078740
v 0.286691 -0.056353 -0.107150
v 0.267324 -0.051774 -0.100301
v 0.299872 -0.030358 -0.080647
v 0.279811 -0.027147 -0.075193
v 0.308988 -0.092522 -0.074106
v 0.312694 -0.087125 -0.067510
v 0.316098 -0.081515 -0.060744
v 0.313644 -0.092113 -0.044490
v 0.307076 -0.107209 -0.035941
v 0.298772 -0.120288 -0.027440
v 0.289248 -0.130842 -0.020499
v 0.279022 -0.138356 -0.016627
v 0.268317 -0.143095 -0.014366
v 0.257357 -0.145324 -0.012258
v 0.245393 -0.146504 -0.013767
v 0.245188 -0.146505 -0.016814
v 0.244945 -0.146504 -0.019857
v 0.255977 -0.145377 -0.027158
v 0.266561 -0.143230 -0.030698
v 0.276878 -0.138641 -0.034460
v 0.285885 -0.132377 -0.040016
v 0.292539 -0.125203 -0.048939
v 0.297483 -0.117115 -0.059525
v 0.301357 -0.108104 -0.070067
v 0.286386 -0.088547 -0.076602
v 0.268344 -0.079508 -0.072177
v 0.300416 -0.066929 -0.050300
v 0.281654 -0.059023 -0.047256
v 0.230155 -0.134383 -0.009167
v 0.215044 -0.122997 -0.008276
v 0.229204 -0.134387 -0.021928
v 0.214145 -0.122998 -0.020358
v 0.314797 -0.098071 0.016859
v 0.316974 -0.092169 0.023751
v 0.318789 -0.085982 0.030736
v 0.311943 -0.094811 0.047896
v 0.302843 -0.108939 0.056855
v 0.292115 -0.121193 0.065167
v 0.280958 -0.131095 0.070934
v 0.270569 -0.138165 0.072258
v 0.260487 -0.142736 0.071259
v 0.250249 -0.145145 0.070054
v 0.238873 -0.146575 0.065538
v 0.238537 -0.146480 0.063039
v 0.238169 -0.146356 0.060553
v 0.250062 -0.145326 0.056292
v 0.261675 -0.143376 0.054986
v 0.273112 -0.138921 0.053219
v 0.283586 -0.133030 0.049210
v 0.292307 -0.126772 0.041176
v 0.299672 -0.119975 0.031000
v 0.306075 -0.112466 0.020565
v 0.293474 -0.094266 0.008495
v 0.275096 -0.084900 0.007560
v 0.301368 -0.070518 0.035842
v 0.282591 -0.062399 0.033475
v 0.224154 -0.134487 0.064725
v 0.209403 -0.123068 0.060841
v 0.222676 -0.134116 0.054052
v 0.207999 -0.122721 0.050730
v 0.325742 -0.059808 -0.033448
v 0.326651 -0.054946 -0.035015
v 0.327447 -0.049995 -0.036561
v 0.329080 -0.044285 -0.029408
v 0.329711 -0.044263 -0.020938
v 0.330146 -0.044214 -0.012120
v 0.330036 -0.045867 -0.002904
v 0.329029 -0.050955 0.006764
v 0.327366 -0.057651 0.016498
v 0.325285 -0.064122 0.025912
v 0.321278 -0.077609 0.028467
v 0.319624 -0.083811 0.021748
v 0.317627 -0.089799 0.015076
v 0.318380 -0.088594 0.002192
v 0.321096 -0.081332 -0.003273
v 0.323511 -0.073525 -0.008971
v 0.325151 -0.067451 -0.014423
v 0.325542 -0.065389 -0.019150
v 0.325289 -0.065343 -0.023365
v 0.324998 -0.065325 -0.027275
v 0.303648 -0.060199 -0.030071
v 0.283258 -0.055270 -0.028473
v 0.307139 -0.040144 -0.036434
v 0.286567 -0.036268 -0.034502
v 0.301970 -0.065398 0.033997
v 0.281667 -0.060194 0.032224
v 0.294823 -0.089424 0.007562
v 0.274898 -0.082960 0.007181
v 0.321916 -0.006350 -0.088534
v 0.322827 0.000767 -0.085329
v 0.323539 0.007880 -0.082022
v 0.325736 0.015655 -0.071284
v 0.327096 0.015664 -0.064640
v 0.328379 0.015696 -0.057651
v 0.329364 0.017607 -0.050793
v 0.329832 0.023261 -0.044544
v 0.329902 0.030633 -0.038679
v 0.329692 0.037702 -0.032972
v 0.330822 0.037385 -0.019661
v 0.332059 0.030077 -0.012865
v 0.332955 0.022713 -0.006052
v 0.333600 0.007366 -0.008925
v 0.333247 0.000249 -0.018640
v 0.332431 -0.006967 -0.028532
v 0.331106 -0.012406 -0.039432
v 0.329227 -0.014190 -0.052168
v 0.326847 -0.014154 -0.065605
v 0.324015 -0.014137 -0.078605
v 0.299807 -0.013725 -0.086861
v 0.279442 -0.013193 -0.081678
v 0.303040 0.014768 -0.073821
v 0.282503 0.013803 -0.069322
v 0.307934 0.042703 -0.024903
v 0.287141 0.040269 -0.022977
v 0.312107 0.013871 0.001885
v 0.291093 0.012954 0.002401
v 0.321212 0.079994 0.015384
v 0.322897 0.073484 0.022541
v 0.324219 0.066754 0.029763
v 0.327269 0.052888 0.031934
v 0.328844 0.046780 0.026770
v 0.330187 0.040576 0.021548
v 0.330677 0.040978 0.007854
v 0.329720 0.047654 0.000377
v 0.328424 0.054216 -0.007044
v 0.325172 0.068035 -0.008972
v 0.323473 0.074301 -0.003486
v 0.321499 0.080371 0.001937
v 0.298486 0.080771 0.007215
v 0.278334 0.074906 0.006679
v 0.304368 0.054744 0.035468
v 0.283906 0.050248 0.033445
v 0.310169 0.030363 0.014899
v 0.289402 0.027152 0.013959
v 0.305723 0.056359 -0.014365
v 0.285189 0.051778 -0.013765
v 0.319533 0.081521 0.038810
v 0.318361 0.087130 0.031327
v 0.316849 0.092528 0.023915
v 0.308348 0.108110 0.025427
v 0.301436 0.117121 0.034280
v 0.293493 0.125210 0.042847
v 0.284429 0.132384 0.049308
v 0.274155 0.138647 0.051844
v 0.263182 0.143235 0.052272
v 0.252022 0.145382 0.052406
v 0.239286 0.146509 0.055985
v 0.238587 0.146510 0.058956
v 0.237851 0.146510 0.061920
v 0.248781 0.145329 0.067015
v 0.259860 0.143101 0.068359
v 0.270744 0.138362 0.069479
v 0.281665 0.130847 0.068919
v 0.292854 0.120294 0.065222
v 0.303359 0.107214 0.059667
v 0.312227 0.092118 0.053535
v 0.301408 0.066935 0.043960
v 0.282615 0.059028 0.041122
v 0.296092 0.088552 0.014627
v 0.277561 0.079513 0.013324
v 0.224932 0.134393 0.049200
v 0.210115 0.123004 0.046091
v 0.221936 0.134389 0.061641
v 0.207276 0.123001 0.057869
v 0.209825 0.125958 -0.209672
v 0.206776 0.117810 -0.222109
v 0.202430 0.119621 -0.224215
v 0.206133 0.126806 -0.212122
v 0.210404 0.133130 -0.197664
v 0.207324 0.133329 -0.200261
v 0.214234 0.132676 -0.194203
v 0.214459 0.124651 -0.206365
v 0.212267 0.115219 -0.219205
v 0.219025 0.123296 -0.202935
v 0.218000 0.132210 -0.190659
v 0.222469 0.122081 -0.200154
v 0.220839 0.131696 -0.187794
v 0.221771 0.110249 -0.213586
v 0.217684 0.112519 -0.216116
v 0.215072 0.100181 -0.228462
v 0.219662 0.096617 -0.226113
v 0.212536 0.090071 -0.237452
v 0.217459 0.085487 -0.235217
v 0.205984 0.095783 -0.240113
v 0.208976 0.104530 -0.231287
v 0.202784 0.108688 -0.233851
v 0.199314 0.101230 -0.242448
v 0.197901 0.111664 -0.235656
v 0.194091 0.105187 -0.244045
v 0.206983 0.139317 -0.187210
v 0.210272 0.139142 -0.184150
v 0.204314 0.139306 -0.189515
v 0.198975 0.143781 -0.179387
v 0.201355 0.143822 -0.177578
v 0.204258 0.143681 -0.175178
v 0.195309 0.145947 -0.168036
v 0.193177 0.145801 -0.169376
v 0.190464 0.146518 -0.160713
v 0.188538 0.146294 -0.161725
v 0.192795 0.146609 -0.159391
v 0.197879 0.145921 -0.166257
v 0.200431 0.145883 -0.164440
v 0.195118 0.146679 -0.158038
v 0.202398 0.145676 -0.162906
v 0.196934 0.146567 -0.156894
v 0.209320 0.143256 -0.170702
v 0.207130 0.143531 -0.172728
v 0.213510 0.138964 -0.181028
v 0.215962 0.138675 -0.178487
v 0.194026 0.055954 -0.265352
v 0.190188 0.060777 -0.266811
v 0.195163 0.067127 -0.261116
v 0.199935 0.062286 -0.259088
v 0.196948 0.052566 -0.263842
v 0.203588 0.059126 -0.257024
v 0.190006 0.047720 -0.270031
v 0.187866 0.051591 -0.270859
v 0.184997 0.056575 -0.271643
v 0.186417 0.066689 -0.267600
v 0.182103 0.061768 -0.272174
v 0.183439 0.071629 -0.267834
v 0.179754 0.065838 -0.272369
v 0.186872 0.079230 -0.262509
v 0.190503 0.073634 -0.262180
v 0.194376 0.081377 -0.256084
v 0.189994 0.086645 -0.256908
v 0.197175 0.087556 -0.251043
v 0.192209 0.092201 -0.252414
v 0.203491 0.081482 -0.248937
v 0.199968 0.074975 -0.254483
v 0.205561 0.069609 -0.252127
v 0.209672 0.075518 -0.246419
v 0.209794 0.065817 -0.249893
v 0.214293 0.070929 -0.244230
v 0.181485 0.050177 -0.275545
v 0.179541 0.055177 -0.275690
v 0.182898 0.046165 -0.275272
v 0.175801 0.046237 -0.279863
v 0.175092 0.050226 -0.279662
v 0.174053 0.055180 -0.279208
v 0.168895 0.050248 -0.283463
v 0.168892 0.046268 -0.284101
v 0.164098 0.050190 -0.286159
v 0.163584 0.046237 -0.287121
v 0.164650 0.055126 -0.284749
v 0.168763 0.055183 -0.282455
v 0.168589 0.060030 -0.281345
v 0.165164 0.059975 -0.283232
v 0.168346 0.063757 -0.280314
v 0.165484 0.063697 -0.281899
v 0.172002 0.063783 -0.278065
v 0.172964 0.060046 -0.278657
v 0.177544 0.060090 -0.275729
v 0.175873 0.063850 -0.275597
v 0.184260 -0.013740 -0.278472
v 0.176905 -0.005886 -0.283562
v 0.180483 -0.001894 -0.281241
v 0.188345 -0.009197 -0.275886
v 0.189811 -0.020252 -0.274241
v 0.194170 -0.014891 -0.271554
v 0.183985 -0.027400 -0.277433
v 0.178946 -0.020348 -0.281391
v 0.172360 -0.012126 -0.286074
v 0.173795 -0.028383 -0.283787
v 0.178046 -0.034877 -0.280288
v 0.169836 -0.035086 -0.285291
v 0.173391 -0.040712 -0.282240
v 0.165040 -0.027784 -0.289007
v 0.168180 -0.020520 -0.287948
v 0.162632 -0.013910 -0.291635
v 0.160061 -0.020590 -0.292488
v 0.156486 -0.009411 -0.295229
v 0.154518 -0.015219 -0.295877
v 0.158931 -0.002068 -0.294088
v 0.165986 -0.005941 -0.290111
v 0.169562 0.000589 -0.288110
v 0.161360 0.004919 -0.292694
v 0.163160 0.010197 -0.291382
v 0.172338 0.005091 -0.286243
v 0.133401 -0.007848 -0.306481
v 0.141142 -0.007857 -0.302967
v 0.141183 -0.013344 -0.302631
v 0.134566 -0.013330 -0.305656
v 0.127450 -0.007856 -0.308916
v 0.129486 -0.013329 -0.307765
v 0.124726 -0.000779 -0.310148
v 0.131775 -0.000785 -0.307275
v 0.140958 -0.000782 -0.303140
v 0.130115 0.006283 -0.307869
v 0.121990 0.006299 -0.311156
v 0.128728 0.011783 -0.308125
v 0.119802 0.011788 -0.311741
v 0.140407 0.011803 -0.302938
v 0.140706 0.006297 -0.303139
v 0.151431 0.006332 -0.297892
v 0.152201 0.011854 -0.297152
v 0.150299 -0.000778 -0.298587
v 0.149079 -0.007886 -0.299111
v 0.148029 -0.013390 -0.299314
v 0.199097 -0.073682 -0.255741
v 0.205857 -0.067134 -0.252748
v 0.208178 -0.071748 -0.249061
v 0.201409 -0.078268 -0.251960
v 0.193759 -0.078580 -0.257798
v 0.196084 -0.083125 -0.253967
v 0.190547 -0.072504 -0.262560
v 0.195877 -0.067578 -0.260411
v 0.202629 -0.061005 -0.257297
v 0.192454 -0.061304 -0.264903
v 0.187126 -0.066238 -0.267139
v 0.189646 -0.056351 -0.268178
v 0.184348 -0.061294 -0.270486
v 0.196396 -0.049787 -0.264872
v 0.199203 -0.054731 -0.261678
v 0.205797 -0.048021 -0.258138
v 0.202992 -0.043105 -0.261255
v 0.210702 -0.042769 -0.255189
v 0.207913 -0.037913 -0.258266
v 0.214125 -0.048983 -0.250994
v 0.209222 -0.054267 -0.253864
v 0.212456 -0.060392 -0.249431
v 0.217362 -0.055096 -0.246645
v 0.214783 -0.065014 -0.245833
v 0.219694 -0.059724 -0.243145
v 0.198645 -0.145996 -0.164527
v 0.206000 -0.143734 -0.172928
v 0.207910 -0.143558 -0.170603
v 0.200348 -0.145823 -0.162389
v 0.192836 -0.146641 -0.158034
v 0.194398 -0.146486 -0.156066
v 0.190800 -0.146645 -0.160446
v 0.196399 -0.146009 -0.167120
v 0.203472 -0.143764 -0.175764
v 0.194121 -0.146020 -0.169681
v 0.188738 -0.146646 -0.162831
v 0.192225 -0.145865 -0.171642
v 0.187036 -0.146497 -0.164679
v 0.198785 -0.143669 -0.180688
v 0.200904 -0.143795 -0.178560
v 0.207349 -0.139149 -0.187438
v 0.205001 -0.139056 -0.189744
v 0.211878 -0.132567 -0.197095
v 0.209156 -0.132698 -0.199511
v 0.215237 -0.132208 -0.193889
v 0.210218 -0.139083 -0.184395
v 0.213039 -0.139015 -0.181306
v 0.218542 -0.131837 -0.190619
v 0.215168 -0.138818 -0.178788
v 0.221035 -0.131402 -0.187963
v 0.209518 -0.104694 -0.230855
v 0.211707 -0.115202 -0.219950
v 0.207583 -0.116827 -0.222237
v 0.204746 -0.107402 -0.233095
v 0.207403 -0.096104 -0.238804
v 0.202198 -0.099732 -0.241027
v 0.214045 -0.091127 -0.235665
v 0.215562 -0.100913 -0.227739
v 0.216903 -0.112870 -0.216828
v 0.221504 -0.096990 -0.224389
v 0.220560 -0.085956 -0.232232
v 0.225972 -0.093776 -0.221646
v 0.225447 -0.081814 -0.229417
v 0.225886 -0.108421 -0.210869
v 0.222024 -0.110457 -0.213544
v 0.221287 -0.122196 -0.201826
v 0.224424 -0.121115 -0.199149
v 0.217130 -0.123385 -0.205123
v 0.212912 -0.124538 -0.208315
v 0.209535 -0.125272 -0.210693
v 0.275660 -0.100175 -0.149873
v 0.270750 -0.104524 -0.154461
v 0.270665 -0.095777 -0.163780
v 0.276058 -0.090067 -0.159206
v 0.279286 -0.096611 -0.146209
v 0.280037 -0.085482 -0.155546
v 0.277378 -0.110245 -0.133650
v 0.274286 -0.112514 -0.137330
v 0.270104 -0.115213 -0.141955
v 0.271444 -0.123291 -0.124389
v 0.273847 -0.122077 -0.120671
v 0.266636 -0.132205 -0.113047
v 0.268439 -0.131691 -0.109439
v 0.264165 -0.132671 -0.117590
v 0.268178 -0.124645 -0.129074
v 0.264808 -0.125954 -0.133662
v 0.261608 -0.133124 -0.122074
v 0.262066 -0.126799 -0.137142
v 0.259493 -0.133324 -0.125502
v 0.262324 -0.119615 -0.149787
v 0.265794 -0.117803 -0.146429
v 0.265669 -0.108682 -0.158830
v 0.261594 -0.111658 -0.162070
v 0.265057 -0.101225 -0.168081
v 0.260594 -0.105181 -0.171229
v 0.241758 -0.145876 -0.093625
v 0.250711 -0.143524 -0.099407
v 0.252158 -0.143250 -0.096799
v 0.243148 -0.145670 -0.091554
v 0.234711 -0.146673 -0.089203
v 0.236080 -0.146562 -0.087549
v 0.232928 -0.146603 -0.091214
v 0.239901 -0.145917 -0.096149
v 0.248748 -0.143675 -0.102632
v 0.238015 -0.145941 -0.098641
v 0.231126 -0.146513 -0.093197
v 0.236409 -0.145796 -0.100580
v 0.229612 -0.146289 -0.094760
v 0.245043 -0.143776 -0.108279
v 0.246739 -0.143817 -0.105818
v 0.255094 -0.139312 -0.113211
v 0.253278 -0.139300 -0.116234
v 0.257262 -0.139137 -0.109277
v 0.259364 -0.138958 -0.105300
v 0.260899 -0.138669 -0.102121
v 0.274014 -0.069603 -0.175326
v 0.270843 -0.062281 -0.183696
v 0.273669 -0.059120 -0.180594
v 0.277338 -0.065810 -0.171882
v 0.276137 -0.075513 -0.168620
v 0.279843 -0.070925 -0.165097
v 0.271052 -0.081477 -0.172942
v 0.269437 -0.074969 -0.179311
v 0.266943 -0.067121 -0.187113
v 0.264624 -0.081373 -0.182578
v 0.265709 -0.087551 -0.176915
v 0.260718 -0.086640 -0.184730
v 0.261419 -0.092196 -0.179768
v 0.259502 -0.079223 -0.191026
v 0.262848 -0.073627 -0.189579
v 0.260659 -0.066684 -0.196004
v 0.257903 -0.071623 -0.197156
v 0.257989 -0.061762 -0.201696
v 0.255818 -0.065833 -0.202615
v 0.260572 -0.056571 -0.200288
v 0.263995 -0.060772 -0.194076
v 0.267186 -0.055949 -0.191492
v 0.263052 -0.051584 -0.198647
v 0.264828 -0.047714 -0.197192
v 0.269490 -0.052561 -0.189145
v 0.248014 -0.060025 -0.214629
v 0.251331 -0.060041 -0.210709
v 0.250233 -0.063778 -0.210447
v 0.247461 -0.063752 -0.213725
v 0.245350 -0.059969 -0.217491
v 0.245238 -0.063692 -0.216124
v 0.245335 -0.055120 -0.219092
v 0.248526 -0.055176 -0.215629
v 0.252538 -0.055175 -0.210893
v 0.248966 -0.050241 -0.216545
v 0.245251 -0.050185 -0.220604
v 0.249163 -0.046263 -0.217152
v 0.245064 -0.046230 -0.221679
v 0.254403 -0.046231 -0.210969
v 0.253667 -0.050221 -0.210999
v 0.258454 -0.050171 -0.205091
v 0.259712 -0.046160 -0.204391
v 0.256653 -0.055171 -0.205836
v 0.254768 -0.060084 -0.206498
v 0.253139 -0.063846 -0.206894
v 0.249529 -0.000585 -0.222470
v 0.246737 0.005947 -0.225469
v 0.251571 0.012130 -0.219676
v 0.255131 0.005892 -0.215894
v 0.251602 -0.005087 -0.219843
v 0.257828 0.001900 -0.212591
v 0.244435 -0.010191 -0.227543
v 0.243122 -0.004914 -0.229342
v 0.241235 0.002072 -0.231412
v 0.244009 0.013914 -0.227944
v 0.239256 0.009417 -0.233245
v 0.241823 0.020594 -0.229543
v 0.237581 0.015225 -0.234464
v 0.245499 0.027788 -0.224706
v 0.248165 0.020526 -0.222738
v 0.252239 0.028389 -0.217060
v 0.248929 0.035090 -0.219702
v 0.255216 0.034882 -0.212428
v 0.251380 0.040717 -0.215710
v 0.259998 0.027404 -0.207895
v 0.256410 0.020353 -0.213204
v 0.260577 0.013745 -0.208800
v 0.264570 0.020258 -0.203074
v 0.263676 0.009203 -0.205088
v 0.267898 0.014895 -0.199183
v 0.235258 -0.006328 -0.237327
v 0.234392 0.000784 -0.238335
v 0.235764 -0.011850 -0.236387
v 0.226304 -0.011799 -0.245502
v 0.226650 -0.006292 -0.245601
v 0.226890 0.000786 -0.245525
v 0.218013 -0.006278 -0.253344
v 0.216770 -0.011777 -0.254011
v 0.211282 -0.006295 -0.258957
v 0.209377 -0.011784 -0.260183
v 0.213579 0.000785 -0.257161
v 0.219411 0.000789 -0.252270
v 0.220718 0.007852 -0.251017
v 0.215795 0.007860 -0.255155
v 0.221575 0.013335 -0.249875
v 0.217382 0.013333 -0.253436
v 0.226949 0.013350 -0.244972
v 0.227013 0.007861 -0.245304
v 0.233392 0.007890 -0.239206
v 0.232454 0.013394 -0.239721
v 0.274866 0.048025 -0.182855
v 0.276821 0.054271 -0.177739
v 0.280611 0.048989 -0.173507
v 0.278634 0.042774 -0.178547
v 0.273149 0.043111 -0.186680
v 0.276920 0.037917 -0.182330
v 0.267974 0.049791 -0.192141
v 0.269670 0.054735 -0.188242
v 0.271593 0.061008 -0.183023
v 0.264230 0.061309 -0.193376
v 0.262558 0.056355 -0.197353
v 0.259840 0.066243 -0.197134
v 0.258218 0.061299 -0.201169
v 0.261697 0.072509 -0.191728
v 0.266116 0.067583 -0.188052
v 0.267754 0.073687 -0.182622
v 0.263300 0.078585 -0.186212
v 0.268799 0.078272 -0.178315
v 0.264343 0.083131 -0.181854
v 0.274357 0.071752 -0.173485
v 0.273275 0.067137 -0.177705
v 0.278544 0.060398 -0.172529
v 0.279660 0.065019 -0.168392
v 0.282363 0.055101 -0.168376
v 0.283514 0.059729 -0.164331
v 0.254728 0.139155 -0.115065
v 0.256529 0.139088 -0.111291
v 0.264210 0.132213 -0.118796
v 0.261992 0.132572 -0.122875
v 0.253197 0.139061 -0.117979
v 0.260140 0.132702 -0.126008
v 0.244510 0.143675 -0.111258
v 0.245877 0.143802 -0.108584
v 0.247467 0.143771 -0.105136
v 0.236704 0.146024 -0.102204
v 0.235498 0.145870 -0.104650
v 0.229484 0.146651 -0.097328
v 0.228429 0.146502 -0.099608
v 0.230718 0.146649 -0.094426
v 0.238090 0.146013 -0.099069
v 0.239435 0.146002 -0.095913
v 0.231919 0.146647 -0.091507
v 0.240403 0.145828 -0.093356
v 0.232804 0.146491 -0.089155
v 0.250114 0.143563 -0.098865
v 0.249007 0.143738 -0.101663
v 0.258271 0.139020 -0.107487
v 0.259527 0.138822 -0.104439
v 0.266357 0.131844 -0.114672
v 0.267919 0.131407 -0.111381
v 0.272397 0.122201 -0.124503
v 0.269447 0.123391 -0.128913
v 0.274566 0.121122 -0.120996
v 0.279541 0.108426 -0.131707
v 0.276682 0.110464 -0.135435
v 0.272809 0.112874 -0.140127
v 0.279503 0.096995 -0.145919
v 0.282918 0.093781 -0.141941
v 0.281001 0.085961 -0.153675
v 0.284793 0.081819 -0.149501
v 0.275848 0.091132 -0.158936
v 0.274869 0.100918 -0.150926
v 0.270067 0.104699 -0.155740
v 0.270484 0.096109 -0.163955
v 0.266209 0.107407 -0.159332
v 0.266207 0.099736 -0.167664
v 0.265590 0.116832 -0.148127
v 0.268817 0.115206 -0.144689
v 0.266407 0.124543 -0.133242
v 0.263919 0.125278 -0.136538
v 0.198469 0.076479 -0.226720
v 0.203375 0.071968 -0.224574
v 0.190578 0.063773 -0.210660
v 0.185923 0.068045 -0.212689
v 0.192037 0.082391 -0.229214
v 0.179822 0.073644 -0.215052
v 0.201308 0.089210 -0.239788
v 0.207979 0.083074 -0.237198
v 0.213050 0.078364 -0.234983
v 0.185466 0.088034 -0.231379
v 0.173593 0.078995 -0.217104
v 0.180423 0.092347 -0.232797
v 0.168815 0.083084 -0.218450
v 0.189256 0.099501 -0.243516
v 0.194493 0.095063 -0.242034
v 0.183171 0.102394 -0.222335
v 0.179595 0.096668 -0.230205
v 0.168033 0.087172 -0.215998
v 0.171420 0.092596 -0.208539
v 0.187666 0.109444 -0.211661
v 0.175678 0.099272 -0.198423
v 0.196855 0.117163 -0.221593
v 0.192187 0.109813 -0.232702
v 0.188448 0.103856 -0.240881
v 0.191446 0.115808 -0.200406
v 0.179260 0.105301 -0.187759
v 0.192816 0.121680 -0.189277
v 0.180558 0.110864 -0.177215
v 0.202194 0.129928 -0.198291
v 0.200776 0.123803 -0.209874
v 0.190081 0.127256 -0.178983
v 0.177967 0.116147 -0.167464
v 0.185063 0.131490 -0.169161
v 0.173212 0.120175 -0.158152
v 0.194142 0.140121 -0.177391
v 0.199351 0.135728 -0.187590
v 0.179586 0.133338 -0.159446
v 0.168020 0.121976 -0.148927
v 0.175361 0.133861 -0.151998
v 0.164015 0.122507 -0.141860
v 0.184052 0.142530 -0.159605
v 0.188457 0.142018 -0.167314
v 0.176425 0.134368 -0.147108
v 0.174795 0.134248 -0.148109
v 0.163479 0.122797 -0.138218
v 0.165025 0.122890 -0.137274
v 0.178519 0.134472 -0.146025
v 0.167015 0.122985 -0.136242
v 0.187309 0.143217 -0.153557
v 0.185128 0.143103 -0.154684
v 0.183423 0.142956 -0.155695
v 0.180607 0.134549 -0.144907
v 0.168999 0.123063 -0.135180
v 0.182403 0.134568 -0.144095
v 0.170702 0.123100 -0.134408
v 0.191319 0.143302 -0.151530
v 0.189482 0.143301 -0.152392
v 0.191259 0.133113 -0.151278
v 0.185999 0.134088 -0.145851
v 0.174081 0.122717 -0.136051
v 0.179069 0.121760 -0.141201
v 0.197843 0.130828 -0.158461
v 0.185317 0.119548 -0.148018
v 0.207190 0.139447 -0.166462
v 0.200342 0.141799 -0.158992
v 0.194895 0.142779 -0.153339
v 0.204191 0.126490 -0.165647
v 0.191334 0.115420 -0.154829
v 0.208939 0.119752 -0.174390
v 0.195832 0.109037 -0.163112
v 0.218730 0.127946 -0.183024
v 0.213794 0.134944 -0.173937
v 0.210722 0.110268 -0.186243
v 0.197521 0.100053 -0.174341
v 0.210308 0.098526 -0.199198
v 0.197130 0.088930 -0.186618
v 0.220139 0.105929 -0.208778
v 0.220577 0.118109 -0.195331
v 0.208465 0.085013 -0.211248
v 0.195387 0.076128 -0.198045
v 0.206413 0.074192 -0.220098
v 0.193447 0.065877 -0.206437
v 0.216103 0.080655 -0.230444
v 0.218221 0.091907 -0.221282
v 0.150527 0.045584 -0.269070
v 0.150031 0.041844 -0.270126
v 0.139569 0.037878 -0.252328
v 0.140038 0.041423 -0.251325
v 0.151287 0.050307 -0.267585
v 0.140758 0.045899 -0.249917
v 0.159403 0.053673 -0.280875
v 0.158616 0.048771 -0.282415
v 0.158077 0.044895 -0.283509
v 0.151984 0.054949 -0.266013
v 0.141419 0.050295 -0.248427
v 0.152633 0.058561 -0.264667
v 0.142033 0.053719 -0.247152
v 0.160774 0.062225 -0.277850
v 0.160129 0.058491 -0.279241
v 0.156796 0.060864 -0.261547
v 0.154432 0.060698 -0.263016
v 0.143737 0.055742 -0.245590
v 0.145976 0.055899 -0.244197
v 0.159861 0.060864 -0.259670
v 0.148880 0.055899 -0.242418
v 0.168222 0.064467 -0.272751
v 0.165008 0.064463 -0.274721
v 0.162536 0.064315 -0.276235
v 0.163151 0.060864 -0.257599
v 0.151997 0.055899 -0.240456
v 0.166508 0.062784 -0.254724
v 0.155178 0.057718 -0.237732
v 0.175176 0.066486 -0.267576
v 0.171668 0.064478 -0.270578
v 0.169777 0.068545 -0.250434
v 0.158275 0.063176 -0.233668
v 0.172815 0.075946 -0.245408
v 0.161153 0.070187 -0.228907
v 0.181739 0.080173 -0.257891
v 0.178579 0.072477 -0.263115
v 0.175478 0.082784 -0.240329
v 0.163678 0.076667 -0.224095
v 0.177499 0.087723 -0.236365
v 0.165593 0.081349 -0.220340
v 0.186596 0.092449 -0.248468
v 0.184517 0.087295 -0.252597
v 0.185602 0.083911 -0.232124
v 0.180680 0.088094 -0.233780
v 0.168604 0.081698 -0.217892
v 0.173267 0.077732 -0.216322
v 0.191884 0.078187 -0.229941
v 0.179218 0.072310 -0.214253
v 0.201401 0.082534 -0.241925
v 0.194879 0.088473 -0.244191
v 0.189778 0.092825 -0.245882
v 0.198038 0.072238 -0.227454
v 0.185048 0.066675 -0.211897
v 0.202630 0.067498 -0.225526
v 0.189399 0.062185 -0.210071
v 0.212541 0.071470 -0.237326
v 0.207783 0.076364 -0.239347
v 0.198452 0.058646 -0.232122
v 0.202831 0.063327 -0.226899
v 0.189589 0.058233 -0.211371
v 0.185441 0.053799 -0.216320
v 0.192328 0.052507 -0.238969
v 0.179639 0.047982 -0.222807
v 0.201814 0.056057 -0.251272
v 0.208171 0.062440 -0.244158
v 0.212726 0.067288 -0.238715
v 0.185701 0.046060 -0.245718
v 0.173360 0.041874 -0.229200
v 0.178739 0.041112 -0.251946
v 0.166765 0.037187 -0.235100
v 0.187720 0.044265 -0.264724
v 0.194938 0.049379 -0.258272
v 0.171614 0.039465 -0.257232
v 0.160015 0.035628 -0.240108
v 0.164473 0.039471 -0.261877
v 0.153250 0.035631 -0.244509
v 0.172942 0.042590 -0.275006
v 0.180337 0.042573 -0.270199
v 0.157464 0.039475 -0.266183
v 0.146609 0.035637 -0.248589
v 0.152158 0.039646 -0.269309
v 0.141583 0.035798 -0.251552
v 0.160203 0.042742 -0.282683
v 0.165691 0.042599 -0.279459
v 0.115692 -0.007330 -0.289924
v 0.118064 -0.012591 -0.288777
v 0.109637 -0.011740 -0.269514
v 0.107389 -0.006756 -0.270599
v 0.112758 -0.000522 -0.291233
v 0.104609 -0.000305 -0.271841
v 0.119090 -0.000690 -0.305850
v 0.122140 -0.007752 -0.304489
v 0.124573 -0.013200 -0.303298
v 0.109747 0.006289 -0.292352
v 0.101757 0.006148 -0.272901
v 0.107525 0.011555 -0.293085
v 0.099652 0.011139 -0.273598
v 0.113649 0.011829 -0.307761
v 0.115972 0.006376 -0.307007
v 0.118920 0.014366 -0.288206
v 0.110078 0.014203 -0.291917
v 0.102069 0.013645 -0.272491
v 0.110447 0.013797 -0.268974
v 0.130649 0.014371 -0.283008
v 0.121558 0.013802 -0.264048
v 0.137552 0.014601 -0.297363
v 0.125406 0.014594 -0.302746
v 0.116243 0.014455 -0.306577
v 0.142427 0.014376 -0.277224
v 0.132717 0.013807 -0.258568
v 0.153364 0.012621 -0.271453
v 0.143079 0.012146 -0.253101
v 0.161095 0.012806 -0.285388
v 0.149757 0.014614 -0.291370
v 0.162571 0.007346 -0.266293
v 0.151800 0.007147 -0.248213
v 0.170689 0.000402 -0.261326
v 0.159491 0.000570 -0.243507
v 0.179055 0.000156 -0.274889
v 0.170637 0.007351 -0.280041
v 0.178360 -0.006356 -0.256134
v 0.166760 -0.005834 -0.238588
v 0.183954 -0.011566 -0.252137
v 0.172060 -0.010769 -0.234802
v 0.192838 -0.012265 -0.265324
v 0.187022 -0.006869 -0.269494
v 0.180174 -0.021799 -0.253991
v 0.184437 -0.016272 -0.251531
v 0.172516 -0.015227 -0.234227
v 0.168477 -0.020462 -0.236558
v 0.174404 -0.028847 -0.257153
v 0.163011 -0.027140 -0.239553
v 0.182929 -0.030007 -0.270557
v 0.188915 -0.022695 -0.267277
v 0.193339 -0.016987 -0.264706
v 0.168482 -0.035815 -0.260028
v 0.157400 -0.033741 -0.242277
v 0.163801 -0.041000 -0.262190
v 0.152966 -0.038654 -0.244325
v 0.171931 -0.042642 -0.275762
v 0.176778 -0.037242 -0.273542
v 0.156986 -0.036173 -0.267029
v 0.160200 -0.041044 -0.264390
v 0.149557 -0.038698 -0.246411
v 0.146512 -0.034081 -0.248910
v 0.152787 -0.029523 -0.270350
v 0.142532 -0.027780 -0.252056
v 0.160621 -0.030671 -0.284178
v 0.165001 -0.037598 -0.280714
v 0.168324 -0.042690 -0.277963
v 0.148271 -0.022540 -0.273579
v 0.138253 -0.021165 -0.255115
v 0.143250 -0.017177 -0.276716
v 0.133497 -0.016085 -0.258086
v 0.150694 -0.017830 -0.290800
v 0.155922 -0.023407 -0.287537
v 0.137536 -0.015391 -0.279759
v 0.128083 -0.014392 -0.260969
v 0.131579 -0.015391 -0.282635
v 0.122440 -0.014392 -0.263694
v 0.138505 -0.015956 -0.296981
v 0.144729 -0.015965 -0.293976
v 0.125833 -0.015391 -0.285268
v 0.116995 -0.014392 -0.266190
v 0.121401 -0.015233 -0.287245
v 0.112797 -0.014243 -0.268063
v 0.127893 -0.015820 -0.301773
v 0.132503 -0.015955 -0.299732
v 0.202004 -0.062155 -0.227738
v 0.206697 -0.057054 -0.225374
v 0.193068 -0.052437 -0.210019
v 0.188622 -0.057270 -0.212258
v 0.195725 -0.068547 -0.230777
v 0.182674 -0.063324 -0.215137
v 0.205540 -0.072391 -0.242719
v 0.212066 -0.065746 -0.239560
v 0.216938 -0.060470 -0.237082
v 0.189293 -0.074732 -0.233498
v 0.176580 -0.069184 -0.217716
v 0.184239 -0.079281 -0.235560
v 0.171792 -0.073496 -0.219669
v 0.193613 -0.083554 -0.247661
v 0.198853 -0.078819 -0.245548
v 0.178458 -0.075037 -0.241818
v 0.180842 -0.079309 -0.238196
v 0.168575 -0.073523 -0.222166
v 0.166316 -0.069475 -0.225598
v 0.175406 -0.069265 -0.246377
v 0.163424 -0.064005 -0.229916
v 0.184599 -0.073152 -0.258788
v 0.187772 -0.079151 -0.254051
v 0.190217 -0.083595 -0.250292
v 0.172148 -0.063305 -0.250762
v 0.160338 -0.058358 -0.234071
v 0.169670 -0.058540 -0.254021
v 0.157990 -0.053846 -0.237159
v 0.178619 -0.062032 -0.266724
v 0.181215 -0.066958 -0.263345
v 0.175618 -0.049272 -0.252315
v 0.170704 -0.054135 -0.254550
v 0.158970 -0.049671 -0.237660
v 0.163625 -0.045065 -0.235542
v 0.182038 -0.043035 -0.249142
v 0.169708 -0.039156 -0.232536
v 0.191450 -0.046128 -0.261625
v 0.184777 -0.052611 -0.264922
v 0.179661 -0.057629 -0.267246
v 0.188310 -0.036688 -0.245680
v 0.175650 -0.033143 -0.229256
v 0.193130 -0.031906 -0.242833
v 0.180216 -0.028612 -0.226559
v 0.202950 -0.034545 -0.255077
v 0.197969 -0.039533 -0.258026
v 0.199220 -0.036373 -0.237059
v 0.196547 -0.031898 -0.240114
v 0.183453 -0.028604 -0.223984
v 0.185985 -0.032844 -0.221090
v 0.202468 -0.042266 -0.233101
v 0.189062 -0.038427 -0.217339
v 0.212505 -0.045314 -0.245098
v 0.209129 -0.039187 -0.249213
v 0.206366 -0.034523 -0.252361
v 0.205544 -0.048066 -0.228996
v 0.191976 -0.043922 -0.213450
v 0.207745 -0.052610 -0.225827
v 0.194061 -0.048227 -0.210448
v 0.217996 -0.056031 -0.237526
v 0.215702 -0.051342 -0.240832
v 0.193633 -0.082712 -0.227701
v 0.188565 -0.086702 -0.229787
v 0.176469 -0.077761 -0.215625
v 0.181270 -0.073978 -0.213646
v 0.200214 -0.077550 -0.224682
v 0.187508 -0.069085 -0.210785
v 0.209836 -0.084176 -0.235065
v 0.203011 -0.089531 -0.238196
v 0.197750 -0.093632 -0.240369
v 0.206652 -0.072191 -0.221365
v 0.193614 -0.064008 -0.207641
v 0.211541 -0.068147 -0.218609
v 0.198252 -0.060179 -0.205035
v 0.221568 -0.074387 -0.228773
v 0.216513 -0.078613 -0.231621
v 0.214342 -0.082500 -0.206840
v 0.213920 -0.070921 -0.214356
v 0.200504 -0.062802 -0.201029
v 0.200898 -0.073772 -0.193899
v 0.214062 -0.096922 -0.196555
v 0.200627 -0.087435 -0.184141
v 0.224089 -0.104238 -0.206017
v 0.224376 -0.089267 -0.216689
v 0.223949 -0.077229 -0.224464
v 0.212399 -0.109443 -0.185327
v 0.199050 -0.099296 -0.173499
v 0.208926 -0.119542 -0.174625
v 0.195759 -0.108865 -0.163361
v 0.218767 -0.127707 -0.183251
v 0.222369 -0.117227 -0.194363
v 0.203216 -0.126710 -0.165919
v 0.190349 -0.115655 -0.155113
v 0.196245 -0.131215 -0.158199
v 0.183742 -0.119942 -0.147794
v 0.205592 -0.139822 -0.166186
v 0.212835 -0.135148 -0.174207
v 0.188993 -0.133332 -0.150452
v 0.176860 -0.122000 -0.140441
v 0.183251 -0.134055 -0.144634
v 0.171413 -0.122722 -0.134920
v 0.192117 -0.142714 -0.152085
v 0.198061 -0.141995 -0.158142
v 0.178188 -0.134512 -0.144940
v 0.179760 -0.134480 -0.143266
v 0.168125 -0.123035 -0.133647
v 0.166640 -0.123048 -0.135239
v 0.176341 -0.134513 -0.147158
v 0.164889 -0.123048 -0.137339
v 0.185100 -0.143244 -0.154708
v 0.187024 -0.143244 -0.152401
v 0.188631 -0.143189 -0.150646
v 0.174463 -0.134513 -0.149349
v 0.163110 -0.123048 -0.139416
v 0.173035 -0.134481 -0.151218
v 0.161756 -0.123035 -0.141180
v 0.181650 -0.143192 -0.158901
v 0.183147 -0.143244 -0.156989
v 0.178833 -0.133388 -0.162016
v 0.174098 -0.134075 -0.155322
v 0.162752 -0.122737 -0.145038
v 0.167242 -0.122051 -0.151391
v 0.184990 -0.131352 -0.170640
v 0.173081 -0.120072 -0.159579
v 0.194099 -0.139962 -0.178890
v 0.187702 -0.142054 -0.169932
v 0.182766 -0.142736 -0.163003
v 0.190815 -0.126998 -0.179286
v 0.178602 -0.115928 -0.167776
v 0.194621 -0.121075 -0.188564
v 0.182207 -0.110316 -0.176566
v 0.204114 -0.129279 -0.197526
v 0.200154 -0.135445 -0.187875
v 0.194722 -0.114331 -0.199085
v 0.182303 -0.103927 -0.186533
v 0.192580 -0.106733 -0.209919
v 0.180274 -0.096729 -0.196799
v 0.202008 -0.114330 -0.219753
v 0.204227 -0.122251 -0.208476
v 0.189658 -0.098248 -0.220137
v 0.177507 -0.088693 -0.206485
v 0.187253 -0.091359 -0.227635
v 0.175229 -0.082167 -0.213593
v 0.196451 -0.098325 -0.238177
v 0.198974 -0.105489 -0.230384
v 0.248445 -0.088027 -0.161890
v 0.244097 -0.092341 -0.164812
v 0.228589 -0.083078 -0.154807
v 0.232708 -0.078988 -0.152037
v 0.254011 -0.082386 -0.157782
v 0.237984 -0.073640 -0.148142
v 0.266121 -0.089205 -0.164931
v 0.260349 -0.095058 -0.169193
v 0.255836 -0.099496 -0.172236
v 0.259343 -0.076474 -0.153404
v 0.243043 -0.068040 -0.143992
v 0.263334 -0.071962 -0.149833
v 0.246831 -0.063767 -0.140611
v 0.275775 -0.078360 -0.156700
v 0.271650 -0.083068 -0.160388
v 0.264008 -0.085007 -0.135584
v 0.264822 -0.074186 -0.144632
v 0.248239 -0.065871 -0.135703
v 0.247461 -0.076123 -0.127125
v 0.261996 -0.098520 -0.123561
v 0.245548 -0.088924 -0.115726
v 0.274326 -0.105923 -0.129592
v 0.276410 -0.091901 -0.142070
v 0.277258 -0.080650 -0.151435
v 0.258343 -0.110263 -0.111125
v 0.242086 -0.100047 -0.103940
v 0.252948 -0.119747 -0.100421
v 0.236974 -0.109033 -0.093800
v 0.264946 -0.127941 -0.105566
v 0.270543 -0.118104 -0.116681
v 0.245708 -0.126485 -0.093598
v 0.230115 -0.115415 -0.087336
v 0.237433 -0.130823 -0.088754
v 0.222272 -0.119542 -0.082744
v 0.248811 -0.139442 -0.093436
v 0.257418 -0.134939 -0.098475
v 0.228935 -0.133108 -0.083986
v 0.214208 -0.121754 -0.078219
v 0.222243 -0.134081 -0.080473
v 0.207861 -0.122712 -0.074885
v 0.233032 -0.142773 -0.084808
v 0.239973 -0.141794 -0.088478
v 0.216826 -0.134545 -0.081260
v 0.218279 -0.134564 -0.079928
v 0.204137 -0.123095 -0.074379
v 0.202761 -0.123058 -0.075645
v 0.215192 -0.134466 -0.082974
v 0.201207 -0.122979 -0.077273
v 0.225894 -0.143211 -0.087384
v 0.227595 -0.143295 -0.085599
v 0.229071 -0.143296 -0.084207
v 0.213540 -0.134361 -0.084657
v 0.199640 -0.122886 -0.078874
v 0.212305 -0.134242 -0.086116
v 0.198466 -0.122792 -0.080254
v 0.222870 -0.142951 -0.090629
v 0.224174 -0.143099 -0.089136
v 0.220396 -0.133333 -0.095391
v 0.214057 -0.133855 -0.089635
v 0.200113 -0.122503 -0.083546
v 0.206124 -0.121972 -0.089010
v 0.228634 -0.131486 -0.102910
v 0.213937 -0.120171 -0.096152
v 0.239828 -0.140115 -0.107893
v 0.231281 -0.142012 -0.100095
v 0.224689 -0.142525 -0.094147
v 0.236468 -0.127251 -0.110674
v 0.221362 -0.116141 -0.103513
v 0.242281 -0.121676 -0.119598
v 0.226869 -0.110860 -0.111968
v 0.254004 -0.129921 -0.125233
v 0.247962 -0.135723 -0.115955
v 0.244454 -0.115802 -0.130598
v 0.228928 -0.105296 -0.122389
v 0.244378 -0.109438 -0.142472
v 0.228856 -0.099266 -0.133639
v 0.256209 -0.117157 -0.149037
v 0.256275 -0.123799 -0.136679
v 0.243441 -0.102390 -0.154016
v 0.227970 -0.092589 -0.144578
v 0.242502 -0.096663 -0.162609
v 0.227081 -0.087168 -0.152722
v 0.254246 -0.103851 -0.169986
v 0.255243 -0.109807 -0.161048
v 0.227452 -0.054942 -0.205248
v 0.227648 -0.058557 -0.203767
v 0.212109 -0.053713 -0.190438
v 0.211923 -0.050289 -0.191841
v 0.227281 -0.050302 -0.206960
v 0.211761 -0.045893 -0.193463
v 0.239141 -0.053668 -0.217051
v 0.239321 -0.058486 -0.215272
v 0.239499 -0.062219 -0.213749
v 0.227023 -0.045580 -0.208608
v 0.211517 -0.041417 -0.195026
v 0.226882 -0.041838 -0.209766
v 0.211385 -0.037872 -0.196125
v 0.238704 -0.044890 -0.219967
v 0.238874 -0.048764 -0.218759
v 0.232711 -0.039471 -0.203699
v 0.228647 -0.039640 -0.208326
v 0.213055 -0.035792 -0.194759
v 0.216905 -0.035632 -0.190375
v 0.238025 -0.039466 -0.197420
v 0.221939 -0.035627 -0.184425
v 0.250170 -0.042584 -0.207248
v 0.244672 -0.042593 -0.213742
v 0.240466 -0.042737 -0.218519
v 0.243358 -0.039461 -0.190777
v 0.226992 -0.035622 -0.178131
v 0.248476 -0.041107 -0.183530
v 0.231841 -0.037182 -0.171266
v 0.260999 -0.044260 -0.192865
v 0.255694 -0.042569 -0.200371
v 0.253145 -0.046056 -0.175439
v 0.236264 -0.041869 -0.163601
v 0.257334 -0.052503 -0.166959
v 0.240233 -0.047976 -0.155567
v 0.270187 -0.056052 -0.175684
v 0.265841 -0.049374 -0.184481
v 0.261013 -0.058641 -0.158542
v 0.243718 -0.053792 -0.147593
v 0.263542 -0.063323 -0.152212
v 0.246114 -0.058228 -0.141596
v 0.276633 -0.067281 -0.160347
v 0.274005 -0.062435 -0.166940
v 0.259163 -0.072232 -0.154236
v 0.262923 -0.067493 -0.150970
v 0.245527 -0.062178 -0.140420
v 0.241964 -0.066669 -0.143513
v 0.254093 -0.078183 -0.158520
v 0.237161 -0.072306 -0.147572
v 0.266876 -0.082527 -0.166934
v 0.272134 -0.076359 -0.162491
v 0.276023 -0.071464 -0.159085
v 0.248807 -0.083904 -0.162556
v 0.232154 -0.077727 -0.151396
v 0.244648 -0.088090 -0.165667
v 0.228214 -0.081692 -0.154344
v 0.257070 -0.092820 -0.174322
v 0.261388 -0.088468 -0.171122
v 0.241751 -0.082778 -0.173512
v 0.242433 -0.087718 -0.169116
v 0.226118 -0.081343 -0.157610
v 0.225471 -0.076663 -0.161775
v 0.240807 -0.075941 -0.179170
v 0.224575 -0.070182 -0.167135
v 0.253183 -0.080167 -0.188241
v 0.254169 -0.087290 -0.182345
v 0.254854 -0.092443 -0.177772
v 0.239490 -0.068540 -0.184892
v 0.223327 -0.063171 -0.172556
v 0.237725 -0.062779 -0.189989
v 0.221655 -0.057713 -0.177385
v 0.249972 -0.066480 -0.199491
v 0.251812 -0.072471 -0.194191
v 0.235433 -0.060858 -0.193769
v 0.219483 -0.055894 -0.180966
v 0.232954 -0.060858 -0.196763
v 0.217135 -0.055894 -0.183803
v 0.244982 -0.064462 -0.206579
v 0.247577 -0.064473 -0.203439
v 0.230629 -0.060857 -0.199504
v 0.214932 -0.055894 -0.186400
v 0.228842 -0.060693 -0.201637
v 0.213240 -0.055737 -0.188422
v 0.240668 -0.064309 -0.211664
v 0.242544 -0.064458 -0.209454
v 0.193876 -0.006285 -0.244796
v 0.191985 -0.011551 -0.246174
v 0.178530 -0.011133 -0.230027
v 0.180322 -0.006143 -0.228720
v 0.196401 0.000527 -0.242811
v 0.182713 0.000309 -0.226838
v 0.206898 0.000695 -0.254792
v 0.204283 -0.006370 -0.256846
v 0.202301 -0.011823 -0.258275
v 0.198794 0.007334 -0.240667
v 0.184981 0.006760 -0.224806
v 0.200702 0.012595 -0.238850
v 0.186789 0.011745 -0.223086
v 0.211339 0.013205 -0.250685
v 0.209386 0.007758 -0.252563
v 0.207026 0.015395 -0.233134
v 0.203411 0.015239 -0.236371
v 0.189354 0.014247 -0.220739
v 0.192779 0.014396 -0.217671
v 0.211692 0.015395 -0.228870
v 0.197199 0.014396 -0.213630
v 0.222673 0.015962 -0.240412
v 0.217799 0.015959 -0.244866
v 0.214033 0.015826 -0.248219
v 0.216484 0.015395 -0.224310
v 0.201739 0.014396 -0.209311
v 0.220994 0.017183 -0.219666
v 0.206012 0.016089 -0.204910
v 0.232388 0.017834 -0.230799
v 0.227680 0.015970 -0.235647
v 0.224816 0.022544 -0.215144
v 0.209632 0.021170 -0.200627
v 0.228128 0.029528 -0.210689
v 0.212771 0.027786 -0.196406
v 0.239815 0.030676 -0.221460
v 0.236368 0.023411 -0.226094
v 0.231111 0.036178 -0.206242
v 0.215598 0.034086 -0.192194
v 0.233364 0.041051 -0.202748
v 0.217734 0.038703 -0.188884
v 0.245249 0.042694 -0.213187
v 0.242926 0.037603 -0.216823
v 0.239915 0.035820 -0.196063
v 0.236120 0.041004 -0.199552
v 0.220342 0.038659 -0.185856
v 0.223937 0.033746 -0.182550
v 0.244675 0.028852 -0.191515
v 0.228446 0.027145 -0.178241
v 0.256890 0.030012 -0.201670
v 0.251946 0.037248 -0.206394
v 0.248010 0.042647 -0.209989
v 0.249202 0.021804 -0.186740
v 0.232736 0.020467 -0.173718
v 0.252509 0.016276 -0.183094
v 0.235869 0.015231 -0.170264
v 0.265013 0.016993 -0.192916
v 0.261587 0.022700 -0.196717
v 0.248130 0.006362 -0.189335
v 0.252234 0.011572 -0.183819
v 0.235610 0.010775 -0.170950
v 0.231721 0.005838 -0.176176
v 0.242413 -0.000396 -0.196625
v 0.226304 -0.000563 -0.183082
v 0.254526 -0.000152 -0.206980
v 0.260462 0.006873 -0.199407
v 0.264726 0.012269 -0.193658
v 0.236203 -0.007340 -0.203836
v 0.220420 -0.007141 -0.189914
v 0.229015 -0.012615 -0.211563
v 0.213610 -0.012140 -0.197234
v 0.240636 -0.012801 -0.222467
v 0.248086 -0.007345 -0.214459
v 0.220365 -0.014370 -0.220402
v 0.205416 -0.013803 -0.205608
v 0.210920 -0.014365 -0.229510
v 0.196468 -0.013797 -0.214237
v 0.221881 -0.014596 -0.241067
v 0.231670 -0.014608 -0.231629
v 0.201342 -0.014360 -0.238045
v 0.187394 -0.013792 -0.222324
v 0.194058 -0.014198 -0.244282
v 0.180493 -0.013641 -0.228234
v 0.204410 -0.014450 -0.256354
v 0.211963 -0.014588 -0.249905
v 0.251618 0.074736 -0.164441
v 0.247437 0.079286 -0.167949
v 0.230728 0.073501 -0.156625
v 0.234689 0.069189 -0.153302
v 0.256911 0.068551 -0.159883
v 0.239703 0.063329 -0.148983
v 0.269907 0.072395 -0.168253
v 0.264405 0.078824 -0.172991
v 0.260062 0.083560 -0.176605
v 0.261960 0.062161 -0.155070
v 0.244486 0.057274 -0.144423
v 0.265705 0.057058 -0.151385
v 0.248035 0.052441 -0.140932
v 0.279036 0.060474 -0.159401
v 0.275155 0.065752 -0.163250
v 0.265715 0.048071 -0.155186
v 0.266842 0.052614 -0.151496
v 0.249111 0.048231 -0.141037
v 0.248043 0.043926 -0.144533
v 0.264041 0.042272 -0.160035
v 0.246458 0.038432 -0.149126
v 0.277266 0.045318 -0.168389
v 0.279006 0.051347 -0.163349
v 0.280179 0.056035 -0.159501
v 0.262159 0.036377 -0.164796
v 0.244675 0.032849 -0.153638
v 0.260548 0.031903 -0.168522
v 0.243149 0.028609 -0.157168
v 0.273641 0.034529 -0.177181
v 0.275309 0.039192 -0.173339
v 0.254407 0.036694 -0.176340
v 0.258126 0.031909 -0.172155
v 0.240855 0.028616 -0.160609
v 0.237332 0.033149 -0.164573
v 0.249495 0.043040 -0.181554
v 0.232677 0.039161 -0.169513
v 0.262272 0.046134 -0.190562
v 0.267378 0.039538 -0.185142
v 0.271219 0.034549 -0.180811
v 0.244351 0.049278 -0.186538
v 0.227804 0.045071 -0.174235
v 0.240356 0.054139 -0.190169
v 0.224019 0.049676 -0.177674
v 0.252765 0.057634 -0.199518
v 0.256927 0.052617 -0.195741
v 0.240573 0.063309 -0.186120
v 0.239210 0.058545 -0.189981
v 0.222933 0.053850 -0.177497
v 0.224225 0.058364 -0.173839
v 0.242334 0.069269 -0.180949
v 0.225893 0.064009 -0.168940
v 0.254882 0.073157 -0.189955
v 0.253052 0.066964 -0.195329
v 0.251614 0.062037 -0.199339
v 0.243846 0.075043 -0.175676
v 0.227327 0.069480 -0.163944
v 0.245009 0.079315 -0.171497
v 0.228428 0.073527 -0.159985
v 0.257633 0.083599 -0.180148
v 0.256454 0.079156 -0.184475
v 0.264436 0.072196 -0.147581
v 0.268249 0.068152 -0.143462
v 0.251447 0.060183 -0.134601
v 0.247827 0.064014 -0.138501
v 0.259321 0.077554 -0.152708
v 0.242974 0.069090 -0.143360
v 0.271657 0.084180 -0.159651
v 0.276961 0.078618 -0.154331
v 0.280903 0.074391 -0.150074
v 0.253978 0.082717 -0.157594
v 0.237911 0.073983 -0.147992
v 0.249791 0.086707 -0.161129
v 0.233944 0.077767 -0.151345
v 0.261771 0.093637 -0.168397
v 0.266116 0.089537 -0.164720
v 0.247881 0.098252 -0.151608
v 0.247884 0.091364 -0.159482
v 0.232143 0.082173 -0.149789
v 0.232138 0.088698 -0.142325
v 0.247539 0.106738 -0.140985
v 0.231811 0.096735 -0.132256
v 0.259522 0.114335 -0.147466
v 0.259883 0.105494 -0.158516
v 0.259864 0.098330 -0.166707
v 0.246266 0.114335 -0.130015
v 0.230604 0.103932 -0.121862
v 0.242954 0.121079 -0.120029
v 0.227466 0.110322 -0.112401
v 0.254731 0.129285 -0.125659
v 0.258187 0.122255 -0.136050
v 0.236493 0.127003 -0.112359
v 0.221346 0.115935 -0.105135
v 0.228304 0.131358 -0.105908
v 0.213583 0.120077 -0.099018
v 0.239499 0.139968 -0.110978
v 0.248011 0.135450 -0.117682
v 0.219805 0.133392 -0.099579
v 0.205520 0.122057 -0.093008
v 0.213250 0.134081 -0.094654
v 0.199303 0.122742 -0.088331
v 0.223851 0.142742 -0.099317
v 0.230669 0.142058 -0.104405
v 0.211771 0.134519 -0.088856
v 0.210983 0.134486 -0.091071
v 0.197175 0.123040 -0.084963
v 0.197924 0.123054 -0.082869
v 0.212889 0.134519 -0.086195
v 0.198984 0.123054 -0.080348
v 0.223538 0.143249 -0.090705
v 0.222375 0.143249 -0.093475
v 0.221534 0.143196 -0.095753
v 0.213970 0.134519 -0.083519
v 0.200008 0.123054 -0.077812
v 0.214954 0.134485 -0.081444
v 0.200935 0.123040 -0.075843
v 0.225657 0.143195 -0.085759
v 0.224663 0.143249 -0.087921
v 0.225942 0.133336 -0.085463
v 0.218696 0.134061 -0.081679
v 0.204455 0.122728 -0.076049
v 0.211330 0.122005 -0.079641
v 0.235216 0.131220 -0.090621
v 0.220130 0.119947 -0.084538
v 0.246557 0.139828 -0.095368
v 0.236927 0.142001 -0.090012
v 0.229415 0.142720 -0.086062
v 0.244213 0.126714 -0.095841
v 0.228659 0.115660 -0.089486
v 0.252312 0.119548 -0.102384
v 0.236332 0.108870 -0.095685
v 0.264319 0.127712 -0.107588
v 0.255905 0.135154 -0.100791
v 0.258890 0.109447 -0.111511
v 0.242564 0.099301 -0.104332
v 0.263906 0.096928 -0.121694
v 0.247319 0.087441 -0.113982
v 0.276347 0.104242 -0.127636
v 0.271146 0.117232 -0.117066
v 0.267318 0.082506 -0.131401
v 0.250561 0.073777 -0.123190
v 0.269213 0.070926 -0.138686
v 0.252365 0.062807 -0.130098
v 0.281853 0.077235 -0.145243
v 0.279883 0.089272 -0.137710
v 0.218335 0.079351 -0.237402
v 0.219243 0.083418 -0.234159
v 0.215064 0.076790 -0.233863
v 0.216478 0.081162 -0.238384
v 0.190537 0.104026 -0.247380
v 0.192541 0.102441 -0.246978
v 0.187319 0.101394 -0.243811
v 0.191882 0.106427 -0.244493
v 0.185852 0.145923 -0.159193
v 0.187432 0.145828 -0.162149
v 0.182680 0.142769 -0.156513
v 0.186674 0.146184 -0.158673
v 0.195544 0.146351 -0.154064
v 0.194666 0.146565 -0.154460
v 0.192494 0.143168 -0.151312
v 0.197747 0.146115 -0.156200
v 0.161065 0.044446 -0.288350
v 0.163185 0.044334 -0.287292
v 0.158096 0.043162 -0.283806
v 0.161289 0.046115 -0.288058
v 0.164268 0.065032 -0.281625
v 0.163999 0.063527 -0.282371
v 0.161318 0.063877 -0.277039
v 0.165456 0.065254 -0.281036
v 0.190881 0.095724 -0.251008
v 0.190075 0.093876 -0.252726
v 0.187657 0.094235 -0.246736
v 0.192920 0.094224 -0.250408
v 0.217462 0.070800 -0.241002
v 0.215811 0.072756 -0.241814
v 0.214192 0.069354 -0.236730
v 0.215930 0.068978 -0.243109
v 0.128210 -0.015456 -0.307696
v 0.130159 -0.015601 -0.306996
v 0.125843 -0.015419 -0.302651
v 0.127246 -0.013328 -0.308332
v 0.115374 0.013957 -0.312946
v 0.116271 0.011815 -0.312815
v 0.112984 0.014054 -0.307916
v 0.118721 0.014093 -0.311703
v 0.197720 -0.014844 -0.268581
v 0.195706 -0.012765 -0.270216
v 0.194805 -0.014570 -0.263844
v 0.196206 -0.017046 -0.269624
v 0.172702 -0.044803 -0.281504
v 0.174649 -0.042877 -0.280750
v 0.169855 -0.044442 -0.276743
v 0.171413 -0.042932 -0.282724
v 0.222097 -0.059361 -0.240516
v 0.221379 -0.057531 -0.241865
v 0.218660 -0.058142 -0.236297
v 0.220405 -0.061483 -0.241497
v 0.194740 -0.086453 -0.252938
v 0.196841 -0.084804 -0.252184
v 0.191424 -0.085120 -0.248671
v 0.193808 -0.084874 -0.254520
v 0.181100 -0.061104 -0.272246
v 0.182105 -0.063115 -0.271105
v 0.177813 -0.059831 -0.267925
v 0.183062 -0.059187 -0.271550
v 0.208412 -0.034043 -0.257986
v 0.206581 -0.035876 -0.259261
v 0.205012 -0.032886 -0.253729
v 0.209634 -0.035813 -0.256843
v 0.199088 -0.098012 -0.244454
v 0.199993 -0.100846 -0.241716
v 0.195767 -0.095432 -0.240937
v 0.201112 -0.096542 -0.243794
v 0.226903 -0.075550 -0.230906
v 0.225072 -0.077168 -0.232118
v 0.223526 -0.073038 -0.227428
v 0.227205 -0.079921 -0.228134
v 0.192705 -0.146189 -0.152785
v 0.195038 -0.146026 -0.155009
v 0.189634 -0.143027 -0.150023
v 0.191973 -0.146426 -0.153552
v 0.184254 -0.146194 -0.162765
v 0.184933 -0.146426 -0.161876
v 0.181098 -0.143035 -0.160101
v 0.186080 -0.146044 -0.165479
v 0.258259 -0.104020 -0.175507
v 0.258636 -0.106421 -0.172344
v 0.254087 -0.101388 -0.173122
v 0.260037 -0.102437 -0.174500
v 0.281551 -0.079345 -0.157348
v 0.280094 -0.081156 -0.158860
v 0.277338 -0.076785 -0.155007
v 0.281401 -0.083412 -0.153984
v 0.233876 -0.146346 -0.085295
v 0.236636 -0.146108 -0.086635
v 0.230118 -0.143162 -0.083633
v 0.233165 -0.146560 -0.085945
v 0.226270 -0.145918 -0.093194
v 0.226889 -0.146178 -0.092443
v 0.222420 -0.142764 -0.091638
v 0.228694 -0.145823 -0.095508
v 0.243997 -0.065026 -0.216244
v 0.244942 -0.065249 -0.215313
v 0.239762 -0.063870 -0.212808
v 0.243975 -0.063523 -0.217037
v 0.243055 -0.044439 -0.223633
v 0.243176 -0.046110 -0.223285
v 0.238815 -0.043156 -0.220243
v 0.244739 -0.044330 -0.221966
v 0.281846 -0.070795 -0.161041
v 0.281048 -0.068972 -0.163521
v 0.277406 -0.069349 -0.158004
v 0.280531 -0.072750 -0.162328
v 0.259719 -0.095717 -0.178847
v 0.261469 -0.094219 -0.177640
v 0.255322 -0.094230 -0.175796
v 0.259489 -0.093870 -0.180731
v 0.205529 -0.013953 -0.262685
v 0.208336 -0.014089 -0.260477
v 0.201716 -0.014048 -0.258626
v 0.206343 -0.011809 -0.262285
v 0.216146 0.015460 -0.253761
v 0.215423 0.013332 -0.254661
v 0.212351 0.015423 -0.249681
v 0.217788 0.015606 -0.252498
v 0.250500 0.044808 -0.215220
v 0.249645 0.042936 -0.216776
v 0.246333 0.044446 -0.211557
v 0.252123 0.042881 -0.213907
v 0.270369 0.014848 -0.195266
v 0.269247 0.017052 -0.196723
v 0.266146 0.014574 -0.191648
v 0.268951 0.012769 -0.197439
v 0.262748 0.086458 -0.181285
v 0.262345 0.084879 -0.183076
v 0.258286 0.085124 -0.178236
v 0.264519 0.084810 -0.179924
v 0.284998 0.059366 -0.161093
v 0.283687 0.061489 -0.162545
v 0.280436 0.058147 -0.158128
v 0.284727 0.057535 -0.162597
v 0.277309 0.034048 -0.181911
v 0.278124 0.035818 -0.180449
v 0.272770 0.032890 -0.178897
v 0.275956 0.035881 -0.183684
v 0.255664 0.061109 -0.203838
v 0.257320 0.059193 -0.202576
v 0.251213 0.059837 -0.200730
v 0.256272 0.063121 -0.202445
v 0.286635 0.075556 -0.150473
v 0.286075 0.079926 -0.147741
v 0.282357 0.073044 -0.148195
v 0.285263 0.077173 -0.152187
v 0.264294 0.098018 -0.171877
v 0.266019 0.096547 -0.170630
v 0.260057 0.095438 -0.169544
v 0.264319 0.100851 -0.168993
v 0.225195 0.146200 -0.098635
v 0.227763 0.146050 -0.100661
v 0.221376 0.143039 -0.097064
v 0.225570 0.146433 -0.097581
v 0.230190 0.146196 -0.086550
v 0.229728 0.146432 -0.087503
v 0.226422 0.143032 -0.084859
v 0.233092 0.146031 -0.087954
v 0.211420 0.085987 -0.240570
v 0.204693 0.092176 -0.243184
v 0.197830 0.098075 -0.245450
v 0.195733 0.112471 -0.236208
v 0.200450 0.119980 -0.224910
v 0.204395 0.126778 -0.212984
v 0.205808 0.133037 -0.201211
v 0.202933 0.138927 -0.190371
v 0.197675 0.143383 -0.180062
v 0.191941 0.145332 -0.169880
v 0.188439 0.146362 -0.157740
v 0.190670 0.146486 -0.156585
v 0.192894 0.146582 -0.155396
v 0.203212 0.145150 -0.161980
v 0.210178 0.142742 -0.169578
v 0.216887 0.138170 -0.177170
v 0.221890 0.131101 -0.186371
v 0.223740 0.121199 -0.198794
v 0.223274 0.108944 -0.212357
v 0.221332 0.094817 -0.224978
v 0.205370 0.070525 -0.223453
v 0.192465 0.062404 -0.209609
v 0.178573 0.094272 -0.233049
v 0.167063 0.084906 -0.218691
v 0.174102 0.134121 -0.148979
v 0.162822 0.122726 -0.139018
v 0.183624 0.134493 -0.143934
v 0.171844 0.123074 -0.134242
v 0.161906 0.050002 -0.286960
v 0.162694 0.054951 -0.285409
v 0.163433 0.059813 -0.283756
v 0.168005 0.065332 -0.279541
v 0.171346 0.065350 -0.277489
v 0.174912 0.065394 -0.275229
v 0.178518 0.067458 -0.272147
v 0.181980 0.073532 -0.267627
v 0.185188 0.081339 -0.262336
v 0.188032 0.088600 -0.256935
v 0.198040 0.089804 -0.248788
v 0.204619 0.083816 -0.246504
v 0.211036 0.077615 -0.243914
v 0.211308 0.064129 -0.248659
v 0.204891 0.057655 -0.255854
v 0.197969 0.050961 -0.262898
v 0.190717 0.045873 -0.269369
v 0.183307 0.044219 -0.274851
v 0.175901 0.044269 -0.279656
v 0.168662 0.044291 -0.284099
v 0.150128 0.040150 -0.270415
v 0.139660 0.036274 -0.252600
v 0.153247 0.060205 -0.263862
v 0.142614 0.055276 -0.246390
v 0.178606 0.089429 -0.234688
v 0.166640 0.082964 -0.218752
v 0.204226 0.065404 -0.225020
v 0.190911 0.060200 -0.209592
v 0.124877 -0.007877 -0.309536
v 0.121788 -0.000763 -0.310914
v 0.118664 0.006354 -0.312072
v 0.127917 0.014142 -0.307901
v 0.140080 0.014158 -0.302510
v 0.152329 0.014194 -0.296495
v 0.163716 0.012412 -0.290489
v 0.173294 0.006973 -0.285122
v 0.181760 -0.000245 -0.279938
v 0.189808 -0.007362 -0.274486
v 0.191745 -0.022709 -0.272268
v 0.185717 -0.030072 -0.275569
v 0.179503 -0.037381 -0.278584
v 0.168094 -0.037698 -0.285534
v 0.163613 -0.030629 -0.289074
v 0.158838 -0.023255 -0.292481
v 0.153519 -0.017602 -0.295794
v 0.147403 -0.015690 -0.299049
v 0.141005 -0.015660 -0.302141
v 0.134841 -0.015650 -0.304967
v 0.119389 -0.014762 -0.288149
v 0.110892 -0.013797 -0.268920
v 0.106958 0.013731 -0.293242
v 0.099114 0.013198 -0.273747
v 0.185838 -0.013866 -0.250757
v 0.173845 -0.012947 -0.233495
v 0.161756 -0.042699 -0.263210
v 0.151030 -0.040265 -0.245293
v 0.215490 -0.066749 -0.244067
v 0.208881 -0.073478 -0.247266
v 0.202110 -0.079989 -0.250132
v 0.191428 -0.080367 -0.258306
v 0.188217 -0.074298 -0.263101
v 0.184793 -0.068030 -0.267712
v 0.188270 -0.054211 -0.269197
v 0.195024 -0.047649 -0.265862
v 0.201623 -0.040974 -0.262218
v 0.212384 -0.040572 -0.253735
v 0.215805 -0.046776 -0.249567
v 0.219043 -0.052882 -0.245246
v 0.208370 -0.054738 -0.224679
v 0.194653 -0.050244 -0.209360
v 0.182096 -0.080765 -0.236617
v 0.169762 -0.074902 -0.220671
v 0.168955 -0.056353 -0.255202
v 0.157313 -0.051774 -0.238277
v 0.195196 -0.030358 -0.241508
v 0.182174 -0.027147 -0.225304
v 0.206417 -0.092522 -0.241574
v 0.213292 -0.087125 -0.238417
v 0.220023 -0.081516 -0.234943
v 0.227591 -0.092113 -0.220352
v 0.227303 -0.107209 -0.209574
v 0.225581 -0.120288 -0.197816
v 0.221957 -0.130842 -0.186602
v 0.215959 -0.138356 -0.177459
v 0.208627 -0.143095 -0.169338
v 0.201000 -0.145324 -0.161191
v 0.190434 -0.146505 -0.155379
v 0.188477 -0.146505 -0.157723
v 0.186492 -0.146504 -0.160042
v 0.191125 -0.145377 -0.172433
v 0.197607 -0.143230 -0.181519
v 0.203742 -0.138641 -0.190626
v 0.207763 -0.132377 -0.200415
v 0.207902 -0.125203 -0.211546
v 0.205680 -0.117115 -0.223015
v 0.202617 -0.108105 -0.233821
v 0.186664 -0.088548 -0.230308
v 0.174669 -0.079509 -0.216124
v 0.213475 -0.066930 -0.217276
v 0.200086 -0.059024 -0.203786
v 0.180810 -0.134383 -0.142701
v 0.169108 -0.122997 -0.133098
v 0.172540 -0.134387 -0.152466
v 0.161280 -0.122998 -0.142344
v 0.264585 -0.098071 -0.171396
v 0.270397 -0.092169 -0.167100
v 0.275971 -0.085982 -0.162517
v 0.280519 -0.094811 -0.144609
v 0.278423 -0.108939 -0.132013
v 0.274629 -0.121194 -0.118983
v 0.268993 -0.131095 -0.107758
v 0.261366 -0.138165 -0.100581
v 0.252622 -0.142737 -0.095463
v 0.243632 -0.145145 -0.090420
v 0.231774 -0.146575 -0.087387
v 0.230033 -0.146480 -0.089211
v 0.228274 -0.146356 -0.091006
v 0.235391 -0.145326 -0.101445
v 0.244019 -0.143377 -0.109327
v 0.252233 -0.138922 -0.117479
v 0.258350 -0.133030 -0.126878
v 0.260683 -0.126772 -0.138504
v 0.260660 -0.119975 -0.151066
v 0.259707 -0.112466 -0.163271
v 0.242418 -0.094267 -0.165629
v 0.227000 -0.084901 -0.155584
v 0.264879 -0.070518 -0.148145
v 0.248296 -0.062399 -0.139023
v 0.219388 -0.134489 -0.079393
v 0.205171 -0.123068 -0.073865
v 0.211918 -0.134116 -0.087159
v 0.198092 -0.122721 -0.081220
v 0.243869 -0.059808 -0.218529
v 0.243683 -0.054946 -0.220331
v 0.243419 -0.049997 -0.222050
v 0.248944 -0.044286 -0.217222
v 0.254434 -0.044263 -0.210741
v 0.259969 -0.044214 -0.203863
v 0.265297 -0.045867 -0.196342
v 0.270165 -0.050955 -0.187929
v 0.274541 -0.057651 -0.179076
v 0.278391 -0.064123 -0.170236
v 0.276651 -0.077609 -0.165814
v 0.271364 -0.083811 -0.170279
v 0.265827 -0.089799 -0.174503
v 0.258862 -0.088594 -0.185368
v 0.257847 -0.081332 -0.191386
v 0.256452 -0.073525 -0.197415
v 0.254574 -0.067452 -0.202790
v 0.252111 -0.065389 -0.206844
v 0.249429 -0.065344 -0.210105
v 0.246896 -0.065325 -0.213098
v 0.227980 -0.060199 -0.202811
v 0.212423 -0.055270 -0.189533
v 0.227064 -0.040144 -0.210010
v 0.211556 -0.036268 -0.196355
v 0.264281 -0.065398 -0.149992
v 0.246814 -0.060194 -0.139493
v 0.242961 -0.089425 -0.167177
v 0.226618 -0.082960 -0.155774
v 0.208395 -0.006350 -0.260846
v 0.211016 0.000767 -0.258788
v 0.213536 0.007881 -0.256532
v 0.221625 0.015654 -0.249135
v 0.226631 0.015664 -0.244560
v 0.231776 0.015696 -0.239660
v 0.236604 0.017607 -0.234691
v 0.240656 0.023261 -0.229910
v 0.244160 0.030633 -0.225206
v 0.247345 0.037702 -0.220466
v 0.256083 0.037385 -0.210361
v 0.261078 0.030077 -0.205590
v 0.265808 0.022713 -0.200604
v 0.264641 0.007366 -0.203308
v 0.258645 0.000249 -0.210960
v 0.252170 -0.006967 -0.218484
v 0.244691 -0.012406 -0.226523
v 0.235685 -0.014190 -0.235723
v 0.225862 -0.014154 -0.245194
v 0.215929 -0.014137 -0.254046
v 0.191492 -0.013726 -0.246497
v 0.178063 -0.013194 -0.230334
v 0.201772 0.014768 -0.237847
v 0.187802 0.013802 -0.222137
v 0.234485 0.042703 -0.201149
v 0.218794 0.040269 -0.187369
v 0.253607 0.013871 -0.181929
v 0.236910 0.012954 -0.169160
v 0.268908 0.079994 -0.176360
v 0.274478 0.073484 -0.171560
v 0.279792 0.066754 -0.166495
v 0.283536 0.052888 -0.166531
v 0.281774 0.046780 -0.171635
v 0.279791 0.040576 -0.176649
v 0.272139 0.040978 -0.188016
v 0.266970 0.047654 -0.193503
v 0.261559 0.054216 -0.198744
v 0.257795 0.068035 -0.198393
v 0.259645 0.074301 -0.192955
v 0.261236 0.080372 -0.187408
v 0.245720 0.080771 -0.169611
v 0.229102 0.074906 -0.158199
v 0.267086 0.054744 -0.150211
v 0.249343 0.050248 -0.139820
v 0.259688 0.030363 -0.170262
v 0.242335 0.027151 -0.158816
v 0.238890 0.056359 -0.191324
v 0.222630 0.051778 -0.178769
v 0.281319 0.081521 -0.156421
v 0.275972 0.087130 -0.161786
v 0.270392 0.092528 -0.166894
v 0.264403 0.108110 -0.160674
v 0.264016 0.117121 -0.149449
v 0.262625 0.125210 -0.137850
v 0.259090 0.132384 -0.127294
v 0.252268 0.138647 -0.119204
v 0.243642 0.143235 -0.112408
v 0.234693 0.145382 -0.105740
v 0.226493 0.146509 -0.095358
v 0.227674 0.146510 -0.092544
v 0.228821 0.146510 -0.089713
v 0.240657 0.145329 -0.092016
v 0.250411 0.143101 -0.097441
v 0.259874 0.138362 -0.102932
v 0.268380 0.130847 -0.109804
v 0.275260 0.120294 -0.119372
v 0.280494 0.107214 -0.130041
v 0.284064 0.092118 -0.140214
v 0.269682 0.066935 -0.141602
v 0.252810 0.059028 -0.132851
v 0.248140 0.088552 -0.162207
v 0.232383 0.079513 -0.152370
v 0.210893 0.134393 -0.092411
v 0.197077 0.123004 -0.086216
v 0.215781 0.134389 -0.080585
v 0.201704 0.123001 -0.075019
v 0.046510 0.125958 -0.292963
v 0.036732 0.117808 -0.301232
v 0.031978 0.119621 -0.300382
v 0.042083 0.126805 -0.292775
v 0.054036 0.133129 -0.283588
v 0.050018 0.133329 -0.283879
v 0.059168 0.132676 -0.283040
v 0.052202 0.124651 -0.293012
v 0.042882 0.115219 -0.302111
v 0.057912 0.123296 -0.292921
v 0.064298 0.132209 -0.282386
v 0.062333 0.122081 -0.292695
v 0.068279 0.131695 -0.281738
v 0.053873 0.110249 -0.303152
v 0.049079 0.112519 -0.302796
v 0.039710 0.100181 -0.311248
v 0.044804 0.096617 -0.312046
v 0.032374 0.090071 -0.317031
v 0.037670 0.085487 -0.318116
v 0.025509 0.095783 -0.315333
v 0.033117 0.104529 -0.309951
v 0.026601 0.108688 -0.308385
v 0.018740 0.101230 -0.313301
v 0.021589 0.111664 -0.306976
v 0.013576 0.105186 -0.311523
v 0.057413 0.139317 -0.273121
v 0.061872 0.139142 -0.272578
v 0.053899 0.139305 -0.273417
v 0.055533 0.143781 -0.262084
v 0.058521 0.143822 -0.262020
v 0.062281 0.143680 -0.261785
v 0.059238 0.145947 -0.250746
v 0.056726 0.145801 -0.250578
v 0.059623 0.146517 -0.241974
v 0.057470 0.146294 -0.241661
v 0.062286 0.146609 -0.242275
v 0.062363 0.145921 -0.250818
v 0.065496 0.145882 -0.250848
v 0.064960 0.146678 -0.242546
v 0.067989 0.145676 -0.250763
v 0.067102 0.146567 -0.242688
v 0.069006 0.143256 -0.261139
v 0.066044 0.143531 -0.261490
v 0.066327 0.138963 -0.271956
v 0.069804 0.138675 -0.271341
v 0.001000 0.055954 -0.328723
v -0.002963 0.060777 -0.327647
v 0.004409 0.067126 -0.325964
v 0.009462 0.062286 -0.327128
v 0.004251 0.052566 -0.329218
v 0.013631 0.059124 -0.327606
v -0.005002 0.047719 -0.330145
v -0.007221 0.051590 -0.329557
v -0.010003 0.056575 -0.328505
v -0.006477 0.066689 -0.326069
v -0.012656 0.061768 -0.327233
v -0.009024 0.071629 -0.324508
v -0.014671 0.065838 -0.326010
v -0.003117 0.079229 -0.322218
v 0.000014 0.073633 -0.324086
v 0.006730 0.081377 -0.321430
v 0.002701 0.086645 -0.319522
v 0.011958 0.087556 -0.318998
v 0.007134 0.092201 -0.317187
v 0.018305 0.081482 -0.321006
v 0.012195 0.074974 -0.323422
v 0.018105 0.069608 -0.324803
v 0.024786 0.075518 -0.322602
v 0.022843 0.065816 -0.325484
v 0.029811 0.070929 -0.323547
v -0.015138 0.050177 -0.329597
v -0.016795 0.055177 -0.328572
v -0.013834 0.046165 -0.330207
v -0.022274 0.046237 -0.329750
v -0.022730 0.050226 -0.329171
v -0.023304 0.055180 -0.328193
v -0.029977 0.050247 -0.328603
v -0.030354 0.046268 -0.329118
v -0.035443 0.050190 -0.327964
v -0.036424 0.046236 -0.328441
v -0.034167 0.055126 -0.327148
v -0.029492 0.055182 -0.327710
v -0.028980 0.060030 -0.326710
v -0.032860 0.059975 -0.326223
v -0.028571 0.063757 -0.325733
v -0.031817 0.063697 -0.325333
v -0.024290 0.063783 -0.326062
v -0.023860 0.060046 -0.327106
v -0.018435 0.060089 -0.327430
v -0.019708 0.063850 -0.326341
v -0.014614 -0.013740 -0.333597
v -0.023555 -0.005886 -0.333391
v -0.019296 -0.001894 -0.333616
v -0.009788 -0.009198 -0.333905
v -0.007635 -0.020252 -0.333437
v -0.002529 -0.014891 -0.333825
v -0.014225 -0.027400 -0.332594
v -0.020628 -0.020349 -0.332835
v -0.028709 -0.012126 -0.332752
v -0.026203 -0.028384 -0.331746
v -0.020707 -0.034877 -0.331413
v -0.030291 -0.035086 -0.330635
v -0.025621 -0.040712 -0.330256
v -0.036354 -0.027784 -0.330823
v -0.033191 -0.020521 -0.331811
v -0.039847 -0.013910 -0.331533
v -0.042429 -0.020590 -0.330712
v -0.046932 -0.009412 -0.330828
v -0.048905 -0.015219 -0.330195
v -0.044284 -0.002068 -0.331342
v -0.036238 -0.005942 -0.332272
v -0.032169 0.000589 -0.332754
v -0.041499 0.004918 -0.331642
v -0.039272 0.010196 -0.331639
v -0.028826 0.005091 -0.332875
v -0.072222 -0.007849 -0.326362
v -0.063894 -0.007858 -0.328069
v -0.063663 -0.013345 -0.327821
v -0.070794 -0.013330 -0.326380
v -0.078468 -0.007856 -0.324834
v -0.076144 -0.013329 -0.325099
v -0.081396 -0.000781 -0.324230
v -0.074004 -0.000785 -0.326048
v -0.064145 -0.000782 -0.328101
v -0.075697 0.006283 -0.325554
v -0.084201 0.006298 -0.323438
v -0.076969 0.011782 -0.324945
v -0.086316 0.011787 -0.322625
v -0.064471 0.011803 -0.327613
v -0.064348 0.006297 -0.327952
v -0.052587 0.006332 -0.330012
v -0.051530 0.011854 -0.329865
v -0.053912 -0.000779 -0.329908
v -0.055206 -0.007887 -0.329615
v -0.056175 -0.013390 -0.329162
v 0.010751 -0.073683 -0.323928
v 0.017979 -0.067134 -0.325480
v 0.022024 -0.071748 -0.323861
v 0.014844 -0.078268 -0.322228
v 0.005224 -0.078580 -0.322454
v 0.009356 -0.083125 -0.320722
v -0.000174 -0.072504 -0.324419
v 0.005402 -0.067579 -0.325813
v 0.012694 -0.061005 -0.327263
v -0.000008 -0.061304 -0.327435
v -0.005633 -0.066238 -0.326112
v -0.004205 -0.056351 -0.328435
v -0.009848 -0.061295 -0.327187
v 0.003199 -0.049787 -0.329727
v 0.007347 -0.054731 -0.328793
v 0.014762 -0.048021 -0.329805
v 0.010662 -0.043106 -0.330678
v 0.020464 -0.042770 -0.330302
v 0.016400 -0.037913 -0.331152
v 0.025700 -0.048985 -0.328920
v 0.020046 -0.054267 -0.328361
v 0.025268 -0.060392 -0.326675
v 0.030874 -0.055098 -0.327304
v 0.029265 -0.065016 -0.325132
v 0.034819 -0.059725 -0.325844
v 0.063999 -0.145997 -0.249868
v 0.065012 -0.143734 -0.260988
v 0.067924 -0.143559 -0.260229
v 0.066634 -0.145823 -0.249140
v 0.063116 -0.146641 -0.241201
v 0.065537 -0.146487 -0.240526
v 0.060052 -0.146645 -0.241955
v 0.060658 -0.146009 -0.250646
v 0.061300 -0.143766 -0.261797
v 0.057310 -0.146020 -0.251379
v 0.056981 -0.146648 -0.242673
v 0.054624 -0.145865 -0.251851
v 0.054518 -0.146497 -0.243168
v 0.054614 -0.143670 -0.263026
v 0.057578 -0.143797 -0.262549
v 0.057575 -0.139150 -0.273519
v 0.054320 -0.139056 -0.274005
v 0.055562 -0.132568 -0.283994
v 0.051940 -0.132699 -0.284350
v 0.060164 -0.132208 -0.283376
v 0.061684 -0.139083 -0.272744
v 0.065783 -0.139015 -0.271903
v 0.064761 -0.131838 -0.282673
v 0.068985 -0.138818 -0.271117
v 0.068338 -0.131403 -0.281989
v 0.033810 -0.104695 -0.309920
v 0.041990 -0.115202 -0.302384
v 0.037310 -0.116827 -0.301811
v 0.028632 -0.107402 -0.308928
v 0.027426 -0.096105 -0.315107
v 0.021908 -0.099732 -0.313847
v 0.034645 -0.091127 -0.316473
v 0.040530 -0.100913 -0.310951
v 0.048029 -0.112870 -0.302912
v 0.047307 -0.096991 -0.311734
v 0.041933 -0.085956 -0.317524
v 0.052534 -0.093776 -0.312141
v 0.047542 -0.081814 -0.318119
v 0.058799 -0.108421 -0.303372
v 0.054103 -0.110457 -0.303266
v 0.060394 -0.122197 -0.293353
v 0.064505 -0.121117 -0.293031
v 0.055093 -0.123386 -0.293576
v 0.049804 -0.124538 -0.293679
v 0.045675 -0.125274 -0.293618
v 0.134919 -0.100176 -0.283282
v 0.128250 -0.104524 -0.284108
v 0.122703 -0.095778 -0.291596
v 0.129755 -0.090067 -0.291066
v 0.140007 -0.096612 -0.282448
v 0.135125 -0.085482 -0.290443
v 0.145845 -0.110245 -0.271167
v 0.141180 -0.112514 -0.272326
v 0.135078 -0.115213 -0.273610
v 0.146487 -0.123291 -0.260186
v 0.150617 -0.122077 -0.258591
v 0.149264 -0.132205 -0.248184
v 0.152844 -0.131691 -0.246325
v 0.144595 -0.132672 -0.250407
v 0.141091 -0.124645 -0.262056
v 0.135668 -0.125954 -0.263787
v 0.139890 -0.133125 -0.252531
v 0.131404 -0.126800 -0.264991
v 0.136164 -0.133325 -0.254062
v 0.124180 -0.119616 -0.275373
v 0.128962 -0.117803 -0.274696
v 0.121571 -0.108683 -0.284655
v 0.116370 -0.111659 -0.284882
v 0.115638 -0.101226 -0.291780
v 0.110177 -0.105182 -0.291703
v 0.140554 -0.145876 -0.217849
v 0.144398 -0.143525 -0.227788
v 0.147102 -0.143250 -0.226529
v 0.142895 -0.145671 -0.216990
v 0.137452 -0.146674 -0.210129
v 0.139531 -0.146563 -0.209596
v 0.134827 -0.146604 -0.210707
v 0.137568 -0.145917 -0.218799
v 0.140914 -0.143675 -0.229244
v 0.134577 -0.145941 -0.219707
v 0.132203 -0.146513 -0.211253
v 0.132138 -0.145797 -0.220331
v 0.130060 -0.146290 -0.211628
v 0.134597 -0.143776 -0.231635
v 0.137416 -0.143817 -0.230641
v 0.139830 -0.139312 -0.241533
v 0.136584 -0.139300 -0.242911
v 0.143897 -0.139137 -0.239625
v 0.147935 -0.138959 -0.237642
v 0.151045 -0.138670 -0.235973
v 0.118626 -0.069603 -0.302906
v 0.111142 -0.062281 -0.307813
v 0.115251 -0.059120 -0.306965
v 0.123340 -0.065811 -0.302073
v 0.124285 -0.075513 -0.298728
v 0.129355 -0.070925 -0.298056
v 0.117631 -0.081478 -0.299236
v 0.112581 -0.074969 -0.303439
v 0.105978 -0.067122 -0.308285
v 0.106767 -0.081373 -0.303253
v 0.110974 -0.087551 -0.299310
v 0.102343 -0.086640 -0.302698
v 0.105826 -0.092196 -0.299096
v 0.097658 -0.079225 -0.307077
v 0.101216 -0.073628 -0.307873
v 0.095669 -0.066684 -0.311785
v 0.092762 -0.071625 -0.311097
v 0.090163 -0.061763 -0.314820
v 0.087866 -0.065834 -0.314287
v 0.093080 -0.056571 -0.315200
v 0.099500 -0.060772 -0.312186
v 0.103600 -0.055949 -0.311971
v 0.096051 -0.051585 -0.315330
v 0.098343 -0.047714 -0.315196
v 0.106844 -0.052561 -0.311426
v 0.074491 -0.060026 -0.319420
v 0.079479 -0.060041 -0.318198
v 0.078744 -0.063778 -0.317341
v 0.074575 -0.063753 -0.318364
v 0.070653 -0.059970 -0.320170
v 0.071366 -0.063692 -0.318998
v 0.069701 -0.055121 -0.321456
v 0.074318 -0.055177 -0.320530
v 0.080347 -0.055175 -0.319056
v 0.074135 -0.050242 -0.321530
v 0.068744 -0.050185 -0.322630
v 0.073938 -0.046264 -0.322137
v 0.067961 -0.046231 -0.323389
v 0.081812 -0.046233 -0.320214
v 0.081198 -0.050221 -0.319806
v 0.088543 -0.050172 -0.317841
v 0.089973 -0.046161 -0.318013
v 0.086648 -0.055172 -0.317385
v 0.084734 -0.060086 -0.316811
v 0.083184 -0.063846 -0.316175
v 0.071108 -0.000585 -0.326654
v 0.067087 0.005947 -0.327439
v 0.074402 0.012130 -0.325594
v 0.079505 0.005891 -0.324627
v 0.074329 -0.005087 -0.325747
v 0.083628 0.001899 -0.323539
v 0.064005 -0.010191 -0.327764
v 0.061886 -0.004915 -0.328448
v 0.059142 0.002072 -0.329013
v 0.063424 0.013914 -0.327838
v 0.056464 0.009417 -0.329333
v 0.060716 0.020594 -0.327847
v 0.054392 0.015224 -0.329335
v 0.066533 0.027788 -0.326094
v 0.069847 0.020525 -0.326069
v 0.076480 0.028387 -0.323870
v 0.072249 0.035090 -0.324062
v 0.081612 0.034882 -0.321873
v 0.076579 0.040716 -0.322273
v 0.088144 0.027404 -0.321016
v 0.082121 0.020352 -0.323202
v 0.088081 0.013745 -0.322089
v 0.094676 0.020257 -0.319803
v 0.092770 0.009203 -0.320907
v 0.099657 0.014895 -0.318612
v 0.050830 -0.006328 -0.330285
v 0.049537 0.000784 -0.330592
v 0.051791 -0.011850 -0.329823
v 0.038781 -0.011799 -0.331636
v 0.039002 -0.006294 -0.331920
v 0.039241 0.000786 -0.332000
v 0.027464 -0.006278 -0.333107
v 0.026066 -0.011779 -0.332916
v 0.018719 -0.006295 -0.333692
v 0.016457 -0.011784 -0.333564
v 0.021633 0.000784 -0.333588
v 0.029226 0.000788 -0.333060
v 0.031020 0.007852 -0.332814
v 0.024605 0.007860 -0.333269
v 0.032384 0.013335 -0.332394
v 0.026899 0.013333 -0.332811
v 0.039614 0.013349 -0.331586
v 0.039470 0.007861 -0.331893
v 0.048215 0.007890 -0.330709
v 0.047154 0.013394 -0.330574
v 0.114890 0.048025 -0.309498
v 0.119479 0.054270 -0.306507
v 0.125033 0.048988 -0.305311
v 0.120471 0.042774 -0.308227
v 0.111253 0.043111 -0.311583
v 0.116861 0.037916 -0.310280
v 0.103856 0.049791 -0.312959
v 0.107521 0.054734 -0.310801
v 0.112143 0.061008 -0.307710
v 0.100102 0.061309 -0.311757
v 0.096411 0.056355 -0.313992
v 0.094342 0.066243 -0.312217
v 0.090657 0.061299 -0.314529
v 0.099022 0.072508 -0.308936
v 0.104757 0.067583 -0.308559
v 0.109274 0.073687 -0.305128
v 0.103561 0.078585 -0.305415
v 0.112651 0.078271 -0.302258
v 0.106965 0.083131 -0.302502
v 0.119987 0.071752 -0.301618
v 0.116631 0.067137 -0.304396
v 0.123935 0.060397 -0.303305
v 0.127270 0.065019 -0.300614
v 0.129466 0.055101 -0.302190
v 0.132775 0.059729 -0.299594
v 0.138444 0.139155 -0.242817
v 0.142120 0.139088 -0.240823
v 0.143923 0.132213 -0.251410
v 0.139730 0.132572 -0.253406
v 0.135493 0.139061 -0.244275
v 0.136390 0.132703 -0.254852
v 0.132416 0.143675 -0.233731
v 0.135093 0.143801 -0.232372
v 0.138406 0.143771 -0.230517
v 0.131422 0.146024 -0.221818
v 0.129009 0.145870 -0.223089
v 0.128447 0.146651 -0.213630
v 0.126253 0.146502 -0.214854
v 0.131151 0.146649 -0.212008
v 0.134386 0.146013 -0.220097
v 0.137329 0.146002 -0.218335
v 0.133838 0.146646 -0.210352
v 0.139616 0.145827 -0.216835
v 0.135937 0.146491 -0.208970
v 0.144234 0.143563 -0.227000
v 0.141693 0.143738 -0.228612
v 0.145765 0.139020 -0.238769
v 0.148573 0.138822 -0.237042
v 0.148084 0.131843 -0.249335
v 0.151281 0.131407 -0.247591
v 0.147191 0.122201 -0.260839
v 0.142213 0.123391 -0.262672
v 0.151007 0.121122 -0.259276
v 0.148736 0.108426 -0.270866
v 0.144232 0.110463 -0.272201
v 0.138341 0.112874 -0.273721
v 0.140352 0.096995 -0.282341
v 0.145453 0.093781 -0.281131
v 0.137005 0.085961 -0.289497
v 0.142527 0.081819 -0.288349
v 0.129744 0.091132 -0.290724
v 0.133660 0.100918 -0.283668
v 0.126946 0.104699 -0.284740
v 0.122454 0.096110 -0.291631
v 0.121713 0.107407 -0.285379
v 0.116815 0.099736 -0.292118
v 0.127799 0.116832 -0.275950
v 0.132430 0.115206 -0.275065
v 0.137209 0.124545 -0.264388
v 0.133258 0.125278 -0.265592
v 0.027301 0.076479 -0.300080
v 0.032532 0.071968 -0.301228
v 0.030357 0.063773 -0.282449
v 0.025399 0.068045 -0.281355
v 0.020632 0.082391 -0.298317
v 0.019074 0.073644 -0.279680
v 0.021917 0.089210 -0.312321
v 0.028837 0.083073 -0.314147
v 0.034241 0.078364 -0.315335
v 0.014043 0.088032 -0.296207
v 0.012828 0.078993 -0.277679
v 0.009130 0.092346 -0.294389
v 0.008172 0.083083 -0.275959
v 0.009976 0.099501 -0.308253
v 0.015084 0.095063 -0.310133
v 0.017502 0.102394 -0.287541
v 0.009984 0.096667 -0.291806
v 0.008980 0.087172 -0.273516
v 0.016105 0.092594 -0.269473
v 0.027412 0.109444 -0.281547
v 0.025496 0.099271 -0.263791
v 0.029010 0.117163 -0.294984
v 0.018703 0.109813 -0.301227
v 0.010871 0.103856 -0.305647
v 0.037087 0.115807 -0.274663
v 0.034662 0.105301 -0.257269
v 0.044737 0.121680 -0.266466
v 0.041909 0.110864 -0.249502
v 0.047025 0.129928 -0.279270
v 0.039070 0.123803 -0.287808
v 0.048574 0.127256 -0.256530
v 0.045544 0.116147 -0.240090
v 0.050288 0.131490 -0.245634
v 0.047171 0.120175 -0.229762
v 0.052795 0.140120 -0.257629
v 0.051015 0.135728 -0.268942
v 0.051567 0.133338 -0.234555
v 0.048393 0.121976 -0.219247
v 0.052527 0.133861 -0.226047
v 0.049307 0.122507 -0.211176
v 0.055087 0.142530 -0.237309
v 0.054120 0.142018 -0.246135
v 0.056262 0.134366 -0.222716
v 0.054355 0.134248 -0.222567
v 0.051014 0.122797 -0.207914
v 0.052820 0.122890 -0.208059
v 0.058593 0.134471 -0.223071
v 0.055036 0.122985 -0.208393
v 0.061277 0.143217 -0.234331
v 0.058850 0.143103 -0.233960
v 0.056876 0.142956 -0.233776
v 0.060939 0.134549 -0.223393
v 0.057265 0.123063 -0.208701
v 0.062869 0.134568 -0.223792
v 0.059097 0.123100 -0.209077
v 0.065713 0.143301 -0.235048
v 0.063720 0.143300 -0.234666
v 0.065812 0.133113 -0.234809
v 0.064746 0.134088 -0.227326
v 0.060865 0.122717 -0.212393
v 0.061874 0.121759 -0.219491
v 0.066917 0.130828 -0.244490
v 0.062921 0.119547 -0.228678
v 0.069775 0.139447 -0.256457
v 0.068626 0.141798 -0.246388
v 0.067542 0.142779 -0.238613
v 0.067828 0.126489 -0.254035
v 0.063785 0.115420 -0.237726
v 0.066531 0.119752 -0.263898
v 0.062556 0.109037 -0.247070
v 0.069377 0.127946 -0.276639
v 0.070724 0.134944 -0.266385
v 0.061006 0.110268 -0.274536
v 0.057322 0.100052 -0.257148
v 0.053056 0.098525 -0.284774
v 0.049789 0.088928 -0.266850
v 0.055379 0.105928 -0.298302
v 0.063637 0.118109 -0.287681
v 0.044483 0.085013 -0.293439
v 0.041663 0.076127 -0.275071
v 0.037620 0.074192 -0.299392
v 0.035161 0.065876 -0.280719
v 0.039379 0.080655 -0.313458
v 0.046477 0.091906 -0.307291
v -0.036377 0.045584 -0.306162
v -0.037399 0.041844 -0.306726
v -0.035401 0.037878 -0.286177
v -0.034432 0.041423 -0.285642
v -0.034890 0.050307 -0.305408
v -0.033023 0.045899 -0.284925
v -0.036135 0.053673 -0.320931
v -0.037677 0.048771 -0.321713
v -0.038756 0.044895 -0.322281
v -0.033401 0.054948 -0.304546
v -0.031612 0.050295 -0.284108
v -0.032085 0.058561 -0.303838
v -0.030366 0.053719 -0.283438
v -0.033248 0.062224 -0.319289
v -0.034587 0.058491 -0.320035
v -0.026884 0.060863 -0.303761
v -0.029660 0.060698 -0.303560
v -0.028069 0.055742 -0.283175
v -0.025439 0.055899 -0.283365
v -0.023301 0.060863 -0.304044
v -0.022044 0.055899 -0.283633
v -0.024225 0.064467 -0.319541
v -0.027983 0.064463 -0.319246
v -0.030873 0.064314 -0.319017
v -0.019422 0.060863 -0.304302
v -0.018369 0.055899 -0.283877
v -0.015016 0.062784 -0.303950
v -0.014195 0.057718 -0.283543
v -0.015558 0.066486 -0.319442
v -0.020161 0.064478 -0.319809
v -0.009849 0.068545 -0.302400
v -0.009300 0.063176 -0.282075
v -0.004438 0.075946 -0.300120
v -0.004173 0.070187 -0.279916
v -0.004555 0.080173 -0.315464
v -0.010183 0.072476 -0.317833
v 0.000702 0.082784 -0.297576
v 0.000698 0.076667 -0.277507
v 0.004667 0.087723 -0.295557
v 0.004454 0.081348 -0.275595
v 0.004912 0.092449 -0.310696
v 0.000804 0.087295 -0.312815
v 0.013716 0.083909 -0.296889
v 0.008760 0.088094 -0.295336
v 0.008329 0.081697 -0.275384
v 0.013024 0.077732 -0.276854
v 0.020081 0.078187 -0.298815
v 0.019055 0.072310 -0.278679
v 0.020736 0.082533 -0.314105
v 0.014128 0.088473 -0.312104
v 0.009007 0.092825 -0.310474
v 0.026522 0.072238 -0.300420
v 0.025157 0.066675 -0.280200
v 0.031370 0.067498 -0.301560
v 0.029750 0.062183 -0.281279
v 0.032452 0.071469 -0.316932
v 0.027414 0.076364 -0.315770
v 0.024112 0.058646 -0.304441
v 0.030725 0.063327 -0.302789
v 0.029139 0.058233 -0.282444
v 0.022874 0.053799 -0.284009
v 0.015134 0.052507 -0.306381
v 0.014368 0.047982 -0.285846
v 0.015576 0.056057 -0.321909
v 0.024901 0.062440 -0.319891
v 0.031785 0.067288 -0.318164
v 0.005805 0.046060 -0.307944
v 0.005530 0.041874 -0.287328
v -0.003488 0.041112 -0.308891
v -0.003274 0.037187 -0.288224
v -0.003733 0.044265 -0.324509
v 0.005899 0.049379 -0.323530
v -0.012359 0.039465 -0.308980
v -0.011678 0.035627 -0.288308
v -0.020867 0.039471 -0.308541
v -0.019738 0.035631 -0.287893
v -0.021733 0.042589 -0.324140
v -0.012924 0.042573 -0.324597
v -0.029068 0.039475 -0.307904
v -0.027508 0.035637 -0.287290
v -0.035198 0.039646 -0.307315
v -0.033316 0.035797 -0.286733
v -0.036551 0.042742 -0.322863
v -0.030216 0.042598 -0.323480
v -0.076817 -0.007330 -0.302558
v -0.074224 -0.012592 -0.303025
v -0.069719 -0.011740 -0.282487
v -0.072175 -0.006756 -0.282044
v -0.079960 -0.000522 -0.301893
v -0.075154 -0.000305 -0.281414
v -0.083429 -0.000690 -0.317440
v -0.080162 -0.007754 -0.318131
v -0.077493 -0.013200 -0.318598
v -0.083053 0.006289 -0.301028
v -0.078085 0.006148 -0.280596
v -0.085282 0.011555 -0.300316
v -0.080198 0.011138 -0.279922
v -0.088955 0.011828 -0.315788
v -0.086632 0.006375 -0.316543
v -0.073195 0.014364 -0.303066
v -0.082530 0.014203 -0.300871
v -0.077591 0.013645 -0.280448
v -0.068746 0.013797 -0.282526
v -0.060652 0.014370 -0.305754
v -0.056862 0.013802 -0.285072
v -0.063505 0.014600 -0.321426
v -0.076494 0.014592 -0.318641
v -0.086159 0.014455 -0.316354
v -0.047723 0.014375 -0.307998
v -0.044613 0.013807 -0.287198
v -0.035482 0.012621 -0.309758
v -0.033017 0.012144 -0.288865
v -0.037419 0.012805 -0.325576
v -0.050107 0.014614 -0.323751
v -0.025001 0.007344 -0.310995
v -0.023087 0.007147 -0.290037
v -0.015515 0.000401 -0.311748
v -0.014100 0.000569 -0.290751
v -0.016718 0.000156 -0.327638
v -0.026556 0.007351 -0.326858
v -0.006256 -0.006357 -0.312056
v -0.005328 -0.005834 -0.291043
v 0.000619 -0.011567 -0.312111
v 0.001186 -0.010770 -0.291095
v 0.000055 -0.012265 -0.328002
v -0.007102 -0.006869 -0.327957
v -0.003530 -0.021799 -0.311390
v 0.001366 -0.016272 -0.311904
v 0.001892 -0.015227 -0.290899
v -0.002745 -0.020462 -0.290411
v -0.010056 -0.028848 -0.310556
v -0.008928 -0.027141 -0.289621
v -0.011038 -0.030007 -0.326411
v -0.004267 -0.022695 -0.327276
v 0.000824 -0.016989 -0.327796
v -0.016537 -0.035816 -0.309401
v -0.015068 -0.033741 -0.288527
v -0.021594 -0.041000 -0.308398
v -0.019859 -0.038654 -0.287577
v -0.022995 -0.042643 -0.324157
v -0.017769 -0.037244 -0.325211
v -0.029951 -0.036173 -0.308308
v -0.025801 -0.041044 -0.308062
v -0.023843 -0.038699 -0.287260
v -0.027776 -0.034081 -0.287493
v -0.035302 -0.029524 -0.308526
v -0.032845 -0.027780 -0.287698
v -0.037091 -0.030671 -0.324318
v -0.031512 -0.037598 -0.324090
v -0.027206 -0.042690 -0.323818
v -0.040853 -0.022541 -0.308485
v -0.038104 -0.021166 -0.287658
v -0.046758 -0.017178 -0.308071
v -0.043699 -0.016085 -0.287266
v -0.049015 -0.017831 -0.323841
v -0.042867 -0.023407 -0.324273
v -0.053170 -0.015391 -0.307174
v -0.049773 -0.014392 -0.286417
v -0.059679 -0.015391 -0.305999
v -0.055940 -0.014392 -0.285304
v -0.062509 -0.015958 -0.321677
v -0.055707 -0.015965 -0.322904
v -0.065876 -0.015391 -0.304752
v -0.061812 -0.014392 -0.284123
v -0.070624 -0.015233 -0.303746
v -0.066310 -0.014244 -0.283171
v -0.073911 -0.015821 -0.319316
v -0.068981 -0.015955 -0.320375
v 0.029563 -0.062155 -0.302981
v 0.034749 -0.057055 -0.303827
v 0.032749 -0.052438 -0.283394
v 0.027836 -0.057271 -0.282592
v 0.022697 -0.068547 -0.301749
v 0.021331 -0.063326 -0.281425
v 0.023618 -0.072391 -0.317179
v 0.030755 -0.065746 -0.318460
v 0.036152 -0.060471 -0.319319
v 0.015893 -0.074733 -0.300170
v 0.014885 -0.069186 -0.279930
v 0.010593 -0.079282 -0.298867
v 0.009864 -0.073496 -0.278696
v 0.011064 -0.083556 -0.314167
v 0.016545 -0.078819 -0.315538
v 0.002238 -0.075037 -0.300533
v 0.006296 -0.079310 -0.299003
v 0.005794 -0.073523 -0.278825
v 0.001949 -0.069475 -0.280273
v -0.002911 -0.069265 -0.302427
v -0.002929 -0.064005 -0.282067
v -0.002769 -0.073153 -0.317872
v 0.002582 -0.079151 -0.315903
v 0.006771 -0.083595 -0.314300
v -0.008124 -0.063305 -0.304060
v -0.007868 -0.058358 -0.283614
v -0.012045 -0.058540 -0.305240
v -0.011582 -0.053846 -0.284732
v -0.012271 -0.062033 -0.320776
v -0.008185 -0.066959 -0.319569
v -0.006230 -0.049274 -0.307355
v -0.011519 -0.054135 -0.306276
v -0.011084 -0.049672 -0.285714
v -0.006074 -0.045065 -0.286736
v 0.000829 -0.043036 -0.308563
v 0.000614 -0.039156 -0.287880
v 0.001106 -0.046129 -0.324194
v -0.006230 -0.052612 -0.322939
v -0.011735 -0.057630 -0.321811
v 0.007939 -0.036688 -0.309447
v 0.007350 -0.033144 -0.288719
v 0.013511 -0.031906 -0.309977
v 0.012629 -0.028612 -0.289221
v 0.014259 -0.034545 -0.325655
v 0.008495 -0.039533 -0.325113
v 0.021832 -0.036373 -0.308886
v 0.017874 -0.031898 -0.309786
v 0.016761 -0.028605 -0.289040
v 0.020511 -0.032845 -0.288187
v 0.026786 -0.042267 -0.307593
v 0.025205 -0.038428 -0.286961
v 0.027854 -0.045314 -0.323199
v 0.022704 -0.039188 -0.324543
v 0.018619 -0.034524 -0.325466
v 0.031687 -0.048066 -0.306080
v 0.029848 -0.043922 -0.285528
v 0.035330 -0.052610 -0.304810
v 0.033299 -0.048227 -0.284325
v 0.036747 -0.056031 -0.320300
v 0.032949 -0.051342 -0.321626
v 0.022813 -0.082712 -0.298031
v 0.017486 -0.086702 -0.296740
v 0.016024 -0.077761 -0.278173
v 0.021072 -0.073978 -0.279394
v 0.029910 -0.077550 -0.299457
v 0.027800 -0.069085 -0.280745
v 0.031592 -0.084177 -0.313513
v 0.024230 -0.089532 -0.312034
v 0.018697 -0.093633 -0.310700
v 0.037069 -0.072191 -0.300557
v 0.034588 -0.064009 -0.281791
v 0.042644 -0.068148 -0.301202
v 0.039872 -0.060179 -0.282409
v 0.044782 -0.074388 -0.315318
v 0.039018 -0.078614 -0.314652
v 0.051828 -0.082500 -0.293327
v 0.047068 -0.070921 -0.299159
v 0.044049 -0.062802 -0.280491
v 0.048558 -0.073773 -0.274955
v 0.057647 -0.096924 -0.284841
v 0.054074 -0.087437 -0.266901
v 0.060198 -0.104239 -0.298390
v 0.054157 -0.089267 -0.307192
v 0.049241 -0.077229 -0.313232
v 0.062901 -0.109443 -0.274780
v 0.059053 -0.099296 -0.257365
v 0.066382 -0.119543 -0.264081
v 0.062351 -0.108866 -0.247229
v 0.069273 -0.127707 -0.276844
v 0.065656 -0.117227 -0.287951
v 0.066879 -0.126710 -0.253681
v 0.062822 -0.115656 -0.237377
v 0.065778 -0.131216 -0.243338
v 0.061778 -0.119942 -0.227572
v 0.068645 -0.139822 -0.255294
v 0.069789 -0.135149 -0.266040
v 0.064464 -0.133332 -0.232808
v 0.060533 -0.122001 -0.217577
v 0.063238 -0.134056 -0.224726
v 0.059371 -0.122723 -0.209909
v 0.066032 -0.142715 -0.235965
v 0.067280 -0.141996 -0.244359
v 0.058962 -0.134514 -0.221998
v 0.061218 -0.134481 -0.221567
v 0.057459 -0.123036 -0.206947
v 0.055322 -0.123049 -0.207361
v 0.056165 -0.134514 -0.222706
v 0.052671 -0.123049 -0.208032
v 0.058813 -0.143244 -0.233964
v 0.061726 -0.143244 -0.233227
v 0.064057 -0.143190 -0.232752
v 0.053357 -0.134514 -0.223375
v 0.050011 -0.123049 -0.208666
v 0.051104 -0.134482 -0.224048
v 0.047879 -0.123036 -0.209297
v 0.053557 -0.143192 -0.235328
v 0.055892 -0.143244 -0.234661
v 0.049448 -0.133388 -0.236191
v 0.049552 -0.134076 -0.227993
v 0.046417 -0.122737 -0.213004
v 0.046315 -0.122051 -0.220783
v 0.049360 -0.131352 -0.246788
v 0.046227 -0.120072 -0.230840
v 0.051880 -0.139963 -0.258816
v 0.051969 -0.142054 -0.247809
v 0.052049 -0.142737 -0.239302
v 0.048990 -0.126999 -0.257206
v 0.045874 -0.115928 -0.240716
v 0.046616 -0.121075 -0.266950
v 0.043625 -0.110317 -0.249947
v 0.049028 -0.129280 -0.279779
v 0.051496 -0.135445 -0.269644
v 0.040514 -0.114331 -0.275520
v 0.037844 -0.103927 -0.258066
v 0.032413 -0.106733 -0.283026
v 0.030169 -0.096731 -0.265179
v 0.034260 -0.114330 -0.296524
v 0.042683 -0.122251 -0.288704
v 0.024042 -0.098248 -0.289576
v 0.022236 -0.088693 -0.271389
v 0.017690 -0.091359 -0.294228
v 0.016215 -0.082169 -0.275801
v 0.018934 -0.098325 -0.308162
v 0.025556 -0.105489 -0.303341
v 0.105838 -0.088029 -0.277007
v 0.100603 -0.092341 -0.276815
v 0.093938 -0.083080 -0.259606
v 0.098899 -0.078990 -0.259786
v 0.112756 -0.082386 -0.276955
v 0.105456 -0.073640 -0.259736
v 0.118351 -0.089205 -0.289857
v 0.111176 -0.095059 -0.289912
v 0.105736 -0.099496 -0.289721
v 0.119643 -0.076474 -0.276546
v 0.111988 -0.068040 -0.259352
v 0.124971 -0.071962 -0.276003
v 0.117040 -0.063767 -0.258843
v 0.130999 -0.078360 -0.288872
v 0.125494 -0.083068 -0.289430
v 0.133891 -0.085008 -0.264873
v 0.129231 -0.074187 -0.272671
v 0.121063 -0.065871 -0.255700
v 0.125476 -0.076123 -0.248303
v 0.139330 -0.098520 -0.253963
v 0.130629 -0.088924 -0.237956
v 0.145761 -0.105923 -0.266090
v 0.140112 -0.091901 -0.277409
v 0.135294 -0.080650 -0.285484
v 0.143685 -0.110263 -0.241754
v 0.134756 -0.100047 -0.226386
v 0.145612 -0.119747 -0.229924
v 0.136581 -0.109033 -0.215179
v 0.152294 -0.127942 -0.241138
v 0.150289 -0.118104 -0.253421
v 0.143765 -0.126485 -0.220148
v 0.134831 -0.115415 -0.205918
v 0.139918 -0.130823 -0.211366
v 0.131184 -0.119542 -0.197592
v 0.146371 -0.139442 -0.221841
v 0.150373 -0.134939 -0.230977
v 0.135845 -0.133108 -0.202513
v 0.127320 -0.121754 -0.189191
v 0.132496 -0.134081 -0.195738
v 0.124146 -0.122712 -0.182763
v 0.138677 -0.142775 -0.205587
v 0.142134 -0.141794 -0.212635
v 0.127651 -0.134545 -0.193190
v 0.129609 -0.134564 -0.192967
v 0.121430 -0.123095 -0.180165
v 0.119573 -0.123058 -0.180380
v 0.125322 -0.134466 -0.193617
v 0.117359 -0.122980 -0.180784
v 0.131388 -0.143213 -0.203475
v 0.133813 -0.143296 -0.203031
v 0.135826 -0.143297 -0.202772
v 0.122996 -0.134361 -0.194008
v 0.115150 -0.122886 -0.181158
v 0.121139 -0.134242 -0.194462
v 0.113389 -0.122792 -0.181585
v 0.127034 -0.142951 -0.204323
v 0.128966 -0.143099 -0.203881
v 0.122234 -0.133333 -0.206721
v 0.120489 -0.133856 -0.198338
v 0.112786 -0.122503 -0.185216
v 0.114438 -0.121972 -0.193170
v 0.124478 -0.131486 -0.217646
v 0.116561 -0.120171 -0.203540
v 0.130606 -0.140115 -0.228257
v 0.128275 -0.142013 -0.216924
v 0.126437 -0.142525 -0.208238
v 0.126253 -0.127252 -0.228532
v 0.118241 -0.116142 -0.213860
v 0.125710 -0.121676 -0.239168
v 0.117726 -0.110860 -0.223937
v 0.131882 -0.129923 -0.250618
v 0.132447 -0.135723 -0.239561
v 0.121002 -0.115802 -0.249345
v 0.113266 -0.105296 -0.233578
v 0.113961 -0.109439 -0.258906
v 0.106596 -0.099266 -0.242637
v 0.119675 -0.117158 -0.271172
v 0.126991 -0.123799 -0.261213
v 0.106418 -0.102390 -0.267695
v 0.099449 -0.092589 -0.250966
v 0.100608 -0.096663 -0.274095
v 0.093943 -0.087168 -0.257032
v 0.105773 -0.103851 -0.286966
v 0.111833 -0.109808 -0.280321
v 0.063370 -0.054943 -0.299745
v 0.064399 -0.058557 -0.298662
v 0.059662 -0.053715 -0.278745
v 0.058687 -0.050289 -0.279771
v 0.062225 -0.050303 -0.301029
v 0.057603 -0.045893 -0.280988
v 0.065889 -0.053669 -0.316164
v 0.067080 -0.058486 -0.314831
v 0.068119 -0.062220 -0.313703
v 0.061048 -0.045580 -0.302210
v 0.056487 -0.041417 -0.282109
v 0.060253 -0.041840 -0.303065
v 0.055734 -0.037873 -0.282920
v 0.063821 -0.044891 -0.318266
v 0.064669 -0.048766 -0.317389
v 0.068535 -0.039471 -0.301583
v 0.062528 -0.039641 -0.302937
v 0.057888 -0.035793 -0.282797
v 0.063580 -0.035632 -0.281513
v 0.076525 -0.039466 -0.299626
v 0.071149 -0.035627 -0.279658
v 0.080574 -0.042584 -0.314716
v 0.072309 -0.042593 -0.316738
v 0.066098 -0.042737 -0.318131
v 0.084744 -0.039461 -0.297387
v 0.078936 -0.035622 -0.277536
v 0.093144 -0.041107 -0.294532
v 0.086894 -0.037182 -0.274832
v 0.097788 -0.044261 -0.309445
v 0.089085 -0.042569 -0.312400
v 0.101677 -0.046056 -0.290731
v 0.094978 -0.041870 -0.271231
v 0.110051 -0.052503 -0.286332
v 0.102911 -0.047978 -0.267064
v 0.115320 -0.056052 -0.300946
v 0.106634 -0.049374 -0.305508
v 0.117974 -0.058641 -0.281685
v 0.110418 -0.053794 -0.262662
v 0.123741 -0.063323 -0.278051
v 0.115881 -0.058228 -0.259218
v 0.129549 -0.067283 -0.292327
v 0.123549 -0.062435 -0.296116
v 0.119008 -0.072233 -0.277114
v 0.123970 -0.067493 -0.276682
v 0.116097 -0.062178 -0.257922
v 0.111397 -0.066669 -0.258330
v 0.112388 -0.078183 -0.277600
v 0.105125 -0.072306 -0.258791
v 0.117785 -0.082527 -0.291921
v 0.124649 -0.076359 -0.291417
v 0.129798 -0.071464 -0.290947
v 0.105740 -0.083904 -0.277758
v 0.098826 -0.077727 -0.258941
v 0.100547 -0.088090 -0.277830
v 0.093907 -0.081692 -0.259010
v 0.105509 -0.092821 -0.292134
v 0.110883 -0.088468 -0.292083
v 0.093592 -0.082778 -0.282475
v 0.096727 -0.087718 -0.279319
v 0.090291 -0.081345 -0.260421
v 0.087320 -0.076663 -0.263410
v 0.089503 -0.075941 -0.286496
v 0.083445 -0.070182 -0.267219
v 0.094183 -0.080168 -0.301110
v 0.098446 -0.087290 -0.296919
v 0.101688 -0.092443 -0.293623
v 0.085074 -0.068540 -0.290352
v 0.079249 -0.063171 -0.270872
v 0.080650 -0.062779 -0.293438
v 0.075057 -0.057713 -0.273795
v 0.084973 -0.066481 -0.308324
v 0.089577 -0.072471 -0.305118
v 0.076574 -0.060858 -0.295149
v 0.071196 -0.055894 -0.275416
v 0.072809 -0.060858 -0.296114
v 0.067629 -0.055894 -0.276331
v 0.076770 -0.064463 -0.311125
v 0.080715 -0.064473 -0.310110
v 0.069316 -0.060858 -0.296965
v 0.064320 -0.055894 -0.277137
v 0.066617 -0.060694 -0.297641
v 0.061762 -0.055737 -0.277778
v 0.070291 -0.064310 -0.312704
v 0.073107 -0.064458 -0.312018
v 0.012961 -0.006285 -0.312004
v 0.010620 -0.011551 -0.312007
v 0.009227 -0.011135 -0.291036
v 0.011444 -0.006145 -0.291032
v 0.016170 0.000527 -0.311882
v 0.014485 0.000309 -0.290915
v 0.017621 0.000695 -0.327745
v 0.014297 -0.006371 -0.327870
v 0.011854 -0.011824 -0.327862
v 0.019367 0.007333 -0.311554
v 0.017514 0.006759 -0.290604
v 0.021978 0.012595 -0.311206
v 0.019988 0.011745 -0.290274
v 0.023627 0.013205 -0.327033
v 0.020943 0.007757 -0.327405
v 0.030454 0.015394 -0.310299
v 0.025627 0.015238 -0.310793
v 0.023443 0.014247 -0.289883
v 0.028016 0.014396 -0.289415
v 0.036736 0.015394 -0.309592
v 0.033968 0.014396 -0.288744
v 0.038835 0.015961 -0.325384
v 0.032274 0.015959 -0.326123
v 0.027256 0.015826 -0.326622
v 0.043292 0.015394 -0.308720
v 0.040180 0.014396 -0.287918
v 0.049671 0.017183 -0.307613
v 0.046223 0.016089 -0.286870
v 0.052344 0.017834 -0.323318
v 0.045686 0.015970 -0.324472
v 0.055420 0.022544 -0.306201
v 0.051670 0.021170 -0.285532
v 0.060719 0.029528 -0.304544
v 0.056690 0.027785 -0.283962
v 0.063843 0.030676 -0.320127
v 0.058330 0.023411 -0.321850
v 0.065746 0.036176 -0.302700
v 0.061453 0.034086 -0.282216
v 0.069622 0.041050 -0.301197
v 0.065126 0.038703 -0.280793
v 0.073102 0.042694 -0.316629
v 0.069085 0.037603 -0.318204
v 0.078852 0.035819 -0.299640
v 0.073731 0.041004 -0.300231
v 0.069017 0.038659 -0.279877
v 0.073868 0.033746 -0.279316
v 0.085376 0.028852 -0.298758
v 0.080049 0.027145 -0.278480
v 0.089289 0.030012 -0.314153
v 0.082513 0.037248 -0.315069
v 0.077215 0.042646 -0.315664
v 0.091845 0.021804 -0.297556
v 0.086177 0.020467 -0.277342
v 0.096663 0.016276 -0.296550
v 0.090742 0.015231 -0.276389
v 0.101006 0.016992 -0.311846
v 0.096000 0.022700 -0.312907
v 0.089452 0.006362 -0.299025
v 0.096015 0.011572 -0.296975
v 0.090129 0.010775 -0.276792
v 0.083912 0.005838 -0.278734
v 0.080543 -0.000396 -0.301562
v 0.075470 -0.000564 -0.281138
v 0.084255 -0.000152 -0.317059
v 0.093509 0.006873 -0.314423
v 0.100337 0.012269 -0.312277
v 0.071280 -0.007341 -0.303746
v 0.066694 -0.007143 -0.283206
v 0.060922 -0.012616 -0.305772
v 0.056882 -0.012140 -0.285126
v 0.063915 -0.012802 -0.321425
v 0.074649 -0.007346 -0.319325
v 0.048730 -0.014370 -0.307839
v 0.045331 -0.013803 -0.287084
v 0.035734 -0.014365 -0.309656
v 0.033019 -0.013797 -0.288805
v 0.037809 -0.014597 -0.325449
v 0.051276 -0.014610 -0.323567
v 0.022969 -0.014361 -0.310931
v 0.020925 -0.013792 -0.290014
v 0.013410 -0.014200 -0.311695
v 0.011869 -0.013641 -0.290740
v 0.014689 -0.014450 -0.327546
v 0.024590 -0.014589 -0.326769
v 0.106906 0.074736 -0.280936
v 0.101461 0.079286 -0.281316
v 0.094600 0.073501 -0.262333
v 0.099758 0.069189 -0.261973
v 0.113866 0.068551 -0.280359
v 0.106352 0.063329 -0.261426
v 0.119461 0.072395 -0.294769
v 0.112226 0.078824 -0.295369
v 0.106588 0.083559 -0.295739
v 0.120781 0.062160 -0.279433
v 0.112902 0.057274 -0.260549
v 0.125977 0.057058 -0.278653
v 0.117825 0.052441 -0.259810
v 0.132050 0.060474 -0.292974
v 0.126648 0.065752 -0.293806
v 0.123750 0.048071 -0.281734
v 0.126831 0.052614 -0.279412
v 0.118634 0.048231 -0.260528
v 0.115716 0.043926 -0.262728
v 0.119546 0.042272 -0.284673
v 0.111733 0.038432 -0.265513
v 0.125335 0.045318 -0.299205
v 0.129705 0.051347 -0.296150
v 0.132916 0.056035 -0.293726
v 0.115225 0.036377 -0.287419
v 0.107639 0.032849 -0.268115
v 0.111732 0.031903 -0.289486
v 0.104330 0.028609 -0.270073
v 0.117235 0.034529 -0.304187
v 0.120842 0.039192 -0.302059
v 0.102169 0.036693 -0.292201
v 0.107637 0.031909 -0.291002
v 0.100451 0.028616 -0.271509
v 0.095270 0.033149 -0.272645
v 0.095129 0.043040 -0.293532
v 0.088601 0.039161 -0.273906
v 0.100172 0.046134 -0.308330
v 0.107488 0.039538 -0.306946
v 0.113142 0.034549 -0.305700
v 0.088039 0.049277 -0.294541
v 0.081884 0.045070 -0.274861
v 0.082673 0.054138 -0.295130
v 0.076800 0.049676 -0.275420
v 0.087217 0.057634 -0.309988
v 0.092803 0.052616 -0.309378
v 0.085228 0.063309 -0.291983
v 0.081856 0.058545 -0.294305
v 0.076026 0.053850 -0.274638
v 0.079221 0.058363 -0.272438
v 0.089692 0.069269 -0.288834
v 0.083450 0.064009 -0.269455
v 0.094550 0.073157 -0.303496
v 0.089911 0.066964 -0.306768
v 0.086390 0.062037 -0.309166
v 0.094015 0.075043 -0.285457
v 0.087546 0.069480 -0.266255
v 0.097412 0.079315 -0.282759
v 0.090764 0.073527 -0.263700
v 0.102540 0.083599 -0.297178
v 0.099043 0.079156 -0.299985
v 0.127186 0.072197 -0.274830
v 0.132691 0.068152 -0.273739
v 0.124306 0.060183 -0.256694
v 0.119086 0.064014 -0.257721
v 0.120034 0.077554 -0.275971
v 0.112304 0.069090 -0.258800
v 0.125933 0.084180 -0.288839
v 0.133351 0.078618 -0.287653
v 0.139043 0.074392 -0.286526
v 0.112840 0.082717 -0.276783
v 0.105485 0.073983 -0.259571
v 0.107374 0.086707 -0.277182
v 0.100305 0.077767 -0.259952
v 0.112795 0.093637 -0.290104
v 0.118471 0.089537 -0.289683
v 0.111426 0.098252 -0.268357
v 0.106800 0.091364 -0.274729
v 0.099762 0.082173 -0.257634
v 0.104146 0.088698 -0.251593
v 0.117393 0.106738 -0.259562
v 0.109800 0.096735 -0.243255
v 0.123278 0.114334 -0.271848
v 0.117075 0.105494 -0.281000
v 0.112245 0.098330 -0.287615
v 0.122811 0.114335 -0.249939
v 0.114933 0.103932 -0.234137
v 0.126001 0.121080 -0.239913
v 0.117955 0.110322 -0.224638
v 0.132220 0.129285 -0.251391
v 0.128908 0.122255 -0.261828
v 0.125283 0.127003 -0.229910
v 0.117274 0.115935 -0.215162
v 0.122449 0.131358 -0.219877
v 0.114590 0.120077 -0.205651
v 0.128526 0.139968 -0.230559
v 0.131472 0.135450 -0.240986
v 0.119293 0.133393 -0.209762
v 0.111600 0.122057 -0.196049
v 0.116885 0.134080 -0.201924
v 0.109318 0.122742 -0.188611
v 0.122721 0.142742 -0.211928
v 0.125246 0.142058 -0.220052
v 0.119097 0.134519 -0.196364
v 0.117157 0.134487 -0.197693
v 0.109576 0.123040 -0.184635
v 0.111414 0.123054 -0.183382
v 0.121565 0.134519 -0.194868
v 0.113752 0.123054 -0.181965
v 0.127529 0.143249 -0.204777
v 0.124960 0.143249 -0.206334
v 0.122941 0.143196 -0.207683
v 0.124013 0.134519 -0.193339
v 0.116071 0.123054 -0.180516
v 0.126029 0.134485 -0.192239
v 0.117979 0.123040 -0.179468
v 0.132151 0.143194 -0.202021
v 0.130077 0.143249 -0.203186
v 0.132556 0.133336 -0.201949
v 0.128918 0.134061 -0.194629
v 0.120706 0.122728 -0.181703
v 0.124156 0.122005 -0.188650
v 0.137026 0.131220 -0.211573
v 0.128398 0.119947 -0.197785
v 0.143412 0.139827 -0.222080
v 0.138769 0.142000 -0.212086
v 0.135013 0.142719 -0.204476
v 0.141237 0.126714 -0.221085
v 0.132389 0.115660 -0.206801
v 0.143943 0.119548 -0.231138
v 0.134953 0.108870 -0.216326
v 0.150598 0.127711 -0.242406
v 0.147787 0.135154 -0.231962
v 0.143900 0.109447 -0.242389
v 0.134912 0.099301 -0.226984
v 0.141973 0.096928 -0.253575
v 0.133087 0.087441 -0.237587
v 0.148545 0.104242 -0.265695
v 0.150550 0.117232 -0.254087
v 0.139028 0.082506 -0.263433
v 0.130297 0.073777 -0.246941
v 0.136279 0.070926 -0.270441
v 0.127697 0.062806 -0.253591
v 0.142650 0.077234 -0.283176
v 0.145485 0.089272 -0.275923
v 0.037094 0.079351 -0.320400
v 0.039735 0.083417 -0.318309
v 0.036528 0.076790 -0.315613
v 0.035015 0.081161 -0.320102
v 0.008741 0.104025 -0.312132
v 0.010598 0.102441 -0.312985
v 0.008235 0.101394 -0.307353
v 0.011526 0.106427 -0.310587
v 0.056785 0.145923 -0.238034
v 0.056326 0.145828 -0.241354
v 0.055795 0.142769 -0.234001
v 0.057756 0.146183 -0.238096
v 0.067641 0.146351 -0.239581
v 0.066698 0.146565 -0.239385
v 0.066791 0.143167 -0.235562
v 0.068168 0.146113 -0.242604
v -0.039184 0.044445 -0.327955
v -0.036847 0.044334 -0.328345
v -0.038915 0.043161 -0.322533
v -0.038831 0.046115 -0.327850
v -0.032640 0.065031 -0.324396
v -0.033296 0.063527 -0.324842
v -0.032331 0.063876 -0.318952
v -0.031333 0.065254 -0.324619
v 0.006887 0.095723 -0.315269
v 0.005225 0.093876 -0.316185
v 0.006789 0.094235 -0.309919
v 0.008889 0.094224 -0.315983
v 0.034272 0.070800 -0.322799
v 0.032459 0.072756 -0.322485
v 0.034138 0.069354 -0.317420
v 0.031794 0.068978 -0.323602
v -0.077136 -0.015456 -0.324293
v -0.075147 -0.015601 -0.324873
v -0.076085 -0.015419 -0.318821
v -0.078290 -0.013328 -0.324242
v -0.090607 0.013957 -0.320997
v -0.089803 0.011814 -0.321417
v -0.089583 0.014053 -0.315522
v -0.087168 0.014093 -0.321958
v 0.002090 -0.014844 -0.333506
v -0.000500 -0.012766 -0.333645
v 0.002516 -0.014570 -0.327961
v 0.000252 -0.017047 -0.333460
v -0.025746 -0.044803 -0.329256
v -0.023727 -0.042877 -0.329790
v -0.025250 -0.044442 -0.323730
v -0.027506 -0.042932 -0.329485
v 0.038308 -0.059363 -0.325130
v 0.036934 -0.057532 -0.325799
v 0.038007 -0.058143 -0.319696
v 0.036362 -0.061483 -0.324929
v 0.008874 -0.086453 -0.319099
v 0.011017 -0.084806 -0.319724
v 0.008699 -0.085120 -0.313697
v 0.007190 -0.084874 -0.319831
v -0.013510 -0.061105 -0.326702
v -0.012026 -0.063115 -0.326370
v -0.013630 -0.059832 -0.321274
v -0.011514 -0.059188 -0.327293
v 0.016968 -0.034044 -0.331219
v 0.014737 -0.035876 -0.331174
v 0.016719 -0.032887 -0.325777
v 0.018629 -0.035814 -0.331013
v 0.017378 -0.098012 -0.314791
v 0.019720 -0.100846 -0.313108
v 0.016759 -0.095434 -0.309994
v 0.019404 -0.096543 -0.315447
v 0.047845 -0.075550 -0.320179
v 0.045651 -0.077169 -0.320084
v 0.047157 -0.073039 -0.315381
v 0.049719 -0.079923 -0.318115
v 0.066095 -0.146191 -0.236877
v 0.066676 -0.146026 -0.240048
v 0.065235 -0.143027 -0.232838
v 0.065053 -0.146426 -0.237068
v 0.053393 -0.146196 -0.239984
v 0.054465 -0.146427 -0.239664
v 0.052406 -0.143035 -0.235974
v 0.053275 -0.146044 -0.243253
v 0.105774 -0.104020 -0.293792
v 0.107938 -0.106422 -0.291454
v 0.103801 -0.101388 -0.289410
v 0.107805 -0.102437 -0.294022
v 0.135292 -0.079345 -0.292792
v 0.133223 -0.081156 -0.293158
v 0.133259 -0.076785 -0.288421
v 0.137148 -0.083412 -0.289982
v 0.139073 -0.146347 -0.206476
v 0.140518 -0.146109 -0.209183
v 0.137010 -0.143162 -0.202923
v 0.138116 -0.146560 -0.206585
v 0.128277 -0.145919 -0.208396
v 0.129219 -0.146179 -0.208152
v 0.126076 -0.142765 -0.204874
v 0.128878 -0.145824 -0.211693
v 0.070292 -0.065027 -0.318365
v 0.071603 -0.065249 -0.318168
v 0.068885 -0.063871 -0.313097
v 0.069808 -0.063523 -0.318994
v 0.065186 -0.044440 -0.323789
v 0.065489 -0.046110 -0.323579
v 0.063749 -0.043157 -0.318555
v 0.067528 -0.044330 -0.323431
v 0.133359 -0.070796 -0.295953
v 0.131256 -0.068973 -0.297490
v 0.131552 -0.069350 -0.290885
v 0.131539 -0.072751 -0.296221
v 0.104992 -0.095718 -0.297352
v 0.107117 -0.094220 -0.297404
v 0.103228 -0.094230 -0.292299
v 0.103699 -0.093870 -0.298741
v 0.011874 -0.013953 -0.333326
v 0.015442 -0.014089 -0.333190
v 0.011174 -0.014048 -0.327801
v 0.012767 -0.011810 -0.333481
v 0.025708 0.015459 -0.332347
v 0.024594 0.013331 -0.332650
v 0.025036 0.015423 -0.326815
v 0.027779 0.015606 -0.332291
v 0.076154 0.044808 -0.321360
v 0.074549 0.042936 -0.322116
v 0.074937 0.044446 -0.315947
v 0.078240 0.042881 -0.321251
v 0.103957 0.014848 -0.316895
v 0.102193 0.017052 -0.317414
v 0.102667 0.014574 -0.311486
v 0.101533 0.012769 -0.317819
v 0.106010 0.086458 -0.301105
v 0.104631 0.084878 -0.302317
v 0.104192 0.085124 -0.296015
v 0.108242 0.084809 -0.301044
v 0.135879 0.059366 -0.297848
v 0.133965 0.061489 -0.298251
v 0.133931 0.058147 -0.292766
v 0.134775 0.057535 -0.298905
v 0.117422 0.034048 -0.310169
v 0.118940 0.035817 -0.309466
v 0.115521 0.032890 -0.305064
v 0.115285 0.035881 -0.310809
v 0.087023 0.061109 -0.315187
v 0.089104 0.059193 -0.315139
v 0.085249 0.059837 -0.310056
v 0.088334 0.063120 -0.314417
v 0.143445 0.075556 -0.290218
v 0.144598 0.079926 -0.287679
v 0.141323 0.073044 -0.285860
v 0.141327 0.077173 -0.290798
v 0.112790 0.098018 -0.294402
v 0.114919 0.096547 -0.294407
v 0.110734 0.095438 -0.290024
v 0.114505 0.100851 -0.292084
v 0.124209 0.146200 -0.212166
v 0.125096 0.146049 -0.215315
v 0.122043 0.143039 -0.208650
v 0.125132 0.146432 -0.211534
v 0.135353 0.146196 -0.205325
v 0.134419 0.146432 -0.205825
v 0.133299 0.143034 -0.201742
v 0.136876 0.146031 -0.208166
v 0.029638 0.085987 -0.318897
v 0.022660 0.092176 -0.317058
v 0.015775 0.098075 -0.314857
v 0.019511 0.112470 -0.306148
v 0.029968 0.119980 -0.299780
v 0.040169 0.126777 -0.292451
v 0.048233 0.133036 -0.283757
v 0.052278 0.138927 -0.273297
v 0.054084 0.143382 -0.261866
v 0.055430 0.145331 -0.250258
v 0.059732 0.146361 -0.238379
v 0.062216 0.146486 -0.238756
v 0.064714 0.146582 -0.239101
v 0.069192 0.145150 -0.250492
v 0.070361 0.142742 -0.260734
v 0.071326 0.138170 -0.270819
v 0.069966 0.131101 -0.281203
v 0.064160 0.121199 -0.292341
v 0.055812 0.108944 -0.303041
v 0.046822 0.094817 -0.312110
v 0.034804 0.070525 -0.301494
v 0.032502 0.062403 -0.282708
v 0.007485 0.094271 -0.293506
v 0.006612 0.084905 -0.275125
v 0.053284 0.134121 -0.222864
v 0.050012 0.122726 -0.208175
v 0.063952 0.134493 -0.224379
v 0.060118 0.123073 -0.209615
v -0.037687 0.050002 -0.327324
v -0.036138 0.054950 -0.326533
v -0.034568 0.059813 -0.325630
v -0.028392 0.065331 -0.324907
v -0.024483 0.065350 -0.325211
v -0.020270 0.065394 -0.325478
v -0.015541 0.067458 -0.325104
v -0.010083 0.073531 -0.323483
v -0.004378 0.081339 -0.321087
v 0.001097 0.088599 -0.318390
v 0.013983 0.089804 -0.317681
v 0.020648 0.083816 -0.319701
v 0.027362 0.077614 -0.321378
v 0.024793 0.064128 -0.325376
v 0.015372 0.057655 -0.327425
v 0.005633 0.050961 -0.329055
v -0.004039 0.045872 -0.330028
v -0.013256 0.044219 -0.330107
v -0.022071 0.044268 -0.329641
v -0.030539 0.044291 -0.328981
v -0.037490 0.040150 -0.307016
v -0.035488 0.036274 -0.286451
v -0.031116 0.060204 -0.303548
v -0.029448 0.055275 -0.283163
v 0.006548 0.089429 -0.294851
v 0.006235 0.082964 -0.274926
v 0.032958 0.065404 -0.302089
v 0.031254 0.060200 -0.281781
v -0.080914 -0.007877 -0.323824
v -0.084222 -0.000763 -0.323123
v -0.087431 0.006354 -0.322223
v -0.077494 0.014142 -0.324288
v -0.064484 0.014158 -0.327075
v -0.051040 0.014194 -0.329409
v -0.038297 0.012411 -0.331244
v -0.027393 0.006973 -0.332531
v -0.017498 -0.000246 -0.333313
v -0.007782 -0.007362 -0.333632
v -0.004911 -0.022709 -0.332977
v -0.011728 -0.030072 -0.332105
v -0.018527 -0.037381 -0.330891
v -0.031843 -0.037698 -0.329808
v -0.037548 -0.030629 -0.330038
v -0.043414 -0.023256 -0.329988
v -0.049665 -0.017602 -0.329541
v -0.056526 -0.015690 -0.328579
v -0.063519 -0.015660 -0.327321
v -0.070167 -0.015650 -0.325984
v -0.072783 -0.014764 -0.303296
v -0.068355 -0.013797 -0.282744
v -0.085834 0.013731 -0.300109
v -0.080721 0.013198 -0.279726
v 0.002954 -0.013867 -0.312102
v 0.003398 -0.012948 -0.291087
v -0.023849 -0.042699 -0.308022
v -0.021994 -0.040265 -0.287222
v 0.030875 -0.066749 -0.324119
v 0.023649 -0.073479 -0.322822
v 0.016486 -0.079990 -0.321161
v 0.003039 -0.080368 -0.321495
v -0.002377 -0.074298 -0.323487
v -0.007857 -0.068030 -0.325205
v -0.005917 -0.054212 -0.328450
v 0.001507 -0.047649 -0.329721
v 0.008988 -0.040975 -0.330652
v 0.022680 -0.040572 -0.330115
v 0.027897 -0.046777 -0.328754
v 0.033056 -0.052882 -0.327161
v 0.036511 -0.054739 -0.304248
v 0.034418 -0.050244 -0.283793
v 0.008238 -0.080765 -0.298463
v 0.007633 -0.074902 -0.278313
v -0.013317 -0.056353 -0.305775
v -0.012787 -0.051774 -0.285239
v 0.015962 -0.030359 -0.310120
v 0.014950 -0.027147 -0.289356
v 0.025001 -0.092523 -0.316769
v 0.032418 -0.087125 -0.318255
v 0.039905 -0.081516 -0.319402
v 0.054605 -0.092113 -0.312046
v 0.060707 -0.107209 -0.303157
v 0.066225 -0.120289 -0.292632
v 0.069884 -0.130843 -0.281430
v 0.070406 -0.138357 -0.270508
v 0.069248 -0.143096 -0.259628
v 0.067866 -0.145324 -0.248553
v 0.062734 -0.146506 -0.237641
v 0.059773 -0.146506 -0.238387
v 0.056804 -0.146506 -0.239097
v 0.053269 -0.145378 -0.251845
v 0.053173 -0.143231 -0.263005
v 0.052783 -0.138643 -0.273979
v 0.050282 -0.132379 -0.284262
v 0.043852 -0.125205 -0.293348
v 0.035313 -0.117116 -0.301321
v 0.026483 -0.108105 -0.308263
v 0.015641 -0.088548 -0.296044
v 0.014275 -0.079509 -0.277519
v 0.044992 -0.066930 -0.301260
v 0.042089 -0.059024 -0.282476
v 0.062400 -0.134383 -0.221727
v 0.058578 -0.122997 -0.207080
v 0.049970 -0.134389 -0.224766
v 0.046810 -0.122999 -0.209959
v 0.113308 -0.098071 -0.294184
v 0.120535 -0.092171 -0.294125
v 0.127739 -0.085983 -0.293693
v 0.141944 -0.094812 -0.281879
v 0.147652 -0.108940 -0.270456
v 0.152242 -0.121194 -0.257685
v 0.154279 -0.131095 -0.245291
v 0.152329 -0.138166 -0.235001
v 0.148263 -0.142737 -0.225721
v 0.143953 -0.145145 -0.216357
v 0.136142 -0.146576 -0.206934
v 0.133662 -0.146480 -0.207386
v 0.131184 -0.146357 -0.207804
v 0.130807 -0.145326 -0.220432
v 0.133153 -0.143377 -0.231880
v 0.135007 -0.138922 -0.243304
v 0.134431 -0.133032 -0.254503
v 0.129485 -0.126772 -0.265281
v 0.122083 -0.119975 -0.275429
v 0.114137 -0.112466 -0.284744
v 0.098764 -0.094267 -0.276489
v 0.092196 -0.084901 -0.259300
v 0.127212 -0.070518 -0.275546
v 0.119158 -0.062399 -0.258420
v 0.130821 -0.134489 -0.193186
v 0.122569 -0.123068 -0.180357
v 0.120213 -0.134117 -0.195078
v 0.112519 -0.122721 -0.182146
v 0.068845 -0.059808 -0.320139
v 0.067636 -0.054946 -0.321487
v 0.066411 -0.049997 -0.322723
v 0.073719 -0.044286 -0.322065
v 0.081970 -0.044263 -0.320048
v 0.090490 -0.044214 -0.317737
v 0.099222 -0.045867 -0.314784
v 0.108105 -0.050956 -0.310839
v 0.116849 -0.057651 -0.306250
v 0.125159 -0.064123 -0.301361
v 0.126351 -0.077609 -0.296760
v 0.119449 -0.083811 -0.297265
v 0.112487 -0.089799 -0.297427
v 0.100466 -0.088595 -0.302124
v 0.096108 -0.081333 -0.306396
v 0.091435 -0.073526 -0.310454
v 0.086757 -0.067452 -0.313698
v 0.082381 -0.065389 -0.315530
v 0.078295 -0.065345 -0.316592
v 0.074487 -0.065326 -0.317524
v 0.065229 -0.060200 -0.298083
v 0.060448 -0.055270 -0.278197
v 0.060257 -0.040145 -0.303369
v 0.055737 -0.036269 -0.283207
v 0.125643 -0.065399 -0.276689
v 0.117683 -0.060195 -0.257928
v 0.098294 -0.089425 -0.278061
v 0.091774 -0.082960 -0.259229
v 0.015273 -0.006350 -0.333523
v 0.018603 0.000767 -0.333399
v 0.021968 0.007880 -0.333054
v 0.032860 0.015654 -0.331826
v 0.039598 0.015664 -0.331066
v 0.046642 0.015695 -0.330126
v 0.053468 0.017607 -0.328944
v 0.059556 0.023261 -0.327458
v 0.065156 0.030633 -0.325712
v 0.070518 0.037701 -0.323749
v 0.083528 0.037385 -0.320710
v 0.090373 0.030077 -0.319786
v 0.097130 0.022713 -0.318533
v 0.094597 0.007366 -0.320034
v 0.085248 0.000249 -0.322701
v 0.075587 -0.006968 -0.324981
v 0.064812 -0.012406 -0.327089
v 0.052118 -0.014190 -0.329239
v 0.038604 -0.014154 -0.331127
v 0.025365 -0.014139 -0.332450
v 0.010032 -0.013726 -0.311979
v 0.008668 -0.013194 -0.291009
v 0.023433 0.014767 -0.311024
v 0.021365 0.013802 -0.290102
v 0.071469 0.042703 -0.300562
v 0.066875 0.040269 -0.280191
v 0.098235 0.013871 -0.296253
v 0.092233 0.012953 -0.276108
v 0.113888 0.079994 -0.300741
v 0.121215 0.073484 -0.300132
v 0.128492 0.066754 -0.299157
v 0.131500 0.052888 -0.301387
v 0.127074 0.046780 -0.304481
v 0.122523 0.040576 -0.307372
v 0.109651 0.040978 -0.312070
v 0.102244 0.047654 -0.313471
v 0.094786 0.054216 -0.314530
v 0.091947 0.068035 -0.312034
v 0.096640 0.074301 -0.308722
v 0.101187 0.080371 -0.305170
v 0.099095 0.080771 -0.281652
v 0.092358 0.074906 -0.262651
v 0.127784 0.054744 -0.278515
v 0.119537 0.050248 -0.259679
v 0.110013 0.030363 -0.290389
v 0.102702 0.027151 -0.270928
v 0.080808 0.056358 -0.295203
v 0.075033 0.051778 -0.275488
v 0.135648 0.081521 -0.291905
v 0.128169 0.087130 -0.293103
v 0.120652 0.092528 -0.293955
v 0.119463 0.108110 -0.285403
v 0.125748 0.117121 -0.276094
v 0.131441 0.125209 -0.265892
v 0.134785 0.132383 -0.255275
v 0.134022 0.138647 -0.244720
v 0.131037 0.143235 -0.234152
v 0.127717 0.145382 -0.223497
v 0.127185 0.146510 -0.210279
v 0.129795 0.146510 -0.208695
v 0.132386 0.146510 -0.207080
v 0.140609 0.145329 -0.215900
v 0.145311 0.143101 -0.226022
v 0.149740 0.138362 -0.236027
v 0.152582 0.130847 -0.246586
v 0.152523 0.120294 -0.258370
v 0.150487 0.107214 -0.270078
v 0.147395 0.092118 -0.280407
v 0.134945 0.066935 -0.273076
v 0.126438 0.059028 -0.256079
v 0.105405 0.088552 -0.277084
v 0.098440 0.079513 -0.259863
v 0.116297 0.134393 -0.198724
v 0.108761 0.123004 -0.185592
v 0.127203 0.134389 -0.192030
v 0.119085 0.123001 -0.179253
v -0.134573 0.125958 -0.264352
v -0.147344 0.117808 -0.265295
v -0.150690 0.119620 -0.261813
v -0.138044 0.126805 -0.261598
v -0.122974 0.133129 -0.261192
v -0.126395 0.133329 -0.259065
v -0.118499 0.132676 -0.263765
v -0.129997 0.124650 -0.267738
v -0.142885 0.115218 -0.269621
v -0.125323 0.123296 -0.271020
v -0.113965 0.132209 -0.266251
v -0.121614 0.122081 -0.273437
v -0.110363 0.131695 -0.268067
v -0.134605 0.110249 -0.276923
v -0.138274 0.112519 -0.273818
v -0.150822 0.100180 -0.275149
v -0.147170 0.096617 -0.278788
v -0.160156 0.090071 -0.275515
v -0.156509 0.085487 -0.279506
v -0.164712 0.095783 -0.270106
v -0.155393 0.104529 -0.270224
v -0.159745 0.108687 -0.265127
v -0.168993 0.101230 -0.264483
v -0.162971 0.111664 -0.261042
v -0.172126 0.105186 -0.260010
v -0.114089 0.139316 -0.254709
v -0.110163 0.139142 -0.256890
v -0.117106 0.139305 -0.252882
v -0.109123 0.143781 -0.244675
v -0.106668 0.143821 -0.246379
v -0.103488 0.143680 -0.248399
v -0.099461 0.145947 -0.237680
v -0.101394 0.145801 -0.236067
v -0.093993 0.146517 -0.230809
v -0.095551 0.146294 -0.229290
v -0.092016 0.146609 -0.232618
v -0.096975 0.145921 -0.239575
v -0.094458 0.145882 -0.241441
v -0.090012 0.146678 -0.234409
v -0.092392 0.145676 -0.242837
v -0.088363 0.146567 -0.235783
v -0.097667 0.143256 -0.251830
v -0.100270 0.143531 -0.250373
v -0.106193 0.138963 -0.259006
v -0.103019 0.138674 -0.260552
v -0.192411 0.055954 -0.266533
v -0.194984 0.060777 -0.263333
v -0.188031 0.067126 -0.266305
v -0.184627 0.062286 -0.270217
v -0.190072 0.052566 -0.268845
v -0.181535 0.059124 -0.273053
v -0.198102 0.047719 -0.264155
v -0.199551 0.051590 -0.262375
v -0.201184 0.056575 -0.259889
v -0.196900 0.066689 -0.259991
v -0.202583 0.061768 -0.257301
v -0.198043 0.071628 -0.257231
v -0.203494 0.065838 -0.255127
v -0.191918 0.079229 -0.258850
v -0.190482 0.073633 -0.262202
v -0.183488 0.081377 -0.264001
v -0.185626 0.086645 -0.260089
v -0.177829 0.087556 -0.265106
v -0.180667 0.092201 -0.260806
v -0.173874 0.081482 -0.270462
v -0.180237 0.074974 -0.268825
v -0.176268 0.069608 -0.273416
v -0.169570 0.075518 -0.275562
v -0.172835 0.065815 -0.276752
v -0.166059 0.070929 -0.279280
v -0.205980 0.050176 -0.257755
v -0.206719 0.055177 -0.255951
v -0.205283 0.046165 -0.259015
v -0.211843 0.046237 -0.253684
v -0.211871 0.050226 -0.252947
v -0.211761 0.055180 -0.251818
v -0.217401 0.050246 -0.248228
v -0.218008 0.046268 -0.248423
v -0.221447 0.050190 -0.244499
v -0.222521 0.046236 -0.244308
v -0.219935 0.055125 -0.244588
v -0.216483 0.055182 -0.247791
v -0.215481 0.060030 -0.247282
v -0.218335 0.059974 -0.244608
v -0.214576 0.063756 -0.246733
v -0.216967 0.063697 -0.244501
v -0.211307 0.063783 -0.249515
v -0.211573 0.060046 -0.250612
v -0.207373 0.060089 -0.254064
v -0.207764 0.063850 -0.252434
v -0.207907 -0.013740 -0.261298
v -0.215020 -0.005887 -0.255876
v -0.211707 -0.001896 -0.258562
v -0.204184 -0.009198 -0.264384
v -0.202167 -0.020253 -0.265271
v -0.198265 -0.014891 -0.268586
v -0.207003 -0.027400 -0.260716
v -0.212325 -0.020349 -0.257146
v -0.218813 -0.012126 -0.252330
v -0.216195 -0.028384 -0.252989
v -0.211553 -0.034878 -0.255950
v -0.218849 -0.035086 -0.249688
v -0.214848 -0.040713 -0.252126
v -0.223865 -0.027784 -0.246275
v -0.221887 -0.020521 -0.248934
v -0.227108 -0.013910 -0.244796
v -0.228714 -0.020590 -0.242616
v -0.232425 -0.009412 -0.240062
v -0.233650 -0.015220 -0.238391
v -0.230585 -0.002069 -0.242035
v -0.224623 -0.005942 -0.247516
v -0.221614 0.000589 -0.250298
v -0.228508 0.004918 -0.243915
v -0.226705 0.010196 -0.245221
v -0.218981 0.005091 -0.252361
v -0.250260 -0.007849 -0.221585
v -0.244526 -0.007858 -0.227860
v -0.244194 -0.013345 -0.227795
v -0.249116 -0.013330 -0.222438
v -0.254416 -0.007856 -0.216677
v -0.252691 -0.013329 -0.218257
v -0.256429 -0.000781 -0.214467
v -0.251518 -0.000785 -0.220283
v -0.244748 -0.000782 -0.227739
v -0.252596 0.006283 -0.218888
v -0.258233 0.006298 -0.212177
v -0.253268 0.011782 -0.217647
v -0.259466 0.011787 -0.210277
v -0.244726 0.011803 -0.227152
v -0.244824 0.006297 -0.227499
v -0.236520 0.006332 -0.236078
v -0.235579 0.011853 -0.236581
v -0.237532 -0.000779 -0.235216
v -0.238406 -0.007887 -0.234218
v -0.238924 -0.013390 -0.233282
v -0.181703 -0.073683 -0.268385
v -0.176768 -0.067134 -0.273890
v -0.172544 -0.071748 -0.274957
v -0.177393 -0.078268 -0.269416
v -0.185308 -0.078580 -0.263944
v -0.180947 -0.083126 -0.264971
v -0.190830 -0.072505 -0.262361
v -0.187139 -0.067579 -0.266766
v -0.182091 -0.061005 -0.272225
v -0.192469 -0.061305 -0.264899
v -0.196242 -0.066238 -0.260522
v -0.196452 -0.056351 -0.263240
v -0.200284 -0.061295 -0.258914
v -0.191222 -0.049787 -0.268638
v -0.187316 -0.054731 -0.270321
v -0.181912 -0.048021 -0.275498
v -0.185743 -0.043106 -0.273794
v -0.177592 -0.042770 -0.279251
v -0.181380 -0.037913 -0.277550
v -0.172544 -0.048985 -0.281211
v -0.176789 -0.054267 -0.277435
v -0.171573 -0.060392 -0.279140
v -0.167407 -0.055098 -0.282945
v -0.167432 -0.065016 -0.280242
v -0.163358 -0.059725 -0.284082
v -0.095093 -0.145997 -0.239768
v -0.100810 -0.143734 -0.249359
v -0.098008 -0.143559 -0.250458
v -0.092533 -0.145823 -0.240728
v -0.090713 -0.146642 -0.232237
v -0.088358 -0.146487 -0.233114
v -0.093636 -0.146645 -0.231046
v -0.098253 -0.146009 -0.238434
v -0.104288 -0.143766 -0.247832
v -0.101393 -0.146020 -0.237058
v -0.096542 -0.146648 -0.229822
v -0.103844 -0.145865 -0.235861
v -0.098825 -0.146497 -0.228774
v -0.110420 -0.143670 -0.244896
v -0.107742 -0.143797 -0.246253
v -0.114193 -0.139150 -0.255126
v -0.117112 -0.139056 -0.253606
v -0.121978 -0.132568 -0.262418
v -0.125117 -0.132699 -0.260576
v -0.117891 -0.132208 -0.264622
v -0.110412 -0.139083 -0.256915
v -0.106602 -0.139015 -0.258643
v -0.113759 -0.131838 -0.266755
v -0.103550 -0.138818 -0.259890
v -0.110463 -0.131403 -0.268305
v -0.154814 -0.104695 -0.270606
v -0.143767 -0.115202 -0.269318
v -0.147217 -0.116827 -0.266103
v -0.158420 -0.107403 -0.266760
v -0.163028 -0.096106 -0.271051
v -0.166751 -0.099732 -0.266787
v -0.157991 -0.091127 -0.276398
v -0.149984 -0.100913 -0.275391
v -0.139192 -0.112870 -0.273294
v -0.144961 -0.096991 -0.280008
v -0.152712 -0.085957 -0.281533
v -0.140972 -0.093776 -0.283409
v -0.148524 -0.081815 -0.285310
v -0.130749 -0.108421 -0.279997
v -0.134486 -0.110459 -0.277151
v -0.123570 -0.122197 -0.272829
v -0.120055 -0.121117 -0.274985
v -0.127990 -0.123386 -0.269893
v -0.132329 -0.124540 -0.266868
v -0.135634 -0.125274 -0.264392
v -0.057358 -0.100176 -0.308485
v -0.063239 -0.104524 -0.305234
v -0.072128 -0.095779 -0.308032
v -0.066111 -0.090067 -0.311748
v -0.052752 -0.096612 -0.310802
v -0.061400 -0.085482 -0.314401
v -0.041398 -0.110245 -0.305107
v -0.045853 -0.112514 -0.303302
v -0.051544 -0.115214 -0.300755
v -0.034424 -0.123291 -0.296601
v -0.030145 -0.122077 -0.297738
v -0.025123 -0.132205 -0.288523
v -0.021134 -0.131691 -0.289123
v -0.030207 -0.132672 -0.287577
v -0.039889 -0.124647 -0.294942
v -0.045293 -0.125954 -0.293155
v -0.035261 -0.133125 -0.286530
v -0.049451 -0.126800 -0.291622
v -0.039176 -0.133325 -0.285579
v -0.061397 -0.119616 -0.295775
v -0.057131 -0.117803 -0.298038
v -0.068964 -0.108683 -0.301751
v -0.073305 -0.111659 -0.298878
v -0.077951 -0.101226 -0.304028
v -0.082324 -0.105182 -0.300756
v -0.014339 -0.145876 -0.258862
v -0.017071 -0.143525 -0.269162
v -0.014143 -0.143251 -0.269733
v -0.011940 -0.145671 -0.259543
v -0.012311 -0.146674 -0.250793
v -0.010315 -0.146563 -0.251583
v -0.014774 -0.146604 -0.249718
v -0.017313 -0.145917 -0.257875
v -0.020745 -0.143675 -0.268292
v -0.020266 -0.145941 -0.256851
v -0.017218 -0.146513 -0.248617
v -0.022607 -0.145797 -0.255923
v -0.019172 -0.146290 -0.247660
v -0.027261 -0.143776 -0.266514
v -0.024396 -0.143818 -0.267366
v -0.028845 -0.139313 -0.277597
v -0.032281 -0.139300 -0.276804
v -0.024434 -0.139137 -0.278443
v -0.020002 -0.138959 -0.279213
v -0.016504 -0.138671 -0.279691
v -0.082074 -0.069605 -0.314785
v -0.091013 -0.062281 -0.314356
v -0.087190 -0.059121 -0.316086
v -0.077771 -0.065811 -0.316882
v -0.075040 -0.075513 -0.314732
v -0.070544 -0.070925 -0.317168
v -0.080722 -0.081478 -0.311231
v -0.087278 -0.074970 -0.311664
v -0.095469 -0.067123 -0.311703
v -0.091872 -0.081373 -0.308096
v -0.086151 -0.087552 -0.307378
v -0.095125 -0.086640 -0.305047
v -0.090190 -0.092197 -0.304179
v -0.101489 -0.079225 -0.305835
v -0.099079 -0.073629 -0.308571
v -0.105866 -0.066684 -0.308475
v -0.107813 -0.071625 -0.306209
v -0.112104 -0.061763 -0.307694
v -0.113649 -0.065834 -0.305913
v -0.109967 -0.056571 -0.309716
v -0.103002 -0.060772 -0.311051
v -0.099558 -0.055949 -0.313287
v -0.107640 -0.051586 -0.311567
v -0.105708 -0.047716 -0.312806
v -0.096614 -0.052561 -0.314753
v -0.127487 -0.060026 -0.302204
v -0.122733 -0.060042 -0.304147
v -0.122824 -0.063780 -0.303021
v -0.126798 -0.063753 -0.301399
v -0.131032 -0.059970 -0.300554
v -0.129767 -0.063692 -0.300025
v -0.132559 -0.055121 -0.301035
v -0.128279 -0.055178 -0.302999
v -0.122535 -0.055176 -0.305351
v -0.129015 -0.050243 -0.303702
v -0.134023 -0.050186 -0.301423
v -0.129531 -0.046264 -0.304077
v -0.135103 -0.046232 -0.301576
v -0.122031 -0.046233 -0.307149
v -0.122288 -0.050221 -0.306458
v -0.115190 -0.050173 -0.309185
v -0.114135 -0.046161 -0.310165
v -0.116455 -0.055173 -0.307703
v -0.117666 -0.060086 -0.306114
v -0.118546 -0.063846 -0.304688
v -0.134475 -0.000586 -0.306068
v -0.138190 0.005945 -0.304339
v -0.131187 0.012130 -0.307146
v -0.126491 0.005890 -0.309363
v -0.131337 -0.005088 -0.307227
v -0.122516 0.001899 -0.310907
v -0.140875 -0.010192 -0.302790
v -0.142991 -0.004915 -0.302098
v -0.145543 0.002072 -0.300943
v -0.141388 0.013914 -0.302510
v -0.147898 0.009415 -0.299628
v -0.143584 0.020594 -0.300924
v -0.149575 0.015224 -0.298411
v -0.137848 0.027787 -0.302926
v -0.135152 0.020525 -0.304853
v -0.128493 0.028387 -0.306973
v -0.132029 0.035090 -0.304641
v -0.123168 0.034882 -0.308373
v -0.127474 0.040716 -0.305739
v -0.117379 0.027404 -0.311520
v -0.123537 0.020352 -0.309748
v -0.118061 0.013745 -0.312351
v -0.111381 0.020257 -0.314378
v -0.113573 0.009202 -0.314151
v -0.106652 0.014894 -0.316342
v -0.153015 -0.006328 -0.297086
v -0.154242 0.000783 -0.296574
v -0.151966 -0.011850 -0.297277
v -0.163557 -0.011799 -0.291096
v -0.163545 -0.006294 -0.291457
v -0.163398 0.000786 -0.291662
v -0.173577 -0.006279 -0.285634
v -0.174597 -0.011779 -0.284658
v -0.180996 -0.006295 -0.280968
v -0.182751 -0.011784 -0.279535
v -0.178578 0.000784 -0.282597
v -0.172124 0.000788 -0.286633
v -0.170529 0.007852 -0.287488
v -0.175986 0.007860 -0.284086
v -0.169178 0.013333 -0.287950
v -0.173860 0.013333 -0.285063
v -0.162854 0.013349 -0.291546
v -0.163151 0.007861 -0.291710
v -0.155380 0.007890 -0.295892
v -0.156159 0.013394 -0.295159
v -0.088971 0.048025 -0.317922
v -0.083501 0.054270 -0.318200
v -0.078305 0.048988 -0.320497
v -0.083710 0.042774 -0.320175
v -0.093139 0.043110 -0.317471
v -0.087836 0.037916 -0.319713
v -0.099932 0.049791 -0.314237
v -0.095699 0.054734 -0.314645
v -0.090142 0.061008 -0.314861
v -0.102263 0.061309 -0.311058
v -0.106562 0.056355 -0.310697
v -0.107193 0.066243 -0.308045
v -0.111533 0.061299 -0.307749
v -0.101478 0.072508 -0.308141
v -0.096617 0.067582 -0.311207
v -0.090946 0.073687 -0.311086
v -0.095737 0.078583 -0.307960
v -0.086527 0.078271 -0.310750
v -0.091270 0.083129 -0.307605
v -0.080216 0.071752 -0.314543
v -0.084564 0.067137 -0.314818
v -0.078013 0.060396 -0.318229
v -0.073734 0.065019 -0.318012
v -0.072884 0.055101 -0.320578
v -0.068681 0.059728 -0.320422
v -0.030722 0.139155 -0.277821
v -0.026576 0.139088 -0.278369
v -0.031340 0.132213 -0.287993
v -0.035905 0.132572 -0.287144
v -0.033966 0.139061 -0.277266
v -0.039457 0.132702 -0.286350
v -0.030258 0.143675 -0.266928
v -0.027293 0.143800 -0.267401
v -0.023522 0.143769 -0.267848
v -0.024060 0.146024 -0.256705
v -0.026759 0.145870 -0.256315
v -0.021653 0.146651 -0.248332
v -0.024148 0.146502 -0.248033
v -0.018512 0.146649 -0.248609
v -0.020650 0.146013 -0.257055
v -0.017233 0.146002 -0.257359
v -0.015365 0.146646 -0.248849
v -0.014502 0.145827 -0.257490
v -0.012855 0.146491 -0.248965
v -0.016740 0.143563 -0.268428
v -0.019744 0.143738 -0.268239
v -0.022420 0.139020 -0.278849
v -0.019132 0.138822 -0.279103
v -0.026754 0.131843 -0.288761
v -0.023142 0.131407 -0.289229
v -0.034238 0.122201 -0.297543
v -0.039343 0.123391 -0.296100
v -0.030232 0.121122 -0.298521
v -0.038882 0.108426 -0.306563
v -0.043310 0.110462 -0.304996
v -0.048970 0.112874 -0.302763
v -0.052410 0.096995 -0.310918
v -0.047571 0.093781 -0.312937
v -0.059323 0.085961 -0.314740
v -0.054181 0.081819 -0.317057
v -0.065919 0.091132 -0.311465
v -0.058603 0.100918 -0.308058
v -0.064666 0.104698 -0.304979
v -0.072350 0.096109 -0.307914
v -0.069275 0.107407 -0.302420
v -0.077199 0.099736 -0.304993
v -0.058809 0.116832 -0.298369
v -0.054542 0.115206 -0.300375
v -0.044400 0.124543 -0.294546
v -0.048304 0.125278 -0.293198
v -0.154296 0.076479 -0.258820
v -0.150739 0.071967 -0.262823
v -0.141461 0.063772 -0.246352
v -0.144829 0.068044 -0.242552
v -0.158656 0.082391 -0.253473
v -0.148961 0.073644 -0.237480
v -0.165847 0.089210 -0.265559
v -0.161322 0.083073 -0.271103
v -0.157649 0.078364 -0.275240
v -0.162745 0.088032 -0.247893
v -0.152838 0.078993 -0.232190
v -0.165652 0.092346 -0.243535
v -0.155595 0.083083 -0.228062
v -0.173117 0.099501 -0.255248
v -0.170089 0.095063 -0.259771
v -0.154854 0.102394 -0.242916
v -0.163443 0.096667 -0.241947
v -0.153504 0.087172 -0.226560
v -0.145363 0.092594 -0.227477
v -0.143313 0.109444 -0.243892
v -0.134427 0.099271 -0.228401
v -0.149919 0.117162 -0.255701
v -0.161927 0.109812 -0.254694
v -0.170861 0.103856 -0.253666
v -0.131440 0.115807 -0.244009
v -0.123178 0.105301 -0.228511
v -0.120432 0.121680 -0.241874
v -0.112749 0.110864 -0.226488
v -0.126108 0.129928 -0.253577
v -0.137562 0.123803 -0.255809
v -0.111488 0.127256 -0.236091
v -0.104276 0.116146 -0.221010
v -0.103697 0.131490 -0.228284
v -0.096889 0.120175 -0.213610
v -0.108719 0.140120 -0.239461
v -0.116809 0.135728 -0.247568
v -0.096150 0.133337 -0.220072
v -0.089720 0.121976 -0.205822
v -0.090372 0.133861 -0.213753
v -0.084236 0.122507 -0.199830
v -0.094921 0.142530 -0.224369
v -0.100891 0.142018 -0.230941
v -0.085393 0.134366 -0.213253
v -0.086848 0.134248 -0.212013
v -0.080938 0.122797 -0.198194
v -0.079562 0.122890 -0.199373
v -0.083716 0.134471 -0.214911
v -0.077966 0.122985 -0.200946
v -0.088162 0.143217 -0.225598
v -0.089908 0.143103 -0.223872
v -0.091397 0.142956 -0.222563
v -0.082007 0.134549 -0.216550
v -0.076344 0.123063 -0.202505
v -0.080680 0.134568 -0.218008
v -0.075083 0.123100 -0.203886
v -0.084996 0.143301 -0.228786
v -0.086383 0.143300 -0.227305
v -0.084775 0.133112 -0.228650
v -0.081239 0.134088 -0.221971
v -0.075601 0.122717 -0.207608
v -0.078957 0.121759 -0.213943
v -0.089572 0.130828 -0.237132
v -0.083510 0.119547 -0.221991
v -0.094293 0.139447 -0.248494
v -0.089305 0.141798 -0.239672
v -0.085611 0.142779 -0.232745
v -0.094444 0.126489 -0.245390
v -0.088129 0.115420 -0.229819
v -0.101292 0.119751 -0.252607
v -0.094616 0.109037 -0.236656
v -0.106478 0.127946 -0.264587
v -0.099361 0.134944 -0.257084
v -0.112014 0.110267 -0.257965
v -0.104774 0.100052 -0.241732
v -0.124463 0.098525 -0.261575
v -0.116571 0.088928 -0.245155
v -0.130536 0.105928 -0.273885
v -0.117612 0.118109 -0.270146
v -0.136493 0.085013 -0.263546
v -0.127977 0.076127 -0.247028
v -0.145544 0.074191 -0.264329
v -0.136558 0.065876 -0.247776
v -0.152389 0.080655 -0.276742
v -0.143021 0.091906 -0.275925
v -0.209388 0.045584 -0.226311
v -0.210546 0.041843 -0.226167
v -0.196852 0.037877 -0.210716
v -0.195753 0.041422 -0.210853
v -0.207741 0.050307 -0.226575
v -0.194192 0.045898 -0.211102
v -0.217873 0.053673 -0.238401
v -0.219580 0.048769 -0.238128
v -0.220787 0.044894 -0.237954
v -0.206030 0.054948 -0.226753
v -0.192570 0.050295 -0.211270
v -0.204550 0.058561 -0.226953
v -0.191168 0.053719 -0.211460
v -0.214572 0.062224 -0.238770
v -0.216095 0.058491 -0.238587
v -0.200297 0.060862 -0.229949
v -0.202424 0.060698 -0.228155
v -0.189155 0.055742 -0.212598
v -0.187139 0.055899 -0.214297
v -0.197564 0.060863 -0.232284
v -0.184550 0.055899 -0.216509
v -0.207421 0.064467 -0.244278
v -0.210288 0.064462 -0.241830
v -0.212491 0.064314 -0.239946
v -0.194578 0.060863 -0.234772
v -0.181721 0.055899 -0.218867
v -0.190806 0.062784 -0.237077
v -0.178147 0.057718 -0.221051
v -0.200350 0.066486 -0.249292
v -0.204290 0.064478 -0.246883
v -0.185716 0.068545 -0.238860
v -0.173325 0.063175 -0.222740
v -0.179998 0.075946 -0.240196
v -0.167907 0.070187 -0.224006
v -0.189111 0.080172 -0.252541
v -0.195057 0.072476 -0.251150
v -0.174343 0.082783 -0.241160
v -0.162551 0.076667 -0.224920
v -0.169950 0.087723 -0.241857
v -0.158388 0.081348 -0.225581
v -0.178649 0.092448 -0.254248
v -0.183218 0.087295 -0.253547
v -0.163412 0.083909 -0.248253
v -0.166508 0.088094 -0.244084
v -0.155129 0.081697 -0.227689
v -0.152195 0.077732 -0.231638
v -0.159394 0.078187 -0.253553
v -0.148388 0.072310 -0.236659
v -0.167851 0.082532 -0.266307
v -0.172021 0.088473 -0.260805
v -0.175206 0.092825 -0.256476
v -0.155127 0.072237 -0.258637
v -0.144346 0.066674 -0.241476
v -0.151875 0.067497 -0.262409
v -0.141265 0.062183 -0.245049
v -0.160034 0.071469 -0.275481
v -0.163427 0.076364 -0.271580
v -0.159440 0.058645 -0.260473
v -0.153118 0.063327 -0.263023
v -0.142443 0.058233 -0.245632
v -0.148431 0.053799 -0.243216
v -0.167844 0.052507 -0.256765
v -0.156393 0.047982 -0.239703
v -0.176613 0.056057 -0.269588
v -0.167882 0.062440 -0.273436
v -0.161298 0.067288 -0.276086
v -0.176310 0.046060 -0.252547
v -0.164414 0.041874 -0.235706
v -0.184384 0.041112 -0.247851
v -0.172063 0.037186 -0.231257
v -0.193762 0.044265 -0.260342
v -0.185395 0.049378 -0.265212
v -0.191614 0.039465 -0.242708
v -0.178912 0.035627 -0.226385
v -0.198238 0.039471 -0.237352
v -0.185188 0.035631 -0.221311
v -0.208107 0.042589 -0.249463
v -0.201250 0.042573 -0.255011
v -0.204499 0.039475 -0.232017
v -0.191121 0.035637 -0.216256
v -0.209111 0.039646 -0.227937
v -0.195491 0.035797 -0.212392
v -0.219345 0.042742 -0.239720
v -0.214583 0.042598 -0.243943
v -0.239986 -0.007330 -0.199625
v -0.238163 -0.012592 -0.201527
v -0.222446 -0.011741 -0.187559
v -0.224173 -0.006756 -0.185757
v -0.242138 -0.000522 -0.197240
v -0.226213 -0.000305 -0.183497
v -0.254083 -0.000690 -0.207778
v -0.251846 -0.007754 -0.210258
v -0.249961 -0.013201 -0.212205
v -0.244132 0.006288 -0.194722
v -0.228103 0.006148 -0.181112
v -0.245517 0.011555 -0.192836
v -0.229416 0.011138 -0.179326
v -0.257582 0.011828 -0.203194
v -0.256147 0.006375 -0.205170
v -0.237355 0.014364 -0.202165
v -0.243617 0.014203 -0.194902
v -0.227616 0.013645 -0.181283
v -0.221682 0.013797 -0.188163
v -0.228787 0.014369 -0.211713
v -0.213564 0.013802 -0.197209
v -0.240307 0.014600 -0.222714
v -0.249179 0.014592 -0.212827
v -0.255654 0.014455 -0.205296
v -0.219647 0.014375 -0.221127
v -0.204904 0.013807 -0.206127
v -0.210778 0.012620 -0.229746
v -0.196502 0.012144 -0.214293
v -0.221642 0.012805 -0.241405
v -0.230835 0.014613 -0.232471
v -0.203026 0.007344 -0.236908
v -0.189158 0.007146 -0.221077
v -0.195793 0.000401 -0.243093
v -0.182306 0.000568 -0.226937
v -0.206107 0.000156 -0.255241
v -0.213608 0.007350 -0.248827
v -0.188484 -0.006357 -0.248784
v -0.175382 -0.005834 -0.232330
v -0.182954 -0.011567 -0.252869
v -0.170143 -0.010770 -0.236201
v -0.192751 -0.012265 -0.265394
v -0.198514 -0.006870 -0.261151
v -0.185886 -0.021800 -0.249847
v -0.182229 -0.016272 -0.253141
v -0.169456 -0.015227 -0.236457
v -0.172921 -0.020463 -0.233336
v -0.190676 -0.028848 -0.245337
v -0.177459 -0.027141 -0.229063
v -0.200790 -0.030007 -0.257587
v -0.195821 -0.022695 -0.262266
v -0.192008 -0.016989 -0.265680
v -0.195241 -0.035816 -0.240593
v -0.181783 -0.033742 -0.224569
v -0.198743 -0.041000 -0.236810
v -0.185101 -0.038654 -0.220985
v -0.209139 -0.042643 -0.248735
v -0.205530 -0.037244 -0.252659
v -0.205451 -0.036173 -0.231824
v -0.201948 -0.041046 -0.234064
v -0.188138 -0.038699 -0.218387
v -0.191456 -0.034082 -0.216263
v -0.209908 -0.029524 -0.228856
v -0.195678 -0.027781 -0.213450
v -0.220638 -0.030671 -0.240580
v -0.215990 -0.037599 -0.243675
v -0.212347 -0.042690 -0.245986
v -0.214374 -0.022541 -0.225559
v -0.199909 -0.021166 -0.210326
v -0.218908 -0.017178 -0.221753
v -0.204205 -0.016085 -0.206720
v -0.230003 -0.017831 -0.233185
v -0.225284 -0.023407 -0.237149
v -0.223569 -0.015391 -0.217259
v -0.208620 -0.014392 -0.202463
v -0.228144 -0.015391 -0.212483
v -0.212955 -0.014392 -0.197938
v -0.239649 -0.015958 -0.223503
v -0.234867 -0.015965 -0.228493
v -0.232425 -0.015391 -0.207831
v -0.217011 -0.014392 -0.193531
v -0.235674 -0.015234 -0.204227
v -0.220090 -0.014244 -0.190117
v -0.247486 -0.015821 -0.214891
v -0.244119 -0.015955 -0.218645
v -0.154172 -0.062156 -0.262496
v -0.150474 -0.057055 -0.266229
v -0.140081 -0.052438 -0.248522
v -0.143585 -0.057271 -0.244986
v -0.159003 -0.068548 -0.257464
v -0.148162 -0.063326 -0.240218
v -0.167327 -0.072391 -0.270488
v -0.162306 -0.065747 -0.275719
v -0.158444 -0.060471 -0.279587
v -0.163579 -0.074733 -0.252187
v -0.152497 -0.069186 -0.235220
v -0.167101 -0.079282 -0.248018
v -0.155834 -0.073496 -0.231270
v -0.175713 -0.083556 -0.260673
v -0.172084 -0.078820 -0.265004
v -0.174839 -0.075038 -0.244454
v -0.170657 -0.079310 -0.245602
v -0.159203 -0.073523 -0.228982
v -0.163165 -0.069475 -0.227894
v -0.180118 -0.069265 -0.242960
v -0.168166 -0.064005 -0.226478
v -0.189081 -0.073153 -0.255539
v -0.183595 -0.079152 -0.257092
v -0.179264 -0.083595 -0.258256
v -0.185295 -0.063305 -0.241217
v -0.173070 -0.058359 -0.224827
v -0.189161 -0.058541 -0.239867
v -0.176733 -0.053846 -0.223548
v -0.198476 -0.062033 -0.252303
v -0.194461 -0.066960 -0.253728
v -0.185700 -0.049274 -0.244996
v -0.189344 -0.054135 -0.241014
v -0.176906 -0.049672 -0.224635
v -0.173454 -0.045066 -0.228407
v -0.180698 -0.043037 -0.250122
v -0.168715 -0.039157 -0.233264
v -0.189662 -0.046129 -0.262931
v -0.194860 -0.052612 -0.257603
v -0.198651 -0.057630 -0.253456
v -0.175467 -0.036690 -0.255017
v -0.163759 -0.033144 -0.237901
v -0.171270 -0.031906 -0.258721
v -0.159783 -0.028612 -0.241411
v -0.179880 -0.034545 -0.271844
v -0.184225 -0.039533 -0.268018
v -0.163897 -0.036374 -0.262729
v -0.167628 -0.031899 -0.261131
v -0.156334 -0.028606 -0.243693
v -0.152799 -0.032845 -0.245207
v -0.159129 -0.042268 -0.264595
v -0.148282 -0.038429 -0.246974
v -0.167438 -0.045314 -0.277849
v -0.172394 -0.039188 -0.275908
v -0.176242 -0.034525 -0.274254
v -0.154275 -0.048066 -0.266252
v -0.143682 -0.043922 -0.248544
v -0.150581 -0.052610 -0.267366
v -0.140183 -0.048227 -0.249600
v -0.158540 -0.056031 -0.280730
v -0.162392 -0.051343 -0.279571
v -0.156723 -0.082712 -0.254524
v -0.160273 -0.086703 -0.250348
v -0.150543 -0.077762 -0.234468
v -0.147177 -0.073979 -0.238423
v -0.151819 -0.077550 -0.259849
v -0.142528 -0.069085 -0.243471
v -0.158720 -0.084177 -0.272209
v -0.163808 -0.089532 -0.266686
v -0.167500 -0.093633 -0.262354
v -0.146675 -0.072192 -0.264947
v -0.137652 -0.064009 -0.248307
v -0.142543 -0.068148 -0.268745
v -0.133740 -0.060179 -0.251913
v -0.149111 -0.074388 -0.281423
v -0.153382 -0.078614 -0.277495
v -0.130485 -0.082501 -0.267773
v -0.137763 -0.070921 -0.269694
v -0.129233 -0.062803 -0.252816
v -0.122331 -0.073773 -0.250988
v -0.120789 -0.096924 -0.264328
v -0.113135 -0.087437 -0.247714
v -0.126689 -0.104239 -0.276789
v -0.136750 -0.089268 -0.280359
v -0.144277 -0.077231 -0.282356
v -0.110624 -0.109443 -0.259277
v -0.103501 -0.099296 -0.242926
v -0.101519 -0.119543 -0.252667
v -0.094875 -0.108866 -0.236664
v -0.106683 -0.127707 -0.264692
v -0.116137 -0.117227 -0.271551
v -0.095005 -0.126710 -0.244546
v -0.088704 -0.115656 -0.228970
v -0.089816 -0.131216 -0.235531
v -0.083785 -0.119942 -0.220424
v -0.094524 -0.139822 -0.246888
v -0.099915 -0.135149 -0.256255
v -0.084689 -0.133332 -0.226239
v -0.078917 -0.122001 -0.211607
v -0.080930 -0.134056 -0.218980
v -0.075350 -0.122723 -0.204720
v -0.085277 -0.142715 -0.229715
v -0.089201 -0.141996 -0.237240
v -0.082787 -0.134514 -0.214260
v -0.080708 -0.134481 -0.215237
v -0.075156 -0.123036 -0.201200
v -0.077128 -0.123049 -0.200279
v -0.085466 -0.134514 -0.213188
v -0.079667 -0.123049 -0.199263
v -0.089940 -0.143245 -0.223853
v -0.087152 -0.143244 -0.224969
v -0.084986 -0.143190 -0.225955
v -0.088131 -0.134514 -0.212080
v -0.082192 -0.123049 -0.198213
v -0.090349 -0.134482 -0.211300
v -0.084288 -0.123036 -0.197470
v -0.094994 -0.143192 -0.221867
v -0.092713 -0.143244 -0.222699
v -0.098827 -0.133389 -0.220150
v -0.093924 -0.134076 -0.213578
v -0.087649 -0.122738 -0.199610
v -0.092304 -0.122052 -0.205843
v -0.105126 -0.131352 -0.228671
v -0.098287 -0.120072 -0.213927
v -0.110157 -0.139963 -0.239883
v -0.103615 -0.142054 -0.231031
v -0.098550 -0.142737 -0.224196
v -0.111549 -0.126999 -0.236883
v -0.104377 -0.115930 -0.221710
v -0.119197 -0.121076 -0.243370
v -0.111623 -0.110317 -0.227856
v -0.124787 -0.129280 -0.255167
v -0.116832 -0.135445 -0.248418
v -0.129172 -0.114331 -0.246717
v -0.121072 -0.103928 -0.231027
v -0.140137 -0.106733 -0.248027
v -0.131462 -0.096731 -0.232269
v -0.146576 -0.114330 -0.260033
v -0.135166 -0.122251 -0.258658
v -0.150758 -0.098249 -0.248406
v -0.141530 -0.088693 -0.232631
v -0.158633 -0.091359 -0.248436
v -0.148994 -0.082169 -0.232661
v -0.165816 -0.098326 -0.260441
v -0.157625 -0.105490 -0.260432
v -0.077197 -0.088029 -0.286316
v -0.081319 -0.092341 -0.283084
v -0.076596 -0.083080 -0.265243
v -0.072688 -0.078990 -0.268305
v -0.071569 -0.082386 -0.290340
v -0.067354 -0.073640 -0.272119
v -0.074626 -0.089205 -0.304067
v -0.080464 -0.095059 -0.299894
v -0.084752 -0.099496 -0.296542
v -0.065758 -0.076474 -0.294058
v -0.061844 -0.068040 -0.275648
v -0.061128 -0.071963 -0.296750
v -0.057457 -0.063768 -0.278206
v -0.063815 -0.078360 -0.310704
v -0.068597 -0.083069 -0.307920
v -0.047369 -0.085008 -0.292988
v -0.055723 -0.074187 -0.296558
v -0.052355 -0.065872 -0.278027
v -0.044437 -0.076123 -0.274637
v -0.036556 -0.098521 -0.287359
v -0.034187 -0.088925 -0.269295
v -0.038481 -0.105925 -0.300950
v -0.049705 -0.091901 -0.306787
v -0.058349 -0.080650 -0.310488
v -0.025857 -0.110264 -0.280042
v -0.024048 -0.100047 -0.262360
v -0.017344 -0.119747 -0.271603
v -0.015984 -0.109033 -0.254366
v -0.018530 -0.127942 -0.284604
v -0.027371 -0.118104 -0.293362
v -0.013093 -0.126485 -0.262609
v -0.011956 -0.115415 -0.245845
v -0.011043 -0.130824 -0.253243
v -0.010012 -0.119542 -0.236966
v -0.011980 -0.139443 -0.265510
v -0.014112 -0.134939 -0.275254
v -0.009134 -0.133108 -0.243687
v -0.008200 -0.121754 -0.227899
v -0.007861 -0.134083 -0.236237
v -0.006990 -0.122712 -0.220833
v -0.008650 -0.142775 -0.247838
v -0.009996 -0.141794 -0.255573
v -0.010283 -0.134545 -0.231328
v -0.008568 -0.134564 -0.232298
v -0.007660 -0.123095 -0.217134
v -0.009289 -0.123058 -0.216217
v -0.012419 -0.134466 -0.230304
v -0.011318 -0.122980 -0.215242
v -0.013305 -0.143213 -0.241845
v -0.011082 -0.143296 -0.242911
v -0.009302 -0.143297 -0.243885
v -0.014530 -0.134361 -0.229253
v -0.013325 -0.122886 -0.214246
v -0.016299 -0.134243 -0.228529
v -0.015000 -0.122793 -0.213556
v -0.017326 -0.142952 -0.239972
v -0.015503 -0.143099 -0.240750
v -0.022619 -0.133334 -0.239090
v -0.019104 -0.133856 -0.231283
v -0.017622 -0.122503 -0.216140
v -0.020961 -0.121972 -0.223545
v -0.027225 -0.131486 -0.249248
v -0.025339 -0.120171 -0.233182
v -0.028505 -0.140115 -0.261435
v -0.023729 -0.142013 -0.250896
v -0.020110 -0.142525 -0.242788
v -0.032188 -0.127252 -0.259098
v -0.030046 -0.116142 -0.242519
v -0.038879 -0.121676 -0.267384
v -0.036385 -0.110860 -0.250369
v -0.040616 -0.129923 -0.280275
v -0.033659 -0.135723 -0.271662
v -0.048669 -0.115802 -0.272851
v -0.045660 -0.105296 -0.255547
v -0.059985 -0.109439 -0.276447
v -0.056381 -0.099267 -0.258955
v -0.062573 -0.117159 -0.289728
v -0.050800 -0.123799 -0.285972
v -0.071254 -0.102390 -0.279123
v -0.067059 -0.092591 -0.261493
v -0.079716 -0.096664 -0.280885
v -0.075079 -0.087168 -0.263164
v -0.083103 -0.103851 -0.294334
v -0.074295 -0.109808 -0.292521
v -0.124919 -0.054944 -0.279749
v -0.123450 -0.058557 -0.279478
v -0.115575 -0.053715 -0.260581
v -0.116967 -0.050291 -0.260838
v -0.126600 -0.050303 -0.280115
v -0.118560 -0.045894 -0.261185
v -0.132532 -0.053669 -0.294514
v -0.130785 -0.058487 -0.294135
v -0.129281 -0.062220 -0.293833
v -0.128247 -0.045580 -0.280379
v -0.120121 -0.041418 -0.261436
v -0.129392 -0.041840 -0.280603
v -0.121207 -0.037873 -0.261649
v -0.135440 -0.044891 -0.294999
v -0.134239 -0.048766 -0.294788
v -0.121821 -0.039471 -0.284272
v -0.127477 -0.039641 -0.281837
v -0.119392 -0.035793 -0.262816
v -0.114033 -0.035632 -0.265122
v -0.114207 -0.039466 -0.287386
v -0.106819 -0.035627 -0.268072
v -0.119801 -0.042584 -0.301973
v -0.127676 -0.042594 -0.298752
v -0.133519 -0.042738 -0.296227
v -0.106241 -0.039461 -0.290405
v -0.099272 -0.035622 -0.270932
v -0.097767 -0.041108 -0.293033
v -0.091244 -0.037182 -0.273422
v -0.102776 -0.044261 -0.307828
v -0.111554 -0.042569 -0.305102
v -0.088630 -0.046056 -0.294973
v -0.082588 -0.041870 -0.275260
v -0.079270 -0.052503 -0.296337
v -0.073720 -0.047978 -0.276551
v -0.083596 -0.056053 -0.311256
v -0.093306 -0.049375 -0.309842
v -0.070128 -0.058642 -0.297235
v -0.065059 -0.053794 -0.277403
v -0.063327 -0.063323 -0.297683
v -0.058616 -0.058228 -0.277828
v -0.067019 -0.067283 -0.312647
v -0.074101 -0.062435 -0.312186
v -0.066605 -0.072234 -0.294144
v -0.062337 -0.067494 -0.296711
v -0.057679 -0.062178 -0.276906
v -0.061722 -0.066670 -0.274474
v -0.072246 -0.078183 -0.290646
v -0.067066 -0.072306 -0.271160
v -0.076297 -0.082528 -0.305404
v -0.070448 -0.076360 -0.309031
v -0.066007 -0.071465 -0.311677
v -0.077718 -0.083906 -0.286866
v -0.072251 -0.077728 -0.267579
v -0.081962 -0.088090 -0.283872
v -0.076271 -0.081693 -0.264744
v -0.086354 -0.092821 -0.298360
v -0.081977 -0.088468 -0.301479
v -0.090318 -0.082779 -0.283541
v -0.085926 -0.087719 -0.282831
v -0.080025 -0.081345 -0.263759
v -0.084186 -0.076663 -0.264431
v -0.095990 -0.075942 -0.284392
v -0.089560 -0.070183 -0.265235
v -0.100793 -0.080169 -0.298965
v -0.094881 -0.087291 -0.298081
v -0.090321 -0.092444 -0.297320
v -0.101839 -0.068541 -0.284908
v -0.095102 -0.063172 -0.265724
v -0.107232 -0.062780 -0.284804
v -0.100211 -0.057713 -0.265625
v -0.112485 -0.066481 -0.299388
v -0.106875 -0.072472 -0.299500
v -0.111535 -0.060858 -0.283792
v -0.104288 -0.055894 -0.264667
v -0.115149 -0.060858 -0.282360
v -0.107711 -0.055894 -0.263311
v -0.120767 -0.064463 -0.296833
v -0.116980 -0.064474 -0.298330
v -0.118474 -0.060858 -0.280995
v -0.110862 -0.055894 -0.262018
v -0.121055 -0.060694 -0.279955
v -0.113308 -0.055737 -0.261033
v -0.126937 -0.064310 -0.294301
v -0.124255 -0.064458 -0.295402
v -0.172907 -0.006285 -0.260038
v -0.174802 -0.011551 -0.258665
v -0.163603 -0.011135 -0.240879
v -0.161806 -0.006145 -0.242179
v -0.170239 0.000525 -0.261825
v -0.159277 0.000309 -0.243872
v -0.178389 0.000694 -0.275511
v -0.181152 -0.006371 -0.273659
v -0.183123 -0.011824 -0.272216
v -0.167460 0.007333 -0.263439
v -0.156644 0.006759 -0.245400
v -0.165143 0.012595 -0.264692
v -0.154449 0.011744 -0.246588
v -0.173111 0.013204 -0.278466
v -0.175501 0.007757 -0.277189
v -0.157752 0.015394 -0.268940
v -0.161948 0.015237 -0.266502
v -0.151424 0.014247 -0.248303
v -0.147449 0.014396 -0.250612
v -0.152254 0.015394 -0.272060
v -0.142239 0.014396 -0.253568
v -0.159838 0.015961 -0.286070
v -0.165581 0.015958 -0.282812
v -0.169933 0.015824 -0.280266
v -0.146438 0.015394 -0.275209
v -0.136729 0.014396 -0.256550
v -0.140626 0.017182 -0.278063
v -0.131223 0.016089 -0.259254
v -0.147694 0.017834 -0.292340
v -0.153760 0.015969 -0.289360
v -0.135146 0.022544 -0.280300
v -0.126031 0.021170 -0.261374
v -0.129885 0.029528 -0.282074
v -0.121047 0.027785 -0.263054
v -0.136517 0.030676 -0.296517
v -0.141990 0.023411 -0.294670
v -0.124734 0.036176 -0.283537
v -0.116167 0.034086 -0.264442
v -0.120714 0.041049 -0.284599
v -0.112358 0.038703 -0.265450
v -0.126970 0.042694 -0.299129
v -0.131145 0.037603 -0.298042
v -0.112332 0.035819 -0.288764
v -0.116823 0.041004 -0.286233
v -0.108673 0.038659 -0.266995
v -0.104418 0.033746 -0.269393
v -0.106536 0.028851 -0.291885
v -0.098927 0.027144 -0.272350
v -0.112420 0.030012 -0.306641
v -0.118439 0.037247 -0.303399
v -0.123075 0.042646 -0.300766
v -0.100596 0.021804 -0.294716
v -0.093300 0.020467 -0.275031
v -0.096107 0.016276 -0.296734
v -0.089046 0.015231 -0.276943
v -0.101584 0.016992 -0.311661
v -0.106258 0.022700 -0.309577
v -0.103395 0.006360 -0.294498
v -0.096881 0.011571 -0.296696
v -0.089779 0.010774 -0.276909
v -0.095951 0.005838 -0.274826
v -0.112094 -0.000397 -0.291314
v -0.104193 -0.000565 -0.271808
v -0.118200 -0.000152 -0.306033
v -0.109164 0.006873 -0.309339
v -0.102378 0.012268 -0.311617
v -0.120872 -0.007341 -0.287635
v -0.112508 -0.007143 -0.268323
v -0.130442 -0.012616 -0.283187
v -0.121575 -0.012141 -0.264109
v -0.137221 -0.012802 -0.297609
v -0.127303 -0.007347 -0.302220
v -0.141521 -0.014371 -0.277692
v -0.132071 -0.013803 -0.258903
v -0.153102 -0.014366 -0.271523
v -0.143043 -0.013797 -0.253059
v -0.160707 -0.014597 -0.285520
v -0.148705 -0.014610 -0.291913
v -0.164179 -0.014361 -0.265052
v -0.153538 -0.013793 -0.246929
v -0.172361 -0.014200 -0.260052
v -0.161291 -0.013641 -0.242192
v -0.180644 -0.014450 -0.273627
v -0.172177 -0.014589 -0.278818
v -0.078642 0.074736 -0.290123
v -0.083270 0.079286 -0.287230
v -0.077664 0.073501 -0.267839
v -0.073279 0.069189 -0.270579
v -0.072672 0.068551 -0.293747
v -0.067623 0.063329 -0.274013
v -0.076616 0.072395 -0.308693
v -0.082822 0.078823 -0.304926
v -0.087601 0.083559 -0.301911
v -0.066534 0.062159 -0.297062
v -0.061807 0.057274 -0.277154
v -0.061872 0.057058 -0.299486
v -0.057391 0.052441 -0.279449
v -0.065376 0.060474 -0.314641
v -0.070236 0.065751 -0.312139
v -0.065484 0.048071 -0.300669
v -0.061626 0.052614 -0.300601
v -0.057158 0.048231 -0.280506
v -0.060813 0.043926 -0.280570
v -0.070612 0.042271 -0.300576
v -0.065671 0.038432 -0.280482
v -0.074471 0.045318 -0.315735
v -0.069140 0.051347 -0.315832
v -0.065118 0.056035 -0.315758
v -0.075722 0.036377 -0.300257
v -0.070513 0.032849 -0.280181
v -0.079764 0.031902 -0.299876
v -0.074342 0.028609 -0.279820
v -0.083952 0.034528 -0.315004
v -0.079783 0.039192 -0.315403
v -0.089096 0.036693 -0.296452
v -0.083968 0.031909 -0.298695
v -0.078323 0.028616 -0.278702
v -0.083182 0.033148 -0.276576
v -0.095574 0.043040 -0.293391
v -0.089319 0.039161 -0.273676
v -0.100192 0.046133 -0.308327
v -0.093459 0.039538 -0.311508
v -0.088153 0.034549 -0.313822
v -0.101903 0.049277 -0.290039
v -0.095315 0.045070 -0.270500
v -0.106590 0.054138 -0.287362
v -0.099756 0.049676 -0.267964
v -0.111647 0.057634 -0.302053
v -0.106769 0.052616 -0.304843
v -0.102673 0.063309 -0.286317
v -0.106766 0.058545 -0.286214
v -0.099922 0.053849 -0.266876
v -0.096045 0.058363 -0.266974
v -0.097211 0.069268 -0.286394
v -0.090870 0.064009 -0.267047
v -0.101899 0.073156 -0.301111
v -0.107575 0.066963 -0.301032
v -0.111833 0.062037 -0.300903
v -0.091728 0.075041 -0.286203
v -0.085675 0.069480 -0.266866
v -0.087395 0.079314 -0.286017
v -0.081570 0.073527 -0.266691
v -0.091721 0.083598 -0.300697
v -0.096201 0.079155 -0.300912
v -0.058646 0.072196 -0.297103
v -0.053551 0.068152 -0.299456
v -0.050316 0.060183 -0.280738
v -0.055143 0.064012 -0.278501
v -0.065103 0.077554 -0.293822
v -0.061264 0.069090 -0.275387
v -0.067894 0.084180 -0.307700
v -0.061196 0.078618 -0.311101
v -0.055929 0.074391 -0.313534
v -0.071400 0.082717 -0.290251
v -0.067234 0.073982 -0.272002
v -0.076057 0.086707 -0.287361
v -0.071648 0.077766 -0.269266
v -0.079267 0.093637 -0.301001
v -0.074427 0.089536 -0.303996
v -0.067591 0.098252 -0.282603
v -0.075080 0.091364 -0.285039
v -0.070725 0.082173 -0.267072
v -0.063628 0.088698 -0.264761
v -0.057594 0.106738 -0.278995
v -0.054153 0.096735 -0.261339
v -0.060055 0.114334 -0.292394
v -0.070453 0.105494 -0.296152
v -0.078249 0.098330 -0.298664
v -0.047555 0.114335 -0.274394
v -0.044640 0.103932 -0.256979
v -0.039081 0.121079 -0.268158
v -0.036613 0.110321 -0.251071
v -0.040796 0.129285 -0.281099
v -0.049611 0.122255 -0.287596
v -0.033783 0.127003 -0.259643
v -0.031593 0.115933 -0.243005
v -0.030178 0.131357 -0.249861
v -0.028174 0.120077 -0.233732
v -0.031541 0.139968 -0.262075
v -0.035286 0.135450 -0.272242
v -0.026786 0.133392 -0.239822
v -0.024950 0.122056 -0.224206
v -0.024127 0.134080 -0.232066
v -0.022423 0.122742 -0.216848
v -0.025286 0.142741 -0.243590
v -0.028018 0.142058 -0.251646
v -0.019069 0.134519 -0.228868
v -0.021420 0.134486 -0.228804
v -0.019877 0.123040 -0.213783
v -0.017654 0.123053 -0.213849
v -0.016193 0.134519 -0.229109
v -0.014929 0.123053 -0.214077
v -0.017193 0.143249 -0.240630
v -0.020186 0.143249 -0.240380
v -0.022612 0.143196 -0.240285
v -0.013314 0.134518 -0.229310
v -0.012202 0.123053 -0.214268
v -0.011036 0.134485 -0.229605
v -0.010042 0.123040 -0.214542
v -0.011833 0.143194 -0.241117
v -0.014196 0.143249 -0.240841
v -0.011463 0.133336 -0.241297
v -0.010104 0.134061 -0.233237
v -0.009151 0.122727 -0.217953
v -0.010442 0.122005 -0.225601
v -0.013504 0.131220 -0.251711
v -0.012380 0.119947 -0.235484
v -0.014514 0.139827 -0.263964
v -0.012395 0.142000 -0.253150
v -0.010960 0.142719 -0.244786
v -0.015688 0.126714 -0.261881
v -0.014451 0.115660 -0.245125
v -0.019408 0.119548 -0.271605
v -0.017975 0.108870 -0.254337
v -0.020647 0.127711 -0.284633
v -0.016783 0.135154 -0.274531
v -0.026056 0.109447 -0.280682
v -0.024273 0.099301 -0.262936
v -0.034190 0.096927 -0.288599
v -0.031981 0.087441 -0.270441
v -0.035997 0.104242 -0.302267
v -0.027552 0.117232 -0.294054
v -0.042367 0.082505 -0.294843
v -0.039736 0.073776 -0.276369
v -0.048710 0.070926 -0.298897
v -0.045749 0.062806 -0.280220
v -0.051041 0.077234 -0.312945
v -0.044485 0.089272 -0.308743
v -0.158317 0.079350 -0.281015
v -0.154952 0.083417 -0.280876
v -0.155961 0.076790 -0.276810
v -0.159824 0.081161 -0.279552
v -0.176396 0.104025 -0.257660
v -0.175395 0.102441 -0.259442
v -0.173996 0.101393 -0.253497
v -0.173234 0.106426 -0.258048
v -0.093973 0.145923 -0.225953
v -0.096296 0.145828 -0.228370
v -0.092404 0.142769 -0.222109
v -0.093224 0.146183 -0.226575
v -0.086100 0.146351 -0.233587
v -0.086748 0.146564 -0.232874
v -0.084425 0.143167 -0.229835
v -0.087451 0.146113 -0.236342
v -0.224468 0.044444 -0.242292
v -0.222807 0.044334 -0.243981
v -0.221064 0.043161 -0.238064
v -0.224121 0.046115 -0.242414
v -0.217083 0.065031 -0.243259
v -0.217876 0.063527 -0.243235
v -0.213632 0.063875 -0.239037
v -0.216155 0.065254 -0.244208
v -0.179740 0.095722 -0.259109
v -0.181623 0.093875 -0.258873
v -0.176674 0.094235 -0.254723
v -0.178539 0.094224 -0.260863
v -0.162010 0.070800 -0.281297
v -0.163293 0.072756 -0.279978
v -0.158958 0.069354 -0.276867
v -0.164487 0.068977 -0.280491
v -0.253020 -0.015456 -0.217022
v -0.251752 -0.015601 -0.218660
v -0.248953 -0.015419 -0.213213
v -0.253923 -0.013328 -0.216302
v -0.261980 0.013957 -0.206437
v -0.261578 0.011813 -0.207250
v -0.257935 0.014052 -0.202610
v -0.259763 0.014093 -0.209236
v -0.194340 -0.014844 -0.271043
v -0.196517 -0.012766 -0.269633
v -0.190736 -0.014570 -0.266807
v -0.195800 -0.017047 -0.269926
v -0.214362 -0.044803 -0.251243
v -0.213043 -0.042877 -0.252862
v -0.210713 -0.044442 -0.247064
v -0.215920 -0.042932 -0.250394
v -0.160116 -0.059363 -0.285555
v -0.161620 -0.057532 -0.285289
v -0.157166 -0.058143 -0.280982
v -0.161571 -0.061484 -0.284249
v -0.180384 -0.086453 -0.263375
v -0.179017 -0.084806 -0.265141
v -0.177350 -0.085120 -0.258902
v -0.182176 -0.084875 -0.262978
v -0.202961 -0.061106 -0.256369
v -0.201566 -0.063116 -0.256973
v -0.199868 -0.059832 -0.251908
v -0.201694 -0.059189 -0.258021
v -0.180959 -0.034045 -0.277938
v -0.182738 -0.035876 -0.276591
v -0.177962 -0.032887 -0.273389
v -0.179495 -0.035814 -0.278747
v -0.170971 -0.098013 -0.264889
v -0.168087 -0.100847 -0.264904
v -0.168652 -0.095434 -0.260644
v -0.169718 -0.096543 -0.266609
v -0.149490 -0.075551 -0.287156
v -0.151209 -0.077169 -0.285789
v -0.147227 -0.073039 -0.282870
v -0.146761 -0.079923 -0.286587
v -0.085762 -0.146191 -0.230490
v -0.087156 -0.146028 -0.233397
v -0.084084 -0.143029 -0.226717
v -0.086717 -0.146426 -0.230032
v -0.097864 -0.146196 -0.225538
v -0.096809 -0.146427 -0.225909
v -0.096306 -0.143035 -0.221713
v -0.099881 -0.146044 -0.228113
v -0.087115 -0.104021 -0.299858
v -0.083990 -0.106422 -0.299238
v -0.086135 -0.101389 -0.295153
v -0.085607 -0.102437 -0.301238
v -0.062646 -0.079346 -0.316399
v -0.064535 -0.081156 -0.315480
v -0.061722 -0.076786 -0.311668
v -0.059493 -0.083413 -0.315216
v -0.008852 -0.146347 -0.248791
v -0.009274 -0.146109 -0.251830
v -0.008432 -0.143162 -0.244703
v -0.009690 -0.146561 -0.248316
v -0.018715 -0.145919 -0.243998
v -0.017809 -0.146179 -0.244354
v -0.018425 -0.142765 -0.239855
v -0.020167 -0.145824 -0.247018
v -0.130264 -0.065027 -0.298882
v -0.129087 -0.065249 -0.299494
v -0.128305 -0.063872 -0.293793
v -0.131025 -0.063523 -0.299106
v -0.137582 -0.044441 -0.300269
v -0.137214 -0.046111 -0.300277
v -0.135669 -0.043158 -0.295190
v -0.135477 -0.044330 -0.301356
v -0.066067 -0.070796 -0.317820
v -0.068673 -0.068973 -0.317827
v -0.064551 -0.069350 -0.312658
v -0.067698 -0.072751 -0.316967
v -0.089839 -0.095719 -0.302278
v -0.088151 -0.094220 -0.303569
v -0.088297 -0.094231 -0.297154
v -0.091702 -0.093871 -0.302642
v -0.186319 -0.013953 -0.276648
v -0.183352 -0.014089 -0.278635
v -0.183637 -0.014049 -0.271767
v -0.185687 -0.011810 -0.277299
v -0.174551 0.015459 -0.283988
v -0.175631 0.013331 -0.283579
v -0.171844 0.015423 -0.279117
v -0.172843 0.015605 -0.285159
v -0.127281 0.044808 -0.304750
v -0.129024 0.042936 -0.304419
v -0.125084 0.044446 -0.299656
v -0.125530 0.042881 -0.305889
v -0.102164 0.014847 -0.317481
v -0.103896 0.017052 -0.316864
v -0.100028 0.014574 -0.312346
v -0.104668 0.012769 -0.316804
v -0.091222 0.086456 -0.305913
v -0.093050 0.084878 -0.306083
v -0.089701 0.085124 -0.300727
v -0.089381 0.084809 -0.307176
v -0.065143 0.059366 -0.320834
v -0.066929 0.061488 -0.320035
v -0.063732 0.058147 -0.315578
v -0.066657 0.057535 -0.321041
v -0.087317 0.034048 -0.319954
v -0.085675 0.035817 -0.320277
v -0.085854 0.032890 -0.314706
v -0.089423 0.035881 -0.319215
v -0.114860 0.061109 -0.306145
v -0.113148 0.059193 -0.307330
v -0.113279 0.059836 -0.300951
v -0.113347 0.063120 -0.306293
v -0.054537 0.075555 -0.319109
v -0.052112 0.079926 -0.317733
v -0.053692 0.073043 -0.314336
v -0.056591 0.077173 -0.318333
v -0.081797 0.098017 -0.304476
v -0.080078 0.096546 -0.305731
v -0.080887 0.095437 -0.299725
v -0.079047 0.100851 -0.303608
v -0.024222 0.146199 -0.244657
v -0.025355 0.146049 -0.247726
v -0.023908 0.143039 -0.240539
v -0.023104 0.146432 -0.244688
v -0.011185 0.146196 -0.245673
v -0.012234 0.146432 -0.245528
v -0.010741 0.143032 -0.241567
v -0.011623 0.146031 -0.248866
v -0.163466 0.085986 -0.275417
v -0.168031 0.092174 -0.269827
v -0.172307 0.098075 -0.264000
v -0.164165 0.112470 -0.259150
v -0.151963 0.119980 -0.260145
v -0.139402 0.126777 -0.260211
v -0.127768 0.133036 -0.257918
v -0.118347 0.138927 -0.251833
v -0.110167 0.143382 -0.243647
v -0.102255 0.145331 -0.235047
v -0.091792 0.146361 -0.227965
v -0.090004 0.146486 -0.229730
v -0.088186 0.146582 -0.231477
v -0.091259 0.145150 -0.243325
v -0.096333 0.142742 -0.252298
v -0.101480 0.138170 -0.261025
v -0.108684 0.131100 -0.268626
v -0.119928 0.121199 -0.274224
v -0.132971 0.108944 -0.277973
v -0.145575 0.094817 -0.280026
v -0.149057 0.070523 -0.264374
v -0.139878 0.062403 -0.247822
v -0.166464 0.094271 -0.241853
v -0.156365 0.084905 -0.226470
v -0.087890 0.134121 -0.211623
v -0.081903 0.122726 -0.197817
v -0.080149 0.134493 -0.219119
v -0.074572 0.123073 -0.204921
v -0.222887 0.050002 -0.242662
v -0.221168 0.054950 -0.242932
v -0.219368 0.059813 -0.243124
v -0.213946 0.065330 -0.246170
v -0.210962 0.065348 -0.248713
v -0.207711 0.065394 -0.251406
v -0.203665 0.067457 -0.253883
v -0.198297 0.073531 -0.255779
v -0.192273 0.081337 -0.257195
v -0.186258 0.088599 -0.258230
v -0.175417 0.089804 -0.265232
v -0.171212 0.083816 -0.270783
v -0.166765 0.077614 -0.276086
v -0.171194 0.064128 -0.277811
v -0.180020 0.057655 -0.273931
v -0.188858 0.050960 -0.269524
v -0.197254 0.045872 -0.264627
v -0.204757 0.044219 -0.259273
v -0.211615 0.044268 -0.253715
v -0.218077 0.044291 -0.248203
v -0.210791 0.040150 -0.226348
v -0.197083 0.036274 -0.210887
v -0.203595 0.060204 -0.227288
v -0.190264 0.055275 -0.211778
v -0.168013 0.089429 -0.242391
v -0.156554 0.082964 -0.226087
v -0.150901 0.065402 -0.263770
v -0.140342 0.060199 -0.246339
v -0.255800 -0.007877 -0.214422
v -0.258065 -0.000763 -0.211910
v -0.260132 0.006354 -0.209296
v -0.253306 0.014142 -0.216807
v -0.244420 0.014158 -0.226709
v -0.234915 0.014194 -0.236500
v -0.225684 0.012411 -0.245474
v -0.217619 0.006972 -0.252925
v -0.210073 -0.000246 -0.259374
v -0.202400 -0.007362 -0.265343
v -0.199693 -0.022709 -0.266500
v -0.204695 -0.030072 -0.261788
v -0.209483 -0.037381 -0.256809
v -0.219618 -0.037698 -0.248106
v -0.224369 -0.030629 -0.244938
v -0.229085 -0.023256 -0.241450
v -0.233880 -0.017602 -0.237415
v -0.238865 -0.015691 -0.232604
v -0.243783 -0.015660 -0.227475
v -0.248376 -0.015650 -0.222486
v -0.237156 -0.014764 -0.202594
v -0.221494 -0.013798 -0.188569
v -0.245841 0.013730 -0.192344
v -0.229724 0.013198 -0.178860
v -0.181060 -0.013867 -0.254235
v -0.168349 -0.012949 -0.237494
v -0.200346 -0.042699 -0.235180
v -0.186619 -0.040265 -0.219442
v -0.165535 -0.066750 -0.280368
v -0.170619 -0.073479 -0.275072
v -0.175437 -0.079990 -0.269517
v -0.186512 -0.080368 -0.261884
v -0.192065 -0.074298 -0.260312
v -0.197508 -0.068030 -0.258481
v -0.197846 -0.054212 -0.262246
v -0.192587 -0.047650 -0.267639
v -0.187082 -0.040975 -0.272789
v -0.175689 -0.040572 -0.280402
v -0.170668 -0.046777 -0.282368
v -0.165558 -0.052883 -0.284112
v -0.149295 -0.054739 -0.267605
v -0.138965 -0.050244 -0.249826
v -0.168769 -0.080767 -0.246307
v -0.157414 -0.074903 -0.229649
v -0.190504 -0.056353 -0.239552
v -0.178005 -0.051774 -0.223249
v -0.169372 -0.030360 -0.260277
v -0.157985 -0.027147 -0.242885
v -0.165967 -0.092524 -0.270969
v -0.160840 -0.087125 -0.276532
v -0.155457 -0.081516 -0.281860
v -0.139240 -0.092115 -0.284549
v -0.129079 -0.107209 -0.280944
v -0.118429 -0.120289 -0.275673
v -0.108884 -0.130843 -0.268761
v -0.102042 -0.138357 -0.260232
v -0.096583 -0.143096 -0.250749
v -0.091192 -0.145325 -0.240977
v -0.088930 -0.146506 -0.229133
v -0.091764 -0.146506 -0.227996
v -0.094583 -0.146506 -0.226825
v -0.104936 -0.145378 -0.235060
v -0.111574 -0.143231 -0.244032
v -0.118339 -0.138643 -0.252681
v -0.126407 -0.132379 -0.259530
v -0.136950 -0.125205 -0.263102
v -0.148545 -0.117116 -0.264533
v -0.159768 -0.108105 -0.264959
v -0.161357 -0.088548 -0.248701
v -0.151574 -0.079509 -0.232910
v -0.140678 -0.066930 -0.270173
v -0.131985 -0.059024 -0.253270
v -0.079846 -0.134383 -0.216062
v -0.074329 -0.122997 -0.201965
v -0.091689 -0.134389 -0.211214
v -0.085542 -0.123000 -0.197377
v -0.081250 -0.098071 -0.304603
v -0.075368 -0.092171 -0.308804
v -0.069286 -0.085983 -0.312689
v -0.050850 -0.094812 -0.311480
v -0.039518 -0.108940 -0.305594
v -0.028298 -0.121194 -0.297960
v -0.019365 -0.131096 -0.289130
v -0.014895 -0.138166 -0.279659
v -0.012730 -0.142737 -0.269762
v -0.010712 -0.145145 -0.259653
v -0.011492 -0.146576 -0.247438
v -0.013764 -0.146481 -0.246346
v -0.016015 -0.146357 -0.245227
v -0.023743 -0.145326 -0.255222
v -0.028574 -0.143377 -0.265863
v -0.033788 -0.138922 -0.276195
v -0.040837 -0.133032 -0.284917
v -0.051173 -0.126772 -0.290728
v -0.063127 -0.119976 -0.294588
v -0.075030 -0.112467 -0.297453
v -0.082615 -0.094268 -0.281739
v -0.077825 -0.084902 -0.263972
v -0.059046 -0.070520 -0.297698
v -0.055495 -0.062399 -0.279108
v -0.007716 -0.134489 -0.233188
v -0.006852 -0.123069 -0.217959
v -0.017411 -0.134117 -0.228484
v -0.016034 -0.122721 -0.213499
v -0.132477 -0.059809 -0.299467
v -0.134248 -0.054947 -0.299847
v -0.135965 -0.049997 -0.300127
v -0.129665 -0.044287 -0.303890
v -0.121805 -0.044264 -0.307108
v -0.113554 -0.044215 -0.310246
v -0.104754 -0.045869 -0.312989
v -0.095249 -0.050956 -0.315020
v -0.085477 -0.057651 -0.316446
v -0.075881 -0.064123 -0.317376
v -0.072212 -0.077610 -0.314354
v -0.078092 -0.083811 -0.310705
v -0.083820 -0.089800 -0.306744
v -0.096306 -0.088596 -0.303479
v -0.102343 -0.081334 -0.304373
v -0.108508 -0.073527 -0.304909
v -0.114200 -0.067453 -0.304784
v -0.118817 -0.065390 -0.303694
v -0.122747 -0.065345 -0.302152
v -0.126376 -0.065327 -0.300667
v -0.122438 -0.060201 -0.279498
v -0.114617 -0.055271 -0.260600
v -0.129568 -0.040145 -0.280851
v -0.121374 -0.036269 -0.261884
v -0.060987 -0.065399 -0.297700
v -0.056399 -0.060195 -0.277843
v -0.083919 -0.089425 -0.282734
v -0.078125 -0.082960 -0.263667
v -0.183684 -0.006350 -0.278806
v -0.180917 0.000766 -0.280662
v -0.177993 0.007880 -0.282362
v -0.168459 0.015654 -0.287770
v -0.162561 0.015664 -0.291116
v -0.156310 0.015694 -0.294496
v -0.150092 0.017606 -0.297552
v -0.144294 0.023260 -0.299928
v -0.138737 0.030633 -0.301807
v -0.133245 0.037701 -0.303371
v -0.120934 0.037385 -0.308559
v -0.114854 0.030077 -0.311835
v -0.108650 0.022713 -0.314793
v -0.111582 0.007366 -0.314518
v -0.120713 0.000249 -0.311181
v -0.129869 -0.006968 -0.307347
v -0.139825 -0.012408 -0.302719
v -0.151358 -0.014190 -0.296997
v -0.163401 -0.014154 -0.290581
v -0.174889 -0.014139 -0.283870
v -0.175261 -0.013726 -0.258296
v -0.164039 -0.013194 -0.240530
v -0.163858 0.014767 -0.265400
v -0.153234 0.013802 -0.247259
v -0.118847 0.042703 -0.285171
v -0.110590 0.040269 -0.265991
v -0.094660 0.013871 -0.297418
v -0.087675 0.012952 -0.277592
v -0.084634 0.079994 -0.310249
v -0.078349 0.073484 -0.314064
v -0.071889 0.066754 -0.317552
v -0.070766 0.052887 -0.321124
v -0.076165 0.046780 -0.321025
v -0.081546 0.040575 -0.320689
v -0.094721 0.040978 -0.316924
v -0.101537 0.047653 -0.313703
v -0.108194 0.054216 -0.310177
v -0.109023 0.068035 -0.306488
v -0.103280 0.074301 -0.306568
v -0.097513 0.080371 -0.306367
v -0.085382 0.080770 -0.286110
v -0.079664 0.074906 -0.266779
v -0.060329 0.054743 -0.300436
v -0.055929 0.050248 -0.280350
v -0.081684 0.030363 -0.299596
v -0.076161 0.027151 -0.279555
v -0.108141 0.056358 -0.286325
v -0.101225 0.051778 -0.266981
v -0.061836 0.081521 -0.315891
v -0.068591 0.087130 -0.312464
v -0.075174 0.092528 -0.308735
v -0.071109 0.108110 -0.301118
v -0.060553 0.117120 -0.297280
v -0.049951 0.125209 -0.292373
v -0.041005 0.132382 -0.285749
v -0.035418 0.138647 -0.276761
v -0.031621 0.143235 -0.266458
v -0.028044 0.145382 -0.255886
v -0.020704 0.146509 -0.244879
v -0.017663 0.146510 -0.245133
v -0.014616 0.146510 -0.245348
v -0.013149 0.145329 -0.257317
v -0.015294 0.143101 -0.268270
v -0.017592 0.138362 -0.278967
v -0.021499 0.130847 -0.289180
v -0.028473 0.120293 -0.298680
v -0.037002 0.107214 -0.306954
v -0.045574 0.092118 -0.313493
v -0.051338 0.066935 -0.300245
v -0.048230 0.059028 -0.281494
v -0.077592 0.088552 -0.286124
v -0.073105 0.079513 -0.268098
v -0.022722 0.134393 -0.229131
v -0.021100 0.123004 -0.214078
v -0.009964 0.134388 -0.230126
v -0.009021 0.123001 -0.215018
v -0.264255 0.125958 -0.134768
v -0.275141 0.117808 -0.128025
v -0.275801 0.119620 -0.123241
v -0.265444 0.126804 -0.130500
v -0.253014 0.133129 -0.139029
v -0.254532 0.133329 -0.135298
v -0.250906 0.132676 -0.143741
v -0.262543 0.124650 -0.140197
v -0.274076 0.115217 -0.134145
v -0.260691 0.123296 -0.145599
v -0.248699 0.132209 -0.148418
v -0.259110 0.122081 -0.149735
v -0.246852 0.131695 -0.152004
v -0.271670 0.110249 -0.144919
v -0.272813 0.112519 -0.140251
v -0.283747 0.100180 -0.133952
v -0.282931 0.096616 -0.139043
v -0.291514 0.090071 -0.128762
v -0.290909 0.085487 -0.134134
v -0.292020 0.095782 -0.121708
v -0.284550 0.104529 -0.127281
v -0.285075 0.108687 -0.120600
v -0.292179 0.101230 -0.114643
v -0.285283 0.111663 -0.115398
v -0.292083 0.105186 -0.109182
v -0.242015 0.139316 -0.139007
v -0.240121 0.139142 -0.143079
v -0.243382 0.139305 -0.135756
v -0.232099 0.143780 -0.133808
v -0.231115 0.143821 -0.136630
v -0.229730 0.143680 -0.140133
v -0.220171 0.145946 -0.133828
v -0.220787 0.145801 -0.131387
v -0.211709 0.146517 -0.131484
v -0.212077 0.146294 -0.129339
v -0.211173 0.146608 -0.134109
v -0.219274 0.145921 -0.136822
v -0.218334 0.145881 -0.139811
v -0.210604 0.146678 -0.136736
v -0.217483 0.145675 -0.142156
v -0.210077 0.146567 -0.138817
v -0.227037 0.143255 -0.146330
v -0.228286 0.143530 -0.143622
v -0.238153 0.138963 -0.147124
v -0.236493 0.138674 -0.150241
v -0.312328 0.055954 -0.102536
v -0.312530 0.060777 -0.098435
v -0.308652 0.067126 -0.104926
v -0.308196 0.062286 -0.110092
v -0.311795 0.052566 -0.105781
v -0.307362 0.059124 -0.114204
v -0.315536 0.047719 -0.097267
v -0.315662 0.051589 -0.094975
v -0.315521 0.056575 -0.092005
v -0.312115 0.066689 -0.094605
v -0.315131 0.061767 -0.089089
v -0.311417 0.071628 -0.091701
v -0.314591 0.065838 -0.086794
v -0.307414 0.079228 -0.096611
v -0.308223 0.073633 -0.100166
v -0.303622 0.081377 -0.105733
v -0.303052 0.086645 -0.101311
v -0.299693 0.087556 -0.109953
v -0.299461 0.092201 -0.104806
v -0.299642 0.081482 -0.116610
v -0.303827 0.074974 -0.111546
v -0.303315 0.069608 -0.117593
v -0.299157 0.075518 -0.123267
v -0.302498 0.065815 -0.122310
v -0.298502 0.070929 -0.128338
v -0.318146 0.050176 -0.087459
v -0.317684 0.055177 -0.085566
v -0.318325 0.046165 -0.088888
v -0.320498 0.046237 -0.080719
v -0.320087 0.050226 -0.080107
v -0.319334 0.055180 -0.079259
v -0.321787 0.050246 -0.073038
v -0.322393 0.046268 -0.072839
v -0.322868 0.050189 -0.067643
v -0.323624 0.046236 -0.066857
v -0.321697 0.055125 -0.068604
v -0.320787 0.055182 -0.073224
v -0.319678 0.060030 -0.073402
v -0.320414 0.059974 -0.069561
v -0.318622 0.063756 -0.073489
v -0.319245 0.063697 -0.070278
v -0.317613 0.063783 -0.077662
v -0.318473 0.060046 -0.078393
v -0.317104 0.060089 -0.083654
v -0.316462 0.063850 -0.082106
v -0.321788 -0.013740 -0.089193
v -0.324356 -0.005887 -0.080626
v -0.323254 -0.001895 -0.084746
v -0.320590 -0.009198 -0.093878
v -0.319481 -0.020253 -0.095781
v -0.318271 -0.014891 -0.100757
v -0.320715 -0.027400 -0.089253
v -0.322922 -0.020349 -0.083237
v -0.325340 -0.012126 -0.075527
v -0.323609 -0.028384 -0.077599
v -0.321594 -0.034877 -0.082723
v -0.323816 -0.035086 -0.073368
v -0.322012 -0.040713 -0.077692
v -0.325868 -0.027784 -0.067659
v -0.325831 -0.020521 -0.070973
v -0.327623 -0.013910 -0.064557
v -0.327640 -0.020590 -0.061848
v -0.329142 -0.009412 -0.057601
v -0.329150 -0.015220 -0.055529
v -0.328813 -0.002068 -0.060279
v -0.327211 -0.005942 -0.068217
v -0.326412 0.000589 -0.072236
v -0.328238 0.004918 -0.063020
v -0.327546 0.010196 -0.065137
v -0.325494 0.005091 -0.075454
v -0.332710 -0.007848 -0.032169
v -0.331760 -0.007857 -0.040616
v -0.331453 -0.013345 -0.040759
v -0.332285 -0.013330 -0.033532
v -0.333187 -0.007856 -0.025756
v -0.332721 -0.013329 -0.028048
v -0.333516 -0.000780 -0.022785
v -0.332962 -0.000785 -0.030377
v -0.331867 -0.000782 -0.040388
v -0.333015 0.006283 -0.028615
v -0.333630 0.006299 -0.019872
v -0.332830 0.011782 -0.027216
v -0.333511 0.011787 -0.017610
v -0.331506 0.011803 -0.039927
v -0.331789 0.006297 -0.040149
v -0.330113 0.006332 -0.051971
v -0.329647 0.011853 -0.052931
v -0.330424 -0.000779 -0.050679
v -0.330545 -0.007886 -0.049357
v -0.330415 -0.013390 -0.048295
v -0.304755 -0.073683 -0.110328
v -0.303997 -0.067134 -0.117683
v -0.301208 -0.071748 -0.121029
v -0.301873 -0.078268 -0.113696
v -0.305061 -0.078580 -0.104616
v -0.302136 -0.083126 -0.108011
v -0.308597 -0.072505 -0.100090
v -0.308200 -0.067579 -0.105824
v -0.307326 -0.061005 -0.113207
v -0.311415 -0.061304 -0.101180
v -0.311895 -0.066238 -0.095421
v -0.313663 -0.056351 -0.097497
v -0.314219 -0.061295 -0.091745
v -0.312604 -0.049787 -0.104938
v -0.310434 -0.054731 -0.108595
v -0.309105 -0.048021 -0.115960
v -0.311202 -0.043106 -0.112330
v -0.307815 -0.042770 -0.121536
v -0.309880 -0.037913 -0.117933
v -0.304883 -0.048985 -0.126088
v -0.306098 -0.054267 -0.120538
v -0.302881 -0.060393 -0.124984
v -0.301747 -0.055098 -0.130510
v -0.300179 -0.065016 -0.128309
v -0.299139 -0.059725 -0.133810
v -0.217865 -0.145997 -0.138085
v -0.228128 -0.143734 -0.142484
v -0.226506 -0.143559 -0.145019
v -0.216358 -0.145823 -0.140366
v -0.209895 -0.146642 -0.134566
v -0.208505 -0.146487 -0.136660
v -0.211560 -0.146645 -0.131885
v -0.219637 -0.146009 -0.135148
v -0.230044 -0.143766 -0.139204
v -0.221369 -0.146020 -0.132190
v -0.213191 -0.146648 -0.129187
v -0.222648 -0.145865 -0.129781
v -0.214423 -0.146498 -0.126997
v -0.233279 -0.143671 -0.133224
v -0.231910 -0.143797 -0.135897
v -0.242344 -0.139150 -0.139283
v -0.243812 -0.139056 -0.136337
v -0.252928 -0.132568 -0.140606
v -0.254385 -0.132699 -0.137271
v -0.250918 -0.132208 -0.144792
v -0.240337 -0.139083 -0.142952
v -0.238271 -0.139016 -0.146590
v -0.248829 -0.131839 -0.148946
v -0.236534 -0.138818 -0.149393
v -0.247073 -0.131403 -0.152137
v -0.284306 -0.104695 -0.127930
v -0.274612 -0.115202 -0.133381
v -0.275513 -0.116827 -0.128753
v -0.284963 -0.107403 -0.122699
v -0.291213 -0.096106 -0.123462
v -0.291719 -0.099732 -0.117824
v -0.290281 -0.091127 -0.130749
v -0.283211 -0.100913 -0.134640
v -0.273248 -0.112870 -0.139287
v -0.281861 -0.096991 -0.141328
v -0.289028 -0.085957 -0.138006
v -0.280633 -0.093776 -0.146425
v -0.287861 -0.081815 -0.143523
v -0.270357 -0.108421 -0.149673
v -0.271708 -0.110459 -0.145173
v -0.260335 -0.122197 -0.148093
v -0.258759 -0.121117 -0.151904
v -0.262186 -0.123386 -0.143121
v -0.263918 -0.124540 -0.138123
v -0.265136 -0.125274 -0.134176
v -0.227728 -0.100176 -0.215858
v -0.230574 -0.104525 -0.209771
v -0.239410 -0.095779 -0.206811
v -0.236727 -0.090067 -0.213353
v -0.225363 -0.096612 -0.220440
v -0.234475 -0.085482 -0.218268
v -0.212830 -0.110245 -0.222506
v -0.215374 -0.112515 -0.218427
v -0.218481 -0.115214 -0.213022
v -0.202188 -0.123291 -0.219724
v -0.199395 -0.122077 -0.223159
v -0.189915 -0.132205 -0.218656
v -0.187041 -0.131691 -0.221486
v -0.193472 -0.132672 -0.214902
v -0.205634 -0.124647 -0.215170
v -0.208956 -0.125954 -0.210547
v -0.196946 -0.133125 -0.211084
v -0.211419 -0.126801 -0.206864
v -0.199553 -0.133325 -0.208014
v -0.223524 -0.119616 -0.203202
v -0.221403 -0.117805 -0.207540
v -0.233159 -0.108683 -0.203588
v -0.234981 -0.111659 -0.198712
v -0.241768 -0.101226 -0.200148
v -0.243383 -0.105182 -0.194930
v -0.163756 -0.145877 -0.200998
v -0.172021 -0.143526 -0.207725
v -0.169988 -0.143251 -0.209908
v -0.162216 -0.145671 -0.202959
v -0.157373 -0.146674 -0.195662
v -0.156223 -0.146563 -0.197475
v -0.158734 -0.146604 -0.193345
v -0.165583 -0.145917 -0.198452
v -0.174482 -0.143676 -0.204862
v -0.167370 -0.145941 -0.195888
v -0.160064 -0.146513 -0.191018
v -0.168718 -0.145797 -0.193761
v -0.161082 -0.146290 -0.189095
v -0.178708 -0.143776 -0.199593
v -0.176892 -0.143818 -0.201967
v -0.186504 -0.139313 -0.207628
v -0.188818 -0.139301 -0.204967
v -0.183433 -0.139138 -0.210906
v -0.180300 -0.138959 -0.214134
v -0.177751 -0.138671 -0.216576
v -0.251426 -0.069605 -0.206428
v -0.258406 -0.062282 -0.200826
v -0.256329 -0.059121 -0.204472
v -0.249177 -0.065812 -0.210654
v -0.245704 -0.075514 -0.210519
v -0.243499 -0.070925 -0.215133
v -0.248244 -0.081478 -0.204347
v -0.253802 -0.074970 -0.200843
v -0.260451 -0.067123 -0.196061
v -0.255421 -0.081373 -0.195256
v -0.250371 -0.087552 -0.198039
v -0.256261 -0.086640 -0.190877
v -0.251758 -0.092197 -0.193077
v -0.261873 -0.079225 -0.187775
v -0.261531 -0.073629 -0.191404
v -0.266965 -0.066685 -0.187338
v -0.267209 -0.071625 -0.184360
v -0.271553 -0.061764 -0.183039
v -0.271756 -0.065834 -0.180690
v -0.271013 -0.056572 -0.185931
v -0.266163 -0.060772 -0.191106
v -0.264691 -0.055949 -0.194939
v -0.270218 -0.051586 -0.188797
v -0.269383 -0.047716 -0.190935
v -0.263171 -0.052562 -0.197855
v -0.280771 -0.060026 -0.169556
v -0.278067 -0.060042 -0.173922
v -0.277479 -0.063780 -0.172958
v -0.279741 -0.063753 -0.169309
v -0.282670 -0.059970 -0.166138
v -0.281335 -0.063692 -0.166453
v -0.284188 -0.055121 -0.165629
v -0.281880 -0.055178 -0.169734
v -0.278615 -0.055176 -0.175013
v -0.282888 -0.050243 -0.169869
v -0.285600 -0.050186 -0.165082
v -0.283525 -0.046264 -0.169869
v -0.286564 -0.046232 -0.164571
v -0.279264 -0.046233 -0.176764
v -0.279065 -0.050221 -0.176053
v -0.274926 -0.050173 -0.182432
v -0.274649 -0.046161 -0.183845
v -0.275078 -0.055173 -0.180489
v -0.275124 -0.060086 -0.178492
v -0.274998 -0.063846 -0.176821
v -0.288696 -0.000586 -0.168574
v -0.290685 0.005945 -0.164992
v -0.286669 0.012130 -0.171379
v -0.284173 0.005890 -0.175933
v -0.286838 -0.005088 -0.171357
v -0.281865 0.001899 -0.179519
v -0.291947 -0.010192 -0.162161
v -0.293252 -0.004915 -0.160357
v -0.294637 0.002072 -0.157923
v -0.292197 0.013914 -0.161632
v -0.295770 0.009415 -0.155474
v -0.293042 0.020594 -0.159059
v -0.296411 0.015224 -0.153504
v -0.289577 0.027787 -0.164050
v -0.288529 0.020525 -0.167194
v -0.284388 0.028387 -0.172823
v -0.285878 0.035090 -0.168858
v -0.280903 0.034882 -0.177086
v -0.282839 0.040716 -0.172424
v -0.278069 0.027404 -0.183034
v -0.282010 0.020352 -0.177981
v -0.279109 0.013744 -0.183306
v -0.274897 0.020257 -0.188872
v -0.276537 0.009202 -0.187399
v -0.272225 0.014894 -0.193240
v -0.298416 -0.006328 -0.150410
v -0.299107 0.000783 -0.149276
v -0.297679 -0.011850 -0.151182
v -0.303423 -0.011799 -0.139368
v -0.303625 -0.006294 -0.139667
v -0.303627 0.000785 -0.139919
v -0.308320 -0.006279 -0.129060
v -0.308570 -0.011779 -0.127671
v -0.311578 -0.006295 -0.120924
v -0.312156 -0.011784 -0.118733
v -0.310579 0.000784 -0.123663
v -0.307731 0.000788 -0.130721
v -0.306943 0.007852 -0.132351
v -0.309358 0.007860 -0.126391
v -0.306121 0.013333 -0.133519
v -0.308213 0.013333 -0.128431
v -0.303119 0.013349 -0.140146
v -0.303455 0.007861 -0.140103
v -0.299627 0.007890 -0.148055
v -0.299826 0.013394 -0.147003
v -0.258850 0.048025 -0.204911
v -0.254588 0.054270 -0.208352
v -0.251734 0.048988 -0.213264
v -0.255917 0.042774 -0.209826
v -0.261957 0.043109 -0.202097
v -0.258985 0.037916 -0.207027
v -0.265552 0.049790 -0.195487
v -0.262367 0.054734 -0.198306
v -0.257998 0.061008 -0.201747
v -0.265569 0.061308 -0.191546
v -0.268834 0.056355 -0.188726
v -0.267786 0.066243 -0.186210
v -0.271123 0.061299 -0.183420
v -0.263219 0.072508 -0.189646
v -0.261088 0.067582 -0.194984
v -0.256430 0.073687 -0.198220
v -0.258468 0.078583 -0.192875
v -0.252657 0.078271 -0.200545
v -0.254646 0.083129 -0.195213
v -0.249781 0.071751 -0.207324
v -0.253460 0.067137 -0.204990
v -0.250165 0.060396 -0.211601
v -0.246576 0.065019 -0.213940
v -0.247396 0.055101 -0.216516
v -0.243904 0.059728 -0.218860
v -0.188155 0.139154 -0.206707
v -0.185122 0.139088 -0.209587
v -0.194634 0.132213 -0.214573
v -0.197828 0.132572 -0.211203
v -0.190453 0.139060 -0.204351
v -0.200235 0.132702 -0.208473
v -0.181376 0.143675 -0.198167
v -0.179256 0.143800 -0.200293
v -0.176468 0.143769 -0.202871
v -0.170353 0.146024 -0.193540
v -0.172307 0.145870 -0.191637
v -0.163485 0.146651 -0.188180
v -0.165327 0.146502 -0.186472
v -0.161106 0.146649 -0.190251
v -0.167800 0.146013 -0.195827
v -0.165215 0.146002 -0.198082
v -0.158701 0.146646 -0.192295
v -0.163082 0.145827 -0.199793
v -0.156738 0.146491 -0.193864
v -0.171322 0.143563 -0.207326
v -0.173641 0.143738 -0.205408
v -0.182042 0.139020 -0.212419
v -0.179532 0.138822 -0.214556
v -0.191375 0.131843 -0.217889
v -0.188728 0.131407 -0.220391
v -0.202591 0.122201 -0.220596
v -0.205873 0.123390 -0.216427
v -0.199925 0.121122 -0.223742
v -0.211650 0.108426 -0.225163
v -0.214311 0.110462 -0.221292
v -0.217578 0.112874 -0.216159
v -0.225155 0.096995 -0.220735
v -0.222427 0.093781 -0.225213
v -0.232994 0.085960 -0.219764
v -0.230196 0.081819 -0.224660
v -0.236405 0.091132 -0.213237
v -0.228484 0.100917 -0.214781
v -0.231579 0.104698 -0.208727
v -0.239521 0.096109 -0.206584
v -0.233803 0.107407 -0.203947
v -0.241726 0.099736 -0.201371
v -0.222955 0.116832 -0.206822
v -0.220682 0.115206 -0.210953
v -0.209051 0.124543 -0.212198
v -0.211417 0.125277 -0.208813
v -0.276959 0.076479 -0.118699
v -0.276434 0.071967 -0.124029
v -0.259247 0.063772 -0.116158
v -0.259738 0.068044 -0.111104
v -0.277344 0.082391 -0.111811
v -0.260100 0.073644 -0.104570
v -0.290265 0.089210 -0.117362
v -0.289863 0.083073 -0.124507
v -0.289324 0.078364 -0.130013
v -0.277373 0.088032 -0.104893
v -0.260128 0.078993 -0.098013
v -0.277163 0.092346 -0.099659
v -0.259931 0.083083 -0.093052
v -0.290086 0.099501 -0.104748
v -0.290296 0.095062 -0.110186
v -0.268062 0.102394 -0.105505
v -0.274442 0.096667 -0.099673
v -0.257357 0.087172 -0.093066
v -0.251310 0.092594 -0.098593
v -0.259300 0.109443 -0.113078
v -0.243005 0.099271 -0.105769
v -0.271585 0.117162 -0.118749
v -0.280707 0.109812 -0.110876
v -0.287331 0.103855 -0.104793
v -0.249763 0.115807 -0.120152
v -0.233969 0.105301 -0.112470
v -0.239602 0.121680 -0.124894
v -0.224343 0.110864 -0.116963
v -0.251073 0.129926 -0.131027
v -0.261651 0.123803 -0.126100
v -0.228968 0.127256 -0.125474
v -0.214268 0.116146 -0.117512
v -0.218075 0.131490 -0.123737
v -0.203943 0.120175 -0.115868
v -0.228708 0.140120 -0.129828
v -0.240018 0.135728 -0.131631
v -0.207143 0.133337 -0.121529
v -0.193565 0.121976 -0.113780
v -0.198754 0.133860 -0.119813
v -0.185606 0.122507 -0.112156
v -0.208674 0.142530 -0.125728
v -0.217367 0.142017 -0.127536
v -0.194433 0.134366 -0.122336
v -0.194880 0.134246 -0.120477
v -0.181977 0.122797 -0.112771
v -0.181556 0.122890 -0.114533
v -0.194050 0.134471 -0.124662
v -0.181190 0.122985 -0.116744
v -0.203929 0.143217 -0.130695
v -0.204327 0.143103 -0.128272
v -0.204762 0.142955 -0.126338
v -0.193631 0.134549 -0.126993
v -0.180794 0.123063 -0.118959
v -0.193414 0.134568 -0.128952
v -0.180585 0.123100 -0.120817
v -0.203241 0.143301 -0.135135
v -0.203493 0.143300 -0.133121
v -0.202982 0.133112 -0.135155
v -0.196196 0.134088 -0.131830
v -0.183192 0.122717 -0.123524
v -0.189631 0.121759 -0.126676
v -0.211848 0.130827 -0.139198
v -0.198045 0.119546 -0.130511
v -0.222346 0.139447 -0.145614
v -0.213126 0.141798 -0.141410
v -0.206065 0.142779 -0.137976
v -0.220644 0.126489 -0.143014
v -0.206383 0.115420 -0.134129
v -0.230426 0.119751 -0.144828
v -0.215650 0.109037 -0.135847
v -0.241663 0.127946 -0.151472
v -0.231496 0.134944 -0.149585
v -0.242250 0.110267 -0.142861
v -0.226852 0.100052 -0.133984
v -0.254444 0.098525 -0.138464
v -0.238407 0.088928 -0.129818
v -0.266592 0.105928 -0.144853
v -0.253939 0.118109 -0.149425
v -0.265334 0.085012 -0.132988
v -0.248736 0.076127 -0.124629
v -0.273117 0.074191 -0.128301
v -0.256118 0.065876 -0.120191
v -0.285951 0.080655 -0.134320
v -0.277892 0.091905 -0.139166
v -0.302422 0.045584 -0.060017
v -0.303274 0.041843 -0.059219
v -0.283113 0.037877 -0.054769
v -0.282305 0.041422 -0.055525
v -0.301245 0.050307 -0.061199
v -0.281188 0.045898 -0.056645
v -0.316392 0.053673 -0.064811
v -0.317613 0.048769 -0.063586
v -0.318487 0.044894 -0.062736
v -0.299965 0.054947 -0.062348
v -0.279974 0.050295 -0.057734
v -0.298885 0.058561 -0.063381
v -0.278952 0.053719 -0.058712
v -0.313939 0.062224 -0.067050
v -0.315063 0.058491 -0.066006
v -0.297205 0.060862 -0.068304
v -0.297871 0.060698 -0.065602
v -0.277993 0.055742 -0.060815
v -0.277361 0.055899 -0.063375
v -0.296367 0.060863 -0.071799
v -0.276566 0.055899 -0.066687
v -0.311391 0.064467 -0.075709
v -0.312272 0.064462 -0.072043
v -0.312947 0.064314 -0.069224
v -0.295414 0.060863 -0.075568
v -0.275663 0.055899 -0.070257
v -0.293717 0.062783 -0.079649
v -0.274055 0.057718 -0.074124
v -0.308618 0.066486 -0.083921
v -0.310389 0.064478 -0.079657
v -0.290646 0.068545 -0.084084
v -0.271146 0.063175 -0.078325
v -0.286806 0.075945 -0.088526
v -0.267508 0.070187 -0.082534
v -0.301435 0.080172 -0.093156
v -0.305427 0.072476 -0.088536
v -0.282798 0.082783 -0.092629
v -0.263712 0.076667 -0.086422
v -0.279653 0.087723 -0.095775
v -0.260733 0.081348 -0.089404
v -0.293974 0.092448 -0.100687
v -0.297259 0.087295 -0.097434
v -0.278123 0.083909 -0.104793
v -0.278178 0.088094 -0.099599
v -0.259335 0.081697 -0.093024
v -0.259283 0.077732 -0.097944
v -0.277988 0.078187 -0.111442
v -0.259154 0.072310 -0.104243
v -0.292327 0.082532 -0.116789
v -0.292466 0.088471 -0.109887
v -0.292498 0.092824 -0.104513
v -0.277524 0.072237 -0.118063
v -0.258715 0.066674 -0.110516
v -0.277110 0.067497 -0.123026
v -0.258322 0.062183 -0.115218
v -0.291395 0.071469 -0.128806
v -0.291847 0.076364 -0.123655
v -0.282092 0.058645 -0.117014
v -0.278478 0.063327 -0.122793
v -0.259618 0.058233 -0.114998
v -0.263043 0.053799 -0.109523
v -0.286712 0.052507 -0.109074
v -0.267419 0.047981 -0.102001
v -0.301344 0.056057 -0.114294
v -0.296542 0.062440 -0.122539
v -0.292773 0.067286 -0.128552
v -0.291082 0.046060 -0.100685
v -0.271559 0.041874 -0.094053
v -0.294854 0.041112 -0.092140
v -0.275132 0.037186 -0.085957
v -0.309783 0.044265 -0.096733
v -0.305876 0.049378 -0.105591
v -0.297679 0.039465 -0.083730
v -0.277809 0.035627 -0.077990
v -0.299891 0.039471 -0.075503
v -0.279905 0.035631 -0.070196
v -0.314994 0.042589 -0.079500
v -0.312707 0.042573 -0.088019
v -0.301820 0.039475 -0.067507
v -0.281733 0.035637 -0.062620
v -0.303153 0.039646 -0.061495
v -0.282997 0.035797 -0.056924
v -0.318359 0.042742 -0.065013
v -0.316988 0.042598 -0.071228
v -0.311490 -0.007330 -0.020443
v -0.311134 -0.012591 -0.023053
v -0.290208 -0.011741 -0.020991
v -0.290546 -0.006756 -0.018518
v -0.311829 -0.000522 -0.017248
v -0.290868 -0.000305 -0.015491
v -0.327687 -0.000690 -0.018753
v -0.327335 -0.007753 -0.022074
v -0.326954 -0.013201 -0.024757
v -0.311963 0.006289 -0.014039
v -0.290995 0.006148 -0.012450
v -0.311974 0.011555 -0.011699
v -0.291007 0.011138 -0.010233
v -0.327824 0.011828 -0.012987
v -0.327824 0.006375 -0.015430
v -0.310854 0.014364 -0.024044
v -0.311652 0.014203 -0.014488
v -0.290702 0.013645 -0.012874
v -0.289945 0.013797 -0.021928
v -0.309535 0.014369 -0.036805
v -0.288694 0.013802 -0.034018
v -0.325321 0.014600 -0.038934
v -0.326687 0.014592 -0.025720
v -0.327499 0.014455 -0.015821
v -0.307674 0.014375 -0.049794
v -0.286930 0.013807 -0.046324
v -0.305565 0.012620 -0.061979
v -0.284933 0.012144 -0.057868
v -0.321207 0.012805 -0.065026
v -0.323393 0.014613 -0.052394
v -0.303503 0.007344 -0.072330
v -0.282979 0.007146 -0.067674
v -0.301288 0.000401 -0.081585
v -0.280880 0.000568 -0.076442
v -0.316772 0.000156 -0.085351
v -0.319071 0.007350 -0.075753
v -0.298720 -0.006357 -0.090485
v -0.278448 -0.005834 -0.084875
v -0.296647 -0.011567 -0.097040
v -0.276485 -0.010770 -0.091085
v -0.311934 -0.012265 -0.101415
v -0.314103 -0.006869 -0.094595
v -0.297243 -0.021799 -0.092872
v -0.296220 -0.016272 -0.097687
v -0.276080 -0.015227 -0.091697
v -0.277048 -0.020463 -0.087135
v -0.298466 -0.028848 -0.086408
v -0.278208 -0.027141 -0.081011
v -0.313849 -0.030007 -0.090374
v -0.312579 -0.022695 -0.097080
v -0.311501 -0.016989 -0.102083
v -0.299371 -0.035816 -0.079887
v -0.279065 -0.033742 -0.074833
v -0.299980 -0.041000 -0.074768
v -0.279642 -0.038654 -0.069984
v -0.315400 -0.042642 -0.078305
v -0.314788 -0.037244 -0.083601
v -0.302477 -0.036173 -0.066791
v -0.300960 -0.041045 -0.070662
v -0.280572 -0.038699 -0.066097
v -0.282008 -0.034082 -0.062428
v -0.304338 -0.029523 -0.061771
v -0.283770 -0.027781 -0.057671
v -0.319910 -0.030671 -0.064948
v -0.317969 -0.037599 -0.070184
v -0.316380 -0.042690 -0.074195
v -0.306013 -0.022540 -0.056478
v -0.285357 -0.021165 -0.052656
v -0.307445 -0.017178 -0.050734
v -0.286713 -0.016085 -0.047214
v -0.323140 -0.017830 -0.053461
v -0.321652 -0.023407 -0.059441
v -0.308573 -0.015391 -0.044359
v -0.287782 -0.014392 -0.041175
v -0.309468 -0.015391 -0.037805
v -0.288630 -0.014392 -0.034966
v -0.325253 -0.015957 -0.039959
v -0.324317 -0.015965 -0.046806
v -0.310196 -0.015391 -0.031526
v -0.289321 -0.014392 -0.029017
v -0.310707 -0.015234 -0.026700
v -0.289805 -0.014244 -0.024445
v -0.326530 -0.015821 -0.028385
v -0.326014 -0.015955 -0.033400
v -0.279020 -0.062156 -0.121747
v -0.278222 -0.057055 -0.126940
v -0.259407 -0.052438 -0.118724
v -0.260163 -0.057271 -0.113804
v -0.279970 -0.068548 -0.114836
v -0.261063 -0.063326 -0.107256
v -0.294360 -0.072391 -0.120480
v -0.293373 -0.065747 -0.127663
v -0.292522 -0.060471 -0.133062
v -0.280571 -0.074733 -0.107877
v -0.261632 -0.069186 -0.100664
v -0.280969 -0.079282 -0.102434
v -0.262011 -0.073496 -0.095507
v -0.295375 -0.083556 -0.107610
v -0.294985 -0.078820 -0.113247
v -0.285136 -0.075038 -0.095002
v -0.282427 -0.079311 -0.098389
v -0.263391 -0.073523 -0.091676
v -0.265957 -0.069475 -0.088467
v -0.288528 -0.069265 -0.090691
v -0.269170 -0.064005 -0.084382
v -0.303173 -0.073153 -0.095599
v -0.299647 -0.079152 -0.100080
v -0.296828 -0.083595 -0.103568
v -0.291692 -0.063305 -0.086238
v -0.272168 -0.058359 -0.080163
v -0.294026 -0.058541 -0.082873
v -0.274379 -0.053846 -0.076976
v -0.308872 -0.062033 -0.087459
v -0.306461 -0.066960 -0.090972
v -0.294241 -0.049274 -0.089057
v -0.294848 -0.054135 -0.083693
v -0.275158 -0.049672 -0.077753
v -0.274582 -0.045066 -0.082834
v -0.293207 -0.043037 -0.096144
v -0.273603 -0.039157 -0.089548
v -0.307988 -0.046129 -0.101238
v -0.309061 -0.052612 -0.093873
v -0.309690 -0.057630 -0.088289
v -0.291852 -0.036689 -0.103179
v -0.272320 -0.033144 -0.096213
v -0.290634 -0.031906 -0.108643
v -0.271166 -0.028612 -0.101390
v -0.305313 -0.034545 -0.114198
v -0.306580 -0.039533 -0.108549
v -0.287025 -0.036373 -0.116219
v -0.289104 -0.031899 -0.112733
v -0.269717 -0.028606 -0.105264
v -0.267747 -0.032845 -0.108566
v -0.284264 -0.042268 -0.120531
v -0.265131 -0.038429 -0.112651
v -0.298776 -0.045314 -0.126369
v -0.301646 -0.039188 -0.121887
v -0.303786 -0.034524 -0.118286
v -0.281311 -0.048066 -0.124724
v -0.262333 -0.043922 -0.116624
v -0.278977 -0.052610 -0.127797
v -0.260122 -0.048227 -0.119535
v -0.293271 -0.056032 -0.133931
v -0.295706 -0.051342 -0.130729
v -0.276398 -0.082712 -0.113797
v -0.276816 -0.086703 -0.108332
v -0.259610 -0.077762 -0.101204
v -0.259211 -0.073979 -0.106383
v -0.275561 -0.077550 -0.120988
v -0.258417 -0.069085 -0.113199
v -0.288409 -0.084177 -0.126931
v -0.289278 -0.089532 -0.119472
v -0.289719 -0.093633 -0.113798
v -0.274395 -0.072192 -0.128136
v -0.257314 -0.064009 -0.119978
v -0.273285 -0.068148 -0.133638
v -0.256269 -0.060179 -0.125194
v -0.286051 -0.074388 -0.140033
v -0.287197 -0.078614 -0.134346
v -0.262958 -0.082501 -0.139939
v -0.269975 -0.070921 -0.137214
v -0.253155 -0.062803 -0.128574
v -0.246496 -0.073773 -0.131152
v -0.253089 -0.096924 -0.142850
v -0.237132 -0.087437 -0.133909
v -0.265187 -0.104239 -0.149463
v -0.275425 -0.089268 -0.146438
v -0.282688 -0.077231 -0.143629
v -0.241897 -0.109443 -0.144739
v -0.226523 -0.099296 -0.135697
v -0.230646 -0.119543 -0.144743
v -0.215864 -0.108866 -0.135701
v -0.241891 -0.127707 -0.151436
v -0.253572 -0.117227 -0.151429
v -0.220602 -0.126710 -0.142002
v -0.206349 -0.115656 -0.133105
v -0.211105 -0.131216 -0.137758
v -0.197346 -0.119942 -0.129082
v -0.221589 -0.139823 -0.144180
v -0.231456 -0.135149 -0.148589
v -0.201496 -0.133332 -0.133255
v -0.188226 -0.122001 -0.124810
v -0.194188 -0.134056 -0.129592
v -0.181292 -0.122723 -0.121335
v -0.204014 -0.142715 -0.135721
v -0.211612 -0.141996 -0.139503
v -0.192916 -0.134514 -0.124682
v -0.191808 -0.134481 -0.126694
v -0.179065 -0.123036 -0.118601
v -0.180120 -0.123049 -0.116697
v -0.194453 -0.134514 -0.122240
v -0.181577 -0.123049 -0.114383
v -0.204341 -0.143244 -0.128238
v -0.202741 -0.143244 -0.130780
v -0.201569 -0.143190 -0.132850
v -0.195958 -0.134514 -0.119777
v -0.183002 -0.123049 -0.112049
v -0.197294 -0.134482 -0.117842
v -0.184261 -0.123036 -0.110216
v -0.207263 -0.143192 -0.123660
v -0.205907 -0.143244 -0.125675
v -0.209354 -0.133388 -0.120019
v -0.201525 -0.134076 -0.117584
v -0.188238 -0.122738 -0.109972
v -0.195668 -0.122052 -0.112278
v -0.219459 -0.131353 -0.123210
v -0.205260 -0.120072 -0.115302
v -0.230120 -0.139964 -0.129323
v -0.219624 -0.142054 -0.126007
v -0.211509 -0.142738 -0.123455
v -0.229482 -0.126999 -0.126078
v -0.214762 -0.115929 -0.118019
v -0.239482 -0.121076 -0.126831
v -0.224236 -0.110317 -0.118732
v -0.250939 -0.129280 -0.133089
v -0.240537 -0.135445 -0.132305
v -0.249519 -0.114331 -0.123675
v -0.233744 -0.103928 -0.115743
v -0.259161 -0.106733 -0.118291
v -0.242881 -0.096731 -0.110641
v -0.271427 -0.114330 -0.124218
v -0.261388 -0.122251 -0.129813
v -0.267976 -0.098249 -0.112354
v -0.251238 -0.088693 -0.105016
v -0.274365 -0.091359 -0.107750
v -0.257294 -0.082169 -0.100653
v -0.287232 -0.098326 -0.113239
v -0.280600 -0.105490 -0.118047
v -0.230747 -0.088029 -0.186262
v -0.232182 -0.092342 -0.181224
v -0.217875 -0.083080 -0.169567
v -0.216513 -0.078990 -0.174341
v -0.228559 -0.082386 -0.192826
v -0.214439 -0.073640 -0.180562
v -0.239101 -0.089205 -0.202133
v -0.241371 -0.095059 -0.195326
v -0.242870 -0.099498 -0.190094
v -0.226043 -0.076475 -0.199249
v -0.212055 -0.068040 -0.186656
v -0.223880 -0.071964 -0.204148
v -0.210010 -0.063768 -0.191303
v -0.234256 -0.078360 -0.213858
v -0.236488 -0.083069 -0.208795
v -0.210537 -0.085008 -0.209193
v -0.219394 -0.074187 -0.207170
v -0.205778 -0.065872 -0.194158
v -0.197379 -0.076123 -0.196069
v -0.198481 -0.098521 -0.210994
v -0.185946 -0.088925 -0.197773
v -0.208027 -0.105925 -0.220857
v -0.220538 -0.091902 -0.218983
v -0.229707 -0.080650 -0.216896
v -0.185524 -0.110264 -0.211363
v -0.173668 -0.100047 -0.198122
v -0.173677 -0.119747 -0.209540
v -0.162444 -0.109033 -0.196394
v -0.182278 -0.127942 -0.219360
v -0.194579 -0.118104 -0.221249
v -0.164951 -0.126485 -0.204762
v -0.154177 -0.115415 -0.191868
v -0.157787 -0.130824 -0.198389
v -0.147386 -0.119542 -0.185827
v -0.165756 -0.139443 -0.207764
v -0.173208 -0.134940 -0.214393
v -0.150626 -0.133109 -0.191781
v -0.140591 -0.121754 -0.179556
v -0.145218 -0.134083 -0.186502
v -0.135458 -0.122712 -0.174551
v -0.152674 -0.142775 -0.195423
v -0.158309 -0.141795 -0.200890
v -0.144291 -0.134545 -0.181107
v -0.143474 -0.134564 -0.182900
v -0.133826 -0.123095 -0.171166
v -0.134605 -0.123058 -0.169466
v -0.145417 -0.134466 -0.179023
v -0.135673 -0.122981 -0.167485
v -0.152918 -0.143213 -0.187839
v -0.151746 -0.143297 -0.190008
v -0.150878 -0.143297 -0.191842
v -0.146507 -0.134361 -0.176932
v -0.136712 -0.122886 -0.165499
v -0.147513 -0.134243 -0.175306
v -0.137662 -0.122793 -0.163956
v -0.155070 -0.142952 -0.183960
v -0.154053 -0.143099 -0.185661
v -0.158834 -0.133334 -0.180136
v -0.151401 -0.133857 -0.175886
v -0.141301 -0.122503 -0.164505
v -0.148355 -0.121972 -0.168534
v -0.168531 -0.131486 -0.185646
v -0.157562 -0.120171 -0.173757
v -0.176729 -0.140117 -0.194753
v -0.166671 -0.142013 -0.189034
v -0.158978 -0.142525 -0.184602
v -0.178335 -0.127252 -0.190698
v -0.166857 -0.116143 -0.178544
v -0.188619 -0.121676 -0.193469
v -0.176600 -0.110860 -0.181169
v -0.197601 -0.129923 -0.202877
v -0.186910 -0.135724 -0.199998
v -0.199753 -0.115803 -0.192136
v -0.187148 -0.105296 -0.179907
v -0.211022 -0.109439 -0.188394
v -0.197824 -0.099268 -0.176362
v -0.220921 -0.117159 -0.197618
v -0.209189 -0.123799 -0.201499
v -0.221711 -0.102390 -0.183936
v -0.207955 -0.092591 -0.172138
v -0.229593 -0.096664 -0.180388
v -0.215425 -0.087168 -0.168777
v -0.240238 -0.103851 -0.189277
v -0.232046 -0.109809 -0.192988
v -0.265495 -0.054944 -0.152899
v -0.264147 -0.058557 -0.153543
v -0.246668 -0.053715 -0.142883
v -0.247945 -0.050291 -0.142273
v -0.267070 -0.050303 -0.152207
v -0.249438 -0.045894 -0.141618
v -0.280332 -0.053669 -0.160369
v -0.278696 -0.058487 -0.161089
v -0.277302 -0.062220 -0.161729
v -0.268557 -0.045580 -0.151452
v -0.250849 -0.041418 -0.140903
v -0.269616 -0.041840 -0.150961
v -0.251853 -0.037873 -0.140438
v -0.282970 -0.044891 -0.159052
v -0.281875 -0.048766 -0.159587
v -0.265647 -0.039471 -0.158379
v -0.268791 -0.039642 -0.153085
v -0.251070 -0.035794 -0.142448
v -0.248090 -0.035632 -0.147464
v -0.261317 -0.039466 -0.165374
v -0.243988 -0.035627 -0.154091
v -0.274417 -0.042585 -0.173887
v -0.278895 -0.042594 -0.166652
v -0.282138 -0.042738 -0.161175
v -0.256647 -0.039461 -0.172498
v -0.239563 -0.035622 -0.160841
v -0.251337 -0.041108 -0.179605
v -0.234532 -0.037182 -0.167573
v -0.264085 -0.044261 -0.188631
v -0.269584 -0.042569 -0.181266
v -0.245085 -0.046057 -0.186546
v -0.228609 -0.041870 -0.174149
v -0.238314 -0.052503 -0.193150
v -0.222194 -0.047978 -0.180406
v -0.250584 -0.056053 -0.202678
v -0.257607 -0.049375 -0.195826
v -0.231446 -0.058642 -0.199250
v -0.215688 -0.053794 -0.186185
v -0.226207 -0.063323 -0.203611
v -0.210725 -0.058229 -0.190317
v -0.237989 -0.067283 -0.213547
v -0.243448 -0.062436 -0.209011
v -0.226778 -0.072234 -0.198821
v -0.224835 -0.067494 -0.203406
v -0.209425 -0.062179 -0.190122
v -0.211266 -0.066670 -0.185778
v -0.229287 -0.078183 -0.192675
v -0.213643 -0.072306 -0.179955
v -0.241238 -0.082529 -0.202233
v -0.238638 -0.076360 -0.208606
v -0.236601 -0.071465 -0.213357
v -0.231491 -0.083906 -0.186401
v -0.215732 -0.077728 -0.174011
v -0.233165 -0.088090 -0.181484
v -0.217318 -0.081694 -0.169354
v -0.245235 -0.092821 -0.190624
v -0.243526 -0.088468 -0.195719
v -0.239731 -0.082779 -0.176305
v -0.235760 -0.087719 -0.178312
v -0.219776 -0.081345 -0.166351
v -0.223537 -0.076663 -0.164449
v -0.244820 -0.075942 -0.173659
v -0.228358 -0.070183 -0.161940
v -0.257272 -0.080169 -0.182626
v -0.251968 -0.087291 -0.185386
v -0.247832 -0.092444 -0.187450
v -0.249855 -0.068541 -0.170638
v -0.233129 -0.063172 -0.159078
v -0.254157 -0.062780 -0.167384
v -0.237204 -0.057713 -0.155996
v -0.266979 -0.066481 -0.176096
v -0.262507 -0.072472 -0.179484
v -0.257044 -0.060859 -0.164036
v -0.239939 -0.055894 -0.152824
v -0.259125 -0.060859 -0.160754
v -0.241911 -0.055894 -0.149714
v -0.272178 -0.064463 -0.169160
v -0.269993 -0.064474 -0.172598
v -0.261013 -0.060859 -0.157695
v -0.243700 -0.055894 -0.146817
v -0.262490 -0.060694 -0.155337
v -0.245100 -0.055738 -0.144582
v -0.275681 -0.064311 -0.163486
v -0.274159 -0.064458 -0.165952
v -0.292732 -0.006285 -0.108745
v -0.293458 -0.011551 -0.106521
v -0.273944 -0.011135 -0.098714
v -0.273254 -0.006145 -0.100822
v -0.291624 0.000525 -0.111760
v -0.272203 0.000309 -0.103678
v -0.306262 0.000694 -0.118042
v -0.307408 -0.006371 -0.114919
v -0.308155 -0.011824 -0.112593
v -0.290324 0.007333 -0.114699
v -0.270972 0.006759 -0.106463
v -0.289186 0.012595 -0.117075
v -0.269894 0.011744 -0.108714
v -0.303729 0.013204 -0.123534
v -0.304912 0.007757 -0.121096
v -0.285704 0.015394 -0.124855
v -0.287666 0.015237 -0.120417
v -0.268454 0.014247 -0.111879
v -0.266596 0.014395 -0.116084
v -0.283090 0.015394 -0.130611
v -0.264118 0.014396 -0.121537
v -0.297461 0.015961 -0.137488
v -0.300191 0.015958 -0.131476
v -0.302216 0.015824 -0.126859
v -0.280235 0.015394 -0.136577
v -0.261413 0.014396 -0.127189
v -0.277211 0.017182 -0.142302
v -0.258549 0.016089 -0.132613
v -0.291321 0.017834 -0.149698
v -0.294477 0.015969 -0.143722
v -0.274092 0.022544 -0.147334
v -0.255594 0.021169 -0.137380
v -0.270879 0.029528 -0.151861
v -0.252549 0.027785 -0.141669
v -0.284733 0.030675 -0.159647
v -0.288076 0.023411 -0.154936
v -0.267571 0.036176 -0.156072
v -0.249417 0.034086 -0.145660
v -0.264944 0.041049 -0.159294
v -0.246928 0.038703 -0.148713
v -0.278545 0.042694 -0.167372
v -0.281285 0.037603 -0.164039
v -0.260611 0.035819 -0.167591
v -0.262756 0.041004 -0.162903
v -0.244855 0.038659 -0.152130
v -0.242822 0.033746 -0.156571
v -0.257756 0.028851 -0.173523
v -0.240117 0.027144 -0.162190
v -0.271189 0.030012 -0.182002
v -0.274154 0.037247 -0.175841
v -0.276356 0.042646 -0.170986
v -0.254614 0.021804 -0.179304
v -0.237141 0.020467 -0.167667
v -0.252168 0.016276 -0.183575
v -0.234824 0.015231 -0.171714
v -0.265374 0.016992 -0.192432
v -0.267930 0.022699 -0.187999
v -0.256750 0.006360 -0.177482
v -0.252773 0.011570 -0.183090
v -0.235397 0.010774 -0.171256
v -0.239165 0.005838 -0.165943
v -0.261917 -0.000397 -0.169793
v -0.244059 -0.000565 -0.158657
v -0.275508 -0.000152 -0.178113
v -0.270141 0.006873 -0.186098
v -0.265990 0.012268 -0.191929
v -0.266856 -0.007341 -0.161658
v -0.248738 -0.007143 -0.150950
v -0.271984 -0.012616 -0.152434
v -0.253596 -0.012141 -0.142211
v -0.285946 -0.012802 -0.160117
v -0.280631 -0.007346 -0.169677
v -0.277717 -0.014371 -0.141477
v -0.259028 -0.013803 -0.131831
v -0.283460 -0.014366 -0.129679
v -0.264469 -0.013798 -0.120653
v -0.297839 -0.014597 -0.136532
v -0.291888 -0.014610 -0.148758
v -0.288618 -0.014361 -0.117933
v -0.269357 -0.013793 -0.109525
v -0.292299 -0.014200 -0.109077
v -0.272845 -0.013641 -0.101136
v -0.306979 -0.014451 -0.115192
v -0.303180 -0.014589 -0.124368
v -0.234153 0.074736 -0.188492
v -0.236197 0.079285 -0.183432
v -0.220264 0.073499 -0.171040
v -0.218328 0.069189 -0.175834
v -0.231454 0.068551 -0.194934
v -0.215770 0.063329 -0.181936
v -0.243430 0.072395 -0.204707
v -0.246236 0.078823 -0.198011
v -0.248331 0.083559 -0.192764
v -0.228437 0.062159 -0.201223
v -0.212911 0.057274 -0.187895
v -0.226089 0.057058 -0.205924
v -0.210687 0.052441 -0.192349
v -0.237833 0.060474 -0.216125
v -0.240293 0.065751 -0.211245
v -0.229707 0.048069 -0.204759
v -0.226546 0.052614 -0.206971
v -0.211120 0.048231 -0.193340
v -0.214114 0.043926 -0.191244
v -0.233801 0.042271 -0.201669
v -0.217993 0.038432 -0.188317
v -0.245833 0.045317 -0.211665
v -0.241577 0.051346 -0.214877
v -0.238280 0.056035 -0.217181
v -0.237748 0.036377 -0.198407
v -0.221733 0.032848 -0.185227
v -0.240794 0.031902 -0.195724
v -0.224618 0.028609 -0.182685
v -0.253075 0.034528 -0.205501
v -0.249936 0.039191 -0.208274
v -0.246331 0.036693 -0.187468
v -0.243501 0.031909 -0.192298
v -0.227183 0.028616 -0.179440
v -0.229864 0.033147 -0.174864
v -0.249772 0.043040 -0.181184
v -0.233124 0.039161 -0.168911
v -0.262288 0.046133 -0.190553
v -0.258711 0.039537 -0.197084
v -0.255778 0.034549 -0.202075
v -0.252923 0.049277 -0.174753
v -0.236108 0.045069 -0.162817
v -0.255141 0.054138 -0.169831
v -0.238210 0.049676 -0.158155
v -0.267867 0.057634 -0.178744
v -0.265561 0.052615 -0.183869
v -0.251358 0.063309 -0.171289
v -0.254609 0.058545 -0.168799
v -0.237706 0.053849 -0.157177
v -0.234626 0.058363 -0.159536
v -0.246984 0.069268 -0.174561
v -0.230482 0.064009 -0.162636
v -0.259427 0.073156 -0.183712
v -0.263972 0.066963 -0.180312
v -0.267342 0.062037 -0.177704
v -0.242436 0.075041 -0.177629
v -0.226174 0.069480 -0.165543
v -0.238821 0.079314 -0.180026
v -0.222749 0.073527 -0.167814
v -0.250950 0.083598 -0.189359
v -0.254700 0.079155 -0.186900
v -0.222079 0.072196 -0.205893
v -0.219340 0.068151 -0.210791
v -0.205721 0.060183 -0.197550
v -0.208311 0.064012 -0.192903
v -0.225375 0.077554 -0.199444
v -0.211433 0.069089 -0.186785
v -0.235790 0.084180 -0.209030
v -0.232370 0.078618 -0.215719
v -0.229539 0.074391 -0.220783
v -0.228370 0.082717 -0.192853
v -0.214273 0.073982 -0.180538
v -0.230439 0.086707 -0.187778
v -0.216236 0.077766 -0.175730
v -0.241053 0.093637 -0.196926
v -0.238898 0.089536 -0.202194
v -0.220793 0.098252 -0.188904
v -0.228283 0.091364 -0.186473
v -0.214200 0.082173 -0.174497
v -0.207099 0.088698 -0.176800
v -0.210585 0.106738 -0.191861
v -0.197423 0.096734 -0.179600
v -0.220451 0.114334 -0.201255
v -0.231072 0.105494 -0.198184
v -0.238856 0.098330 -0.195634
v -0.199758 0.114335 -0.194040
v -0.187164 0.103932 -0.181664
v -0.189237 0.121079 -0.193976
v -0.177197 0.110321 -0.181603
v -0.198232 0.129285 -0.203437
v -0.209182 0.122255 -0.203512
v -0.179946 0.127003 -0.190201
v -0.168395 0.115933 -0.178028
v -0.171280 0.131357 -0.184406
v -0.160179 0.120077 -0.172536
v -0.179561 0.139967 -0.193487
v -0.188568 0.135449 -0.199510
v -0.162635 0.133392 -0.178279
v -0.151971 0.122056 -0.166725
v -0.155925 0.134080 -0.173567
v -0.145602 0.122742 -0.162257
v -0.163636 0.142741 -0.182209
v -0.170582 0.142058 -0.187120
v -0.149953 0.134519 -0.173952
v -0.151817 0.134486 -0.172518
v -0.141741 0.123040 -0.161273
v -0.139981 0.123053 -0.162634
v -0.147768 0.134519 -0.175838
v -0.137910 0.123053 -0.164420
v -0.155349 0.143249 -0.184571
v -0.157623 0.143249 -0.182610
v -0.159530 0.143196 -0.181106
v -0.145557 0.134518 -0.177693
v -0.135816 0.123053 -0.166178
v -0.143888 0.134485 -0.179270
v -0.134229 0.123040 -0.167668
v -0.151299 0.143194 -0.188115
v -0.153048 0.143249 -0.186503
v -0.151106 0.133336 -0.188478
v -0.145268 0.134061 -0.182756
v -0.135513 0.122727 -0.170952
v -0.141053 0.122005 -0.176380
v -0.158878 0.131220 -0.195704
v -0.148430 0.119947 -0.183237
v -0.166897 0.139827 -0.205024
v -0.158827 0.142000 -0.197520
v -0.152749 0.142719 -0.191596
v -0.166622 0.126714 -0.202648
v -0.155772 0.115660 -0.189819
v -0.175348 0.119547 -0.208328
v -0.164038 0.108870 -0.195201
v -0.184008 0.127711 -0.218140
v -0.174943 0.135153 -0.212238
v -0.186061 0.109447 -0.211764
v -0.174188 0.099301 -0.198456
v -0.197295 0.096927 -0.213388
v -0.184835 0.087440 -0.199996
v -0.206791 0.104242 -0.223384
v -0.195131 0.117232 -0.221703
v -0.207581 0.082504 -0.213633
v -0.194594 0.073776 -0.200234
v -0.215095 0.070924 -0.213185
v -0.201722 0.062806 -0.199815
v -0.225238 0.077234 -0.223179
v -0.217464 0.089272 -0.223634
v -0.293258 0.079350 -0.134292
v -0.290455 0.083416 -0.136158
v -0.288881 0.076790 -0.132275
v -0.293618 0.081161 -0.132223
v -0.294157 0.104025 -0.104771
v -0.294394 0.102441 -0.106801
v -0.289768 0.101393 -0.102814
v -0.291827 0.106426 -0.106943
v -0.208839 0.145923 -0.127567
v -0.212138 0.145828 -0.128157
v -0.205310 0.142769 -0.125379
v -0.208598 0.146183 -0.128510
v -0.206956 0.146351 -0.138370
v -0.207061 0.146564 -0.137412
v -0.203396 0.143167 -0.136319
v -0.209668 0.146113 -0.139805
v -0.324015 0.044444 -0.064082
v -0.323664 0.044334 -0.066425
v -0.318775 0.043161 -0.062662
v -0.323806 0.046115 -0.064385
v -0.318609 0.065031 -0.069206
v -0.319236 0.063527 -0.068720
v -0.313335 0.063875 -0.067818
v -0.318416 0.065254 -0.070518
v -0.297714 0.095722 -0.103978
v -0.299099 0.093875 -0.102680
v -0.292655 0.094235 -0.102232
v -0.297774 0.094224 -0.106103
v -0.296412 0.070800 -0.132350
v -0.296674 0.072755 -0.130528
v -0.291339 0.069353 -0.130560
v -0.297942 0.068977 -0.130241
v -0.332261 -0.015456 -0.026856
v -0.332197 -0.015601 -0.028926
v -0.326732 -0.015419 -0.026164
v -0.332568 -0.013327 -0.025743
v -0.333288 0.013957 -0.013026
v -0.333440 0.011813 -0.013920
v -0.327765 0.014052 -0.012307
v -0.333139 0.014093 -0.016593
v -0.316540 -0.014844 -0.105051
v -0.317472 -0.012766 -0.102631
v -0.311135 -0.014570 -0.103743
v -0.317066 -0.017047 -0.103289
v -0.321100 -0.044803 -0.077264
v -0.320985 -0.042877 -0.079349
v -0.315692 -0.044442 -0.076028
v -0.321862 -0.042932 -0.075661
v -0.297382 -0.059363 -0.136908
v -0.298443 -0.057532 -0.135808
v -0.292308 -0.058143 -0.134943
v -0.297792 -0.061484 -0.134996
v -0.300742 -0.086453 -0.107051
v -0.300674 -0.084806 -0.109282
v -0.295659 -0.085120 -0.105216
v -0.301959 -0.084875 -0.105676
v -0.314890 -0.061106 -0.088112
v -0.314116 -0.063116 -0.089421
v -0.309765 -0.059832 -0.086321
v -0.314835 -0.059189 -0.090193
v -0.309768 -0.034045 -0.118494
v -0.310415 -0.035876 -0.116359
v -0.304669 -0.032887 -0.116576
v -0.309059 -0.035814 -0.120010
v -0.294017 -0.098013 -0.113808
v -0.291693 -0.100846 -0.115515
v -0.289646 -0.095434 -0.111736
v -0.294015 -0.096543 -0.115937
v -0.289727 -0.075551 -0.144448
v -0.290314 -0.077169 -0.142332
v -0.285377 -0.073039 -0.142311
v -0.287184 -0.079923 -0.145592
v -0.204862 -0.146191 -0.136064
v -0.207699 -0.146027 -0.137596
v -0.201287 -0.143028 -0.133998
v -0.205366 -0.146427 -0.135132
v -0.211742 -0.146196 -0.124943
v -0.211107 -0.146428 -0.125864
v -0.208234 -0.143035 -0.122765
v -0.214888 -0.146045 -0.125841
v -0.246730 -0.104021 -0.191388
v -0.243838 -0.106423 -0.192724
v -0.243172 -0.101389 -0.188158
v -0.246321 -0.102437 -0.193391
v -0.236657 -0.079346 -0.219152
v -0.237645 -0.081157 -0.217298
v -0.233129 -0.076786 -0.215868
v -0.233411 -0.083413 -0.220049
v -0.153398 -0.146347 -0.196076
v -0.155526 -0.146110 -0.198286
v -0.150656 -0.143162 -0.193015
v -0.153796 -0.146561 -0.195199
v -0.158560 -0.145919 -0.186400
v -0.158037 -0.146179 -0.187222
v -0.155890 -0.142765 -0.183220
v -0.161510 -0.145824 -0.187991
v -0.281065 -0.065027 -0.165236
v -0.280472 -0.065249 -0.166423
v -0.276489 -0.063872 -0.162271
v -0.281813 -0.063523 -0.164970
v -0.287801 -0.044441 -0.162057
v -0.287508 -0.046111 -0.162280
v -0.283267 -0.043158 -0.159072
v -0.286737 -0.044330 -0.164173
v -0.240260 -0.070796 -0.218291
v -0.242372 -0.068973 -0.216766
v -0.235999 -0.069350 -0.215006
v -0.241078 -0.072751 -0.216642
v -0.250357 -0.095719 -0.191745
v -0.249750 -0.094220 -0.193781
v -0.246097 -0.094231 -0.188506
v -0.252078 -0.093871 -0.190944
v -0.313346 -0.013953 -0.114300
v -0.312114 -0.014089 -0.117652
v -0.308307 -0.014049 -0.111928
v -0.313217 -0.011810 -0.115198
v -0.308140 0.015459 -0.127155
v -0.308773 0.013331 -0.126189
v -0.303087 0.015423 -0.124806
v -0.307446 0.015605 -0.129107
v -0.282101 0.044807 -0.171737
v -0.283317 0.042936 -0.170444
v -0.277330 0.044446 -0.168907
v -0.281354 0.042881 -0.173687
v -0.269264 0.014847 -0.196799
v -0.270302 0.017051 -0.195282
v -0.264518 0.014573 -0.193901
v -0.270892 0.012769 -0.194780
v -0.253612 0.086456 -0.193873
v -0.255190 0.084878 -0.192936
v -0.249333 0.085124 -0.190571
v -0.252865 0.084809 -0.195976
v -0.241284 0.059366 -0.221273
v -0.242259 0.061487 -0.219577
v -0.237054 0.058147 -0.217850
v -0.242631 0.057535 -0.220550
v -0.258706 0.034048 -0.207527
v -0.257568 0.035817 -0.208754
v -0.254438 0.032890 -0.204142
v -0.259975 0.035880 -0.205692
v -0.272872 0.061109 -0.180166
v -0.272184 0.059192 -0.182131
v -0.268540 0.059835 -0.176894
v -0.271735 0.063119 -0.181175
v -0.231689 0.075555 -0.226111
v -0.228919 0.079926 -0.226423
v -0.228201 0.073043 -0.222746
v -0.232896 0.077172 -0.224276
v -0.245142 0.098017 -0.198250
v -0.244489 0.096546 -0.200276
v -0.241614 0.095437 -0.194941
v -0.242407 0.100851 -0.199165
v -0.163403 0.146199 -0.183698
v -0.166123 0.146049 -0.185514
v -0.160728 0.143039 -0.180551
v -0.162516 0.146432 -0.184380
v -0.153452 0.146196 -0.192182
v -0.154216 0.146432 -0.191448
v -0.150680 0.143032 -0.189121
v -0.155684 0.146031 -0.194508
v -0.294134 0.085986 -0.126737
v -0.294541 0.092174 -0.119532
v -0.294575 0.098075 -0.112304
v -0.285138 0.112470 -0.113166
v -0.275851 0.119979 -0.121143
v -0.265727 0.126777 -0.128580
v -0.254967 0.133035 -0.133563
v -0.243769 0.138927 -0.134178
v -0.232340 0.143382 -0.132363
v -0.220884 0.145331 -0.130055
v -0.208257 0.146361 -0.130476
v -0.207847 0.146486 -0.132955
v -0.207404 0.146581 -0.135438
v -0.216853 0.145150 -0.143216
v -0.226233 0.142742 -0.147493
v -0.235526 0.138170 -0.151527
v -0.245823 0.131100 -0.153443
v -0.258209 0.121199 -0.151363
v -0.270965 0.108944 -0.146729
v -0.282368 0.094816 -0.140982
v -0.275985 0.070523 -0.126272
v -0.258831 0.062403 -0.118277
v -0.276831 0.094271 -0.097821
v -0.259619 0.084905 -0.091312
v -0.195494 0.134121 -0.119549
v -0.182535 0.122726 -0.111899
v -0.193638 0.134493 -0.130163
v -0.180781 0.123073 -0.121955
v -0.322953 0.050002 -0.065311
v -0.321721 0.054950 -0.066540
v -0.320378 0.059813 -0.067753
v -0.317782 0.065330 -0.073404
v -0.316863 0.065348 -0.077215
v -0.315816 0.065394 -0.081305
v -0.313998 0.067456 -0.085687
v -0.310770 0.073530 -0.090376
v -0.306728 0.081337 -0.095063
v -0.302470 0.088599 -0.099436
v -0.297815 0.089804 -0.111472
v -0.297676 0.083816 -0.118435
v -0.297196 0.077614 -0.125339
v -0.301792 0.064128 -0.124131
v -0.306653 0.057655 -0.115804
v -0.311212 0.050960 -0.107045
v -0.315126 0.045872 -0.098148
v -0.318050 0.044219 -0.089406
v -0.320331 0.044268 -0.080878
v -0.322319 0.044291 -0.072621
v -0.303578 0.040150 -0.059222
v -0.283401 0.036273 -0.054772
v -0.298309 0.060204 -0.064213
v -0.278407 0.055275 -0.059500
v -0.278400 0.089429 -0.097346
v -0.259546 0.082964 -0.090891
v -0.277122 0.065402 -0.124700
v -0.258334 0.060199 -0.116804
v -0.332981 -0.007877 -0.023118
v -0.333337 -0.000763 -0.019755
v -0.333473 0.006354 -0.016426
v -0.332366 0.014142 -0.026514
v -0.330997 0.014158 -0.039748
v -0.329062 0.014193 -0.053256
v -0.326869 0.012411 -0.065942
v -0.324724 0.006972 -0.076710
v -0.322410 -0.000246 -0.086363
v -0.319711 -0.007362 -0.095702
v -0.318201 -0.022709 -0.098230
v -0.319478 -0.030072 -0.091477
v -0.320425 -0.037381 -0.084635
v -0.323509 -0.037698 -0.071636
v -0.325490 -0.030629 -0.066281
v -0.327255 -0.023256 -0.060687
v -0.328762 -0.017602 -0.054604
v -0.329968 -0.015691 -0.047782
v -0.330932 -0.015660 -0.040742
v -0.331715 -0.015650 -0.034006
v -0.310946 -0.014763 -0.024508
v -0.290031 -0.013798 -0.022368
v -0.311948 0.013730 -0.011111
v -0.290983 0.013198 -0.009675
v -0.295917 -0.013867 -0.099259
v -0.275794 -0.012949 -0.093187
v -0.300319 -0.042699 -0.072507
v -0.279964 -0.040265 -0.067843
v -0.298717 -0.066750 -0.129526
v -0.299718 -0.073479 -0.122253
v -0.300351 -0.079990 -0.114927
v -0.304824 -0.080368 -0.102242
v -0.308392 -0.074298 -0.097707
v -0.311719 -0.068030 -0.093026
v -0.314206 -0.054212 -0.095873
v -0.313121 -0.047650 -0.103327
v -0.311695 -0.040975 -0.110730
v -0.306952 -0.040572 -0.123585
v -0.304046 -0.046777 -0.128127
v -0.300937 -0.052883 -0.132541
v -0.278078 -0.054739 -0.128746
v -0.259270 -0.050244 -0.120435
v -0.281313 -0.080767 -0.100069
v -0.262336 -0.074903 -0.093267
v -0.294927 -0.056354 -0.081829
v -0.275233 -0.051774 -0.075986
v -0.290012 -0.030360 -0.111017
v -0.270577 -0.027147 -0.103639
v -0.293543 -0.092524 -0.121668
v -0.292664 -0.087125 -0.129182
v -0.291441 -0.081517 -0.136657
v -0.279902 -0.092115 -0.148364
v -0.269563 -0.107209 -0.151420
v -0.257848 -0.120290 -0.153416
v -0.246064 -0.130843 -0.153434
v -0.235515 -0.138357 -0.150556
v -0.225525 -0.143096 -0.146092
v -0.215420 -0.145324 -0.141356
v -0.206627 -0.146506 -0.133103
v -0.208252 -0.146506 -0.130517
v -0.209844 -0.146506 -0.127913
v -0.223061 -0.145378 -0.128490
v -0.233704 -0.143231 -0.131847
v -0.244262 -0.138643 -0.134868
v -0.254814 -0.132379 -0.135667
v -0.265443 -0.125205 -0.132360
v -0.275665 -0.117116 -0.126702
v -0.284995 -0.108105 -0.120450
v -0.276725 -0.088548 -0.106363
v -0.259528 -0.079509 -0.099338
v -0.272615 -0.066930 -0.135889
v -0.255648 -0.059024 -0.127324
v -0.191596 -0.134383 -0.127868
v -0.178847 -0.122997 -0.119706
v -0.198327 -0.134389 -0.116985
v -0.185221 -0.123000 -0.109404
v -0.244775 -0.098071 -0.198674
v -0.242485 -0.092171 -0.205530
v -0.239848 -0.085983 -0.212248
v -0.224223 -0.094812 -0.222107
v -0.211595 -0.108940 -0.224005
v -0.198030 -0.121195 -0.224424
v -0.185614 -0.131097 -0.222532
v -0.176431 -0.138166 -0.217497
v -0.168861 -0.142737 -0.210762
v -0.161287 -0.145145 -0.203770
v -0.154738 -0.146576 -0.193429
v -0.155935 -0.146481 -0.191210
v -0.157098 -0.146357 -0.188983
v -0.169225 -0.145326 -0.192526
v -0.179388 -0.143378 -0.198295
v -0.189679 -0.138923 -0.203589
v -0.200509 -0.133032 -0.206501
v -0.212287 -0.126773 -0.205128
v -0.224226 -0.119976 -0.201224
v -0.235540 -0.112467 -0.196546
v -0.232440 -0.094268 -0.179375
v -0.218122 -0.084902 -0.167816
v -0.222753 -0.070520 -0.206139
v -0.208953 -0.062399 -0.193187
v -0.143308 -0.134489 -0.184120
v -0.133657 -0.123069 -0.172307
v -0.148386 -0.134117 -0.174616
v -0.138464 -0.122721 -0.163302
v -0.283199 -0.059809 -0.164409
v -0.284855 -0.054947 -0.163675
v -0.286409 -0.049997 -0.162892
v -0.283524 -0.044287 -0.169639
v -0.279057 -0.044264 -0.176863
v -0.274226 -0.044215 -0.184252
v -0.268719 -0.045869 -0.191643
v -0.262222 -0.050957 -0.198873
v -0.255156 -0.057651 -0.205771
v -0.247938 -0.064124 -0.212163
v -0.243194 -0.077610 -0.211875
v -0.245807 -0.083811 -0.205467
v -0.248113 -0.089800 -0.198896
v -0.256294 -0.088596 -0.188915
v -0.261704 -0.081334 -0.186090
v -0.267007 -0.073527 -0.182900
v -0.271538 -0.067453 -0.179453
v -0.274633 -0.065390 -0.175858
v -0.276905 -0.065345 -0.172300
v -0.278969 -0.065327 -0.168966
v -0.263340 -0.060201 -0.154154
v -0.245905 -0.055271 -0.143462
v -0.269904 -0.040146 -0.151058
v -0.252125 -0.036270 -0.140529
v -0.224324 -0.065399 -0.205000
v -0.208941 -0.060195 -0.191632
v -0.234080 -0.089425 -0.179413
v -0.218184 -0.082960 -0.167393
v -0.312483 -0.006350 -0.117595
v -0.311335 0.000766 -0.120723
v -0.309968 0.007880 -0.123817
v -0.305434 0.015653 -0.133796
v -0.302629 0.015664 -0.139970
v -0.299559 0.015694 -0.146378
v -0.296325 0.017606 -0.152505
v -0.293030 0.023260 -0.157836
v -0.289639 0.030633 -0.162622
v -0.286115 0.037701 -0.167116
v -0.279205 0.037384 -0.178549
v -0.276211 0.030077 -0.184773
v -0.272931 0.022713 -0.190812
v -0.275142 0.007366 -0.188867
v -0.280567 0.000249 -0.180800
v -0.285721 -0.006968 -0.172317
v -0.291056 -0.012408 -0.162720
v -0.297022 -0.014190 -0.151312
v -0.302994 -0.014154 -0.139043
v -0.308344 -0.014138 -0.126861
v -0.293613 -0.013726 -0.105953
v -0.274091 -0.013194 -0.098176
v -0.288563 0.014767 -0.118402
v -0.269304 0.013802 -0.109971
v -0.263770 0.042703 -0.160854
v -0.245815 0.040269 -0.150190
v -0.251400 0.013870 -0.184979
v -0.234096 0.012952 -0.173045
v -0.250831 0.079994 -0.201252
v -0.247988 0.073483 -0.208033
v -0.244812 0.066754 -0.214653
v -0.246004 0.052886 -0.218202
v -0.250313 0.046780 -0.214949
v -0.254469 0.040575 -0.211514
v -0.262915 0.040978 -0.200724
v -0.266536 0.047653 -0.194112
v -0.269849 0.054215 -0.187347
v -0.268351 0.068034 -0.183875
v -0.263752 0.074301 -0.187315
v -0.258968 0.080371 -0.190542
v -0.237247 0.080770 -0.181285
v -0.221259 0.074906 -0.169006
v -0.225400 0.054743 -0.207600
v -0.210034 0.050248 -0.193936
v -0.242183 0.030363 -0.194368
v -0.225935 0.027150 -0.181401
v -0.255786 0.056358 -0.168080
v -0.238821 0.051778 -0.156496
v -0.235703 0.081521 -0.219217
v -0.239154 0.087130 -0.212474
v -0.242288 0.092527 -0.205589
v -0.234521 0.108110 -0.201816
v -0.223726 0.117120 -0.204916
v -0.212264 0.125208 -0.207177
v -0.201133 0.132382 -0.207077
v -0.191331 0.138646 -0.203090
v -0.182202 0.143235 -0.196986
v -0.173095 0.145382 -0.190535
v -0.160688 0.146509 -0.185945
v -0.158375 0.146510 -0.187937
v -0.156038 0.146510 -0.189903
v -0.161886 0.145329 -0.200448
v -0.170059 0.143101 -0.208048
v -0.178206 0.138361 -0.215352
v -0.187370 0.130847 -0.221318
v -0.198596 0.120293 -0.224903
v -0.210360 0.107214 -0.226585
v -0.221138 0.092118 -0.226836
v -0.218014 0.066935 -0.212730
v -0.204477 0.059028 -0.199387
v -0.230954 0.088552 -0.185874
v -0.216728 0.079513 -0.173929
v -0.153063 0.134393 -0.172018
v -0.142903 0.123003 -0.160794
v -0.143327 0.134388 -0.180322
v -0.133684 0.123001 -0.168654
v -0.293002 0.125958 0.046293
v -0.297846 0.117808 0.058147
v -0.295568 0.119620 0.062405
v -0.291456 0.126804 0.050445
v -0.286413 0.133129 0.036238
v -0.285447 0.133329 0.040149
v -0.287477 0.132676 0.031187
v -0.294808 0.124650 0.040894
v -0.300581 0.115217 0.052570
v -0.296486 0.123296 0.035435
v -0.288440 0.132209 0.026106
v -0.297637 0.122081 0.031160
v -0.289054 0.131695 0.022120
v -0.304968 0.110249 0.042438
v -0.303148 0.112519 0.046888
v -0.308292 0.100180 0.058410
v -0.310624 0.096616 0.053812
v -0.311524 0.090071 0.067174
v -0.314193 0.085487 0.062472
v -0.307788 0.095782 0.073178
v -0.305020 0.104529 0.064279
v -0.301518 0.108687 0.069993
v -0.303764 0.101230 0.078988
v -0.298629 0.111663 0.074323
v -0.300477 0.105186 0.083350
v -0.277501 0.139316 0.029791
v -0.278363 0.139142 0.025383
v -0.276696 0.139305 0.033225
v -0.266423 0.143780 0.028169
v -0.267286 0.143821 0.025307
v -0.268224 0.143680 0.021659
v -0.256785 0.145946 0.021141
v -0.255849 0.145801 0.023478
v -0.248561 0.146517 0.018064
v -0.247598 0.146294 0.020015
v -0.249671 0.146608 0.015625
v -0.257819 0.145921 0.018191
v -0.258816 0.145881 0.015221
v -0.250754 0.146678 0.013165
v -0.259506 0.145675 0.012824
v -0.251551 0.146567 0.011172
v -0.269688 0.143256 0.015063
v -0.269107 0.143530 0.017988
v -0.279148 0.138963 0.020954
v -0.279637 0.138674 0.017457
v -0.312949 0.055954 0.100626
v -0.310701 0.060777 0.104062
v -0.311379 0.067126 0.096531
v -0.314047 0.062286 0.092084
v -0.314425 0.052566 0.097687
v -0.315790 0.059124 0.088267
v -0.312447 0.047719 0.106774
v -0.311201 0.051590 0.108702
v -0.309342 0.056575 0.111023
v -0.308115 0.066689 0.106917
v -0.307313 0.061767 0.113153
v -0.305843 0.071628 0.108857
v -0.305526 0.065838 0.114691
v -0.305490 0.079228 0.102531
v -0.308234 0.073633 0.100130
v -0.307784 0.081377 0.092922
v -0.304724 0.086645 0.096165
v -0.307086 0.087556 0.087198
v -0.303873 0.092201 0.091227
v -0.310958 0.081482 0.081782
v -0.311367 0.074974 0.088340
v -0.314507 0.069608 0.083146
v -0.314478 0.075518 0.076113
v -0.316619 0.065815 0.078851
v -0.316929 0.070929 0.071625
v -0.308794 0.050176 0.116243
v -0.307308 0.055177 0.117503
v -0.309777 0.046165 0.115192
v -0.306734 0.046237 0.123077
v -0.306042 0.050226 0.123332
v -0.304934 0.055180 0.123576
v -0.303262 0.050246 0.130050
v -0.303636 0.046268 0.130567
v -0.300966 0.050189 0.135050
v -0.301116 0.046236 0.136130
v -0.300584 0.055125 0.133585
v -0.302563 0.055182 0.129311
v -0.301770 0.060030 0.128516
v -0.300108 0.059974 0.132056
v -0.300967 0.063757 0.127825
v -0.299584 0.063697 0.130789
v -0.302603 0.063783 0.123856
v -0.303729 0.060046 0.123770
v -0.305714 0.060089 0.118709
v -0.304285 0.063850 0.119584
v -0.312759 -0.013740 0.116981
v -0.309801 -0.005886 0.125421
v -0.311331 -0.001895 0.121441
v -0.314544 -0.009198 0.112487
v -0.314764 -0.020253 0.110295
v -0.316711 -0.014890 0.105559
v -0.311926 -0.027400 0.116302
v -0.310176 -0.020348 0.122466
v -0.307600 -0.012126 0.130125
v -0.307417 -0.028383 0.127431
v -0.308800 -0.034877 0.122102
v -0.305098 -0.035086 0.130976
v -0.306180 -0.040712 0.126417
v -0.303403 -0.027784 0.136800
v -0.305321 -0.020520 0.134098
v -0.302998 -0.013910 0.140342
v -0.301421 -0.020590 0.142543
v -0.300139 -0.009411 0.146862
v -0.298928 -0.015220 0.148543
v -0.301446 -0.002068 0.144502
v -0.304817 -0.005941 0.137138
v -0.306533 0.000589 0.133417
v -0.302593 0.004919 0.141946
v -0.303278 0.010196 0.139827
v -0.307682 0.005091 0.130274
v -0.288077 -0.007848 0.169534
v -0.292274 -0.007857 0.162141
v -0.292109 -0.013345 0.161845
v -0.288535 -0.013330 0.168182
v -0.284694 -0.007856 0.175003
v -0.285664 -0.013329 0.172874
v -0.283214 -0.000780 0.177600
v -0.287228 -0.000784 0.171132
v -0.292226 -0.000782 0.162389
v -0.286235 0.006283 0.172589
v -0.281594 0.006299 0.180024
v -0.285262 0.011782 0.173611
v -0.280167 0.011788 0.181783
v -0.291662 0.011803 0.162550
v -0.292022 0.006297 0.162536
v -0.297615 0.006332 0.151987
v -0.297803 0.011854 0.150937
v -0.297108 -0.000779 0.153216
v -0.296429 -0.007886 0.154356
v -0.295699 -0.013390 0.155138
v -0.311402 -0.073682 0.089870
v -0.315112 -0.067134 0.083475
v -0.314822 -0.071748 0.079128
v -0.311050 -0.078268 0.085452
v -0.308292 -0.078580 0.094671
v -0.307922 -0.083126 0.090206
v -0.308493 -0.072505 0.100412
v -0.311542 -0.067579 0.095540
v -0.315174 -0.061005 0.089053
v -0.311413 -0.061304 0.101186
v -0.308417 -0.066238 0.106127
v -0.311067 -0.056351 0.105487
v -0.308136 -0.061294 0.110468
v -0.314584 -0.049787 0.098845
v -0.314977 -0.054731 0.094611
v -0.318231 -0.048021 0.087871
v -0.317794 -0.043106 0.092041
v -0.320465 -0.042769 0.082602
v -0.320018 -0.037913 0.086730
v -0.320769 -0.048984 0.077196
v -0.318490 -0.054267 0.082400
v -0.318500 -0.060393 0.076912
v -0.320831 -0.055097 0.071775
v -0.318269 -0.065015 0.072634
v -0.320661 -0.059725 0.067572
v -0.257422 -0.145997 0.016343
v -0.268310 -0.143734 0.018816
v -0.268489 -0.143559 0.015811
v -0.257543 -0.145823 0.013611
v -0.248906 -0.146642 0.014504
v -0.249012 -0.146487 0.011993
v -0.248676 -0.146645 0.017652
v -0.257129 -0.146009 0.019760
v -0.267932 -0.143765 0.022596
v -0.256791 -0.146020 0.023171
v -0.248410 -0.146647 0.020794
v -0.256410 -0.145865 0.025872
v -0.248119 -0.146498 0.023289
v -0.267035 -0.143671 0.029335
v -0.267498 -0.143796 0.026368
v -0.277930 -0.139150 0.029761
v -0.277386 -0.139056 0.033007
v -0.287270 -0.132568 0.034912
v -0.286489 -0.132698 0.038467
v -0.288104 -0.132208 0.030344
v -0.278463 -0.139083 0.025613
v -0.278929 -0.139016 0.021455
v -0.288856 -0.131839 0.025755
v -0.279171 -0.138818 0.018167
v -0.289311 -0.131403 0.022142
v -0.305205 -0.104694 0.063611
v -0.300566 -0.115202 0.053503
v -0.298574 -0.116827 0.057777
v -0.302661 -0.107403 0.068229
v -0.308166 -0.096105 0.071285
v -0.305262 -0.099732 0.076144
v -0.311695 -0.091127 0.064842
v -0.308263 -0.100913 0.057538
v -0.302934 -0.112870 0.047923
v -0.311101 -0.096991 0.051335
v -0.314947 -0.085957 0.058235
v -0.313104 -0.093776 0.046489
v -0.317246 -0.081815 0.053085
v -0.306700 -0.108421 0.037822
v -0.305148 -0.110458 0.042256
v -0.297664 -0.122197 0.033209
v -0.298628 -0.121117 0.029199
v -0.296238 -0.123386 0.038319
v -0.294702 -0.124539 0.043381
v -0.293368 -0.125274 0.047290
v -0.311115 -0.100176 -0.040781
v -0.309840 -0.104525 -0.034183
v -0.315248 -0.095779 -0.026594
v -0.316923 -0.090067 -0.033464
v -0.311895 -0.096612 -0.045877
v -0.317990 -0.085482 -0.038764
v -0.302969 -0.110245 -0.054916
v -0.302630 -0.112515 -0.050121
v -0.301966 -0.115214 -0.043921
v -0.292725 -0.123291 -0.058920
v -0.292484 -0.122077 -0.063340
v -0.282168 -0.132205 -0.065270
v -0.281506 -0.131691 -0.069249
v -0.282840 -0.132672 -0.060142
v -0.292836 -0.124647 -0.053210
v -0.292806 -0.125954 -0.047517
v -0.283406 -0.133125 -0.055011
v -0.292633 -0.126800 -0.043090
v -0.283710 -0.133325 -0.050995
v -0.300275 -0.119616 -0.033012
v -0.301109 -0.117804 -0.037769
v -0.308297 -0.108683 -0.027662
v -0.306905 -0.111659 -0.022646
v -0.313239 -0.101226 -0.019818
v -0.311479 -0.105183 -0.014648
v -0.250626 -0.145877 -0.066360
v -0.261267 -0.143526 -0.066944
v -0.260905 -0.143252 -0.069905
v -0.250533 -0.145671 -0.068852
v -0.242326 -0.146674 -0.065795
v -0.242461 -0.146563 -0.067937
v -0.242064 -0.146604 -0.063120
v -0.250607 -0.145917 -0.063226
v -0.261575 -0.143676 -0.063182
v -0.250546 -0.145942 -0.060102
v -0.241773 -0.146513 -0.060456
v -0.250386 -0.145797 -0.057589
v -0.241467 -0.146290 -0.058302
v -0.261897 -0.143776 -0.056435
v -0.261822 -0.143818 -0.059423
v -0.272927 -0.139313 -0.058353
v -0.273235 -0.139301 -0.054840
v -0.272369 -0.139138 -0.062810
v -0.271732 -0.138959 -0.067263
v -0.271105 -0.138671 -0.070737
v -0.324744 -0.069604 -0.019222
v -0.327098 -0.062282 -0.010587
v -0.327561 -0.059121 -0.014757
v -0.325409 -0.065811 -0.023962
v -0.322520 -0.075514 -0.025895
v -0.323447 -0.070925 -0.030923
v -0.320946 -0.081478 -0.019409
v -0.323383 -0.074970 -0.013307
v -0.325952 -0.067123 -0.005530
v -0.321410 -0.081373 -0.007835
v -0.318959 -0.087552 -0.013055
v -0.319515 -0.086640 -0.003799
v -0.317165 -0.092197 -0.008225
v -0.322231 -0.079225 0.002009
v -0.324088 -0.073629 -0.001128
v -0.326094 -0.066685 0.005356
v -0.324542 -0.071625 0.007908
v -0.327279 -0.061764 0.011531
v -0.326063 -0.065834 0.013550
v -0.328542 -0.056571 0.008873
v -0.327660 -0.060772 0.001836
v -0.328722 -0.055949 -0.002130
v -0.329584 -0.051586 0.006088
v -0.330165 -0.047715 0.003867
v -0.329206 -0.052562 -0.005383
v -0.326813 -0.060025 0.027856
v -0.327191 -0.060042 0.022736
v -0.326148 -0.063779 0.023169
v -0.325833 -0.063753 0.027451
v -0.326338 -0.059970 0.031738
v -0.325444 -0.063692 0.030698
v -0.327268 -0.055121 0.033042
v -0.327813 -0.055178 0.028365
v -0.328275 -0.055175 0.022175
v -0.328708 -0.050243 0.028847
v -0.328088 -0.050185 0.034315
v -0.329224 -0.046264 0.029222
v -0.328568 -0.046232 0.035294
v -0.329829 -0.046233 0.021140
v -0.329251 -0.050221 0.021598
v -0.329652 -0.050173 0.014004
v -0.330258 -0.046161 0.012698
v -0.328633 -0.055173 0.015666
v -0.327496 -0.060086 0.017309
v -0.326412 -0.063846 0.018586
v -0.332646 -0.000586 0.033309
v -0.332150 0.005945 0.037377
v -0.332655 0.012130 0.029849
v -0.333313 0.005890 0.024697
v -0.332779 -0.005087 0.029966
v -0.333553 0.001899 0.020439
v -0.331507 -0.010192 0.040408
v -0.331502 -0.004915 0.042635
v -0.331192 0.002072 0.045419
v -0.331398 0.013914 0.040983
v -0.330669 0.009415 0.048065
v -0.330569 0.020594 0.043561
v -0.330030 0.015224 0.050036
v -0.330700 0.027787 0.037487
v -0.331700 0.020525 0.034328
v -0.331658 0.028387 0.027340
v -0.330533 0.035090 0.031423
v -0.331345 0.034881 0.021842
v -0.330170 0.040716 0.026752
v -0.332548 0.027404 0.015364
v -0.332766 0.020352 0.021768
v -0.333549 0.013744 0.015756
v -0.333413 0.020257 0.008777
v -0.333874 0.009202 0.010932
v -0.333820 0.014894 0.003673
v -0.329833 -0.006328 0.053717
v -0.329725 0.000783 0.055042
v -0.329690 -0.011850 0.052660
v -0.327394 -0.011799 0.065594
v -0.327733 -0.006294 0.065471
v -0.327882 0.000786 0.065268
v -0.325296 -0.006279 0.076812
v -0.324683 -0.011779 0.078082
v -0.323150 -0.006295 0.085309
v -0.322330 -0.011784 0.087421
v -0.323952 0.000784 0.082506
v -0.325796 0.000788 0.075121
v -0.326117 0.007852 0.073339
v -0.324567 0.007860 0.079581
v -0.326139 0.013333 0.071912
v -0.324840 0.013333 0.077257
v -0.327606 0.013349 0.064786
v -0.327852 0.007861 0.065018
v -0.329428 0.007890 0.056335
v -0.328972 0.013394 0.057303
v -0.329859 0.048025 -0.013631
v -0.328433 0.054270 -0.018920
v -0.329011 0.048988 -0.024571
v -0.330375 0.042773 -0.019331
v -0.330718 0.043109 -0.009528
v -0.331211 0.037916 -0.015264
v -0.329741 0.049790 -0.002068
v -0.328821 0.054734 -0.006220
v -0.327309 0.061008 -0.011572
v -0.327438 0.061308 0.001131
v -0.328423 0.056355 0.005332
v -0.326096 0.066243 0.006751
v -0.327155 0.061299 0.010970
v -0.324421 0.072508 0.001287
v -0.325834 0.067582 -0.004285
v -0.323968 0.073687 -0.009640
v -0.322475 0.078583 -0.004118
v -0.322282 0.078271 -0.013739
v -0.320757 0.083129 -0.008256
v -0.323940 0.071751 -0.020913
v -0.325545 0.067137 -0.016863
v -0.326764 0.060396 -0.024148
v -0.325236 0.065019 -0.028150
v -0.327413 0.055101 -0.029752
v -0.325966 0.059728 -0.033701
v -0.273721 0.139154 -0.056638
v -0.272960 0.139088 -0.060750
v -0.283586 0.132213 -0.059193
v -0.284188 0.132572 -0.054589
v -0.274195 0.139060 -0.053381
v -0.284531 0.132702 -0.050966
v -0.263217 0.143674 -0.053713
v -0.262750 0.143800 -0.056679
v -0.262011 0.143769 -0.060403
v -0.251579 0.146024 -0.056449
v -0.252042 0.145870 -0.053761
v -0.242872 0.146651 -0.056150
v -0.243359 0.146502 -0.053685
v -0.242165 0.146649 -0.059223
v -0.250858 0.146013 -0.059800
v -0.250092 0.146001 -0.063143
v -0.241421 0.146646 -0.062290
v -0.249372 0.145827 -0.065781
v -0.240755 0.146491 -0.064713
v -0.260466 0.143563 -0.067033
v -0.261215 0.143738 -0.064118
v -0.272133 0.139020 -0.064851
v -0.271358 0.138822 -0.068056
v -0.282898 0.131843 -0.063792
v -0.282227 0.131407 -0.067372
v -0.293563 0.122201 -0.059388
v -0.293768 0.123390 -0.054087
v -0.293256 0.121120 -0.063501
v -0.303577 0.108424 -0.057759
v -0.303455 0.110462 -0.053063
v -0.303080 0.112874 -0.046990
v -0.311899 0.096995 -0.046239
v -0.312324 0.093781 -0.051464
v -0.317671 0.085961 -0.040845
v -0.318285 0.081819 -0.046451
v -0.316594 0.091132 -0.033560
v -0.311093 0.100917 -0.039464
v -0.310039 0.104698 -0.032748
v -0.315204 0.096109 -0.026346
v -0.309028 0.107407 -0.027573
v -0.313924 0.099736 -0.020832
v -0.301942 0.116831 -0.036275
v -0.302531 0.115206 -0.040953
v -0.293853 0.124543 -0.048797
v -0.293778 0.125277 -0.044668
v -0.293835 0.076479 0.066760
v -0.296543 0.071967 0.062140
v -0.278012 0.063772 0.058406
v -0.275439 0.068044 0.062783
v -0.290098 0.082391 0.072559
v -0.271891 0.073644 0.068281
v -0.303814 0.089210 0.075663
v -0.307688 0.083073 0.069647
v -0.310489 0.078364 0.064875
v -0.286055 0.088032 0.078172
v -0.268059 0.078993 0.073603
v -0.282808 0.092346 0.082284
v -0.264984 0.083083 0.077500
v -0.296255 0.099501 0.085763
v -0.299621 0.095063 0.081486
v -0.278882 0.102394 0.072205
v -0.280615 0.096667 0.080674
v -0.262910 0.087172 0.075976
v -0.261266 0.092594 0.067950
v -0.276244 0.109443 0.060927
v -0.258765 0.099271 0.057263
v -0.289517 0.117162 0.063561
v -0.292269 0.109812 0.075292
v -0.294053 0.103855 0.084107
v -0.272687 0.115807 0.049599
v -0.255394 0.105301 0.046531
v -0.267254 0.121680 0.039790
v -0.250247 0.110864 0.037238
v -0.280139 0.129926 0.041571
v -0.285801 0.123803 0.051775
v -0.258991 0.127256 0.033071
v -0.242419 0.116146 0.030872
v -0.249158 0.131490 0.028074
v -0.233099 0.120175 0.026133
v -0.261340 0.140120 0.029396
v -0.271550 0.135728 0.034585
v -0.239016 0.133337 0.023433
v -0.223477 0.121976 0.021722
v -0.231221 0.133860 0.019891
v -0.216083 0.122507 0.018358
v -0.242723 0.142530 0.020937
v -0.250818 0.142017 0.024584
v -0.229207 0.134366 0.015310
v -0.228477 0.134246 0.017078
v -0.213508 0.122797 0.015727
v -0.214204 0.122890 0.014054
v -0.230265 0.134471 0.013203
v -0.215207 0.122985 0.012050
v -0.241803 0.143217 0.014129
v -0.240701 0.143103 0.016323
v -0.239916 0.142955 0.018144
v -0.231296 0.134549 0.011071
v -0.216189 0.123063 0.010025
v -0.232273 0.134568 0.009359
v -0.217112 0.123100 0.008399
v -0.243856 0.143301 0.010133
v -0.242877 0.143300 0.011910
v -0.243659 0.133112 0.009964
v -0.236214 0.134088 0.008666
v -0.220812 0.122717 0.007742
v -0.227874 0.121759 0.008976
v -0.253208 0.130827 0.011905
v -0.236935 0.119546 0.010819
v -0.265473 0.139447 0.012884
v -0.255542 0.141798 0.010866
v -0.247812 0.142779 0.009494
v -0.262567 0.126489 0.013988
v -0.245807 0.115420 0.012793
v -0.271547 0.119751 0.018270
v -0.254314 0.109037 0.016850
v -0.284543 0.127946 0.019500
v -0.275209 0.134944 0.015050
v -0.279957 0.110267 0.026811
v -0.262281 0.100052 0.024942
v -0.287237 0.098525 0.037536
v -0.269181 0.088928 0.035104
v -0.300821 0.105928 0.039508
v -0.293272 0.118109 0.028372
v -0.292829 0.085012 0.048368
v -0.274488 0.076127 0.045373
v -0.296370 0.074191 0.056734
v -0.277851 0.065876 0.053303
v -0.310291 0.080655 0.059408
v -0.306620 0.091905 0.050751
v -0.279942 0.045584 0.129202
v -0.280163 0.041843 0.130348
v -0.261237 0.037877 0.122098
v -0.261027 0.041422 0.121011
v -0.279685 0.050307 0.127554
v -0.260781 0.045898 0.119449
v -0.294063 0.053673 0.133535
v -0.294331 0.048771 0.135243
v -0.294537 0.044895 0.136445
v -0.279324 0.054947 0.125872
v -0.260440 0.050295 0.117855
v -0.279058 0.058561 0.124402
v -0.260188 0.053719 0.116462
v -0.293393 0.062224 0.130282
v -0.293690 0.058491 0.131786
v -0.280592 0.060862 0.119431
v -0.279544 0.060698 0.122009
v -0.260648 0.055742 0.114197
v -0.261641 0.055899 0.111754
v -0.281969 0.060863 0.116111
v -0.262945 0.055899 0.108608
v -0.296422 0.064467 0.121778
v -0.294979 0.064462 0.125262
v -0.293869 0.064314 0.127939
v -0.283413 0.060863 0.112502
v -0.264313 0.055899 0.105188
v -0.284439 0.062783 0.108202
v -0.265285 0.057718 0.101115
v -0.299005 0.066486 0.113505
v -0.297932 0.064478 0.117996
v -0.284562 0.068545 0.102810
v -0.265401 0.063175 0.096007
v -0.284066 0.075945 0.096959
v -0.264932 0.070187 0.090463
v -0.298623 0.080172 0.101812
v -0.299137 0.072476 0.107896
v -0.283235 0.082783 0.091283
v -0.264146 0.076667 0.085086
v -0.282540 0.087723 0.086889
v -0.263488 0.081348 0.080923
v -0.297013 0.092448 0.091334
v -0.297759 0.087295 0.095896
v -0.286602 0.083909 0.078695
v -0.283594 0.088094 0.082928
v -0.264485 0.081697 0.077172
v -0.267335 0.077732 0.073162
v -0.290401 0.078187 0.073236
v -0.270934 0.072310 0.067990
v -0.305145 0.082532 0.077338
v -0.301201 0.088473 0.083004
v -0.298068 0.092825 0.087371
v -0.293918 0.072237 0.067607
v -0.274265 0.066674 0.062656
v -0.296500 0.067497 0.063348
v -0.276712 0.062183 0.058622
v -0.311454 0.071469 0.067069
v -0.308793 0.076364 0.071501
v -0.296997 0.058645 0.071141
v -0.297469 0.063327 0.064341
v -0.277630 0.058233 0.059562
v -0.277183 0.053799 0.066004
v -0.296068 0.052507 0.080279
v -0.276302 0.047982 0.074662
v -0.310973 0.056057 0.084657
v -0.311935 0.062440 0.075165
v -0.312420 0.067286 0.068084
v -0.294672 0.046060 0.089635
v -0.274980 0.041874 0.083525
v -0.292701 0.041112 0.098765
v -0.273112 0.037186 0.092175
v -0.307478 0.044265 0.103824
v -0.309525 0.049378 0.094361
v -0.290044 0.039465 0.107230
v -0.270595 0.035627 0.100194
v -0.286997 0.039471 0.115185
v -0.267709 0.035631 0.107731
v -0.301566 0.042589 0.120829
v -0.304722 0.042573 0.112593
v -0.283858 0.039475 0.122789
v -0.264735 0.035637 0.114935
v -0.281403 0.039646 0.128436
v -0.262410 0.035797 0.120286
v -0.295772 0.042742 0.134528
v -0.298317 0.042598 0.128693
v -0.264018 -0.007329 0.166548
v -0.265263 -0.012591 0.164226
v -0.247122 -0.011740 0.153595
v -0.245942 -0.006755 0.155795
v -0.262414 -0.000521 0.169332
v -0.244423 -0.000305 0.158433
v -0.276128 -0.000690 0.177436
v -0.277795 -0.007753 0.174542
v -0.279064 -0.013200 0.172148
v -0.260636 0.006289 0.172007
v -0.242739 0.006148 0.160968
v -0.259269 0.011555 0.173906
v -0.241445 0.011138 0.162769
v -0.272849 0.011828 0.182180
v -0.274285 0.006375 0.180204
v -0.265620 0.014364 0.163261
v -0.260648 0.014203 0.171461
v -0.242751 0.013645 0.160452
v -0.247460 0.013797 0.152682
v -0.272053 0.014369 0.152162
v -0.253554 0.013802 0.142166
v -0.286076 0.014600 0.159718
v -0.279414 0.014592 0.171212
v -0.274252 0.014455 0.179697
v -0.278182 0.014375 0.140560
v -0.259361 0.013807 0.131174
v -0.283639 0.012620 0.129462
v -0.264530 0.012144 0.120660
v -0.298084 0.012805 0.136192
v -0.292428 0.014613 0.147695
v -0.288054 0.007344 0.119876
v -0.268713 0.007146 0.111579
v -0.291702 0.000401 0.111086
v -0.272169 0.000568 0.103252
v -0.306442 0.000156 0.117141
v -0.302660 0.007350 0.126257
v -0.294856 -0.006357 0.102376
v -0.275158 -0.005834 0.095000
v -0.297032 -0.011567 0.095855
v -0.277220 -0.010770 0.088821
v -0.311972 -0.012264 0.101301
v -0.309717 -0.006869 0.108094
v -0.295064 -0.021799 0.099577
v -0.297067 -0.016272 0.095081
v -0.277252 -0.015227 0.088088
v -0.275354 -0.020463 0.092348
v -0.292254 -0.028847 0.105526
v -0.272692 -0.027140 0.097985
v -0.307030 -0.030007 0.111359
v -0.309945 -0.022695 0.105188
v -0.312013 -0.016988 0.100507
v -0.289153 -0.035815 0.111333
v -0.269755 -0.033742 0.103486
v -0.286637 -0.041000 0.115833
v -0.267371 -0.038654 0.107749
v -0.301192 -0.042642 0.122035
v -0.303809 -0.037243 0.117390
v -0.283968 -0.036172 0.123753
v -0.285017 -0.041045 0.119730
v -0.265839 -0.038699 0.111440
v -0.264844 -0.034082 0.115252
v -0.282523 -0.029523 0.128909
v -0.263474 -0.027781 0.120137
v -0.296989 -0.030671 0.135492
v -0.298496 -0.037599 0.130115
v -0.299568 -0.042690 0.125936
v -0.280768 -0.022540 0.134176
v -0.261810 -0.021165 0.125126
v -0.278549 -0.017178 0.139664
v -0.259709 -0.016085 0.130326
v -0.292850 -0.017830 0.146683
v -0.295161 -0.023407 0.140971
v -0.275715 -0.015390 0.145485
v -0.257023 -0.014392 0.135841
v -0.272586 -0.015390 0.151313
v -0.254060 -0.014392 0.141362
v -0.286623 -0.015957 0.158849
v -0.289891 -0.015965 0.152759
v -0.269485 -0.015390 0.156821
v -0.251122 -0.014392 0.146581
v -0.267062 -0.015233 0.161025
v -0.248826 -0.014243 0.150565
v -0.280853 -0.015820 0.168964
v -0.283384 -0.015954 0.164602
v -0.297294 -0.062156 0.065506
v -0.299701 -0.057055 0.060835
v -0.279650 -0.052438 0.056423
v -0.277369 -0.057270 0.060848
v -0.294000 -0.068547 0.071655
v -0.274249 -0.063326 0.066674
v -0.308960 -0.072391 0.075548
v -0.312384 -0.065747 0.069156
v -0.314868 -0.060470 0.064288
v -0.290396 -0.074732 0.077638
v -0.270835 -0.069186 0.072342
v -0.287519 -0.079282 0.082276
v -0.268109 -0.073496 0.076737
v -0.302216 -0.083555 0.086556
v -0.305213 -0.078820 0.081767
v -0.286521 -0.075038 0.090737
v -0.286321 -0.079310 0.086405
v -0.266974 -0.073523 0.080647
v -0.267164 -0.069475 0.084751
v -0.286731 -0.069265 0.096219
v -0.267362 -0.064005 0.089945
v -0.301464 -0.073153 0.100857
v -0.301246 -0.079152 0.095159
v -0.301015 -0.083595 0.090680
v -0.286674 -0.063305 0.101682
v -0.267308 -0.058359 0.095120
v -0.286584 -0.058541 0.105775
v -0.267223 -0.053846 0.098998
v -0.301290 -0.062032 0.110792
v -0.301405 -0.066959 0.106533
v -0.290393 -0.049273 0.100899
v -0.287732 -0.054135 0.105595
v -0.268310 -0.049671 0.098828
v -0.270831 -0.045066 0.094378
v -0.293723 -0.043036 0.094558
v -0.273986 -0.039157 0.088371
v -0.308674 -0.046129 0.099125
v -0.305213 -0.052612 0.105714
v -0.302440 -0.057630 0.110602
v -0.296761 -0.036689 0.088070
v -0.276865 -0.033144 0.082225
v -0.298987 -0.031906 0.082934
v -0.278974 -0.028612 0.077359
v -0.314128 -0.034545 0.087068
v -0.311832 -0.039533 0.092382
v -0.300520 -0.036373 0.074684
v -0.300153 -0.031899 0.078726
v -0.280079 -0.028605 0.073373
v -0.280426 -0.032844 0.069543
v -0.300821 -0.042267 0.069572
v -0.280711 -0.038429 0.064701
v -0.315994 -0.045314 0.073379
v -0.315680 -0.039187 0.078692
v -0.315296 -0.034524 0.082863
v -0.300897 -0.048066 0.064443
v -0.280782 -0.043922 0.059842
v -0.300815 -0.052610 0.060586
v -0.280705 -0.048227 0.056187
v -0.315985 -0.056032 0.064026
v -0.316072 -0.051342 0.068047
v -0.290500 -0.082712 0.070396
v -0.287626 -0.086703 0.075063
v -0.269516 -0.077762 0.070716
v -0.272237 -0.073978 0.066292
v -0.294049 -0.077550 0.064087
v -0.275601 -0.069085 0.060311
v -0.307937 -0.084176 0.066830
v -0.304256 -0.089532 0.073376
v -0.301277 -0.093633 0.078226
v -0.297308 -0.072191 0.057619
v -0.278694 -0.064008 0.054179
v -0.299643 -0.068148 0.052515
v -0.280914 -0.060179 0.049344
v -0.313730 -0.074387 0.054845
v -0.311315 -0.078614 0.060120
v -0.294992 -0.082501 0.041348
v -0.299068 -0.070921 0.047676
v -0.280381 -0.062802 0.044780
v -0.276509 -0.073772 0.038780
v -0.288720 -0.096924 0.033191
v -0.270554 -0.087437 0.031045
v -0.302394 -0.104238 0.034952
v -0.308899 -0.089268 0.043417
v -0.313123 -0.077230 0.049959
v -0.280775 -0.109443 0.025085
v -0.263023 -0.099297 0.023363
v -0.271675 -0.119543 0.018468
v -0.254402 -0.108866 0.017094
v -0.284707 -0.127707 0.019663
v -0.294152 -0.117227 0.026535
v -0.261938 -0.126710 0.014782
v -0.245177 -0.115656 0.013602
v -0.251761 -0.131216 0.012633
v -0.235530 -0.119942 0.011565
v -0.264017 -0.139823 0.013600
v -0.274591 -0.135149 0.015833
v -0.241340 -0.133332 0.010628
v -0.225640 -0.122001 0.009661
v -0.233275 -0.134056 0.009297
v -0.217988 -0.122722 0.008396
v -0.244827 -0.142715 0.010113
v -0.253196 -0.141996 0.011520
v -0.229359 -0.134513 0.012521
v -0.229646 -0.134481 0.010242
v -0.214580 -0.123036 0.009299
v -0.214314 -0.123048 0.011460
v -0.229168 -0.134514 0.015400
v -0.214132 -0.123048 0.014188
v -0.240693 -0.143244 0.016360
v -0.240893 -0.143244 0.013363
v -0.241161 -0.143190 0.010999
v -0.228937 -0.134514 0.018277
v -0.213913 -0.123048 0.016914
v -0.228880 -0.134482 0.020628
v -0.213855 -0.123036 0.019137
v -0.240366 -0.143192 0.021780
v -0.240453 -0.143244 0.019354
v -0.239918 -0.133388 0.025956
v -0.232152 -0.134076 0.023323
v -0.216928 -0.122738 0.021672
v -0.224295 -0.122052 0.024173
v -0.249968 -0.131353 0.029313
v -0.233832 -0.120072 0.027365
v -0.262186 -0.139964 0.030634
v -0.251746 -0.142054 0.027147
v -0.243680 -0.142737 0.024442
v -0.259762 -0.126999 0.032884
v -0.243116 -0.115929 0.030752
v -0.268295 -0.121075 0.038154
v -0.251200 -0.110317 0.035744
v -0.281242 -0.129280 0.039824
v -0.272366 -0.135445 0.034345
v -0.274561 -0.114331 0.046606
v -0.257136 -0.103928 0.043751
v -0.279196 -0.106733 0.056629
v -0.261529 -0.096730 0.053249
v -0.292604 -0.114330 0.059044
v -0.287770 -0.122251 0.048616
v -0.282838 -0.098248 0.066614
v -0.264983 -0.088693 0.062712
v -0.285300 -0.091359 0.074093
v -0.267319 -0.082169 0.069801
v -0.298937 -0.098326 0.077215
v -0.296397 -0.105490 0.069428
v -0.296161 -0.088029 -0.015063
v -0.294361 -0.092342 -0.010143
v -0.275934 -0.083080 -0.009122
v -0.277638 -0.078990 -0.013784
v -0.298249 -0.082386 -0.021658
v -0.279617 -0.073640 -0.020036
v -0.312248 -0.089205 -0.022992
v -0.310084 -0.095059 -0.016151
v -0.308222 -0.099497 -0.011037
v -0.299989 -0.076475 -0.028334
v -0.281270 -0.068040 -0.026367
v -0.301119 -0.071963 -0.033569
v -0.282348 -0.063768 -0.031329
v -0.315221 -0.078360 -0.035325
v -0.314050 -0.083069 -0.029917
v -0.293289 -0.085008 -0.045492
v -0.299266 -0.074187 -0.038650
v -0.280602 -0.065872 -0.036127
v -0.274931 -0.076123 -0.042609
v -0.284595 -0.098521 -0.054036
v -0.266683 -0.088924 -0.050708
v -0.298115 -0.105924 -0.056405
v -0.307134 -0.091901 -0.047535
v -0.313326 -0.080650 -0.040457
v -0.274329 -0.110264 -0.061951
v -0.256954 -0.100048 -0.058207
v -0.263673 -0.119747 -0.067439
v -0.246859 -0.109033 -0.063406
v -0.276404 -0.127942 -0.070329
v -0.287466 -0.118104 -0.064626
v -0.253805 -0.126485 -0.068703
v -0.237510 -0.115415 -0.064604
v -0.244264 -0.130824 -0.067758
v -0.228466 -0.119542 -0.063709
v -0.256221 -0.139443 -0.070658
v -0.266146 -0.134940 -0.071641
v -0.234586 -0.133108 -0.066620
v -0.219282 -0.121754 -0.062630
v -0.227108 -0.134083 -0.065529
v -0.212188 -0.122712 -0.061597
v -0.238384 -0.142775 -0.068364
v -0.246156 -0.141794 -0.069474
v -0.223187 -0.134545 -0.061709
v -0.223580 -0.134564 -0.063640
v -0.208877 -0.123095 -0.059817
v -0.208508 -0.123058 -0.057984
v -0.222873 -0.134466 -0.059361
v -0.208208 -0.122981 -0.055754
v -0.234123 -0.143213 -0.062084
v -0.234450 -0.143296 -0.064528
v -0.234826 -0.143297 -0.066522
v -0.222526 -0.134362 -0.057029
v -0.207881 -0.122886 -0.053537
v -0.222384 -0.134243 -0.055122
v -0.207742 -0.122793 -0.051730
v -0.233584 -0.142951 -0.057681
v -0.233761 -0.143099 -0.059656
v -0.234381 -0.133333 -0.052375
v -0.225870 -0.133856 -0.053306
v -0.211010 -0.122503 -0.050035
v -0.219085 -0.121972 -0.049148
v -0.245465 -0.131486 -0.051134
v -0.229603 -0.120171 -0.047963
v -0.257451 -0.140116 -0.053682
v -0.245952 -0.142013 -0.054967
v -0.237123 -0.142525 -0.055904
v -0.256367 -0.127252 -0.049457
v -0.239937 -0.116143 -0.046371
v -0.266315 -0.121676 -0.045654
v -0.249362 -0.110860 -0.042768
v -0.279112 -0.129923 -0.047986
v -0.268770 -0.135724 -0.051941
v -0.274539 -0.115803 -0.038032
v -0.257153 -0.105296 -0.035547
v -0.281456 -0.109439 -0.028382
v -0.263707 -0.099267 -0.026404
v -0.294887 -0.117159 -0.030025
v -0.287676 -0.123799 -0.040060
v -0.287484 -0.102390 -0.018492
v -0.269420 -0.092591 -0.017033
v -0.291775 -0.096663 -0.010988
v -0.273488 -0.087168 -0.009922
v -0.305612 -0.103851 -0.011923
v -0.301165 -0.109809 -0.019739
v -0.304663 -0.054943 0.032353
v -0.303950 -0.058557 0.031040
v -0.283545 -0.053715 0.029390
v -0.284219 -0.050290 0.030634
v -0.305530 -0.050303 0.033839
v -0.285041 -0.045893 0.032042
v -0.321057 -0.053669 0.035031
v -0.320156 -0.058486 0.033487
v -0.319405 -0.062220 0.032150
v -0.306291 -0.045580 0.035324
v -0.285763 -0.041418 0.033450
v -0.306857 -0.041839 0.036344
v -0.286301 -0.037873 0.034416
v -0.322417 -0.044891 0.037648
v -0.321845 -0.048766 0.036571
v -0.308007 -0.039471 0.028009
v -0.307438 -0.039642 0.034141
v -0.286850 -0.035793 0.032329
v -0.287388 -0.035632 0.026520
v -0.308615 -0.039466 0.019806
v -0.287963 -0.035627 0.018748
v -0.324217 -0.042585 0.020618
v -0.323587 -0.042594 0.029103
v -0.322991 -0.042738 0.035441
v -0.309025 -0.039461 0.011297
v -0.288351 -0.035622 0.010686
v -0.308906 -0.041107 0.002426
v -0.288238 -0.037182 0.002282
v -0.324524 -0.044260 0.002617
v -0.324644 -0.042569 0.011808
v -0.307927 -0.046056 -0.006864
v -0.287311 -0.041870 -0.006519
v -0.306332 -0.052503 -0.016187
v -0.285800 -0.047978 -0.015351
v -0.321858 -0.056052 -0.016683
v -0.323513 -0.049374 -0.007012
v -0.304361 -0.058642 -0.025159
v -0.283933 -0.053794 -0.023851
v -0.302686 -0.063323 -0.031766
v -0.282346 -0.058229 -0.030111
v -0.318058 -0.067283 -0.032879
v -0.319808 -0.062436 -0.026001
v -0.300332 -0.072234 -0.027555
v -0.301455 -0.067494 -0.032407
v -0.281180 -0.062179 -0.030717
v -0.280116 -0.066670 -0.026121
v -0.298749 -0.078183 -0.021109
v -0.278617 -0.072306 -0.020014
v -0.314036 -0.082529 -0.021816
v -0.315679 -0.076359 -0.028500
v -0.316823 -0.071465 -0.033542
v -0.296845 -0.083905 -0.014737
v -0.276813 -0.077728 -0.013976
v -0.295309 -0.088090 -0.009775
v -0.275358 -0.081693 -0.009276
v -0.310446 -0.092821 -0.010075
v -0.312059 -0.088468 -0.015202
v -0.297577 -0.082779 -0.001726
v -0.295544 -0.087719 -0.005683
v -0.275582 -0.081345 -0.005402
v -0.277507 -0.076663 -0.001653
v -0.300138 -0.075941 0.003406
v -0.279933 -0.070183 0.003210
v -0.315483 -0.080169 0.003471
v -0.312814 -0.087291 -0.001879
v -0.310681 -0.092444 -0.005981
v -0.302437 -0.068541 0.008809
v -0.282110 -0.063171 0.008330
v -0.304004 -0.062779 0.013971
v -0.283595 -0.057713 0.013219
v -0.319498 -0.066481 0.014459
v -0.317871 -0.072472 0.009090
v -0.304372 -0.060859 0.018376
v -0.283943 -0.055894 0.017392
v -0.304127 -0.060859 0.022255
v -0.283711 -0.055894 0.021068
v -0.319627 -0.064463 0.023126
v -0.319881 -0.064474 0.019061
v -0.303856 -0.060859 0.025839
v -0.283455 -0.055894 0.024464
v -0.303665 -0.060694 0.028615
v -0.283274 -0.055738 0.027094
v -0.319127 -0.064310 0.029776
v -0.319344 -0.064458 0.026885
v -0.300745 -0.006285 0.084084
v -0.300025 -0.011551 0.086310
v -0.279649 -0.011134 0.081156
v -0.280330 -0.006145 0.079045
v -0.301620 0.000525 0.080994
v -0.281158 0.000309 0.076117
v -0.317155 0.000694 0.084516
v -0.316247 -0.006371 0.087716
v -0.315484 -0.011824 0.090036
v -0.302296 0.007333 0.077852
v -0.281798 0.006759 0.073140
v -0.302772 0.012595 0.075261
v -0.282250 0.011744 0.070686
v -0.318334 0.013204 0.078584
v -0.317858 0.007757 0.081251
v -0.304528 0.015394 0.066920
v -0.303506 0.015237 0.071664
v -0.282946 0.014247 0.067279
v -0.283914 0.014396 0.062784
v -0.305797 0.015394 0.060727
v -0.285115 0.014396 0.056917
v -0.321465 0.015961 0.063610
v -0.320140 0.015958 0.070078
v -0.319064 0.015824 0.075005
v -0.306994 0.015394 0.054222
v -0.286248 0.014396 0.050754
v -0.307913 0.017182 0.047813
v -0.287119 0.016089 0.044682
v -0.323675 0.017834 0.050124
v -0.322715 0.015969 0.056813
v -0.308347 0.022544 0.041909
v -0.287530 0.021169 0.039089
v -0.308408 0.029527 0.036358
v -0.287588 0.027785 0.033830
v -0.324193 0.030674 0.038202
v -0.324129 0.023411 0.043978
v -0.308207 0.036176 0.031007
v -0.287400 0.034086 0.028760
v -0.307976 0.041049 0.026856
v -0.287181 0.038703 0.024826
v -0.323727 0.042694 0.028315
v -0.323984 0.037603 0.032622
v -0.309347 0.035819 0.017596
v -0.308327 0.041004 0.022650
v -0.287512 0.038659 0.020844
v -0.288478 0.033746 0.016056
v -0.310524 0.028851 0.011119
v -0.289593 0.027144 0.009920
v -0.326375 0.030012 0.012156
v -0.325153 0.037247 0.018883
v -0.324080 0.042646 0.024105
v -0.311380 0.021803 0.004596
v -0.290404 0.020467 0.003740
v -0.311912 0.016276 -0.000297
v -0.290908 0.015231 -0.000896
v -0.327803 0.016992 0.000299
v -0.327264 0.022699 0.005388
v -0.312038 0.006361 0.007325
v -0.312116 0.011571 0.000450
v -0.291102 0.010774 -0.000189
v -0.291028 0.005838 0.006324
v -0.311698 -0.000397 0.016583
v -0.290705 -0.000565 0.015095
v -0.327584 -0.000152 0.017841
v -0.327935 0.006873 0.008225
v -0.328005 0.012268 0.001068
v -0.310912 -0.007340 0.026067
v -0.289960 -0.007142 0.024081
v -0.309640 -0.012616 0.036544
v -0.288754 -0.012140 0.034006
v -0.325450 -0.012802 0.038535
v -0.326770 -0.007346 0.027677
v -0.307837 -0.014371 0.048778
v -0.287047 -0.013803 0.045597
v -0.305548 -0.014366 0.061699
v -0.284879 -0.013798 0.057838
v -0.321210 -0.014597 0.064606
v -0.323581 -0.014610 0.051217
v -0.302816 -0.014360 0.074233
v -0.282292 -0.013793 0.069714
v -0.300589 -0.014199 0.083561
v -0.280183 -0.013641 0.078551
v -0.316060 -0.014451 0.087243
v -0.318381 -0.014589 0.077586
v -0.300228 0.074736 -0.014864
v -0.298907 0.079285 -0.009569
v -0.278733 0.073499 -0.008909
v -0.279984 0.069189 -0.013925
v -0.301830 0.068551 -0.021662
v -0.281502 0.063329 -0.020366
v -0.317263 0.072395 -0.022530
v -0.315598 0.078823 -0.015464
v -0.314208 0.083559 -0.009987
v -0.303086 0.062159 -0.028524
v -0.282691 0.057274 -0.026867
v -0.303950 0.057058 -0.033707
v -0.283510 0.052441 -0.031777
v -0.319447 0.060474 -0.035057
v -0.318569 0.065751 -0.029663
v -0.306192 0.048069 -0.030638
v -0.304935 0.052614 -0.034285
v -0.284443 0.048231 -0.032325
v -0.285633 0.043926 -0.028869
v -0.307688 0.042271 -0.025731
v -0.287051 0.038432 -0.024221
v -0.323298 0.045317 -0.026746
v -0.321742 0.051346 -0.031846
v -0.320430 0.056035 -0.035648
v -0.308964 0.036377 -0.020773
v -0.288260 0.032848 -0.019523
v -0.309850 0.031902 -0.016812
v -0.289101 0.028609 -0.015771
v -0.325533 0.034528 -0.017503
v -0.324624 0.039191 -0.021591
v -0.309478 0.036693 -0.006878
v -0.310027 0.031909 -0.012449
v -0.289267 0.028616 -0.011638
v -0.288747 0.033147 -0.006360
v -0.308568 0.043040 0.000229
v -0.287885 0.039161 0.000372
v -0.324200 0.046133 0.000005
v -0.325145 0.039537 -0.007380
v -0.325707 0.034549 -0.013142
v -0.307337 0.049277 0.007284
v -0.286718 0.045069 0.007056
v -0.306239 0.054138 0.012569
v -0.285678 0.049676 0.012063
v -0.321773 0.057633 0.012839
v -0.322920 0.052615 0.007338
v -0.304035 0.063309 0.009166
v -0.305201 0.058545 0.013091
v -0.284695 0.053849 0.012558
v -0.283590 0.058363 0.008840
v -0.302420 0.069268 0.003948
v -0.282060 0.064009 0.003896
v -0.317865 0.073156 0.003858
v -0.319544 0.066963 0.009281
v -0.320737 0.062036 0.013371
v -0.300544 0.075041 -0.001207
v -0.280283 0.069480 -0.000988
v -0.299028 0.079314 -0.005271
v -0.278848 0.073527 -0.004838
v -0.314326 0.083598 -0.005693
v -0.315915 0.079155 -0.001499
v -0.300687 0.072195 -0.036039
v -0.301351 0.068151 -0.041611
v -0.282549 0.060183 -0.038904
v -0.281913 0.064012 -0.033622
v -0.299563 0.077554 -0.028884
v -0.280843 0.069088 -0.026838
v -0.313625 0.084180 -0.030518
v -0.314788 0.078618 -0.037940
v -0.315475 0.074391 -0.043700
v -0.298112 0.082717 -0.021791
v -0.279469 0.073982 -0.020115
v -0.296802 0.086707 -0.016469
v -0.278231 0.077766 -0.015071
v -0.310767 0.093637 -0.017632
v -0.312120 0.089536 -0.023160
v -0.289661 0.098252 -0.023050
v -0.294292 0.091364 -0.016681
v -0.275859 0.082172 -0.015271
v -0.271468 0.088697 -0.021307
v -0.283140 0.106738 -0.031443
v -0.265285 0.096734 -0.029260
v -0.296644 0.114334 -0.033244
v -0.303431 0.105494 -0.024516
v -0.308231 0.098330 -0.017878
v -0.275662 0.114335 -0.039570
v -0.258199 0.103932 -0.036960
v -0.267113 0.121079 -0.045701
v -0.250100 0.110321 -0.042769
v -0.279951 0.129285 -0.048069
v -0.288854 0.122255 -0.041694
v -0.257378 0.127003 -0.048109
v -0.240877 0.115933 -0.045050
v -0.246961 0.131357 -0.048515
v -0.231002 0.120077 -0.045436
v -0.258997 0.139967 -0.050993
v -0.269825 0.135449 -0.050573
v -0.236365 0.133392 -0.048639
v -0.220946 0.122056 -0.045560
v -0.228167 0.134080 -0.048771
v -0.213167 0.122742 -0.045688
v -0.239485 0.142741 -0.051230
v -0.247991 0.142058 -0.051120
v -0.223562 0.134518 -0.052593
v -0.224227 0.134486 -0.050337
v -0.209465 0.123040 -0.047163
v -0.208841 0.123053 -0.049297
v -0.222902 0.134518 -0.055402
v -0.208216 0.123053 -0.051959
v -0.234169 0.143248 -0.058012
v -0.234856 0.143248 -0.055088
v -0.235515 0.143196 -0.052751
v -0.222204 0.134518 -0.058203
v -0.207555 0.123053 -0.054613
v -0.221781 0.134485 -0.060460
v -0.207148 0.123040 -0.056751
v -0.232976 0.143194 -0.063260
v -0.233443 0.143248 -0.060927
v -0.233033 0.133336 -0.063667
v -0.224947 0.134061 -0.062469
v -0.210116 0.122727 -0.058653
v -0.217789 0.122005 -0.059788
v -0.243567 0.131220 -0.064945
v -0.227787 0.119947 -0.060999
v -0.255533 0.139827 -0.067771
v -0.244594 0.142000 -0.066444
v -0.236195 0.142719 -0.065224
v -0.253914 0.126714 -0.066010
v -0.237596 0.115660 -0.062009
v -0.264312 0.119547 -0.065477
v -0.247446 0.108870 -0.061504
v -0.277085 0.127711 -0.068324
v -0.266283 0.135153 -0.068878
v -0.274999 0.109447 -0.061960
v -0.257571 0.099301 -0.058172
v -0.285042 0.096927 -0.056670
v -0.267090 0.087440 -0.053160
v -0.298600 0.104242 -0.059175
v -0.288179 0.117232 -0.064669
v -0.293508 0.082504 -0.050822
v -0.275125 0.073776 -0.047616
v -0.299323 0.070924 -0.046043
v -0.280645 0.062806 -0.043088
v -0.313404 0.077234 -0.048167
v -0.307381 0.089272 -0.053104
v -0.316188 0.079350 0.063725
v -0.315015 0.083416 0.060568
v -0.311459 0.076790 0.062785
v -0.315261 0.081161 0.065611
v -0.299562 0.104025 0.088137
v -0.300947 0.102441 0.086634
v -0.294860 0.101393 0.087141
v -0.298953 0.106426 0.085010
v -0.243937 0.145923 0.019546
v -0.246953 0.145828 0.021008
v -0.239795 0.142769 0.019242
v -0.244297 0.146183 0.018642
v -0.248764 0.146351 0.009699
v -0.248286 0.146564 0.010536
v -0.244678 0.143167 0.009266
v -0.251801 0.146113 0.010132
v -0.299801 0.044444 0.138605
v -0.300894 0.044334 0.136503
v -0.294728 0.043161 0.136674
v -0.299810 0.046115 0.138237
v -0.298439 0.065031 0.131282
v -0.298660 0.063527 0.132044
v -0.293356 0.063875 0.129306
v -0.299054 0.065254 0.130107
v -0.301973 0.095722 0.090869
v -0.302330 0.093875 0.092733
v -0.296854 0.094235 0.089309
v -0.303270 0.094224 0.089185
v -0.317597 0.070800 0.067151
v -0.316739 0.072755 0.068779
v -0.312440 0.069354 0.065617
v -0.317595 0.068977 0.069756
v -0.284591 -0.015455 0.173568
v -0.285757 -0.015601 0.171856
v -0.279711 -0.015419 0.170878
v -0.284185 -0.013327 0.174650
v -0.277293 0.013957 0.185361
v -0.277941 0.011814 0.184727
v -0.272402 0.014053 0.182696
v -0.279270 0.014093 0.182388
v -0.317834 -0.014843 0.101067
v -0.317166 -0.012765 0.103573
v -0.312693 -0.014570 0.098948
v -0.317223 -0.017047 0.102801
v -0.305191 -0.044803 0.126227
v -0.306323 -0.042877 0.124472
v -0.300089 -0.044442 0.124048
v -0.304865 -0.042932 0.127972
v -0.321061 -0.059362 0.064033
v -0.321273 -0.057532 0.065547
v -0.315800 -0.058143 0.062641
v -0.320268 -0.061484 0.065822
v -0.306229 -0.086453 0.090163
v -0.307486 -0.084805 0.088318
v -0.301038 -0.085120 0.088660
v -0.306406 -0.084875 0.091991
v -0.306543 -0.061105 0.113801
v -0.306686 -0.063116 0.112287
v -0.301344 -0.059832 0.112238
v -0.307722 -0.059188 0.112085
v -0.320257 -0.034044 0.086211
v -0.319525 -0.035876 0.088318
v -0.315004 -0.032887 0.084766
v -0.320575 -0.035813 0.084568
v -0.304761 -0.098012 0.080744
v -0.303883 -0.100846 0.077997
v -0.300006 -0.095433 0.079850
v -0.306009 -0.096542 0.079020
v -0.319300 -0.075551 0.053434
v -0.318531 -0.077169 0.055491
v -0.314524 -0.073039 0.052605
v -0.317915 -0.079922 0.051013
v -0.245714 -0.146191 0.010335
v -0.248910 -0.146027 0.010762
v -0.241607 -0.143028 0.009905
v -0.245574 -0.146427 0.011384
v -0.244744 -0.146195 0.023375
v -0.244771 -0.146427 0.022257
v -0.240625 -0.143035 0.023075
v -0.247816 -0.146045 0.024498
v -0.312105 -0.104021 -0.009815
v -0.310550 -0.106423 -0.012595
v -0.307327 -0.101389 -0.009292
v -0.312951 -0.102437 -0.011675
v -0.320275 -0.079346 -0.038197
v -0.319984 -0.081157 -0.036116
v -0.315490 -0.076786 -0.037614
v -0.318176 -0.083412 -0.040830
v -0.239353 -0.146347 -0.068466
v -0.242373 -0.146109 -0.069003
v -0.235336 -0.143163 -0.067602
v -0.239160 -0.146561 -0.067522
v -0.237842 -0.145919 -0.057605
v -0.237901 -0.146179 -0.058576
v -0.233813 -0.142765 -0.056600
v -0.241164 -0.145824 -0.057157
v -0.324511 -0.065027 0.031525
v -0.324728 -0.065249 0.030216
v -0.319065 -0.063872 0.031234
v -0.324959 -0.063523 0.032179
v -0.328092 -0.044440 0.038056
v -0.327985 -0.046111 0.037704
v -0.322669 -0.043157 0.037806
v -0.328474 -0.044330 0.035718
v -0.322684 -0.070796 -0.035382
v -0.323496 -0.068973 -0.032907
v -0.317306 -0.069350 -0.035229
v -0.322376 -0.072751 -0.033568
v -0.315249 -0.095719 -0.007971
v -0.315955 -0.094220 -0.009976
v -0.309898 -0.094231 -0.007855
v -0.316170 -0.093871 -0.006312
v -0.320687 -0.013953 0.091706
v -0.321660 -0.014089 0.088271
v -0.315216 -0.014049 0.090664
v -0.321110 -0.011810 0.090904
v -0.324031 0.015459 0.078247
v -0.323975 0.013331 0.079400
v -0.318562 0.015423 0.077177
v -0.324617 0.015605 0.076260
v -0.329170 0.044807 0.026874
v -0.329393 0.042936 0.028634
v -0.323646 0.044446 0.026359
v -0.329712 0.042881 0.024857
v -0.333516 0.014847 -0.000947
v -0.333464 0.017051 0.000890
v -0.327972 0.014573 -0.001392
v -0.333646 0.012769 0.001643
v -0.319132 0.086456 -0.007780
v -0.319859 0.084878 -0.006094
v -0.313730 0.085124 -0.007624
v -0.319765 0.084809 -0.009921
v -0.325265 0.059366 -0.037193
v -0.325057 0.061487 -0.035248
v -0.319830 0.058146 -0.036910
v -0.325929 0.057535 -0.035817
v -0.331280 0.034048 -0.015832
v -0.331080 0.035817 -0.017493
v -0.325837 0.032890 -0.015602
v -0.331228 0.035880 -0.013601
v -0.326658 0.061109 0.014630
v -0.327256 0.059192 0.012636
v -0.321230 0.059835 0.014731
v -0.326331 0.063119 0.013145
v -0.320346 0.075555 -0.046747
v -0.318289 0.079926 -0.048628
v -0.315546 0.073043 -0.046075
v -0.320244 0.077172 -0.044553
v -0.314853 0.098016 -0.016299
v -0.315516 0.096546 -0.018322
v -0.310054 0.095437 -0.015696
v -0.313178 0.100851 -0.018647
v -0.240171 0.146199 -0.052571
v -0.243439 0.146049 -0.052442
v -0.236158 0.143039 -0.051598
v -0.239855 0.146431 -0.053644
v -0.237108 0.146196 -0.065284
v -0.237295 0.146431 -0.064242
v -0.233066 0.143032 -0.064438
v -0.240281 0.146031 -0.065854
v -0.312454 0.085986 0.070352
v -0.308549 0.092174 0.076421
v -0.304328 0.098075 0.082288
v -0.297199 0.112470 0.076044
v -0.294375 0.119979 0.064131
v -0.290556 0.126777 0.052165
v -0.284780 0.133035 0.041809
v -0.276082 0.138927 0.034729
v -0.265768 0.143382 0.029480
v -0.255144 0.145331 0.024613
v -0.245176 0.146361 0.016850
v -0.246302 0.146486 0.014604
v -0.247402 0.146581 0.012335
v -0.259619 0.145150 0.011596
v -0.269721 0.142742 0.013649
v -0.279611 0.138170 0.015848
v -0.289067 0.131100 0.020350
v -0.297866 0.121199 0.029314
v -0.305462 0.108944 0.040560
v -0.311309 0.094816 0.051912
v -0.297498 0.070523 0.060061
v -0.278921 0.062403 0.056446
v -0.281459 0.094271 0.083575
v -0.263708 0.084905 0.078725
v -0.228428 0.134121 0.018189
v -0.213447 0.122726 0.016761
v -0.233165 0.134493 0.008510
v -0.217939 0.123073 0.007594
v -0.299664 0.050002 0.136987
v -0.299390 0.054950 0.135269
v -0.299016 0.059813 0.133497
v -0.300237 0.065330 0.127400
v -0.301734 0.065348 0.123776
v -0.303290 0.065394 0.119852
v -0.304396 0.067456 0.115238
v -0.304541 0.073530 0.109547
v -0.304025 0.081337 0.103380
v -0.303152 0.088599 0.097340
v -0.306460 0.089804 0.084865
v -0.310440 0.083816 0.079151
v -0.314109 0.077614 0.073284
v -0.317118 0.064128 0.076962
v -0.316156 0.057655 0.086556
v -0.314696 0.050960 0.096322
v -0.312633 0.045872 0.105821
v -0.309860 0.044219 0.114611
v -0.306693 0.044268 0.122851
v -0.303448 0.044291 0.130701
v -0.280410 0.040150 0.130524
v -0.261471 0.036274 0.122265
v -0.279082 0.060204 0.123390
v -0.260210 0.055275 0.115504
v -0.282450 0.089429 0.084882
v -0.263402 0.082964 0.079022
v -0.297494 0.065402 0.062001
v -0.277653 0.060199 0.057346
v -0.282977 -0.007876 0.177016
v -0.281288 -0.000762 0.179946
v -0.279441 0.006354 0.182719
v -0.284475 0.014142 0.173907
v -0.291146 0.014158 0.162396
v -0.297521 0.014194 0.150330
v -0.303203 0.012411 0.138778
v -0.307797 0.006972 0.128805
v -0.311598 -0.000245 0.119636
v -0.314905 -0.007362 0.110494
v -0.315169 -0.022709 0.107562
v -0.312232 -0.030072 0.113775
v -0.308977 -0.037381 0.119867
v -0.303832 -0.037697 0.132196
v -0.302287 -0.030629 0.137693
v -0.300427 -0.023256 0.143256
v -0.298071 -0.017602 0.149063
v -0.295036 -0.015690 0.155291
v -0.291678 -0.015660 0.161554
v -0.288352 -0.015650 0.167463
v -0.265966 -0.014763 0.162940
v -0.247788 -0.013798 0.152377
v -0.258902 0.013730 0.174367
v -0.241097 0.013198 0.163206
v -0.297746 -0.013866 0.093631
v -0.277896 -0.012948 0.086715
v -0.285583 -0.042699 0.117861
v -0.266374 -0.040265 0.109670
v -0.317802 -0.066750 0.070790
v -0.314336 -0.073479 0.077262
v -0.310543 -0.079989 0.083561
v -0.306705 -0.080368 0.096452
v -0.306926 -0.074298 0.102219
v -0.306866 -0.068030 0.107962
v -0.310552 -0.054212 0.107120
v -0.314055 -0.047650 0.100452
v -0.317252 -0.040974 0.093625
v -0.320972 -0.040572 0.080437
v -0.321290 -0.046777 0.075054
v -0.321370 -0.052883 0.069655
v -0.300646 -0.054739 0.059289
v -0.280545 -0.050244 0.054959
v -0.286407 -0.080766 0.084392
v -0.267056 -0.074903 0.078740
v -0.286700 -0.056354 0.107150
v -0.267333 -0.051774 0.100301
v -0.299880 -0.030359 0.080647
v -0.279820 -0.027147 0.075193
v -0.308997 -0.092524 0.074106
v -0.312703 -0.087125 0.067511
v -0.316106 -0.081517 0.060744
v -0.313653 -0.092114 0.044491
v -0.307084 -0.107209 0.035941
v -0.298780 -0.120289 0.027440
v -0.289257 -0.130843 0.020499
v -0.279031 -0.138357 0.016627
v -0.268325 -0.143096 0.014366
v -0.257366 -0.145324 0.012259
v -0.245402 -0.146506 0.013767
v -0.245196 -0.146506 0.016814
v -0.244954 -0.146505 0.019857
v -0.255985 -0.145378 0.027158
v -0.266570 -0.143231 0.030699
v -0.276886 -0.138643 0.034460
v -0.285893 -0.132378 0.040016
v -0.292548 -0.125205 0.048940
v -0.297492 -0.117115 0.059525
v -0.301365 -0.108105 0.070067
v -0.286394 -0.088548 0.076603
v -0.268353 -0.079509 0.072178
v -0.300424 -0.066930 0.050300
v -0.281663 -0.059024 0.047256
v -0.230164 -0.134383 0.009167
v -0.215053 -0.122997 0.008277
v -0.229213 -0.134389 0.021928
v -0.214154 -0.122999 0.020358
v -0.314806 -0.098071 -0.016859
v -0.316983 -0.092171 -0.023750
v -0.318798 -0.085983 -0.030735
v -0.311952 -0.094812 -0.047896
v -0.302852 -0.108940 -0.056854
v -0.292124 -0.121195 -0.065166
v -0.280966 -0.131097 -0.070933
v -0.270578 -0.138166 -0.072258
v -0.260495 -0.142738 -0.071258
v -0.250258 -0.145146 -0.070054
v -0.238882 -0.146577 -0.065537
v -0.238545 -0.146481 -0.063038
v -0.238177 -0.146357 -0.060553
v -0.250071 -0.145327 -0.056291
v -0.261684 -0.143378 -0.054985
v -0.273121 -0.138923 -0.053219
v -0.283594 -0.133032 -0.049209
v -0.292316 -0.126773 -0.041175
v -0.299680 -0.119976 -0.030999
v -0.306083 -0.112467 -0.020564
v -0.293483 -0.094267 -0.008495
v -0.275105 -0.084902 -0.007560
v -0.301377 -0.070520 -0.035842
v -0.282599 -0.062399 -0.033475
v -0.224163 -0.134489 -0.064725
v -0.209412 -0.123069 -0.060840
v -0.222685 -0.134117 -0.054051
v -0.208007 -0.122721 -0.050729
v -0.325751 -0.059809 0.033448
v -0.326659 -0.054946 0.035015
v -0.327456 -0.049997 0.036562
v -0.329088 -0.044287 0.029408
v -0.329720 -0.044264 0.020938
v -0.330155 -0.044214 0.012121
v -0.330044 -0.045868 0.002904
v -0.329038 -0.050957 -0.006764
v -0.327375 -0.057651 -0.016498
v -0.325294 -0.064124 -0.025912
v -0.321286 -0.077609 -0.028467
v -0.319633 -0.083812 -0.021747
v -0.317636 -0.089800 -0.015076
v -0.318388 -0.088596 -0.002192
v -0.321105 -0.081334 0.003274
v -0.323520 -0.073527 0.008971
v -0.325160 -0.067453 0.014423
v -0.325550 -0.065389 0.019151
v -0.325297 -0.065345 0.023365
v -0.325007 -0.065326 0.027275
v -0.303657 -0.060200 0.030072
v -0.283267 -0.055271 0.028473
v -0.307147 -0.040146 0.036434
v -0.286576 -0.036270 0.034502
v -0.301978 -0.065399 -0.033997
v -0.281676 -0.060195 -0.032224
v -0.294832 -0.089425 -0.007562
v -0.274907 -0.082960 -0.007181
v -0.321925 -0.006350 0.088534
v -0.322835 0.000766 0.085329
v -0.323548 0.007880 0.082022
v -0.325745 0.015654 0.071284
v -0.327105 0.015664 0.064640
v -0.328388 0.015694 0.057651
v -0.329373 0.017606 0.050793
v -0.329841 0.023260 0.044544
v -0.329911 0.030633 0.038679
v -0.329701 0.037701 0.032972
v -0.330830 0.037384 0.019661
v -0.332067 0.030077 0.012866
v -0.332963 0.022713 0.006052
v -0.333608 0.007366 0.008925
v -0.333256 0.000249 0.018640
v -0.332439 -0.006968 0.028532
v -0.331114 -0.012407 0.039432
v -0.329236 -0.014190 0.052169
v -0.326855 -0.014154 0.065605
v -0.324024 -0.014138 0.078605
v -0.299816 -0.013726 0.086861
v -0.279451 -0.013194 0.081678
v -0.303048 0.014767 0.073821
v -0.282512 0.013802 0.069322
v -0.307943 0.042703 0.024903
v -0.287149 0.040269 0.022977
v -0.312115 0.013870 -0.001885
v -0.291102 0.012952 -0.002401
v -0.321220 0.079994 -0.015384
v -0.322906 0.073483 -0.022541
v -0.324228 0.066754 -0.029763
v -0.327278 0.052886 -0.031934
v -0.328852 0.046780 -0.026770
v -0.330195 0.040575 -0.021548
v -0.330686 0.040978 -0.007854
v -0.329729 0.047653 -0.000376
v -0.328433 0.054215 0.007044
v -0.325181 0.068034 0.008972
v -0.323481 0.074301 0.003486
v -0.321508 0.080371 -0.001937
v -0.298495 0.080770 -0.007215
v -0.278342 0.074906 -0.006679
v -0.304377 0.054743 -0.035468
v -0.283914 0.050248 -0.033445
v -0.310178 0.030363 -0.014898
v -0.289411 0.027150 -0.013959
v -0.305731 0.056358 0.014365
v -0.285198 0.051778 0.013765
v -0.319541 0.081521 -0.038810
v -0.318369 0.087129 -0.031327
v -0.316858 0.092527 -0.023915
v -0.308357 0.108109 -0.025427
v -0.301445 0.117120 -0.034280
v -0.293502 0.125208 -0.042847
v -0.284438 0.132382 -0.049308
v -0.274163 0.138646 -0.051844
v -0.263191 0.143235 -0.052272
v -0.252031 0.145382 -0.052406
v -0.239295 0.146509 -0.055985
v -0.238596 0.146510 -0.058956
v -0.237860 0.146510 -0.061920
v -0.248790 0.145329 -0.067015
v -0.259869 0.143100 -0.068359
v -0.270753 0.138361 -0.069479
v -0.281673 0.130847 -0.068919
v -0.292863 0.120293 -0.065222
v -0.303368 0.107213 -0.059667
v -0.312236 0.092118 -0.053535
v -0.301417 0.066934 -0.043959
v -0.282623 0.059028 -0.041121
v -0.296101 0.088552 -0.014627
v -0.277570 0.079513 -0.013324
v -0.224941 0.134393 -0.049200
v -0.210124 0.123003 -0.046091
v -0.221945 0.134387 -0.061641
v -0.207285 0.123001 -0.057869
v -0.209834 0.125958 0.209671
v -0.206785 0.117808 0.222108
v -0.202439 0.119621 0.224215
v -0.206142 0.126804 0.212121
v -0.210413 0.133129 0.197664
v -0.207333 0.133329 0.200260
v -0.214242 0.132676 0.194202
v -0.214468 0.124651 0.206365
v -0.212276 0.115218 0.219204
v -0.219034 0.123296 0.202935
v -0.218009 0.132209 0.190659
v -0.222478 0.122081 0.200153
v -0.220848 0.131695 0.187794
v -0.221780 0.110249 0.213586
v -0.217693 0.112519 0.216116
v -0.215081 0.100180 0.228461
v -0.219671 0.096617 0.226112
v -0.212545 0.090071 0.237452
v -0.217468 0.085487 0.235216
v -0.205993 0.095783 0.240113
v -0.208984 0.104529 0.231287
v -0.202793 0.108688 0.233850
v -0.199323 0.101230 0.242447
v -0.197910 0.111664 0.235656
v -0.194100 0.105187 0.244044
v -0.206992 0.139317 0.187210
v -0.210281 0.139142 0.184150
v -0.204323 0.139305 0.189515
v -0.198984 0.143780 0.179386
v -0.201364 0.143822 0.177578
v -0.204267 0.143680 0.175178
v -0.195318 0.145946 0.168035
v -0.193186 0.145801 0.169376
v -0.190473 0.146517 0.160712
v -0.188547 0.146294 0.161724
v -0.192804 0.146608 0.159391
v -0.197888 0.145921 0.166257
v -0.200440 0.145882 0.164439
v -0.195126 0.146678 0.158038
v -0.202407 0.145675 0.162906
v -0.196943 0.146567 0.156894
v -0.209329 0.143256 0.170702
v -0.207139 0.143530 0.172727
v -0.213519 0.138963 0.181028
v -0.215970 0.138675 0.178487
v -0.194035 0.055954 0.265352
v -0.190197 0.060777 0.266811
v -0.195172 0.067127 0.261116
v -0.199944 0.062286 0.259087
v -0.196957 0.052566 0.263842
v -0.203597 0.059124 0.257023
v -0.190015 0.047719 0.270030
v -0.187874 0.051590 0.270858
v -0.185006 0.056575 0.271643
v -0.186426 0.066689 0.267600
v -0.182112 0.061768 0.272173
v -0.183448 0.071629 0.267834
v -0.179763 0.065838 0.272368
v -0.186881 0.079229 0.262509
v -0.190512 0.073633 0.262180
v -0.194385 0.081377 0.256084
v -0.190003 0.086645 0.256908
v -0.197184 0.087556 0.251043
v -0.192218 0.092201 0.252413
v -0.203500 0.081482 0.248937
v -0.199977 0.074975 0.254483
v -0.205570 0.069609 0.252127
v -0.209681 0.075518 0.246419
v -0.209803 0.065815 0.249893
v -0.214302 0.070929 0.244229
v -0.181494 0.050177 0.275544
v -0.179550 0.055177 0.275690
v -0.182907 0.046165 0.275272
v -0.175810 0.046237 0.279863
v -0.175101 0.050226 0.279662
v -0.174062 0.055180 0.279208
v -0.168904 0.050247 0.283463
v -0.168901 0.046268 0.284101
v -0.164107 0.050190 0.286158
v -0.163593 0.046236 0.287120
v -0.164659 0.055125 0.284748
v -0.168772 0.055182 0.282454
v -0.168598 0.060030 0.281345
v -0.165173 0.059975 0.283232
v -0.168355 0.063757 0.280314
v -0.165493 0.063697 0.281898
v -0.172011 0.063783 0.278064
v -0.172973 0.060046 0.278656
v -0.177552 0.060089 0.275729
v -0.175882 0.063850 0.275597
v -0.184268 -0.013739 0.278472
v -0.176914 -0.005886 0.283562
v -0.180492 -0.001895 0.281240
v -0.188354 -0.009197 0.275885
v -0.189820 -0.020253 0.274241
v -0.194179 -0.014890 0.271554
v -0.183994 -0.027399 0.277433
v -0.178954 -0.020348 0.281391
v -0.172368 -0.012125 0.286074
v -0.173804 -0.028383 0.283787
v -0.178055 -0.034877 0.280287
v -0.169845 -0.035086 0.285291
v -0.173400 -0.040712 0.282239
v -0.165049 -0.027783 0.289007
v -0.168189 -0.020520 0.287948
v -0.162641 -0.013909 0.291634
v -0.160070 -0.020589 0.292488
v -0.156495 -0.009411 0.295228
v -0.154527 -0.015220 0.295877
v -0.158940 -0.002068 0.294088
v -0.165995 -0.005941 0.290111
v -0.169570 0.000590 0.288110
v -0.161369 0.004919 0.292694
v -0.163169 0.010196 0.291382
v -0.172347 0.005092 0.286242
v -0.133410 -0.007848 0.306481
v -0.141151 -0.007857 0.302967
v -0.141192 -0.013344 0.302630
v -0.134575 -0.013329 0.305656
v -0.127459 -0.007855 0.308916
v -0.129495 -0.013328 0.307764
v -0.124735 -0.000780 0.310148
v -0.131783 -0.000784 0.307275
v -0.140967 -0.000781 0.303139
v -0.130124 0.006283 0.307869
v -0.121999 0.006299 0.311156
v -0.128736 0.011783 0.308125
v -0.119811 0.011788 0.311741
v -0.140416 0.011803 0.302937
v -0.140715 0.006298 0.303138
v -0.151440 0.006332 0.297892
v -0.152209 0.011854 0.297152
v -0.150308 -0.000778 0.298587
v -0.149088 -0.007886 0.299111
v -0.148038 -0.013390 0.299314
v -0.199106 -0.073682 0.255741
v -0.205866 -0.067133 0.252748
v -0.208187 -0.071747 0.249061
v -0.201418 -0.078267 0.251960
v -0.193768 -0.078580 0.257798
v -0.196092 -0.083126 0.253967
v -0.190556 -0.072504 0.262560
v -0.195886 -0.067579 0.260410
v -0.202638 -0.061003 0.257297
v -0.192463 -0.061304 0.264903
v -0.187135 -0.066238 0.267139
v -0.189655 -0.056350 0.268178
v -0.184356 -0.061294 0.270485
v -0.196405 -0.049787 0.264872
v -0.199212 -0.054730 0.261678
v -0.205806 -0.048020 0.258138
v -0.203001 -0.043105 0.261255
v -0.210710 -0.042769 0.255189
v -0.207922 -0.037912 0.258265
v -0.214134 -0.048984 0.250994
v -0.209231 -0.054266 0.253864
v -0.212465 -0.060392 0.249430
v -0.217370 -0.055097 0.246644
v -0.214792 -0.065015 0.245833
v -0.219703 -0.059724 0.243144
v -0.198653 -0.145997 0.164528
v -0.206008 -0.143734 0.172928
v -0.207919 -0.143558 0.170603
v -0.200357 -0.145823 0.162389
v -0.192844 -0.146642 0.158034
v -0.194406 -0.146487 0.156066
v -0.190809 -0.146645 0.160446
v -0.196407 -0.146009 0.167120
v -0.203481 -0.143765 0.175764
v -0.194129 -0.146020 0.169682
v -0.188746 -0.146647 0.162832
v -0.192233 -0.145865 0.171642
v -0.187044 -0.146497 0.164680
v -0.198794 -0.143670 0.180689
v -0.200913 -0.143796 0.178561
v -0.207358 -0.139149 0.187438
v -0.205010 -0.139056 0.189744
v -0.211887 -0.132567 0.197095
v -0.209165 -0.132698 0.199512
v -0.215246 -0.132207 0.193890
v -0.210227 -0.139083 0.184395
v -0.213048 -0.139016 0.181306
v -0.218551 -0.131838 0.190619
v -0.215177 -0.138817 0.178788
v -0.221044 -0.131402 0.187963
v -0.209527 -0.104694 0.230855
v -0.211715 -0.115202 0.219950
v -0.207592 -0.116826 0.222237
v -0.204755 -0.107402 0.233095
v -0.207412 -0.096105 0.238804
v -0.202207 -0.099731 0.241027
v -0.214054 -0.091126 0.235665
v -0.215570 -0.100912 0.227739
v -0.216911 -0.112869 0.216828
v -0.221513 -0.096991 0.224389
v -0.220569 -0.085956 0.232232
v -0.225981 -0.093776 0.221646
v -0.225455 -0.081814 0.229417
v -0.225895 -0.108420 0.210869
v -0.222033 -0.110458 0.213544
v -0.221296 -0.122196 0.201826
v -0.224433 -0.121115 0.199149
v -0.217139 -0.123385 0.205123
v -0.212920 -0.124539 0.208315
v -0.209544 -0.125273 0.210693
v -0.275668 -0.100176 0.149874
v -0.270759 -0.104525 0.154462
v -0.270673 -0.095778 0.163781
v -0.276066 -0.090067 0.159207
v -0.279295 -0.096612 0.146209
v -0.280045 -0.085482 0.155546
v -0.277387 -0.110245 0.133651
v -0.274294 -0.112515 0.137331
v -0.270113 -0.115213 0.141956
v -0.271452 -0.123291 0.124390
v -0.273856 -0.122077 0.120672
v -0.266645 -0.132205 0.113048
v -0.268448 -0.131691 0.109439
v -0.264174 -0.132672 0.117590
v -0.268186 -0.124646 0.129074
v -0.264816 -0.125954 0.133662
v -0.261616 -0.133125 0.122074
v -0.262074 -0.126800 0.137143
v -0.259501 -0.133325 0.125503
v -0.262332 -0.119615 0.149788
v -0.265803 -0.117804 0.146429
v -0.265677 -0.108682 0.158831
v -0.261603 -0.111659 0.162071
v -0.265065 -0.101225 0.168082
v -0.260602 -0.105182 0.171230
v -0.241767 -0.145877 0.093626
v -0.250719 -0.143526 0.099407
v -0.252167 -0.143251 0.096799
v -0.243157 -0.145671 0.091555
v -0.234720 -0.146674 0.089204
v -0.236088 -0.146563 0.087550
v -0.232936 -0.146604 0.091214
v -0.239910 -0.145917 0.096149
v -0.248756 -0.143676 0.102632
v -0.238024 -0.145942 0.098641
v -0.231134 -0.146513 0.093198
v -0.236417 -0.145797 0.100581
v -0.229621 -0.146290 0.094761
v -0.245051 -0.143776 0.108280
v -0.246747 -0.143817 0.105819
v -0.255102 -0.139312 0.113212
v -0.253286 -0.139301 0.116234
v -0.257271 -0.139138 0.109278
v -0.259373 -0.138959 0.105301
v -0.260908 -0.138670 0.102121
v -0.274022 -0.069604 0.175326
v -0.270852 -0.062282 0.183696
v -0.273678 -0.059120 0.180594
v -0.277347 -0.065811 0.171882
v -0.276145 -0.075514 0.168621
v -0.279851 -0.070925 0.165097
v -0.271060 -0.081478 0.172943
v -0.269445 -0.074969 0.179311
v -0.266952 -0.067122 0.187113
v -0.264633 -0.081373 0.182578
v -0.265718 -0.087552 0.176915
v -0.260727 -0.086640 0.184730
v -0.261427 -0.092196 0.179768
v -0.259510 -0.079224 0.191026
v -0.262857 -0.073628 0.189579
v -0.260668 -0.066685 0.196004
v -0.257912 -0.071624 0.197156
v -0.257998 -0.061763 0.201696
v -0.255826 -0.065833 0.202615
v -0.260581 -0.056571 0.200288
v -0.264004 -0.060772 0.194076
v -0.267194 -0.055949 0.191492
v -0.263061 -0.051585 0.198647
v -0.264836 -0.047715 0.197192
v -0.269498 -0.052561 0.189145
v -0.248023 -0.060025 0.214629
v -0.251340 -0.060042 0.210709
v -0.250241 -0.063779 0.210446
v -0.247470 -0.063752 0.213725
v -0.245359 -0.059969 0.217491
v -0.245247 -0.063691 0.216124
v -0.245344 -0.055121 0.219092
v -0.248535 -0.055177 0.215628
v -0.252546 -0.055175 0.210892
v -0.248975 -0.050242 0.216545
v -0.245260 -0.050185 0.220604
v -0.249172 -0.046264 0.217152
v -0.245072 -0.046231 0.221678
v -0.254412 -0.046232 0.210968
v -0.253675 -0.050220 0.210999
v -0.258463 -0.050172 0.205091
v -0.259721 -0.046161 0.204391
v -0.256662 -0.055172 0.205836
v -0.254776 -0.060085 0.206497
v -0.253148 -0.063846 0.206894
v -0.249538 -0.000585 0.222470
v -0.246746 0.005946 0.225468
v -0.251580 0.012130 0.219675
v -0.255140 0.005890 0.215894
v -0.251611 -0.005087 0.219843
v -0.257836 0.001899 0.212590
v -0.244444 -0.010192 0.227543
v -0.243131 -0.004914 0.229342
v -0.241244 0.002072 0.231411
v -0.244018 0.013914 0.227944
v -0.239265 0.009416 0.233245
v -0.241832 0.020594 0.229543
v -0.237590 0.015224 0.234464
v -0.245508 0.027788 0.224706
v -0.248174 0.020525 0.222737
v -0.252248 0.028387 0.217059
v -0.248938 0.035090 0.219702
v -0.255225 0.034882 0.212427
v -0.251389 0.040716 0.215709
v -0.260007 0.027404 0.207894
v -0.256419 0.020352 0.213203
v -0.260586 0.013744 0.208800
v -0.264578 0.020257 0.203074
v -0.263685 0.009202 0.205088
v -0.267907 0.014894 0.199183
v -0.235267 -0.006328 0.237326
v -0.234401 0.000783 0.238335
v -0.235773 -0.011849 0.236387
v -0.226313 -0.011799 0.245501
v -0.226659 -0.006293 0.245601
v -0.226899 0.000786 0.245525
v -0.218022 -0.006279 0.253343
v -0.216779 -0.011778 0.254011
v -0.211291 -0.006294 0.258957
v -0.209386 -0.011783 0.260183
v -0.213588 0.000784 0.257160
v -0.219420 0.000789 0.252270
v -0.220727 0.007852 0.251017
v -0.215804 0.007860 0.255155
v -0.221584 0.013334 0.249875
v -0.217391 0.013333 0.253436
v -0.226958 0.013349 0.244972
v -0.227022 0.007861 0.245304
v -0.233401 0.007890 0.239206
v -0.232463 0.013394 0.239721
v -0.274874 0.048025 0.182855
v -0.276829 0.054270 0.177739
v -0.280619 0.048988 0.173507
v -0.278643 0.042774 0.178547
v -0.273157 0.043109 0.186680
v -0.276928 0.037916 0.182330
v -0.267982 0.049791 0.192141
v -0.269679 0.054734 0.188242
v -0.271601 0.061008 0.183023
v -0.264239 0.061309 0.193375
v -0.262566 0.056355 0.197353
v -0.259849 0.066243 0.197133
v -0.258227 0.061299 0.201169
v -0.261706 0.072508 0.191728
v -0.266125 0.067583 0.188052
v -0.267762 0.073687 0.182622
v -0.263309 0.078583 0.186212
v -0.268808 0.078271 0.178315
v -0.264351 0.083129 0.181854
v -0.274366 0.071751 0.173485
v -0.273284 0.067137 0.177705
v -0.278552 0.060396 0.172529
v -0.279668 0.065019 0.168392
v -0.282371 0.055101 0.168376
v -0.283522 0.059728 0.164331
v -0.254736 0.139154 0.115065
v -0.256538 0.139088 0.111291
v -0.264219 0.132213 0.118796
v -0.262001 0.132572 0.122876
v -0.253206 0.139060 0.117979
v -0.260148 0.132702 0.126008
v -0.244519 0.143675 0.111258
v -0.245885 0.143800 0.108584
v -0.247476 0.143769 0.105136
v -0.236712 0.146024 0.102204
v -0.235507 0.145870 0.104650
v -0.229493 0.146651 0.097328
v -0.228437 0.146502 0.099608
v -0.230727 0.146649 0.094426
v -0.238098 0.146013 0.099069
v -0.239444 0.146001 0.095913
v -0.231928 0.146646 0.091507
v -0.240412 0.145827 0.093356
v -0.232813 0.146491 0.089155
v -0.250123 0.143563 0.098865
v -0.249015 0.143738 0.101663
v -0.258279 0.139020 0.107487
v -0.259536 0.138822 0.104439
v -0.266366 0.131843 0.114672
v -0.267928 0.131407 0.111381
v -0.272406 0.122201 0.124503
v -0.269456 0.123390 0.128913
v -0.274574 0.121122 0.120996
v -0.279550 0.108426 0.131707
v -0.276690 0.110462 0.135435
v -0.272818 0.112874 0.140127
v -0.279511 0.096995 0.145919
v -0.282927 0.093781 0.141942
v -0.281010 0.085961 0.153675
v -0.284802 0.081819 0.149501
v -0.275857 0.091132 0.158936
v -0.274877 0.100917 0.150926
v -0.270076 0.104698 0.155740
v -0.270492 0.096109 0.163955
v -0.266217 0.107407 0.159332
v -0.266216 0.099736 0.167664
v -0.265599 0.116831 0.148127
v -0.268825 0.115206 0.144689
v -0.266416 0.124543 0.133242
v -0.263928 0.125277 0.136538
v -0.198477 0.076479 0.226719
v -0.203384 0.071968 0.224573
v -0.190587 0.063772 0.210660
v -0.185932 0.068044 0.212688
v -0.192046 0.082391 0.229214
v -0.179830 0.073644 0.215051
v -0.201317 0.089210 0.239787
v -0.207988 0.083073 0.237197
v -0.213059 0.078364 0.234983
v -0.185475 0.088034 0.231379
v -0.173602 0.078993 0.217104
v -0.180432 0.092346 0.232797
v -0.168824 0.083083 0.218450
v -0.189265 0.099501 0.243515
v -0.194502 0.095063 0.242034
v -0.183180 0.102394 0.222335
v -0.179604 0.096668 0.230205
v -0.168042 0.087172 0.215997
v -0.171429 0.092594 0.208538
v -0.187675 0.109444 0.211661
v -0.175687 0.099271 0.198423
v -0.196864 0.117163 0.221592
v -0.192196 0.109813 0.232701
v -0.188457 0.103856 0.240881
v -0.191455 0.115807 0.200405
v -0.179269 0.105301 0.187758
v -0.192825 0.121680 0.189276
v -0.180567 0.110864 0.177215
v -0.202203 0.129928 0.198291
v -0.200785 0.123803 0.209873
v -0.190090 0.127256 0.178983
v -0.177975 0.116147 0.167463
v -0.185072 0.131490 0.169161
v -0.173221 0.120175 0.158151
v -0.194151 0.140120 0.177391
v -0.199360 0.135728 0.187590
v -0.179595 0.133338 0.159445
v -0.168029 0.121976 0.148927
v -0.175370 0.133861 0.151998
v -0.164024 0.122507 0.141859
v -0.184061 0.142530 0.159605
v -0.188466 0.142017 0.167313
v -0.176434 0.134366 0.147108
v -0.174804 0.134247 0.148108
v -0.163488 0.122797 0.138218
v -0.165034 0.122890 0.137273
v -0.178528 0.134471 0.146025
v -0.167023 0.122985 0.136242
v -0.187318 0.143217 0.153556
v -0.185137 0.143103 0.154683
v -0.183432 0.142956 0.155695
v -0.180616 0.134549 0.144906
v -0.169008 0.123063 0.135180
v -0.182412 0.134568 0.144095
v -0.170710 0.123100 0.134407
v -0.191328 0.143302 0.151530
v -0.189491 0.143301 0.152392
v -0.191268 0.133113 0.151278
v -0.186008 0.134088 0.145851
v -0.174090 0.122717 0.136051
v -0.179078 0.121759 0.141200
v -0.197852 0.130828 0.158461
v -0.185326 0.119546 0.148017
v -0.207199 0.139447 0.166462
v -0.200351 0.141798 0.158992
v -0.194904 0.142779 0.153338
v -0.204200 0.126489 0.165647
v -0.191343 0.115420 0.154829
v -0.208948 0.119751 0.174389
v -0.195841 0.109037 0.163112
v -0.218739 0.127946 0.183024
v -0.213803 0.134944 0.173936
v -0.210731 0.110268 0.186242
v -0.197530 0.100052 0.174341
v -0.210317 0.098525 0.199198
v -0.197139 0.088930 0.186618
v -0.220148 0.105928 0.208778
v -0.220586 0.118109 0.195331
v -0.208474 0.085013 0.211248
v -0.195396 0.076127 0.198045
v -0.206422 0.074192 0.220098
v -0.193456 0.065877 0.206437
v -0.216112 0.080655 0.230444
v -0.218230 0.091906 0.221282
v -0.150536 0.045584 0.269070
v -0.150040 0.041844 0.270126
v -0.139578 0.037877 0.252327
v -0.140047 0.041422 0.251325
v -0.151296 0.050307 0.267585
v -0.140767 0.045899 0.249917
v -0.159412 0.053673 0.280875
v -0.158625 0.048771 0.282415
v -0.158086 0.044895 0.283508
v -0.151993 0.054948 0.266012
v -0.141428 0.050295 0.248426
v -0.152642 0.058561 0.264666
v -0.142042 0.053719 0.247152
v -0.160783 0.062224 0.277850
v -0.160138 0.058491 0.279241
v -0.156805 0.060863 0.261547
v -0.154441 0.060698 0.263016
v -0.143746 0.055742 0.245589
v -0.145985 0.055899 0.244197
v -0.159870 0.060863 0.259670
v -0.148889 0.055899 0.242418
v -0.168231 0.064467 0.272751
v -0.165017 0.064462 0.274721
v -0.162545 0.064315 0.276234
v -0.163159 0.060863 0.257599
v -0.152006 0.055899 0.240456
v -0.166517 0.062784 0.254724
v -0.155187 0.057718 0.237732
v -0.175185 0.066486 0.267575
v -0.171677 0.064478 0.270578
v -0.169786 0.068545 0.250433
v -0.158283 0.063175 0.233667
v -0.172824 0.075946 0.245408
v -0.161162 0.070187 0.228907
v -0.181748 0.080172 0.257891
v -0.178588 0.072476 0.263115
v -0.175487 0.082783 0.240328
v -0.163687 0.076667 0.224094
v -0.177507 0.087723 0.236365
v -0.165602 0.081349 0.220340
v -0.186604 0.092448 0.248468
v -0.184526 0.087295 0.252597
v -0.185611 0.083911 0.232123
v -0.180689 0.088094 0.233780
v -0.168613 0.081698 0.217892
v -0.173275 0.077732 0.216322
v -0.191893 0.078187 0.229940
v -0.179227 0.072310 0.214253
v -0.201410 0.082533 0.241925
v -0.194888 0.088473 0.244190
v -0.189787 0.092825 0.245881
v -0.198047 0.072238 0.227453
v -0.185057 0.066674 0.211897
v -0.202639 0.067498 0.225525
v -0.189408 0.062183 0.210070
v -0.212550 0.071469 0.237325
v -0.207792 0.076364 0.239347
v -0.198461 0.058646 0.232122
v -0.202840 0.063327 0.226898
v -0.189598 0.058233 0.211371
v -0.185450 0.053799 0.216320
v -0.192337 0.052507 0.238969
v -0.179648 0.047982 0.222806
v -0.201823 0.056057 0.251272
v -0.208180 0.062440 0.244157
v -0.212735 0.067288 0.238715
v -0.185709 0.046060 0.245717
v -0.173369 0.041874 0.229199
v -0.178748 0.041112 0.251945
v -0.166773 0.037186 0.235100
v -0.187729 0.044265 0.264724
v -0.194947 0.049378 0.258271
v -0.171623 0.039465 0.257232
v -0.160023 0.035627 0.240108
v -0.164482 0.039471 0.261877
v -0.153258 0.035631 0.244509
v -0.172951 0.042589 0.275006
v -0.180345 0.042573 0.270198
v -0.157473 0.039475 0.266183
v -0.146618 0.035637 0.248589
v -0.152167 0.039646 0.269309
v -0.141592 0.035798 0.251551
v -0.160212 0.042742 0.282683
v -0.165700 0.042598 0.279459
v -0.115701 -0.007329 0.289923
v -0.118073 -0.012591 0.288777
v -0.109646 -0.011740 0.269514
v -0.107398 -0.006754 0.270599
v -0.112767 -0.000521 0.291233
v -0.104618 -0.000305 0.271840
v -0.119099 -0.000690 0.305850
v -0.122149 -0.007752 0.304489
v -0.124582 -0.013200 0.303297
v -0.109756 0.006289 0.292351
v -0.101766 0.006149 0.272901
v -0.107534 0.011555 0.293085
v -0.099661 0.011139 0.273598
v -0.113657 0.011828 0.307761
v -0.115980 0.006376 0.307007
v -0.118929 0.014365 0.288206
v -0.110087 0.014203 0.291917
v -0.102078 0.013645 0.272491
v -0.110456 0.013797 0.268973
v -0.130658 0.014370 0.283008
v -0.121567 0.013802 0.264048
v -0.137561 0.014601 0.297363
v -0.125415 0.014593 0.302746
v -0.116252 0.014455 0.306576
v -0.142436 0.014375 0.277224
v -0.132725 0.013807 0.258568
v -0.153373 0.012620 0.271453
v -0.143087 0.012145 0.253100
v -0.161104 0.012806 0.285388
v -0.149766 0.014614 0.291370
v -0.162580 0.007344 0.266293
v -0.151809 0.007147 0.248212
v -0.170697 0.000401 0.261326
v -0.159500 0.000569 0.243507
v -0.179064 0.000156 0.274889
v -0.170646 0.007350 0.280040
v -0.178369 -0.006356 0.256133
v -0.166769 -0.005834 0.238588
v -0.183962 -0.011566 0.252136
v -0.172069 -0.010770 0.234801
v -0.192847 -0.012264 0.265324
v -0.187031 -0.006869 0.269494
v -0.180182 -0.021799 0.253991
v -0.184445 -0.016271 0.251530
v -0.172525 -0.015226 0.234227
v -0.168486 -0.020463 0.236558
v -0.174412 -0.028847 0.257153
v -0.163019 -0.027140 0.239553
v -0.182937 -0.030007 0.270557
v -0.188924 -0.022694 0.267277
v -0.193348 -0.016988 0.264706
v -0.168490 -0.035815 0.260028
v -0.157409 -0.033741 0.242277
v -0.163810 -0.041000 0.262189
v -0.152975 -0.038654 0.244325
v -0.171939 -0.042642 0.275762
v -0.176787 -0.037243 0.273542
v -0.156995 -0.036171 0.267028
v -0.160208 -0.041045 0.264390
v -0.149566 -0.038699 0.246411
v -0.146521 -0.034081 0.248910
v -0.152796 -0.029523 0.270350
v -0.142541 -0.027780 0.252056
v -0.160630 -0.030670 0.284178
v -0.165009 -0.037599 0.280714
v -0.168333 -0.042690 0.277963
v -0.148280 -0.022540 0.273579
v -0.138262 -0.021165 0.255115
v -0.143259 -0.017177 0.276715
v -0.133505 -0.016085 0.258086
v -0.150703 -0.017830 0.290800
v -0.155930 -0.023406 0.287537
v -0.137545 -0.015390 0.279759
v -0.128092 -0.014391 0.260969
v -0.131588 -0.015390 0.282634
v -0.122449 -0.014391 0.263694
v -0.138514 -0.015957 0.296981
v -0.144738 -0.015964 0.293976
v -0.125841 -0.015390 0.285268
v -0.117004 -0.014391 0.266190
v -0.121410 -0.015233 0.287245
v -0.112806 -0.014243 0.268063
v -0.127901 -0.015820 0.301773
v -0.132512 -0.015954 0.299732
v -0.202013 -0.062155 0.227738
v -0.206706 -0.057054 0.225374
v -0.193077 -0.052437 0.210019
v -0.188631 -0.057270 0.212258
v -0.195734 -0.068547 0.230777
v -0.182682 -0.063325 0.215137
v -0.205548 -0.072391 0.242719
v -0.212075 -0.065747 0.239560
v -0.216947 -0.060470 0.237082
v -0.189301 -0.074732 0.233498
v -0.176588 -0.069184 0.217716
v -0.184248 -0.079281 0.235560
v -0.171801 -0.073496 0.219669
v -0.193622 -0.083554 0.247661
v -0.198862 -0.078819 0.245548
v -0.178467 -0.075037 0.241818
v -0.180851 -0.079310 0.238196
v -0.168584 -0.073523 0.222166
v -0.166325 -0.069475 0.225598
v -0.175415 -0.069264 0.246377
v -0.163433 -0.064005 0.229916
v -0.184608 -0.073152 0.258788
v -0.187780 -0.079151 0.254050
v -0.190226 -0.083594 0.250292
v -0.172157 -0.063305 0.250762
v -0.160347 -0.058359 0.234071
v -0.169679 -0.058541 0.254021
v -0.157999 -0.053845 0.237158
v -0.178628 -0.062032 0.266724
v -0.181224 -0.066959 0.263345
v -0.175626 -0.049273 0.252315
v -0.170713 -0.054134 0.254550
v -0.158979 -0.049671 0.237660
v -0.163633 -0.045066 0.235542
v -0.182047 -0.043036 0.249142
v -0.169716 -0.039157 0.232536
v -0.191459 -0.046129 0.261625
v -0.184786 -0.052611 0.264922
v -0.179670 -0.057629 0.267246
v -0.188319 -0.036689 0.245679
v -0.175658 -0.033144 0.229255
v -0.193139 -0.031905 0.242832
v -0.180225 -0.028612 0.226559
v -0.202959 -0.034545 0.255076
v -0.197977 -0.039533 0.258026
v -0.199229 -0.036373 0.237059
v -0.196556 -0.031898 0.240114
v -0.183461 -0.028605 0.223983
v -0.185994 -0.032844 0.221089
v -0.202477 -0.042267 0.233101
v -0.189071 -0.038428 0.217339
v -0.212514 -0.045313 0.245098
v -0.209137 -0.039187 0.249213
v -0.206375 -0.034524 0.252361
v -0.205552 -0.048066 0.228996
v -0.191984 -0.043922 0.213450
v -0.207754 -0.052609 0.225827
v -0.194070 -0.048226 0.210448
v -0.218004 -0.056031 0.237526
v -0.215711 -0.051342 0.240831
v -0.193642 -0.082710 0.227700
v -0.188574 -0.086702 0.229787
v -0.176477 -0.077762 0.215625
v -0.181279 -0.073978 0.213646
v -0.200222 -0.077549 0.224682
v -0.187516 -0.069084 0.210784
v -0.209845 -0.084176 0.235065
v -0.203020 -0.089531 0.238196
v -0.197759 -0.093632 0.240369
v -0.206660 -0.072191 0.221365
v -0.193623 -0.064008 0.207641
v -0.211549 -0.068147 0.218609
v -0.198261 -0.060178 0.205035
v -0.221576 -0.074387 0.228773
v -0.216522 -0.078614 0.231621
v -0.214351 -0.082500 0.206840
v -0.213928 -0.070919 0.214356
v -0.200513 -0.062802 0.201028
v -0.200907 -0.073772 0.193899
v -0.214070 -0.096923 0.196555
v -0.200635 -0.087435 0.184141
v -0.224098 -0.104238 0.206016
v -0.224385 -0.089268 0.216689
v -0.223958 -0.077230 0.224464
v -0.212408 -0.109442 0.185327
v -0.199058 -0.099296 0.173499
v -0.208935 -0.119543 0.174625
v -0.195768 -0.108865 0.163361
v -0.218776 -0.127706 0.183251
v -0.222378 -0.117227 0.194363
v -0.203224 -0.126710 0.165919
v -0.190358 -0.115655 0.155114
v -0.196254 -0.131215 0.158199
v -0.183751 -0.119942 0.147795
v -0.205601 -0.139822 0.166186
v -0.212843 -0.135149 0.174207
v -0.189002 -0.133332 0.150452
v -0.176869 -0.122000 0.140441
v -0.183259 -0.134055 0.144634
v -0.171421 -0.122722 0.134920
v -0.192125 -0.142715 0.152085
v -0.198070 -0.141995 0.158142
v -0.178197 -0.134513 0.144941
v -0.179768 -0.134480 0.143266
v -0.168133 -0.123035 0.133647
v -0.166648 -0.123048 0.135239
v -0.176349 -0.134513 0.147158
v -0.164898 -0.123048 0.137339
v -0.185109 -0.143244 0.154708
v -0.187032 -0.143244 0.152401
v -0.188639 -0.143189 0.150646
v -0.174471 -0.134513 0.149349
v -0.163119 -0.123048 0.139416
v -0.173044 -0.134482 0.151218
v -0.161764 -0.123036 0.141180
v -0.181659 -0.143191 0.158901
v -0.183155 -0.143244 0.156990
v -0.178842 -0.133388 0.162016
v -0.174107 -0.134076 0.155322
v -0.162761 -0.122738 0.145038
v -0.167251 -0.122051 0.151391
v -0.184999 -0.131353 0.170640
v -0.173090 -0.120071 0.159579
v -0.194108 -0.139963 0.178890
v -0.187710 -0.142054 0.169932
v -0.182775 -0.142737 0.163003
v -0.190824 -0.126999 0.179286
v -0.178610 -0.115929 0.167776
v -0.194630 -0.121075 0.188564
v -0.182216 -0.110317 0.176566
v -0.204122 -0.129280 0.197526
v -0.200162 -0.135444 0.187876
v -0.194731 -0.114331 0.199085
v -0.182312 -0.103928 0.186533
v -0.192589 -0.106733 0.209919
v -0.180283 -0.096730 0.196799
v -0.202017 -0.114330 0.219753
v -0.204235 -0.122251 0.208476
v -0.189667 -0.098248 0.220137
v -0.177516 -0.088693 0.206485
v -0.187262 -0.091358 0.227635
v -0.175238 -0.082168 0.213593
v -0.196459 -0.098325 0.238177
v -0.198982 -0.105489 0.230384
v -0.248454 -0.088027 0.161891
v -0.244105 -0.092342 0.164812
v -0.228598 -0.083079 0.154808
v -0.232717 -0.078988 0.152037
v -0.254020 -0.082386 0.157782
v -0.237993 -0.073640 0.148142
v -0.266130 -0.089205 0.164932
v -0.260357 -0.095058 0.169194
v -0.255844 -0.099497 0.172237
v -0.259351 -0.076475 0.153404
v -0.243052 -0.068040 0.143992
v -0.263342 -0.071963 0.149833
v -0.246840 -0.063767 0.140611
v -0.275783 -0.078360 0.156701
v -0.271658 -0.083069 0.160388
v -0.264017 -0.085008 0.135585
v -0.264830 -0.074186 0.144633
v -0.248247 -0.065872 0.135704
v -0.247469 -0.076123 0.127126
v -0.262004 -0.098521 0.123562
v -0.245557 -0.088924 0.115726
v -0.274335 -0.105924 0.129592
v -0.276418 -0.091901 0.142070
v -0.277267 -0.080650 0.151435
v -0.258352 -0.110263 0.111125
v -0.242094 -0.100047 0.103941
v -0.252956 -0.119747 0.100421
v -0.236983 -0.109033 0.093801
v -0.264954 -0.127942 0.105566
v -0.270552 -0.118104 0.116682
v -0.245716 -0.126485 0.093599
v -0.230124 -0.115415 0.087337
v -0.237442 -0.130823 0.088754
v -0.222280 -0.119542 0.082745
v -0.248819 -0.139443 0.093436
v -0.257427 -0.134940 0.098475
v -0.228943 -0.133108 0.083987
v -0.214216 -0.121754 0.078219
v -0.222252 -0.134082 0.080474
v -0.207870 -0.122712 0.074885
v -0.233041 -0.142774 0.084809
v -0.239981 -0.141794 0.088479
v -0.216834 -0.134545 0.081260
v -0.218287 -0.134564 0.079929
v -0.204146 -0.123095 0.074379
v -0.202770 -0.123058 0.075645
v -0.215201 -0.134466 0.082975
v -0.201216 -0.122980 0.077273
v -0.225903 -0.143212 0.087385
v -0.227603 -0.143296 0.085600
v -0.229080 -0.143297 0.084207
v -0.213549 -0.134362 0.084658
v -0.199649 -0.122886 0.078874
v -0.212313 -0.134242 0.086117
v -0.198474 -0.122793 0.080254
v -0.222879 -0.142951 0.090630
v -0.224182 -0.143099 0.089136
v -0.220405 -0.133333 0.095391
v -0.214066 -0.133856 0.089635
v -0.200121 -0.122503 0.083547
v -0.206133 -0.121972 0.089010
v -0.228642 -0.131486 0.102910
v -0.213945 -0.120171 0.096152
v -0.239837 -0.140116 0.107893
v -0.231289 -0.142012 0.100095
v -0.224697 -0.142525 0.094148
v -0.236476 -0.127252 0.110674
v -0.221370 -0.116142 0.103514
v -0.242289 -0.121676 0.119598
v -0.226877 -0.110860 0.111968
v -0.254012 -0.129923 0.125234
v -0.247971 -0.135724 0.115956
v -0.244463 -0.115803 0.130599
v -0.228936 -0.105296 0.122390
v -0.244386 -0.109439 0.142472
v -0.228864 -0.099267 0.133639
v -0.256218 -0.117158 0.149037
v -0.256283 -0.123799 0.136680
v -0.243449 -0.102389 0.154016
v -0.227978 -0.092589 0.144579
v -0.242510 -0.096663 0.162609
v -0.227089 -0.087167 0.152722
v -0.254254 -0.103851 0.169986
v -0.255251 -0.109808 0.161049
v -0.227461 -0.054943 0.205248
v -0.227656 -0.058557 0.203767
v -0.212118 -0.053714 0.190438
v -0.211932 -0.050290 0.191841
v -0.227290 -0.050302 0.206960
v -0.211770 -0.045893 0.193463
v -0.239150 -0.053668 0.217051
v -0.239330 -0.058486 0.215272
v -0.239508 -0.062219 0.213749
v -0.227031 -0.045580 0.208608
v -0.211526 -0.041417 0.195026
v -0.226891 -0.041839 0.209766
v -0.211394 -0.037873 0.196124
v -0.238713 -0.044890 0.219967
v -0.238883 -0.048765 0.218759
v -0.232720 -0.039470 0.203699
v -0.228656 -0.039641 0.208325
v -0.213064 -0.035793 0.194758
v -0.216914 -0.035631 0.190375
v -0.238034 -0.039466 0.197420
v -0.221948 -0.035627 0.184425
v -0.250179 -0.042585 0.207247
v -0.244681 -0.042594 0.213742
v -0.240474 -0.042737 0.218519
v -0.243367 -0.039461 0.190777
v -0.227000 -0.035622 0.178131
v -0.248485 -0.041107 0.183530
v -0.231849 -0.037182 0.171266
v -0.261008 -0.044260 0.192865
v -0.255703 -0.042569 0.200371
v -0.253154 -0.046056 0.175439
v -0.236272 -0.041870 0.163601
v -0.257343 -0.052502 0.166959
v -0.240241 -0.047977 0.155567
v -0.270196 -0.056052 0.175684
v -0.265850 -0.049374 0.184481
v -0.261022 -0.058641 0.158542
v -0.243727 -0.053793 0.147593
v -0.263551 -0.063323 0.152212
v -0.246123 -0.058229 0.141596
v -0.276641 -0.067282 0.160347
v -0.274014 -0.062436 0.166940
v -0.259171 -0.072233 0.154236
v -0.262931 -0.067493 0.150970
v -0.245536 -0.062179 0.140420
v -0.241973 -0.066670 0.143514
v -0.254101 -0.078183 0.158520
v -0.237170 -0.072306 0.147573
v -0.266885 -0.082528 0.166934
v -0.272142 -0.076359 0.162492
v -0.276031 -0.071465 0.159085
v -0.248815 -0.083904 0.162556
v -0.232162 -0.077728 0.151397
v -0.244657 -0.088090 0.165667
v -0.228223 -0.081693 0.154344
v -0.257079 -0.092820 0.174322
v -0.261397 -0.088467 0.171123
v -0.241760 -0.082779 0.173512
v -0.242441 -0.087719 0.169116
v -0.226127 -0.081344 0.157610
v -0.225480 -0.076663 0.161775
v -0.240816 -0.075941 0.179169
v -0.224584 -0.070183 0.167135
v -0.253191 -0.080168 0.188241
v -0.254178 -0.087291 0.182345
v -0.254863 -0.092444 0.177773
v -0.239499 -0.068540 0.184892
v -0.223336 -0.063171 0.172556
v -0.237733 -0.062779 0.189989
v -0.221663 -0.057713 0.177385
v -0.249981 -0.066480 0.199491
v -0.251821 -0.072472 0.194191
v -0.235441 -0.060858 0.193769
v -0.219492 -0.055893 0.180966
v -0.232963 -0.060858 0.196763
v -0.217144 -0.055893 0.183803
v -0.244991 -0.064462 0.206579
v -0.247586 -0.064474 0.203439
v -0.230637 -0.060858 0.199503
v -0.214941 -0.055893 0.186400
v -0.228851 -0.060693 0.201637
v -0.213249 -0.055738 0.188422
v -0.240677 -0.064310 0.211664
v -0.242553 -0.064457 0.209454
v -0.193885 -0.006284 0.244796
v -0.191993 -0.011550 0.246174
v -0.178539 -0.011134 0.230027
v -0.180330 -0.006144 0.228720
v -0.196410 0.000526 0.242811
v -0.182722 0.000309 0.226838
v -0.206907 0.000694 0.254791
v -0.204292 -0.006371 0.256846
v -0.202310 -0.011823 0.258275
v -0.198803 0.007334 0.240666
v -0.184989 0.006760 0.224806
v -0.200711 0.012595 0.238850
v -0.186797 0.011745 0.223085
v -0.211348 0.013205 0.250685
v -0.209395 0.007757 0.252563
v -0.207035 0.015394 0.233134
v -0.203420 0.015238 0.236371
v -0.189363 0.014247 0.220738
v -0.192788 0.014396 0.217671
v -0.211701 0.015394 0.228869
v -0.197208 0.014396 0.213630
v -0.222682 0.015961 0.240411
v -0.217808 0.015959 0.244866
v -0.214042 0.015825 0.248219
v -0.216493 0.015394 0.224310
v -0.201748 0.014396 0.209310
v -0.221003 0.017182 0.219665
v -0.206021 0.016089 0.204910
v -0.232397 0.017834 0.230799
v -0.227688 0.015969 0.235647
v -0.224825 0.022544 0.215144
v -0.209641 0.021170 0.200627
v -0.228137 0.029528 0.210689
v -0.212780 0.027785 0.196406
v -0.239823 0.030675 0.221459
v -0.236376 0.023411 0.226094
v -0.231120 0.036178 0.206242
v -0.215607 0.034086 0.192194
v -0.233372 0.041049 0.202748
v -0.217742 0.038703 0.188883
v -0.245258 0.042694 0.213187
v -0.242935 0.037603 0.216822
v -0.239924 0.035819 0.196062
v -0.236129 0.041004 0.199552
v -0.220351 0.038659 0.185855
v -0.223946 0.033746 0.182550
v -0.244684 0.028852 0.191514
v -0.228455 0.027145 0.178241
v -0.256899 0.030012 0.201670
v -0.251955 0.037248 0.206393
v -0.248019 0.042646 0.209988
v -0.249211 0.021804 0.186740
v -0.232744 0.020467 0.173718
v -0.252518 0.016276 0.183094
v -0.235877 0.015231 0.170264
v -0.265022 0.016992 0.192916
v -0.261596 0.022699 0.196717
v -0.248139 0.006361 0.189335
v -0.252243 0.011571 0.183819
v -0.235619 0.010774 0.170950
v -0.231730 0.005838 0.176176
v -0.242422 -0.000397 0.196624
v -0.226313 -0.000564 0.183082
v -0.254535 -0.000152 0.206980
v -0.260471 0.006873 0.199407
v -0.264734 0.012268 0.193658
v -0.236212 -0.007340 0.203835
v -0.220429 -0.007142 0.189913
v -0.229024 -0.012616 0.211563
v -0.213619 -0.012140 0.197234
v -0.240645 -0.012801 0.222467
v -0.248095 -0.007346 0.214458
v -0.220374 -0.014370 0.220402
v -0.205425 -0.013803 0.205608
v -0.210928 -0.014365 0.229510
v -0.196476 -0.013798 0.214237
v -0.221890 -0.014596 0.241067
v -0.231679 -0.014609 0.231629
v -0.201351 -0.014360 0.238044
v -0.187403 -0.013793 0.222324
v -0.194067 -0.014199 0.244281
v -0.180502 -0.013640 0.228234
v -0.204418 -0.014451 0.256354
v -0.211972 -0.014588 0.249905
v -0.251627 0.074736 0.164441
v -0.247446 0.079285 0.167949
v -0.230737 0.073501 0.156625
v -0.234698 0.069189 0.153302
v -0.256919 0.068551 0.159883
v -0.239711 0.063329 0.148983
v -0.269915 0.072395 0.168253
v -0.264414 0.078823 0.172991
v -0.260071 0.083559 0.176605
v -0.261969 0.062159 0.155070
v -0.244495 0.057274 0.144423
v -0.265714 0.057058 0.151385
v -0.248043 0.052441 0.140932
v -0.279045 0.060474 0.159402
v -0.275164 0.065751 0.163250
v -0.265723 0.048069 0.155186
v -0.266851 0.052614 0.151496
v -0.249120 0.048231 0.141037
v -0.248052 0.043926 0.144533
v -0.264050 0.042271 0.160035
v -0.246467 0.038432 0.149126
v -0.277275 0.045317 0.168389
v -0.279014 0.051346 0.163349
v -0.280187 0.056035 0.159501
v -0.262168 0.036377 0.164796
v -0.244684 0.032848 0.153638
v -0.260557 0.031902 0.168522
v -0.243158 0.028609 0.157168
v -0.273650 0.034528 0.177181
v -0.275318 0.039191 0.173339
v -0.254416 0.036693 0.176340
v -0.258135 0.031909 0.172155
v -0.240864 0.028616 0.160609
v -0.237340 0.033147 0.164573
v -0.249503 0.043040 0.181554
v -0.232686 0.039161 0.169513
v -0.262281 0.046133 0.190562
v -0.267387 0.039537 0.185142
v -0.271228 0.034549 0.180811
v -0.244360 0.049277 0.186538
v -0.227813 0.045070 0.174235
v -0.240365 0.054138 0.190168
v -0.224028 0.049676 0.177674
v -0.252774 0.057634 0.199518
v -0.256935 0.052615 0.195741
v -0.240582 0.063309 0.186120
v -0.239219 0.058545 0.189981
v -0.222942 0.053850 0.177497
v -0.224234 0.058363 0.173839
v -0.242343 0.069268 0.180949
v -0.225902 0.064009 0.168940
v -0.254891 0.073156 0.189955
v -0.253061 0.066963 0.195329
v -0.251623 0.062037 0.199339
v -0.243855 0.075041 0.175675
v -0.227335 0.069480 0.163944
v -0.245018 0.079314 0.171497
v -0.228437 0.073527 0.159985
v -0.257642 0.083598 0.180148
v -0.256462 0.079155 0.184474
v -0.264445 0.072195 0.147581
v -0.268257 0.068152 0.143463
v -0.251455 0.060183 0.134601
v -0.247836 0.064012 0.138501
v -0.259330 0.077554 0.152708
v -0.242983 0.069090 0.143360
v -0.271666 0.084180 0.159651
v -0.276970 0.078618 0.154331
v -0.280912 0.074391 0.150074
v -0.253987 0.082717 0.157594
v -0.237919 0.073982 0.147992
v -0.249799 0.086707 0.161129
v -0.233953 0.077766 0.151345
v -0.261780 0.093637 0.168397
v -0.266125 0.089536 0.164720
v -0.247890 0.098252 0.151608
v -0.247893 0.091364 0.159482
v -0.232151 0.082173 0.149789
v -0.232147 0.088698 0.142325
v -0.247548 0.106738 0.140985
v -0.231820 0.096734 0.132256
v -0.259531 0.114334 0.147466
v -0.259892 0.105494 0.158516
v -0.259872 0.098330 0.166707
v -0.246275 0.114335 0.130015
v -0.230613 0.103932 0.121862
v -0.242962 0.121079 0.120029
v -0.227475 0.110321 0.112401
v -0.254740 0.129285 0.125659
v -0.258195 0.122255 0.136050
v -0.236502 0.127003 0.112359
v -0.221354 0.115933 0.105135
v -0.228312 0.131357 0.105908
v -0.213592 0.120077 0.099018
v -0.239507 0.139968 0.110978
v -0.248019 0.135449 0.117682
v -0.219813 0.133392 0.099579
v -0.205529 0.122056 0.093008
v -0.213258 0.134080 0.094654
v -0.199311 0.122742 0.088331
v -0.223860 0.142741 0.099317
v -0.230677 0.142058 0.104405
v -0.211779 0.134518 0.088856
v -0.210992 0.134486 0.091071
v -0.197183 0.123040 0.084963
v -0.197933 0.123053 0.082869
v -0.212897 0.134518 0.086195
v -0.198992 0.123053 0.080348
v -0.223546 0.143248 0.090705
v -0.222383 0.143248 0.093475
v -0.221543 0.143196 0.095753
v -0.213978 0.134518 0.083519
v -0.200017 0.123053 0.077812
v -0.214963 0.134485 0.081444
v -0.200944 0.123040 0.075843
v -0.225665 0.143194 0.085759
v -0.224672 0.143248 0.087921
v -0.225951 0.133336 0.085463
v -0.218705 0.134061 0.081679
v -0.204464 0.122727 0.076049
v -0.211338 0.122005 0.079641
v -0.235224 0.131220 0.090621
v -0.220139 0.119947 0.084538
v -0.246566 0.139827 0.095368
v -0.236936 0.142000 0.090012
v -0.229424 0.142719 0.086062
v -0.244222 0.126714 0.095841
v -0.228668 0.115660 0.089486
v -0.252320 0.119547 0.102384
v -0.236340 0.108870 0.095685
v -0.264328 0.127711 0.107588
v -0.255914 0.135153 0.100791
v -0.258899 0.109447 0.111511
v -0.242573 0.099301 0.104332
v -0.263915 0.096927 0.121694
v -0.247328 0.087440 0.113982
v -0.276355 0.104242 0.127636
v -0.271154 0.117232 0.117066
v -0.267326 0.082504 0.131401
v -0.250569 0.073776 0.123190
v -0.269222 0.070924 0.138686
v -0.252374 0.062806 0.130098
v -0.281862 0.077234 0.145243
v -0.279891 0.089272 0.137710
v -0.218344 0.079351 0.237402
v -0.219252 0.083417 0.234159
v -0.215072 0.076790 0.233862
v -0.216487 0.081161 0.238383
v -0.190546 0.104025 0.247380
v -0.192550 0.102441 0.246978
v -0.187327 0.101393 0.243810
v -0.191891 0.106427 0.244492
v -0.185860 0.145923 0.159193
v -0.187441 0.145828 0.162148
v -0.182689 0.142769 0.156512
v -0.186683 0.146183 0.158673
v -0.195553 0.146351 0.154064
v -0.194675 0.146565 0.154460
v -0.192503 0.143167 0.151312
v -0.197756 0.146114 0.156199
v -0.161074 0.044445 0.288349
v -0.163194 0.044334 0.287292
v -0.158105 0.043162 0.283805
v -0.161298 0.046115 0.288057
v -0.164277 0.065031 0.281625
v -0.164008 0.063527 0.282371
v -0.161327 0.063876 0.277038
v -0.165465 0.065254 0.281036
v -0.190890 0.095723 0.251007
v -0.190084 0.093875 0.252725
v -0.187666 0.094235 0.246736
v -0.192929 0.094224 0.250408
v -0.217471 0.070800 0.241002
v -0.215820 0.072756 0.241814
v -0.214201 0.069354 0.236730
v -0.215939 0.068977 0.243109
v -0.128218 -0.015455 0.307695
v -0.130168 -0.015601 0.306995
v -0.125852 -0.015418 0.302651
v -0.127255 -0.013327 0.308332
v -0.115382 0.013957 0.312946
v -0.116280 0.011814 0.312814
v -0.112993 0.014053 0.307916
v -0.118730 0.014093 0.311702
v -0.197728 -0.014843 0.268580
v -0.195715 -0.012765 0.270215
v -0.194814 -0.014569 0.263844
v -0.196215 -0.017047 0.269624
v -0.172711 -0.044802 0.281504
v -0.174658 -0.042876 0.280750
v -0.169864 -0.044441 0.276742
v -0.171422 -0.042931 0.282724
v -0.222106 -0.059362 0.240516
v -0.221388 -0.057531 0.241865
v -0.218669 -0.058142 0.236297
v -0.220414 -0.061483 0.241497
v -0.194749 -0.086453 0.252938
v -0.196850 -0.084805 0.252184
v -0.191432 -0.085119 0.248671
v -0.193817 -0.084874 0.254520
v -0.181109 -0.061105 0.272246
v -0.182114 -0.063115 0.271105
v -0.177821 -0.059831 0.267925
v -0.183071 -0.059188 0.271550
v -0.208421 -0.034044 0.257986
v -0.206590 -0.035876 0.259261
v -0.205021 -0.032886 0.253729
v -0.209643 -0.035813 0.256843
v -0.199097 -0.098012 0.244454
v -0.200002 -0.100846 0.241716
v -0.195776 -0.095433 0.240937
v -0.201121 -0.096542 0.243794
v -0.226912 -0.075550 0.230906
v -0.225081 -0.077168 0.232118
v -0.223535 -0.073038 0.227428
v -0.227214 -0.079921 0.228134
v -0.192713 -0.146190 0.152785
v -0.195047 -0.146027 0.155009
v -0.189643 -0.143028 0.150024
v -0.191982 -0.146426 0.153552
v -0.184263 -0.146195 0.162765
v -0.184942 -0.146427 0.161876
v -0.181107 -0.143034 0.160101
v -0.186089 -0.146045 0.165479
v -0.258268 -0.104021 0.175508
v -0.258644 -0.106422 0.172345
v -0.254096 -0.101389 0.173122
v -0.260046 -0.102437 0.174500
v -0.281560 -0.079345 0.157349
v -0.280102 -0.081157 0.158861
v -0.277347 -0.076786 0.155007
v -0.281410 -0.083412 0.153984
v -0.233885 -0.146346 0.085295
v -0.236644 -0.146109 0.086636
v -0.230127 -0.143163 0.083633
v -0.233174 -0.146560 0.085945
v -0.226278 -0.145919 0.093194
v -0.226897 -0.146179 0.092443
v -0.222428 -0.142765 0.091638
v -0.228702 -0.145823 0.095509
v -0.244005 -0.065026 0.216244
v -0.244951 -0.065248 0.215313
v -0.239771 -0.063871 0.212808
v -0.243983 -0.063523 0.217037
v -0.243063 -0.044440 0.223633
v -0.243185 -0.046111 0.223285
v -0.238824 -0.043157 0.220243
v -0.244747 -0.044329 0.221966
v -0.281855 -0.070796 0.161041
v -0.281057 -0.068973 0.163521
v -0.277414 -0.069349 0.158004
v -0.280539 -0.072751 0.162329
v -0.259727 -0.095718 0.178847
v -0.261477 -0.094220 0.177641
v -0.255331 -0.094231 0.175796
v -0.259498 -0.093871 0.180731
v -0.205538 -0.013952 0.262684
v -0.208345 -0.014089 0.260477
v -0.201724 -0.014048 0.258625
v -0.206352 -0.011809 0.262284
v -0.216155 0.015460 0.253761
v -0.215432 0.013331 0.254661
v -0.212359 0.015423 0.249681
v -0.217797 0.015605 0.252498
v -0.250509 0.044807 0.215220
v -0.249654 0.042936 0.216776
v -0.246342 0.044446 0.211557
v -0.252132 0.042881 0.213906
v -0.270377 0.014847 0.195266
v -0.269255 0.017051 0.196723
v -0.266154 0.014574 0.191648
v -0.268960 0.012769 0.197439
v -0.262757 0.086456 0.181285
v -0.262354 0.084878 0.183076
v -0.258295 0.085124 0.178236
v -0.264527 0.084809 0.179924
v -0.285007 0.059366 0.161094
v -0.283695 0.061487 0.162545
v -0.280444 0.058147 0.158128
v -0.284736 0.057535 0.162597
v -0.277318 0.034048 0.181911
v -0.278132 0.035817 0.180449
v -0.272779 0.032890 0.178897
v -0.275964 0.035880 0.183684
v -0.255673 0.061109 0.203838
v -0.257329 0.059192 0.202576
v -0.251222 0.059836 0.200729
v -0.256281 0.063119 0.202445
v -0.286644 0.075555 0.150473
v -0.286084 0.079926 0.147742
v -0.282365 0.073043 0.148195
v -0.285271 0.077173 0.152187
v -0.264303 0.098016 0.171877
v -0.266028 0.096546 0.170630
v -0.260066 0.095437 0.169544
v -0.264328 0.100851 0.168994
v -0.225204 0.146199 0.098635
v -0.227772 0.146049 0.100661
v -0.221385 0.143039 0.097064
v -0.225579 0.146431 0.097581
v -0.230198 0.146196 0.086550
v -0.229737 0.146431 0.087503
v -0.226431 0.143032 0.084859
v -0.233100 0.146031 0.087954
v -0.211429 0.085987 0.240569
v -0.204702 0.092176 0.243183
v -0.197839 0.098075 0.245449
v -0.195742 0.112471 0.236207
v -0.200459 0.119980 0.224910
v -0.204404 0.126777 0.212984
v -0.205817 0.133036 0.201211
v -0.202942 0.138927 0.190371
v -0.197684 0.143382 0.180061
v -0.191949 0.145331 0.169879
v -0.188448 0.146361 0.157740
v -0.190679 0.146486 0.156584
v -0.192902 0.146581 0.155395
v -0.203220 0.145150 0.161979
v -0.210187 0.142742 0.169578
v -0.216895 0.138170 0.177170
v -0.221899 0.131101 0.186370
v -0.223749 0.121199 0.198793
v -0.223283 0.108944 0.212357
v -0.221341 0.094817 0.224978
v -0.205379 0.070525 0.223453
v -0.192474 0.062403 0.209609
v -0.178581 0.094272 0.233049
v -0.167072 0.084905 0.218691
v -0.174111 0.134121 0.148979
v -0.162831 0.122726 0.139018
v -0.183633 0.134493 0.143933
v -0.171853 0.123073 0.134242
v -0.161915 0.050002 0.286960
v -0.162703 0.054951 0.285409
v -0.163442 0.059813 0.283756
v -0.168014 0.065330 0.279541
v -0.171355 0.065349 0.277489
v -0.174920 0.065394 0.275229
v -0.178527 0.067457 0.272146
v -0.181989 0.073531 0.267627
v -0.185197 0.081338 0.262335
v -0.188040 0.088600 0.256935
v -0.198049 0.089804 0.248787
v -0.204628 0.083816 0.246504
v -0.211045 0.077614 0.243914
v -0.211317 0.064128 0.248659
v -0.204900 0.057655 0.255854
v -0.197978 0.050961 0.262897
v -0.190726 0.045872 0.269369
v -0.183316 0.044219 0.274851
v -0.175910 0.044268 0.279656
v -0.168671 0.044291 0.284099
v -0.150137 0.040150 0.270414
v -0.139669 0.036274 0.252600
v -0.153255 0.060205 0.263862
v -0.142623 0.055275 0.246390
v -0.178614 0.089429 0.234688
v -0.166649 0.082964 0.218752
v -0.204234 0.065404 0.225020
v -0.190920 0.060199 0.209591
v -0.124886 -0.007876 0.309536
v -0.121797 -0.000762 0.310914
v -0.118673 0.006354 0.312072
v -0.127926 0.014142 0.307901
v -0.140089 0.014158 0.302509
v -0.152338 0.014194 0.296495
v -0.163725 0.012411 0.290489
v -0.173303 0.006972 0.285121
v -0.181768 -0.000245 0.279938
v -0.189817 -0.007362 0.274485
v -0.191754 -0.022708 0.272268
v -0.185726 -0.030071 0.275569
v -0.179512 -0.037379 0.278584
v -0.168103 -0.037697 0.285534
v -0.163622 -0.030628 0.289073
v -0.158847 -0.023255 0.292481
v -0.153527 -0.017601 0.295794
v -0.147412 -0.015690 0.299048
v -0.141014 -0.015660 0.302141
v -0.134850 -0.015649 0.304967
v -0.119398 -0.014763 0.288149
v -0.110900 -0.013797 0.268920
v -0.106967 0.013731 0.293242
v -0.099123 0.013198 0.273747
v -0.185847 -0.013866 0.250757
v -0.173853 -0.012948 0.233495
v -0.161765 -0.042698 0.263210
v -0.151039 -0.040264 0.245293
v -0.215498 -0.066750 0.244067
v -0.208890 -0.073479 0.247266
v -0.202119 -0.079989 0.250132
v -0.191437 -0.080367 0.258306
v -0.188226 -0.074296 0.263101
v -0.184802 -0.068030 0.267712
v -0.188279 -0.054212 0.269197
v -0.195032 -0.047649 0.265861
v -0.201632 -0.040974 0.262218
v -0.212393 -0.040572 0.253735
v -0.215814 -0.046776 0.249567
v -0.219052 -0.052883 0.245246
v -0.208379 -0.054739 0.224679
v -0.194662 -0.050244 0.209360
v -0.182105 -0.080766 0.236617
v -0.169771 -0.074902 0.220671
v -0.168964 -0.056353 0.255202
v -0.157322 -0.051774 0.238277
v -0.195205 -0.030359 0.241508
v -0.182182 -0.027146 0.225304
v -0.206426 -0.092523 0.241574
v -0.213301 -0.087125 0.238417
v -0.220031 -0.081516 0.234943
v -0.227600 -0.092114 0.220351
v -0.227311 -0.107209 0.209574
v -0.225590 -0.120289 0.197816
v -0.221965 -0.130842 0.186602
v -0.215968 -0.138357 0.177459
v -0.208636 -0.143096 0.169338
v -0.201009 -0.145324 0.161191
v -0.190443 -0.146505 0.155379
v -0.188486 -0.146506 0.157723
v -0.186501 -0.146505 0.160042
v -0.191134 -0.145377 0.172433
v -0.197616 -0.143231 0.181519
v -0.203751 -0.138642 0.190626
v -0.207772 -0.132378 0.200415
v -0.207911 -0.125204 0.211546
v -0.205689 -0.117115 0.223015
v -0.202626 -0.108104 0.233821
v -0.186673 -0.088547 0.230308
v -0.174678 -0.079508 0.216124
v -0.213483 -0.066930 0.217276
v -0.200094 -0.059023 0.203786
v -0.180819 -0.134383 0.142701
v -0.169117 -0.122997 0.133098
v -0.172548 -0.134388 0.152466
v -0.161289 -0.122999 0.142344
v -0.264593 -0.098071 0.171397
v -0.270406 -0.092170 0.167101
v -0.275980 -0.085982 0.162517
v -0.280528 -0.094811 0.144610
v -0.278431 -0.108940 0.132013
v -0.274638 -0.121195 0.118983
v -0.269001 -0.131096 0.107759
v -0.261375 -0.138166 0.100581
v -0.252631 -0.142738 0.095464
v -0.243640 -0.145146 0.090420
v -0.231782 -0.146576 0.087388
v -0.230041 -0.146480 0.089212
v -0.228282 -0.146357 0.091006
v -0.235400 -0.145327 0.101445
v -0.244027 -0.143378 0.109327
v -0.252242 -0.138923 0.117479
v -0.258358 -0.133031 0.126879
v -0.260692 -0.126773 0.138505
v -0.260668 -0.119975 0.151066
v -0.259715 -0.112466 0.163272
v -0.242427 -0.094267 0.165630
v -0.227009 -0.084901 0.155584
v -0.264887 -0.070519 0.148146
v -0.248304 -0.062399 0.139024
v -0.219396 -0.134489 0.079394
v -0.205180 -0.123069 0.073866
v -0.211927 -0.134116 0.087160
v -0.198100 -0.122721 0.081220
v -0.243878 -0.059809 0.218529
v -0.243692 -0.054946 0.220330
v -0.243428 -0.049996 0.222050
v -0.248953 -0.044286 0.217222
v -0.254442 -0.044264 0.210741
v -0.259977 -0.044214 0.203863
v -0.265305 -0.045868 0.196342
v -0.270174 -0.050956 0.187929
v -0.274550 -0.057651 0.179076
v -0.278399 -0.064124 0.170237
v -0.276659 -0.077609 0.165814
v -0.271372 -0.083812 0.170279
v -0.265835 -0.089800 0.174503
v -0.258871 -0.088595 0.185368
v -0.257856 -0.081333 0.191386
v -0.256461 -0.073526 0.197415
v -0.254583 -0.067452 0.202790
v -0.252120 -0.065389 0.206844
v -0.249438 -0.065344 0.210105
v -0.246905 -0.065326 0.213097
v -0.227988 -0.060200 0.202811
v -0.212432 -0.055271 0.189533
v -0.227072 -0.040145 0.210010
v -0.211565 -0.036269 0.196355
v -0.264289 -0.065398 0.149992
v -0.246822 -0.060195 0.139493
v -0.242970 -0.089425 0.167177
v -0.226626 -0.082960 0.155774
v -0.208404 -0.006350 0.260845
v -0.211025 0.000767 0.258788
v -0.213545 0.007880 0.256531
v -0.221634 0.015654 0.249135
v -0.226639 0.015664 0.244560
v -0.231785 0.015694 0.239659
v -0.236613 0.017606 0.234690
v -0.240665 0.023260 0.229910
v -0.244169 0.030633 0.225206
v -0.247353 0.037702 0.220466
v -0.256092 0.037385 0.210360
v -0.261086 0.030077 0.205590
v -0.265816 0.022713 0.200604
v -0.264650 0.007366 0.203308
v -0.258654 0.000250 0.210960
v -0.252178 -0.006968 0.218483
v -0.244700 -0.012407 0.226522
v -0.235694 -0.014189 0.235723
v -0.225870 -0.014153 0.245194
v -0.215938 -0.014138 0.254046
v -0.191501 -0.013725 0.246497
v -0.178072 -0.013194 0.230334
v -0.201781 0.014767 0.237847
v -0.187811 0.013802 0.222136
v -0.234493 0.042703 0.201149
v -0.218803 0.040269 0.187368
v -0.253615 0.013870 0.181929
v -0.236918 0.012952 0.169160
v -0.268916 0.079994 0.176360
v -0.274487 0.073483 0.171560
v -0.279801 0.066754 0.166495
v -0.283545 0.052887 0.166531
v -0.281783 0.046780 0.171635
v -0.279800 0.040575 0.176649
v -0.272148 0.040978 0.188016
v -0.266979 0.047653 0.193503
v -0.261568 0.054216 0.198744
v -0.257804 0.068034 0.198392
v -0.259653 0.074301 0.192955
v -0.261245 0.080371 0.187408
v -0.245729 0.080770 0.169611
v -0.229110 0.074906 0.158199
v -0.267095 0.054743 0.150212
v -0.249351 0.050248 0.139820
v -0.259697 0.030363 0.170262
v -0.242344 0.027150 0.158816
v -0.238899 0.056358 0.191323
v -0.222639 0.051778 0.178768
v -0.281327 0.081521 0.156421
v -0.275981 0.087129 0.161786
v -0.270401 0.092528 0.166894
v -0.264412 0.108109 0.160674
v -0.264024 0.117120 0.149449
v -0.262634 0.125209 0.137850
v -0.259098 0.132382 0.127294
v -0.252277 0.138647 0.119204
v -0.243651 0.143235 0.112408
v -0.234702 0.145382 0.105740
v -0.226502 0.146509 0.095358
v -0.227683 0.146510 0.092544
v -0.228830 0.146510 0.089713
v -0.240666 0.145329 0.092016
v -0.250419 0.143100 0.097441
v -0.259883 0.138361 0.102932
v -0.268389 0.130847 0.109804
v -0.275268 0.120293 0.119372
v -0.280502 0.107213 0.130041
v -0.284072 0.092118 0.140214
v -0.269691 0.066934 0.141602
v -0.252819 0.059028 0.132851
v -0.248149 0.088552 0.162207
v -0.232391 0.079513 0.152370
v -0.210901 0.134393 0.092411
v -0.197086 0.123003 0.086216
v -0.215790 0.134387 0.080585
v -0.201713 0.123001 0.075019
v -0.021392 0.109657 0.163373
v -0.042534 0.109657 0.159173
v 0.000116 0.109657 0.164789
v 0.000116 0.109657 0.161008
v -0.020899 0.109657 0.159625
v -0.041556 0.109657 0.155522
v -0.021512 -0.109652 0.163373
v -0.000004 -0.109652 0.164789
v -0.042654 -0.109652 0.159174
v -0.041676 -0.109652 0.155522
v -0.021019 -0.109652 0.159625
v -0.000004 -0.109652 0.161008
v -0.062943 0.109657 0.152239
v -0.082278 0.109657 0.142711
v -0.061496 0.109657 0.148746
v -0.080388 0.109657 0.139437
v -0.063063 -0.109652 0.152239
v -0.082398 -0.109652 0.142711
v -0.080508 -0.109652 0.139437
v -0.061617 -0.109652 0.148747
v -0.100197 0.109657 0.130731
v -0.116407 0.109657 0.116523
v -0.097895 0.109657 0.127731
v -0.113734 0.109657 0.113850
v -0.100317 -0.109652 0.130731
v -0.116527 -0.109652 0.116523
v -0.113854 -0.109652 0.113850
v -0.098016 -0.109652 0.127732
v -0.130615 0.109657 0.100313
v -0.142595 0.109657 0.082394
v -0.127615 0.109657 0.098012
v -0.139321 0.109657 0.080504
v -0.130735 -0.109652 0.100313
v -0.142715 -0.109652 0.082395
v -0.139441 -0.109652 0.080504
v -0.127735 -0.109652 0.098012
v -0.152123 0.109657 0.063059
v -0.159058 0.109657 0.042650
v -0.148631 0.109657 0.061613
v -0.155406 0.109657 0.041672
v -0.152243 -0.109652 0.063060
v -0.159178 -0.109652 0.042651
v -0.155526 -0.109652 0.041672
v -0.148751 -0.109652 0.061613
v -0.163257 0.109657 0.021508
v -0.164673 0.109657 -0.000000
v -0.159509 0.109657 0.021015
v -0.160892 0.109657 -0.000000
v -0.163377 -0.109652 0.021509
v -0.164793 -0.109652 -0.000000
v -0.161012 -0.109652 -0.000000
v -0.159629 -0.109652 0.021015
v -0.163257 0.109657 -0.021508
v -0.159058 0.109657 -0.042650
v -0.159509 0.109657 -0.021015
v -0.155406 0.109657 -0.041672
v -0.163377 -0.109652 -0.021508
v -0.159178 -0.109652 -0.042650
v -0.155526 -0.109652 -0.041672
v -0.159629 -0.109652 -0.021015
v -0.152123 0.109657 -0.063060
v -0.142595 0.109657 -0.082394
v -0.148631 0.109657 -0.061613
v -0.139321 0.109657 -0.080504
v -0.152244 -0.109652 -0.063059
v -0.142716 -0.109652 -0.082394
v -0.139441 -0.109652 -0.080504
v -0.148751 -0.109652 -0.061613
v -0.130615 0.109657 -0.100313
v -0.116407 0.109657 -0.116523
v -0.127616 0.109657 -0.098012
v -0.113734 0.109657 -0.113850
v -0.130735 -0.109652 -0.100313
v -0.116528 -0.109653 -0.116523
v -0.113854 -0.109653 -0.113850
v -0.127736 -0.109652 -0.098012
v -0.100198 0.109657 -0.130731
v -0.082279 0.109657 -0.142711
v -0.097896 0.109657 -0.127732
v -0.080388 0.109657 -0.139437
v -0.100318 -0.109652 -0.130731
v -0.082399 -0.109652 -0.142711
v -0.080509 -0.109652 -0.139437
v -0.098016 -0.109652 -0.127731
v -0.062944 0.109657 -0.152239
v -0.042535 0.109657 -0.159174
v -0.061497 0.109657 -0.148747
v -0.041556 0.109657 -0.155522
v -0.063064 -0.109652 -0.152239
v -0.042655 -0.109652 -0.159173
v -0.041677 -0.109652 -0.155522
v -0.061617 -0.109652 -0.148746
v -0.021393 0.109657 -0.163373
v 0.000116 0.109657 -0.164789
v -0.020899 0.109657 -0.159625
v 0.000116 0.109657 -0.161008
v -0.021513 -0.109652 -0.163373
v -0.000005 -0.109652 -0.164789
v -0.000005 -0.109652 -0.161008
v -0.021020 -0.109652 -0.159625
v 0.021624 0.109657 -0.163373
v 0.042766 0.109657 -0.159174
v 0.021131 0.109657 -0.159625
v 0.041788 0.109657 -0.155522
v 0.021504 -0.109652 -0.163373
v 0.042646 -0.109652 -0.159174
v 0.041667 -0.109652 -0.155522
v 0.021010 -0.109652 -0.159625
v 0.063175 0.109657 -0.152240
v 0.082510 0.109657 -0.142711
v 0.061728 0.109657 -0.148747
v 0.080620 0.109657 -0.139437
v 0.063055 -0.109652 -0.152239
v 0.082390 -0.109652 -0.142711
v 0.080499 -0.109652 -0.139437
v 0.061608 -0.109652 -0.148747
v 0.100429 0.109657 -0.130731
v 0.116639 0.109657 -0.116523
v 0.098127 0.109657 -0.127732
v 0.113966 0.109657 -0.113850
v 0.100309 -0.109652 -0.130731
v 0.116519 -0.109652 -0.116523
v 0.113845 -0.109652 -0.113850
v 0.098007 -0.109652 -0.127732
v 0.130847 0.109657 -0.100314
v 0.142827 0.109657 -0.082394
v 0.127847 0.109657 -0.098012
v 0.139553 0.109657 -0.080504
v 0.130726 -0.109652 -0.100313
v 0.142707 -0.109652 -0.082394
v 0.139433 -0.109652 -0.080504
v 0.127727 -0.109652 -0.098012
v 0.152355 0.109657 -0.063060
v 0.159290 0.109657 -0.042651
v 0.148863 0.109657 -0.061613
v 0.155638 0.109657 -0.041672
v 0.152235 -0.109652 -0.063060
v 0.159170 -0.109652 -0.042651
v 0.155518 -0.109652 -0.041672
v 0.148742 -0.109652 -0.061613
v 0.163489 0.109657 -0.021509
v 0.164905 0.109657 -0.000000
v 0.159741 0.109657 -0.021015
v 0.161124 0.109657 -0.000000
v 0.163369 -0.109652 -0.021509
v 0.164785 -0.109652 -0.000000
v 0.161004 -0.109652 -0.000000
v 0.159621 -0.109652 -0.021015
v 0.163489 0.109657 0.021508
v 0.159290 0.109657 0.042650
v 0.159741 0.109657 0.021015
v 0.155638 0.109657 0.041672
v 0.163369 -0.109652 0.021508
v 0.159170 -0.109652 0.042650
v 0.155518 -0.109652 0.041672
v 0.159621 -0.109652 0.021015
v 0.152356 0.109657 0.063059
v 0.142828 0.109657 0.082394
v 0.148863 0.109657 0.061613
v 0.139553 0.109657 0.080504
v 0.152235 -0.109652 0.063059
v 0.142707 -0.109652 0.082394
v 0.139433 -0.109652 0.080504
v 0.148743 -0.109652 0.061613
v 0.130847 0.109657 0.100313
v 0.116640 0.109657 0.116523
v 0.127848 0.109657 0.098012
v 0.113966 0.109657 0.113850
v 0.130727 -0.109652 0.100313
v 0.116519 -0.109652 0.116523
v 0.113846 -0.109652 0.113850
v 0.127728 -0.109652 0.098012
v 0.100430 0.109657 0.130731
v 0.082511 0.109657 0.142711
v 0.098128 0.109657 0.127731
v 0.080620 0.109657 0.139437
v 0.100310 -0.109652 0.130731
v 0.082391 -0.109652 0.142711
v 0.080500 -0.109652 0.139437
v 0.098008 -0.109652 0.127731
v 0.063176 0.109657 0.152239
v 0.042767 0.109657 0.159173
v 0.061729 0.109657 0.148746
v 0.041788 0.109657 0.155522
v 0.063056 -0.109652 0.152239
v 0.042647 -0.109652 0.159174
v 0.041668 -0.109652 0.155522
v 0.061609 -0.109652 0.148746
v 0.021625 0.109657 0.163373
v 0.021131 0.109657 0.159625
v 0.021505 -0.109652 0.163373
v 0.021011 -0.109652 0.159625
g tire_rear_tire_rear_tire
usemtl tire
s 1
f 1 2 3 4
f 5 1 4 6
f 1 5 7 8
f 2 1 8 9
f 10 5 6 11
f 12 10 11 13
f 10 12 14 15
f 5 10 15 7
f 16 12 13 17
f 18 16 17 19
f 16 18 20 21
f 12 16 21 14
f 22 18 19 23
f 24 22 23 25
f 22 24 26 27
f 18 22 27 20
f 28 24 25 29
f 30 28 29 31
f 28 30 32 33
f 24 28 33 26
f 34 35 36 37
f 38 34 37 39
f 34 38 40 41
f 35 34 41 42
f 43 38 39 44
f 45 43 44 46
f 43 45 47 48
f 38 43 48 40
f 49 45 46 50
f 51 49 50 52
f 49 51 53 54
f 45 49 54 47
f 55 51 52 56
f 57 55 56 58
f 55 57 59 60
f 51 55 60 53
f 61 57 58 62
f 2 61 62 3
f 61 2 9 63
f 57 61 63 59
f 64 65 9 8
f 66 64 8 7
f 64 66 67 68
f 65 64 68 69
f 70 66 7 15
f 71 70 15 14
f 70 71 72 73
f 66 70 73 67
f 74 71 14 21
f 75 74 21 20
f 74 75 76 77
f 71 74 77 72
f 78 75 20 27
f 79 78 27 26
f 78 79 80 81
f 75 78 81 76
f 82 79 26 33
f 83 82 33 32
f 82 83 84 85
f 79 82 85 80
f 86 87 42 41
f 88 86 41 40
f 86 88 89 90
f 87 86 90 91
f 92 88 40 48
f 93 92 48 47
f 92 93 94 95
f 88 92 95 89
f 96 93 47 54
f 97 96 54 53
f 96 97 98 99
f 93 96 99 94
f 100 97 53 60
f 101 100 60 59
f 100 101 102 103
f 97 100 103 98
f 104 101 59 63
f 65 104 63 9
f 104 65 69 105
f 101 104 105 102
f 106 107 69 68
f 108 106 68 67
f 106 108 109 110
f 107 106 110 111
f 112 108 67 73
f 113 112 73 72
f 112 113 114 115
f 108 112 115 109
f 116 113 72 77
f 117 116 77 76
f 116 117 118 119
f 113 116 119 114
f 120 117 76 81
f 121 120 81 80
f 120 121 122 123
f 117 120 123 118
f 124 121 80 85
f 125 124 85 84
f 124 125 126 127
f 121 124 127 122
f 128 129 91 90
f 130 128 90 89
f 128 130 131 132
f 129 128 132 133
f 134 130 89 95
f 135 134 95 94
f 134 135 136 137
f 130 134 137 131
f 138 135 94 99
f 139 138 99 98
f 138 139 140 141
f 135 138 141 136
f 142 139 98 103
f 143 142 103 102
f 142 143 144 145
f 139 142 145 140
f 146 143 102 105
f 107 146 105 69
f 146 107 111 147
f 143 146 147 144
f 148 149 111 110
f 150 148 110 109
f 148 150 151 152
f 149 148 152 153
f 154 150 109 115
f 155 154 115 114
f 154 155 156 157
f 150 154 157 151
f 158 155 114 119
f 159 158 119 118
f 158 159 160 161
f 155 158 161 156
f 162 159 118 123
f 163 162 123 122
f 162 163 164 165
f 159 162 165 160
f 166 163 122 127
f 167 166 127 126
f 166 167 168 169
f 163 166 169 164
f 170 171 133 132
f 172 170 132 131
f 170 172 173 174
f 171 170 174 175
f 176 172 131 137
f 177 176 137 136
f 176 177 178 179
f 172 176 179 173
f 180 177 136 141
f 181 180 141 140
f 180 181 182 183
f 177 180 183 178
f 184 181 140 145
f 185 184 145 144
f 184 185 186 187
f 181 184 187 182
f 188 185 144 147
f 149 188 147 111
f 188 149 153 189
f 185 188 189 186
f 190 191 153 152
f 192 190 152 151
f 190 192 193 194
f 191 190 194 195
f 196 192 151 157
f 197 196 157 156
f 196 197 198 199
f 192 196 199 193
f 200 197 156 161
f 201 200 161 160
f 200 201 202 203
f 197 200 203 198
f 204 201 160 165
f 205 204 165 164
f 204 205 206 207
f 201 204 207 202
f 208 205 164 169
f 209 208 169 168
f 208 209 210 211
f 205 208 211 206
f 212 213 175 174
f 214 212 174 173
f 212 214 215 216
f 213 212 216 217
f 218 214 173 179
f 219 218 179 178
f 218 219 220 221
f 214 218 221 215
f 222 219 178 183
f 223 222 183 182
f 222 223 224 225
f 219 222 225 220
f 226 223 182 187
f 227 226 187 186
f 226 227 228 229
f 223 226 229 224
f 230 227 186 189
f 191 230 189 153
f 230 191 195 231
f 227 230 231 228
f 232 233 195 194
f 234 232 194 193
f 232 234 235 236
f 233 232 236 237
f 238 234 193 199
f 239 238 199 198
f 238 239 240 241
f 234 238 241 235
f 242 239 198 203
f 243 242 203 202
f 242 243 244 245
f 239 242 245 240
f 246 243 202 207
f 247 246 207 206
f 246 247 248 249
f 243 246 249 244
f 250 247 206 211
f 251 250 211 210
f 250 251 252 253
f 247 250 253 248
f 254 255 217 216
f 256 254 216 215
f 254 256 257 258
f 255 254 258 259
f 260 256 215 221
f 261 260 221 220
f 260 261 262 263
f 256 260 263 257
f 264 261 220 225
f 265 264 225 224
f 264 265 266 267
f 261 264 267 262
f 268 265 224 229
f 269 268 229 228
f 268 269 270 271
f 265 268 271 266
f 272 269 228 231
f 233 272 231 195
f 272 233 237 273
f 269 272 273 270
f 274 275 237 236
f 276 274 236 235
f 274 276 277 278
f 275 274 278 279
f 280 276 235 241
f 281 280 241 240
f 280 281 282 283
f 276 280 283 277
f 284 281 240 245
f 285 284 245 244
f 284 285 286 287
f 281 284 287 282
f 288 285 244 249
f 289 288 249 248
f 288 289 290 291
f 285 288 291 286
f 292 289 248 253
f 293 292 253 252
f 292 293 294 295
f 289 292 295 290
f 296 297 259 258
f 298 296 258 257
f 296 298 299 300
f 297 296 300 301
f 302 298 257 263
f 303 302 263 262
f 302 303 304 305
f 298 302 305 299
f 306 303 262 267
f 307 306 267 266
f 306 307 308 309
f 303 306 309 304
f 310 307 266 271
f 311 310 271 270
f 310 311 312 313
f 307 310 313 308
f 314 311 270 273
f 275 314 273 237
f 314 275 279 315
f 311 314 315 312
f 316 317 279 278
f 318 316 278 277
f 316 318 319 320
f 317 316 320 321
f 322 318 277 283
f 323 322 283 282
f 322 323 324 325
f 318 322 325 319
f 326 323 282 287
f 327 326 287 286
f 326 327 328 329
f 323 326 329 324
f 330 327 286 291
f 331 330 291 290
f 330 331 332 333
f 327 330 333 328
f 334 331 290 295
f 335 334 295 294
f 334 335 336 337
f 331 334 337 332
f 338 339 301 300
f 340 338 300 299
f 338 340 341 342
f 339 338 342 343
f 344 340 299 305
f 345 344 305 304
f 344 345 346 347
f 340 344 347 341
f 348 345 304 309
f 349 348 309 308
f 348 349 350 351
f 345 348 351 346
f 352 349 308 313
f 353 352 313 312
f 352 353 354 355
f 349 352 355 350
f 356 353 312 315
f 317 356 315 279
f 356 317 321 357
f 353 356 357 354
f 358 359 321 320
f 360 358 320 319
f 358 360 361 362
f 359 358 362 363
f 364 360 319 325
f 365 364 325 324
f 364 365 366 367
f 360 364 367 361
f 368 365 324 329
f 369 368 329 328
f 368 369 370 371
f 365 368 371 366
f 372 369 328 333
f 373 372 333 332
f 372 373 374 375
f 369 372 375 370
f 376 373 332 337
f 377 376 337 336
f 376 377 378 379
f 373 376 379 374
f 380 381 343 342
f 382 380 342 341
f 380 382 383 384
f 381 380 384 385
f 386 382 341 347
f 387 386 347 346
f 386 387 388 389
f 382 386 389 383
f 390 387 346 351
f 391 390 351 350
f 390 391 392 393
f 387 390 393 388
f 394 391 350 355
f 395 394 355 354
f 394 395 396 397
f 391 394 397 392
f 398 395 354 357
f 359 398 357 321
f 398 359 363 399
f 395 398 399 396
f 400 401 363 362
f 402 400 362 361
f 400 402 403 404
f 401 400 404 405
f 406 402 361 367
f 407 406 367 366
f 406 407 408 409
f 402 406 409 403
f 410 407 366 371
f 411 410 371 370
f 410 411 412 413
f 407 410 413 408
f 414 411 370 375
f 415 414 375 374
f 414 415 416 417
f 411 414 417 412
f 418 415 374 379
f 419 418 379 378
f 418 419 420 421
f 415 418 421 416
f 422 423 385 384
f 424 422 384 383
f 422 424 425 426
f 423 422 426 427
f 428 424 383 389
f 429 428 389 388
f 428 429 430 431
f 424 428 431 425
f 432 429 388 393
f 433 432 393 392
f 432 433 434 435
f 429 432 435 430
f 436 433 392 397
f 437 436 397 396
f 436 437 438 439
f 433 436 439 434
f 440 437 396 399
f 401 440 399 363
f 440 401 405 441
f 437 440 441 438
f 442 443 405 404
f 444 442 404 403
f 442 444 445 446
f 443 442 446 447
f 448 444 403 409
f 449 448 409 408
f 448 449 450 451
f 444 448 451 445
f 452 449 408 413
f 453 452 413 412
f 452 453 454 455
f 449 452 455 450
f 456 453 412 417
f 457 456 417 416
f 456 457 458 459
f 453 456 459 454
f 460 457 416 421
f 461 460 421 420
f 460 461 462 463
f 457 460 463 458
f 464 465 427 426
f 466 464 426 425
f 464 466 467 468
f 465 464 468 469
f 470 466 425 431
f 471 470 431 430
f 470 471 472 473
f 466 470 473 467
f 474 471 430 435
f 475 474 435 434
f 474 475 476 477
f 471 474 477 472
f 478 475 434 439
f 479 478 439 438
f 478 479 480 481
f 475 478 481 476
f 482 479 438 441
f 443 482 441 405
f 482 443 447 483
f 479 482 483 480
f 484 485 447 446
f 486 484 446 445
f 484 486 487 488
f 485 484 488 489
f 490 486 445 451
f 491 490 451 450
f 490 491 492 493
f 486 490 493 487
f 494 491 450 455
f 495 494 455 454
f 494 495 496 497
f 491 494 497 492
f 498 495 454 459
f 499 498 459 458
f 498 499 500 501
f 495 498 501 496
f 502 499 458 463
f 503 502 463 462
f 502 503 504 505
f 499 502 505 500
f 506 507 469 468
f 508 506 468 467
f 506 508 509 510
f 507 506 510 511
f 512 508 467 473
f 513 512 473 472
f 512 513 514 515
f 508 512 515 509
f 516 513 472 477
f 517 516 477 476
f 516 517 518 519
f 513 516 519 514
f 520 517 476 481
f 521 520 481 480
f 520 521 522 523
f 517 520 523 518
f 524 521 480 483
f 485 524 483 447
f 524 485 489 525
f 521 524 525 522
f 526 527 489 488
f 528 526 488 487
f 526 528 529 530
f 527 526 530 531
f 532 528 487 493
f 533 532 493 492
f 532 533 534 535
f 528 532 535 529
f 536 533 492 497
f 537 536 497 496
f 536 537 538 539
f 533 536 539 534
f 540 537 496 501
f 541 540 501 500
f 540 541 542 543
f 537 540 543 538
f 544 541 500 505
f 545 544 505 504
f 544 545 546 547
f 541 544 547 542
f 548 549 511 510
f 550 548 510 509
f 548 550 551 552
f 549 548 552 553
f 554 550 509 515
f 555 554 515 514
f 554 555 556 557
f 550 554 557 551
f 558 555 514 519
f 559 558 519 518
f 558 559 560 561
f 555 558 561 556
f 562 559 518 523
f 563 562 523 522
f 562 563 564 565
f 559 562 565 560
f 566 563 522 525
f 527 566 525 489
f 566 527 531 567
f 563 566 567 564
f 568 569 531 530
f 570 568 530 529
f 568 570 571 572
f 569 568 572 573
f 574 570 529 535
f 575 574 535 534
f 574 575 576 577
f 570 574 577 571
f 578 575 534 539
f 579 578 539 538
f 578 579 580 581
f 575 578 581 576
f 582 579 538 543
f 583 582 543 542
f 582 583 584 585
f 579 582 585 580
f 586 583 542 547
f 587 586 547 546
f 586 587 588 589
f 583 586 589 584
f 590 591 553 552
f 592 590 552 551
f 590 592 593 594
f 591 590 594 595
f 596 592 551 557
f 597 596 557 556
f 596 597 598 599
f 592 596 599 593
f 600 597 556 561
f 601 600 561 560
f 600 601 602 603
f 597 600 603 598
f 604 601 560 565
f 605 604 565 564
f 604 605 606 607
f 601 604 607 602
f 608 605 564 567
f 569 608 567 531
f 608 569 573 609
f 605 608 609 606
f 610 611 573 572
f 612 610 572 571
f 610 612 613 614
f 611 610 614 615
f 616 612 571 577
f 617 616 577 576
f 616 617 618 619
f 612 616 619 613
f 620 617 576 581
f 621 620 581 580
f 620 621 622 623
f 617 620 623 618
f 624 621 580 585
f 625 624 585 584
f 624 625 626 627
f 621 624 627 622
f 628 625 584 589
f 629 628 589 588
f 628 629 630 631
f 625 628 631 626
f 632 633 595 594
f 634 632 594 593
f 632 634 635 636
f 633 632 636 637
f 638 634 593 599
f 639 638 599 598
f 638 639 640 641
f 634 638 641 635
f 642 639 598 603
f 643 642 603 602
f 642 643 644 645
f 639 642 645 640
f 646 643 602 607
f 647 646 607 606
f 646 647 648 649
f 643 646 649 644
f 650 647 606 609
f 611 650 609 573
f 650 611 615 651
f 647 650 651 648
f 652 653 615 614
f 654 652 614 613
f 652 654 655 656
f 653 652 656 657
f 658 654 613 619
f 659 658 619 618
f 658 659 660 661
f 654 658 661 655
f 662 659 618 623
f 663 662 623 622
f 662 663 664 665
f 659 662 665 660
f 666 663 622 627
f 667 666 627 626
f 666 667 668 669
f 663 666 669 664
f 670 667 626 631
f 671 670 631 630
f 670 671 672 673
f 667 670 673 668
f 674 675 637 636
f 676 674 636 635
f 674 676 677 678
f 675 674 678 679
f 680 676 635 641
f 681 680 641 640
f 680 681 682 683
f 676 680 683 677
f 684 681 640 645
f 685 684 645 644
f 684 685 686 687
f 681 684 687 682
f 688 685 644 649
f 689 688 649 648
f 688 689 690 691
f 685 688 691 686
f 692 689 648 651
f 653 692 651 615
f 692 653 657 693
f 689 692 693 690
f 694 695 657 656
f 696 694 656 655
f 694 696 697 698
f 695 694 698 699
f 700 696 655 661
f 701 700 661 660
f 700 701 702 703
f 696 700 703 697
f 704 701 660 665
f 705 704 665 664
f 704 705 706 707
f 701 704 707 702
f 708 705 664 669
f 709 708 669 668
f 708 709 710 711
f 705 708 711 706
f 712 709 668 673
f 713 712 673 672
f 712 713 714 715
f 709 712 715 710
f 716 717 679 678
f 718 716 678 677
f 716 718 719 720
f 717 716 720 721
f 722 718 677 683
f 723 722 683 682
f 722 723 724 725
f 718 722 725 719
f 726 723 682 687
f 727 726 687 686
f 726 727 728 729
f 723 726 729 724
f 730 727 686 691
f 731 730 691 690
f 730 731 732 733
f 727 730 733 728
f 734 731 690 693
f 695 734 693 657
f 734 695 699 735
f 731 734 735 732
f 736 737 699 698
f 738 736 698 697
f 736 738 739 740
f 737 736 740 741
f 742 738 697 703
f 743 742 703 702
f 742 743 744 745
f 738 742 745 739
f 746 743 702 707
f 747 746 707 706
f 746 747 748 749
f 743 746 749 744
f 750 747 706 711
f 751 750 711 710
f 750 751 752 753
f 747 750 753 748
f 754 751 710 715
f 755 754 715 714
f 754 755 756 757
f 751 754 757 752
f 758 759 721 720
f 760 758 720 719
f 758 760 761 762
f 759 758 762 763
f 764 760 719 725
f 765 764 725 724
f 764 765 766 767
f 760 764 767 761
f 768 765 724 729
f 769 768 729 728
f 768 769 770 771
f 765 768 771 766
f 772 769 728 733
f 773 772 733 732
f 772 773 774 775
f 769 772 775 770
f 776 773 732 735
f 737 776 735 699
f 776 737 741 777
f 773 776 777 774
f 778 779 741 740
f 780 778 740 739
f 778 780 781 782
f 779 778 782 783
f 784 780 739 745
f 785 784 745 744
f 784 785 786 787
f 780 784 787 781
f 788 785 744 749
f 789 788 749 748
f 788 789 790 791
f 785 788 791 786
f 792 789 748 753
f 793 792 753 752
f 792 793 794 795
f 789 792 795 790
f 796 793 752 757
f 797 796 757 756
f 796 797 798 799
f 793 796 799 794
f 800 801 763 762
f 802 800 762 761
f 800 802 803 804
f 801 800 804 805
f 806 802 761 767
f 807 806 767 766
f 806 807 808 809
f 802 806 809 803
f 810 807 766 771
f 811 810 771 770
f 810 811 812 813
f 807 810 813 808
f 814 811 770 775
f 815 814 775 774
f 814 815 816 817
f 811 814 817 812
f 818 815 774 777
f 779 818 777 741
f 818 779 783 819
f 815 818 819 816
f 820 821 783 782
f 822 820 782 781
f 820 822 823 824
f 821 820 824 825
f 826 822 781 787
f 827 826 787 786
f 826 827 828 829
f 822 826 829 823
f 830 827 786 791
f 831 830 791 790
f 830 831 832 833
f 827 830 833 828
f 834 831 790 795
f 835 834 795 794
f 834 835 836 837
f 831 834 837 832
f 838 835 794 799
f 839 838 799 798
f 838 839 840 841
f 835 838 841 836
f 842 843 805 804
f 844 842 804 803
f 842 844 845 846
f 843 842 846 847
f 848 844 803 809
f 849 848 809 808
f 848 849 850 851
f 844 848 851 845
f 852 849 808 813
f 853 852 813 812
f 852 853 854 855
f 849 852 855 850
f 856 853 812 817
f 857 856 817 816
f 856 857 858 859
f 853 856 859 854
f 860 857 816 819
f 821 860 819 783
f 860 821 825 861
f 857 860 861 858
f 862 863 825 824
f 864 862 824 823
f 862 864 865 866
f 863 862 866 867
f 868 864 823 829
f 869 868 829 828
f 868 869 870 871
f 864 868 871 865
f 872 869 828 833
f 873 872 833 832
f 872 873 874 875
f 869 872 875 870
f 876 873 832 837
f 877 876 837 836
f 876 877 878 879
f 873 876 879 874
f 880 877 836 841
f 881 880 841 840
f 880 881 882 883
f 877 880 883 878
f 884 885 847 846
f 886 884 846 845
f 884 886 887 888
f 885 884 888 889
f 890 886 845 851
f 891 890 851 850
f 890 891 892 893
f 886 890 893 887
f 894 891 850 855
f 895 894 855 854
f 894 895 896 897
f 891 894 897 892
f 898 895 854 859
f 899 898 859 858
f 898 899 900 901
f 895 898 901 896
f 902 899 858 861
f 863 902 861 825
f 902 863 867 903
f 899 902 903 900
f 904 905 867 866
f 906 904 866 865
f 904 906 907 908
f 905 904 908 909
f 910 906 865 871
f 911 910 871 870
f 910 911 912 913
f 906 910 913 907
f 914 911 870 875
f 915 914 875 874
f 914 915 916 917
f 911 914 917 912
f 918 915 874 879
f 919 918 879 878
f 918 919 920 921
f 915 918 921 916
f 922 919 878 883
f 923 922 883 882
f 922 923 924 925
f 919 922 925 920
f 926 927 889 888
f 928 926 888 887
f 926 928 929 930
f 927 926 930 931
f 932 928 887 893
f 933 932 893 892
f 932 933 934 935
f 928 932 935 929
f 936 933 892 897
f 937 936 897 896
f 936 937 938 939
f 933 936 939 934
f 940 937 896 901
f 941 940 901 900
f 940 941 942 943
f 937 940 943 938
f 944 941 900 903
f 905 944 903 867
f 944 905 909 945
f 941 944 945 942
f 946 947 909 908
f 948 946 908 907
f 946 948 949 950
f 947 946 950 951
f 952 948 907 913
f 953 952 913 912
f 952 953 954 955
f 948 952 955 949
f 956 953 912 917
f 957 956 917 916
f 956 957 958 959
f 953 956 959 954
f 960 957 916 921
f 961 960 921 920
f 960 961 962 963
f 957 960 963 958
f 964 961 920 925
f 965 964 925 924
f 964 965 966 967
f 961 964 967 962
f 968 969 931 930
f 970 968 930 929
f 968 970 971 972
f 969 968 972 973
f 974 970 929 935
f 975 974 935 934
f 974 975 976 977
f 970 974 977 971
f 978 975 934 939
f 979 978 939 938
f 978 979 980 981
f 975 978 981 976
f 982 979 938 943
f 983 982 943 942
f 982 983 984 985
f 979 982 985 980
f 986 983 942 945
f 947 986 945 909
f 986 947 951 987
f 983 986 987 984
f 988 989 951 950
f 990 988 950 949
f 988 990 6 4
f 989 988 4 3
f 991 990 949 955
f 992 991 955 954
f 991 992 13 11
f 990 991 11 6
f 993 992 954 959
f 994 993 959 958
f 993 994 19 17
f 992 993 17 13
f 995 994 958 963
f 996 995 963 962
f 995 996 25 23
f 994 995 23 19
f 997 996 962 967
f 998 997 967 966
f 997 998 31 29
f 996 997 29 25
f 999 1000 973 972
f 1001 999 972 971
f 999 1001 39 37
f 1000 999 37 36
f 1002 1001 971 977
f 1003 1002 977 976
f 1002 1003 46 44
f 1001 1002 44 39
f 1004 1003 976 981
f 1005 1004 981 980
f 1004 1005 52 50
f 1003 1004 50 46
f 1006 1005 980 985
f 1007 1006 985 984
f 1006 1007 58 56
f 1005 1006 56 52
f 1008 1007 984 987
f 989 1008 987 951
f 1008 989 3 62
f 1007 1008 62 58
f 1009 1010 1011 1012
f 1013 1009 1012 1014
f 1009 1013 1015 1016
f 1010 1009 1016 1017
f 1018 1016 1015 1019
f 1020 1018 1019 1021
f 1018 1020 1022 1023
f 1016 1018 1023 1017
f 1024 1023 1022 1025
f 1026 1024 1025 1027
f 1024 1026 1028 1029
f 1023 1024 1029 1017
f 1030 1029 1028 1031
f 1032 1030 1031 1033
f 1030 1032 1011 1010
f 1029 1030 1010 1017
f 1034 1035 1015 1013
f 1036 1034 1013 1014
f 1034 1036 1037 1038
f 1035 1034 1038 1039
f 1040 1038 1037 1041
f 1042 1040 1041 1043
f 1040 1042 1044 1045
f 1038 1040 1045 1039
f 1046 1045 1044 1047
f 1048 1046 1047 1049
f 1046 1048 1050 1051
f 1045 1046 1051 1039
f 1052 1051 1050 1053
f 1019 1052 1053 1021
f 1052 1019 1015 1035
f 1051 1052 1035 1039
f 1054 1055 1056 1057
f 1058 1054 1057 1059
f 1054 1058 1060 1061
f 1055 1054 1061 1062
f 1063 1055 1062 1064
f 1065 1063 1064 1066
f 1063 1065 1067 1068
f 1055 1063 1068 1056
f 1069 1068 1067 1070
f 1071 1069 1070 1072
f 1069 1071 1073 1074
f 1068 1069 1074 1056
f 1075 1074 1073 1076
f 1077 1075 1076 1078
f 1075 1077 1059 1057
f 1074 1075 1057 1056
f 1079 1080 1062 1061
f 1081 1079 1061 1060
f 1079 1081 1082 1083
f 1080 1079 1083 1084
f 1085 1083 1082 1086
f 1087 1085 1086 1088
f 1085 1087 1089 1090
f 1083 1085 1090 1084
f 1091 1090 1089 1092
f 1093 1091 1092 1094
f 1091 1093 1095 1096
f 1090 1091 1096 1084
f 1097 1096 1095 1098
f 1064 1097 1098 1066
f 1097 1064 1062 1080
f 1096 1097 1080 1084
f 1099 1100 1101 1102
f 1103 1099 1102 1104
f 1099 1103 1105 1106
f 1100 1099 1106 1107
f 1108 1106 1105 1109
f 1110 1108 1109 1111
f 1108 1110 1112 1113
f 1106 1108 1113 1107
f 1114 1113 1112 1115
f 1116 1114 1115 1117
f 1114 1116 1118 1119
f 1113 1114 1119 1107
f 1120 1121 1122 1123
f 1100 1120 1123 1101
f 1120 1100 1107 1119
f 1121 1120 1119 1118
f 1124 1125 1126 1127
f 1128 1124 1127 1129
f 1124 1128 1130 1131
f 1125 1124 1131 1132
f 1133 1131 1130 1134
f 1135 1133 1134 1136
f 1133 1135 1137 1138
f 1131 1133 1138 1132
f 1139 1138 1137 1140
f 1121 1139 1140 1122
f 1139 1121 1118 1141
f 1138 1139 1141 1132
f 1142 1141 1118 1116
f 1143 1142 1116 1117
f 1142 1143 1126 1125
f 1141 1142 1125 1132
f 1144 1145 1146 1147
f 1148 1144 1147 1149
f 1144 1148 1150 1151
f 1145 1144 1151 1152
f 1153 1151 1150 1154
f 1155 1153 1154 1156
f 1153 1155 1157 1158
f 1151 1153 1158 1152
f 1159 1158 1157 1160
f 1161 1159 1160 1162
f 1159 1161 1163 1164
f 1158 1159 1164 1152
f 1165 1164 1163 1166
f 1167 1165 1166 1168
f 1165 1167 1146 1145
f 1164 1165 1145 1152
f 1169 1170 1171 1172
f 1173 1169 1172 1174
f 1169 1173 1175 1176
f 1170 1169 1176 1177
f 1178 1176 1175 1179
f 1180 1178 1179 1181
f 1178 1180 1182 1183
f 1176 1178 1183 1177
f 1184 1183 1182 1185
f 1186 1184 1185 1187
f 1184 1186 1188 1189
f 1183 1184 1189 1177
f 1190 1189 1188 1191
f 1192 1190 1191 1193
f 1190 1192 1171 1170
f 1189 1190 1170 1177
f 1194 1195 1196 1197
f 1198 1194 1197 1199
f 1194 1198 1200 1201
f 1195 1194 1201 1202
f 1203 1201 1200 1204
f 1205 1203 1204 1206
f 1203 1205 1207 1208
f 1201 1203 1208 1202
f 1209 1208 1207 1210
f 1191 1209 1210 1193
f 1209 1191 1188 1211
f 1208 1209 1211 1202
f 1212 1211 1188 1186
f 1213 1212 1186 1187
f 1212 1213 1196 1195
f 1211 1212 1195 1202
f 1214 1215 1216 1217
f 1218 1214 1217 1219
f 1214 1218 1220 1221
f 1215 1214 1221 1222
f 1223 1221 1220 1224
f 1225 1223 1224 1226
f 1223 1225 1227 1228
f 1221 1223 1228 1222
f 1229 1228 1227 1230
f 1231 1229 1230 1232
f 1229 1231 1233 1234
f 1228 1229 1234 1222
f 1235 1234 1233 1236
f 1237 1235 1236 1238
f 1235 1237 1216 1215
f 1234 1235 1215 1222
f 1239 1240 1241 1242
f 1243 1239 1242 1244
f 1239 1243 1245 1246
f 1240 1239 1246 1247
f 1248 1246 1245 1249
f 1250 1248 1249 1251
f 1248 1250 1252 1253
f 1246 1248 1253 1247
f 1254 1253 1252 1255
f 1230 1254 1255 1232
f 1254 1230 1227 1256
f 1253 1254 1256 1247
f 1257 1256 1227 1225
f 1258 1257 1225 1226
f 1257 1258 1241 1240
f 1256 1257 1240 1247
f 1259 1260 1261 1262
f 1263 1259 1262 1264
f 1259 1263 1265 1266
f 1260 1259 1266 1267
f 1268 1266 1265 1269
f 1270 1268 1269 1271
f 1268 1270 1272 1273
f 1266 1268 1273 1267
f 1274 1273 1272 1275
f 1276 1274 1275 1277
f 1274 1276 1278 1279
f 1273 1274 1279 1267
f 1280 1281 1282 1283
f 1260 1280 1283 1261
f 1280 1260 1267 1279
f 1281 1280 1279 1278
f 1284 1285 1286 1287
f 1288 1284 1287 1289
f 1284 1288 1290 1291
f 1285 1284 1291 1292
f 1293 1291 1290 1294
f 1295 1293 1294 1296
f 1293 1295 1297 1298
f 1291 1293 1298 1292
f 1299 1298 1297 1300
f 1281 1299 1300 1282
f 1299 1281 1278 1301
f 1298 1299 1301 1292
f 1302 1301 1278 1276
f 1303 1302 1276 1277
f 1302 1303 1286 1285
f 1301 1302 1285 1292
f 1304 1305 1306 1307
f 1308 1304 1307 1309
f 1304 1308 1310 1311
f 1305 1304 1311 1312
f 1313 1305 1312 1314
f 1315 1313 1314 1316
f 1313 1315 1317 1318
f 1305 1313 1318 1306
f 1319 1318 1317 1320
f 1321 1319 1320 1322
f 1319 1321 1323 1324
f 1318 1319 1324 1306
f 1325 1324 1323 1326
f 1327 1325 1326 1328
f 1325 1327 1309 1307
f 1324 1325 1307 1306
f 1329 1330 1312 1311
f 1331 1329 1311 1310
f 1329 1331 1332 1333
f 1330 1329 1333 1334
f 1335 1333 1332 1336
f 1337 1335 1336 1338
f 1335 1337 1339 1340
f 1333 1335 1340 1334
f 1341 1340 1339 1342
f 1343 1341 1342 1344
f 1341 1343 1345 1346
f 1340 1341 1346 1334
f 1347 1346 1345 1348
f 1314 1347 1348 1316
f 1347 1314 1312 1330
f 1346 1347 1330 1334
f 1349 1350 1351 1352
f 1353 1349 1352 1354
f 1349 1353 1355 1356
f 1350 1349 1356 1357
f 1358 1356 1355 1359
f 1360 1358 1359 1361
f 1358 1360 1362 1363
f 1356 1358 1363 1357
f 1364 1363 1362 1365
f 1366 1364 1365 1367
f 1364 1366 1368 1369
f 1363 1364 1369 1357
f 1370 1369 1368 1371
f 1372 1370 1371 1373
f 1370 1372 1351 1350
f 1369 1370 1350 1357
f 1374 1375 1376 1377
f 1378 1374 1377 1379
f 1374 1378 1380 1381
f 1375 1374 1381 1382
f 1383 1381 1380 1384
f 1385 1383 1384 1386
f 1383 1385 1387 1388
f 1381 1383 1388 1382
f 1389 1388 1387 1390
f 1391 1389 1390 1392
f 1389 1391 1393 1394
f 1388 1389 1394 1382
f 1395 1394 1393 1396
f 1397 1395 1396 1398
f 1395 1397 1376 1375
f 1394 1395 1375 1382
f 1399 1400 1376 1397
f 1401 1399 1397 1398
f 1399 1401 1402 1403
f 1400 1399 1403 1404
f 1405 1403 1402 1406
f 1407 1405 1406 1408
f 1405 1407 1409 1410
f 1403 1405 1410 1404
f 1411 1410 1409 1412
f 1413 1411 1412 1414
f 1411 1413 1415 1416
f 1410 1411 1416 1404
f 1417 1416 1415 1418
f 1377 1417 1418 1379
f 1417 1377 1376 1400
f 1416 1417 1400 1404
f 1419 1420 1421 1422
f 1423 1419 1422 1424
f 1419 1423 1425 1426
f 1420 1419 1426 1427
f 1428 1423 1424 1429
f 1430 1428 1429 1431
f 1428 1430 1432 1433
f 1423 1428 1433 1425
f 1434 1435 1436 1437
f 1438 1434 1437 1439
f 1434 1438 1440 1441
f 1435 1434 1441 1442
f 1443 1438 1439 1444
f 1445 1443 1444 1446
f 1443 1445 1447 1448
f 1438 1443 1448 1440
f 1449 1445 1446 1450
f 1451 1449 1450 1452
f 1449 1451 1453 1454
f 1445 1449 1454 1447
f 1455 1451 1452 1456
f 1457 1455 1456 1458
f 1455 1457 1459 1460
f 1451 1455 1460 1453
f 1461 1462 1463 1464
f 1465 1461 1464 1466
f 1461 1465 1467 1468
f 1462 1461 1468 1469
f 1470 1465 1466 1471
f 1472 1470 1471 1473
f 1470 1472 1474 1475
f 1465 1470 1475 1467
f 1476 1477 1478 1479
f 1480 1476 1479 1481
f 1476 1480 1482 1483
f 1477 1476 1483 1484
f 1485 1480 1481 1486
f 1487 1485 1486 1488
f 1485 1487 1489 1490
f 1480 1485 1490 1482
f 1491 1487 1488 1492
f 1493 1491 1492 1494
f 1491 1493 1495 1496
f 1487 1491 1496 1489
f 1497 1493 1494 1498
f 1499 1497 1498 1500
f 1497 1499 1501 1502
f 1493 1497 1502 1495
f 1503 1504 1505 1506
f 1507 1503 1506 1508
f 1503 1507 1509 1510
f 1504 1503 1510 1511
f 1512 1507 1508 1513
f 1514 1512 1513 1515
f 1512 1514 1516 1517
f 1507 1512 1517 1509
f 1518 1519 1520 1521
f 1522 1518 1521 1523
f 1518 1522 1524 1525
f 1519 1518 1525 1526
f 1527 1522 1523 1528
f 1529 1527 1528 1530
f 1527 1529 1531 1532
f 1522 1527 1532 1524
f 1533 1529 1530 1534
f 1535 1533 1534 1536
f 1533 1535 1537 1538
f 1529 1533 1538 1531
f 1539 1535 1536 1540
f 1541 1539 1540 1542
f 1539 1541 1543 1544
f 1535 1539 1544 1537
f 1545 1546 1547 1548
f 1549 1545 1548 1550
f 1545 1549 1551 1552
f 1546 1545 1552 1553
f 1554 1549 1550 1555
f 1556 1554 1555 1557
f 1554 1556 1558 1559
f 1549 1554 1559 1551
f 1560 1561 1562 1563
f 1564 1560 1563 1565
f 1560 1564 1566 1567
f 1561 1560 1567 1568
f 1569 1564 1565 1570
f 1571 1569 1570 1572
f 1569 1571 1573 1574
f 1564 1569 1574 1566
f 1575 1571 1572 1576
f 1577 1575 1576 1578
f 1575 1577 1579 1580
f 1571 1575 1580 1573
f 1581 1577 1578 1582
f 1583 1581 1582 1584
f 1581 1583 1585 1586
f 1577 1581 1586 1579
f 1587 1588 1589 1590
f 1591 1587 1590 1592
f 1587 1591 1593 1594
f 1588 1587 1594 1595
f 1596 1591 1592 1597
f 1598 1596 1597 1599
f 1596 1598 1600 1601
f 1591 1596 1601 1593
f 1602 1603 1604 1605
f 1606 1602 1605 1607
f 1602 1606 1608 1609
f 1603 1602 1609 1610
f 1611 1606 1607 1612
f 1613 1611 1612 1614
f 1611 1613 1615 1616
f 1606 1611 1616 1608
f 1617 1613 1614 1618
f 1619 1617 1618 1620
f 1617 1619 1621 1622
f 1613 1617 1622 1615
f 1623 1619 1620 1624
f 1625 1623 1624 1626
f 1623 1625 1627 1628
f 1619 1623 1628 1621
f 1629 1630 1631 1632
f 1633 1629 1632 1634
f 1629 1633 1635 1636
f 1630 1629 1636 1637
f 1638 1633 1634 1639
f 1640 1638 1639 1641
f 1638 1640 1642 1643
f 1633 1638 1643 1635
f 1644 1645 1646 1647
f 1648 1644 1647 1649
f 1644 1648 1650 1651
f 1645 1644 1651 1652
f 1653 1648 1649 1654
f 1655 1653 1654 1656
f 1653 1655 1657 1658
f 1648 1653 1658 1650
f 1659 1655 1656 1660
f 1661 1659 1660 1662
f 1659 1661 1663 1664
f 1655 1659 1664 1657
f 1665 1661 1662 1666
f 1667 1665 1666 1668
f 1665 1667 1669 1670
f 1661 1665 1670 1663
f 1671 1672 1673 1674
f 1675 1671 1674 1676
f 1671 1675 1677 1678
f 1672 1671 1678 1679
f 1680 1675 1676 1681
f 1682 1680 1681 1683
f 1680 1682 1684 1685
f 1675 1680 1685 1677
f 1686 1687 1688 1689
f 1690 1686 1689 1691
f 1686 1690 1692 1693
f 1687 1686 1693 1694
f 1695 1690 1691 1696
f 1697 1695 1696 1698
f 1695 1697 1699 1700
f 1690 1695 1700 1692
f 1701 1702 1703 1704
f 1705 1701 1704 1706
f 1701 1705 1707 1708
f 1702 1701 1708 1709
f 1710 1705 1706 1711
f 1712 1710 1711 1713
f 1710 1712 1714 1715
f 1705 1710 1715 1707
f 1716 1717 1718 1719
f 1720 1716 1719 1721
f 1716 1720 1722 1723
f 1717 1716 1723 1724
f 1725 1720 1721 1726
f 1727 1725 1726 1728
f 1725 1727 1729 1730
f 1720 1725 1730 1722
f 1731 1732 1733 1734
f 1735 1731 1734 1736
f 1731 1735 1737 1738
f 1732 1731 1738 1739
f 1740 1735 1736 1741
f 1742 1740 1741 1743
f 1740 1742 1744 1745
f 1735 1740 1745 1737
f 1746 1747 1748 1749
f 1750 1746 1749 1751
f 1746 1750 1752 1753
f 1747 1746 1753 1754
f 1755 1750 1751 1756
f 1757 1755 1756 1758
f 1755 1757 1759 1760
f 1750 1755 1760 1752
f 1761 1757 1758 1762
f 1763 1761 1762 1764
f 1761 1763 1765 1766
f 1757 1761 1766 1759
f 1767 1763 1764 1768
f 1769 1767 1768 1770
f 1767 1769 1771 1772
f 1763 1767 1772 1765
f 1773 1774 1775 1776
f 1777 1773 1776 1778
f 1773 1777 1779 1780
f 1774 1773 1780 1781
f 1782 1777 1778 1783
f 1784 1782 1783 1785
f 1782 1784 1786 1787
f 1777 1782 1787 1779
f 1788 1789 1790 1791
f 1792 1788 1791 1793
f 1788 1792 1794 1795
f 1789 1788 1795 1796
f 1797 1792 1793 1798
f 1799 1797 1798 1800
f 1797 1799 1801 1802
f 1792 1797 1802 1794
f 1803 1799 1800 1804
f 1805 1803 1804 1806
f 1803 1805 1807 1808
f 1799 1803 1808 1801
f 1809 1805 1806 1810
f 1811 1809 1810 1812
f 1809 1811 1813 1814
f 1805 1809 1814 1807
f 1815 1816 1817 1818
f 1819 1815 1818 1820
f 1815 1819 1821 1822
f 1816 1815 1822 1823
f 1824 1819 1820 1825
f 1826 1824 1825 1827
f 1824 1826 1828 1829
f 1819 1824 1829 1821
f 1830 1831 1832 1833
f 1834 1830 1833 1835
f 1830 1834 1836 1837
f 1831 1830 1837 1838
f 1839 1834 1835 1840
f 1841 1839 1840 1842
f 1839 1841 1843 1844
f 1834 1839 1844 1836
f 1845 1841 1842 1846
f 1847 1845 1846 1848
f 1845 1847 1849 1850
f 1841 1845 1850 1843
f 1851 1847 1848 1852
f 1853 1851 1852 1854
f 1851 1853 1855 1856
f 1847 1851 1856 1849
f 1857 1858 1859 1860
f 1861 1857 1860 1862
f 1857 1861 1863 1864
f 1858 1857 1864 1865
f 1866 1861 1862 1867
f 1868 1866 1867 1869
f 1866 1868 1870 1871
f 1861 1866 1871 1863
f 1872 1873 1874 1875
f 1876 1872 1875 1877
f 1872 1876 1878 1879
f 1873 1872 1879 1880
f 1881 1876 1877 1882
f 1883 1881 1882 1884
f 1881 1883 1885 1886
f 1876 1881 1886 1878
f 1887 1883 1884 1888
f 1889 1887 1888 1890
f 1887 1889 1891 1892
f 1883 1887 1892 1885
f 1893 1889 1890 1894
f 1895 1893 1894 1896
f 1893 1895 1897 1898
f 1889 1893 1898 1891
f 1899 1900 1901 1902
f 1903 1899 1902 1904
f 1899 1903 1905 1906
f 1900 1899 1906 1907
f 1908 1903 1904 1909
f 1910 1908 1909 1911
f 1908 1910 1912 1913
f 1903 1908 1913 1905
f 1914 1915 1916 1917
f 1918 1914 1917 1919
f 1914 1918 1920 1921
f 1915 1914 1921 1922
f 1923 1918 1919 1924
f 1925 1923 1924 1926
f 1923 1925 1927 1928
f 1918 1923 1928 1920
f 1929 1925 1926 1930
f 1931 1929 1930 1932
f 1929 1931 1933 1934
f 1925 1929 1934 1927
f 1935 1931 1932 1936
f 1937 1935 1936 1938
f 1935 1937 1939 1940
f 1931 1935 1940 1933
f 1941 1942 1943 1944
f 1945 1941 1944 1946
f 1941 1945 1947 1948
f 1942 1941 1948 1949
f 1950 1945 1946 1951
f 1952 1950 1951 1953
f 1950 1952 1954 1955
f 1945 1950 1955 1947
f 1956 1957 1958 1959
f 1960 1956 1959 1961
f 1956 1960 1962 1963
f 1957 1956 1963 1964
f 1965 1960 1961 1966
f 1967 1965 1966 1968
f 1965 1967 1969 1970
f 1960 1965 1970 1962
f 1971 1967 1968 1972
f 1973 1971 1972 1974
f 1971 1973 1975 1976
f 1967 1971 1976 1969
f 1977 1973 1974 1978
f 1979 1977 1978 1980
f 1977 1979 1981 1982
f 1973 1977 1982 1975
f 1983 1984 1985 1986
f 1987 1983 1986 1988
f 1983 1987 1989 1990
f 1984 1983 1990 1991
f 1992 1987 1988 1993
f 1994 1992 1993 1995
f 1992 1994 1996 1997
f 1987 1992 1997 1989
f 1998 1999 2000 2001
f 2002 1998 2001 2003
f 1998 2002 2004 2005
f 1999 1998 2005 2006
f 2007 2002 2003 2008
f 2009 2007 2008 2010
f 2007 2009 2011 2012
f 2002 2007 2012 2004
f 2013 2009 2010 2014
f 2015 2013 2014 2016
f 2013 2015 2017 2018
f 2009 2013 2018 2011
f 2019 2015 2016 2020
f 2021 2019 2020 2022
f 2019 2021 2023 2024
f 2015 2019 2024 2017
f 2025 2026 2027 2028
f 2029 2025 2028 2030
f 2025 2029 2031 2032
f 2026 2025 2032 2033
f 2034 2029 2030 2035
f 2036 2034 2035 2037
f 2034 2036 2038 2039
f 2029 2034 2039 2031
f 2040 2041 2042 2043
f 2044 2040 2043 2045
f 2040 2044 2046 2047
f 2041 2040 2047 2048
f 2049 2044 2045 2050
f 2051 2049 2050 2052
f 2049 2051 2053 2054
f 2044 2049 2054 2046
f 2055 2051 2052 2056
f 2057 2055 2056 2058
f 2055 2057 2059 2060
f 2051 2055 2060 2053
f 2061 2057 2058 2062
f 2063 2061 2062 2064
f 2061 2063 2065 2066
f 2057 2061 2066 2059
f 2067 2068 2069 2070
f 2071 2067 2070 2072
f 2067 2071 2073 2074
f 2068 2067 2074 2075
f 2076 2071 2072 2077
f 2078 2076 2077 2079
f 2076 2078 2080 2081
f 2071 2076 2081 2073
f 2082 2083 2084 2085
f 2086 2082 2085 2087
f 2082 2086 2088 2089
f 2083 2082 2089 2090
f 2091 2086 2087 2092
f 2093 2091 2092 2094
f 2091 2093 2095 2096
f 2086 2091 2096 2088
f 2097 2098 2099 2100
f 2101 2097 2100 2102
f 2097 2101 2103 2104
f 2098 2097 2104 2105
f 2106 2101 2102 2107
f 2108 2106 2107 2109
f 2106 2108 2110 2111
f 2101 2106 2111 2103
f 2112 2113 2114 2115
f 2116 2112 2115 2117
f 2112 2116 2118 2119
f 2113 2112 2119 2120
f 2121 2116 2117 2122
f 2123 2121 2122 2124
f 2121 2123 2125 2126
f 2116 2121 2126 2118
f 2127 2128 2129 2130
f 2131 2127 2130 2132
f 2127 2131 2133 2134
f 2128 2127 2134 2135
f 2136 2131 2132 2137
f 2138 2136 2137 2139
f 2136 2138 2140 2141
f 2131 2136 2141 2133
f 2142 2143 2144 2145
f 2146 2142 2145 2147
f 2142 2146 2148 2149
f 2143 2142 2149 2150
f 2151 2146 2147 2152
f 2153 2151 2152 2154
f 2151 2153 2155 2156
f 2146 2151 2156 2148
f 2157 2153 2154 2158
f 2159 2157 2158 2160
f 2157 2159 2161 2162
f 2153 2157 2162 2155
f 2163 2159 2160 2164
f 2165 2163 2164 2166
f 2163 2165 2167 2168
f 2159 2163 2168 2161
f 2169 2170 2171 2172
f 2173 2169 2172 2174
f 2169 2173 2175 2176
f 2170 2169 2176 2177
f 2178 2173 2174 2179
f 2180 2178 2179 2181
f 2178 2180 2182 2183
f 2173 2178 2183 2175
f 2184 2185 2186 2187
f 2188 2184 2187 2189
f 2184 2188 2190 2191
f 2185 2184 2191 2192
f 2193 2188 2189 2194
f 2195 2193 2194 2196
f 2193 2195 2197 2198
f 2188 2193 2198 2190
f 2199 2195 2196 2200
f 2201 2199 2200 2202
f 2199 2201 2203 2204
f 2195 2199 2204 2197
f 2205 2201 2202 2206
f 2207 2205 2206 2208
f 2205 2207 2209 2210
f 2201 2205 2210 2203
f 2211 2212 1501 2213
f 2214 2211 2213 1427
f 2211 2214 1027 2212
f 2215 2216 1432 2217
f 2218 2215 2217 1442
f 2215 2218 1033 2216
f 2219 2220 1459 2221
f 2222 2219 2221 1469
f 2219 2222 1043 2220
f 2223 2224 1474 2225
f 2226 2223 2225 1484
f 2223 2226 1049 2224
f 2227 2228 1585 2229
f 2230 2227 2229 1511
f 2227 2230 1088 2228
f 2231 2232 1516 2233
f 2234 2231 2233 1526
f 2231 2234 1094 2232
f 2235 2236 1543 2237
f 2238 2235 2237 1553
f 2235 2238 1072 2236
f 2239 2240 1558 2241
f 2242 2239 2241 1568
f 2239 2242 1078 2240
f 2243 2244 1669 2245
f 2246 2243 2245 1595
f 2243 2246 1129 2244
f 2247 2248 1600 2249
f 2250 2247 2249 1610
f 2247 2250 1136 2248
f 2251 2252 1627 2253
f 2254 2251 2253 1637
f 2251 2254 1104 2252
f 2255 2256 1642 2257
f 2258 2255 2257 1652
f 2255 2258 1111 2256
f 2259 2260 1729 2261
f 2262 2259 2261 1679
f 2259 2262 1168 2260
f 2263 2264 1684 2265
f 2266 2263 2265 1694
f 2263 2266 1149 2264
f 2267 2268 1699 2269
f 2270 2267 2269 1709
f 2267 2270 1156 2268
f 2271 2272 1714 2273
f 2274 2271 2273 1724
f 2271 2274 1162 2272
f 2275 2276 1813 2277
f 2278 2275 2277 1739
f 2275 2278 1199 2276
f 2279 2280 1744 2281
f 2282 2279 2281 1754
f 2279 2282 1206 2280
f 2283 2284 1771 2285
f 2286 2283 2285 1781
f 2283 2286 1174 2284
f 2287 2288 1786 2289
f 2290 2287 2289 1796
f 2287 2290 1181 2288
f 2291 2292 1897 2293
f 2294 2291 2293 1823
f 2291 2294 1238 2292
f 2295 2296 1828 2297
f 2298 2295 2297 1838
f 2295 2298 1219 2296
f 2299 2300 1855 2301
f 2302 2299 2301 1865
f 2299 2302 1244 2300
f 2303 2304 1870 2305
f 2306 2303 2305 1880
f 2303 2306 1251 2304
f 2307 2308 1981 2309
f 2310 2307 2309 1907
f 2307 2310 1289 2308
f 2311 2312 1912 2313
f 2314 2311 2313 1922
f 2311 2314 1296 2312
f 2315 2316 1939 2317
f 2318 2315 2317 1949
f 2315 2318 1264 2316
f 2319 2320 1954 2321
f 2322 2319 2321 1964
f 2319 2322 1271 2320
f 2323 2324 2065 2325
f 2326 2323 2325 1991
f 2323 2326 1338 2324
f 2327 2328 1996 2329
f 2330 2327 2329 2006
f 2327 2330 1344 2328
f 2331 2332 2023 2333
f 2334 2331 2333 2033
f 2331 2334 1322 2332
f 2335 2336 2038 2337
f 2338 2335 2337 2048
f 2335 2338 1328 2336
f 2339 2340 2125 2341
f 2342 2339 2341 2075
f 2339 2342 1367 2340
f 2343 2344 2080 2345
f 2346 2343 2345 2090
f 2343 2346 1373 2344
f 2347 2348 2095 2349
f 2350 2347 2349 2105
f 2347 2350 1354 2348
f 2351 2352 2110 2353
f 2354 2351 2353 2120
f 2351 2354 1361 2352
f 2355 2356 2209 2357
f 2358 2355 2357 2135
f 2355 2358 1408 2356
f 2359 2360 2140 2361
f 2362 2359 2361 2150
f 2359 2362 1414 2360
f 2363 2364 2167 2365
f 2366 2363 2365 2177
f 2363 2366 1386 2364
f 2367 2368 2182 2369
f 2370 2367 2369 2192
f 2367 2370 1392 2368
f 2371 1026 1027 2214
f 1426 2371 2214 1427
f 2371 1426 1425 2372
f 1026 2371 2372 1028
f 2373 1031 1028 2372
f 1433 2373 2372 1425
f 2373 1433 1432 2216
f 1031 2373 2216 1033
f 2374 1032 1033 2218
f 1441 2374 2218 1442
f 2374 1441 1440 2375
f 1032 2374 2375 1011
f 2376 1012 1011 2375
f 1448 2376 2375 1440
f 2376 1448 1447 2377
f 1012 2376 2377 1014
f 2378 1036 1014 2377
f 1454 2378 2377 1447
f 2378 1454 1453 2379
f 1036 2378 2379 1037
f 2380 1041 1037 2379
f 1460 2380 2379 1453
f 2380 1460 1459 2220
f 1041 2380 2220 1043
f 2381 1042 1043 2222
f 1468 2381 2222 1469
f 2381 1468 1467 2382
f 1042 2381 2382 1044
f 2383 1047 1044 2382
f 1475 2383 2382 1467
f 2383 1475 1474 2224
f 1047 2383 2224 1049
f 2384 1048 1049 2226
f 1483 2384 2226 1484
f 2384 1483 1482 2385
f 1048 2384 2385 1050
f 2386 1053 1050 2385
f 1490 2386 2385 1482
f 2386 1490 1489 2387
f 1053 2386 2387 1021
f 2388 1020 1021 2387
f 1496 2388 2387 1489
f 2388 1496 1495 2389
f 1020 2388 2389 1022
f 2390 1025 1022 2389
f 1502 2390 2389 1495
f 2390 1502 1501 2212
f 1025 2390 2212 1027
f 2391 1499 1500 2392
f 1420 2391 2392 1421
f 2391 1420 1427 2213
f 1499 2391 2213 1501
f 2393 1430 1431 2394
f 1435 2393 2394 1436
f 2393 1435 1442 2217
f 1430 2393 2217 1432
f 2395 1457 1458 2396
f 1462 2395 2396 1463
f 2395 1462 1469 2221
f 1457 2395 2221 1459
f 2397 1472 1473 2398
f 1477 2397 2398 1478
f 2397 1477 1484 2225
f 1472 2397 2225 1474
f 2399 1087 1088 2230
f 1510 2399 2230 1511
f 2399 1510 1509 2400
f 1087 2399 2400 1089
f 2401 1092 1089 2400
f 1517 2401 2400 1509
f 2401 1517 1516 2232
f 1092 2401 2232 1094
f 2402 1093 1094 2234
f 1525 2402 2234 1526
f 2402 1525 1524 2403
f 1093 2402 2403 1095
f 2404 1098 1095 2403
f 1532 2404 2403 1524
f 2404 1532 1531 2405
f 1098 2404 2405 1066
f 2406 1065 1066 2405
f 1538 2406 2405 1531
f 2406 1538 1537 2407
f 1065 2406 2407 1067
f 2408 1070 1067 2407
f 1544 2408 2407 1537
f 2408 1544 1543 2236
f 1070 2408 2236 1072
f 2409 1071 1072 2238
f 1552 2409 2238 1553
f 2409 1552 1551 2410
f 1071 2409 2410 1073
f 2411 1076 1073 2410
f 1559 2411 2410 1551
f 2411 1559 1558 2240
f 1076 2411 2240 1078
f 2412 1077 1078 2242
f 1567 2412 2242 1568
f 2412 1567 1566 2413
f 1077 2412 2413 1059
f 2414 1058 1059 2413
f 1574 2414 2413 1566
f 2414 1574 1573 2415
f 1058 2414 2415 1060
f 2416 1081 1060 2415
f 1580 2416 2415 1573
f 2416 1580 1579 2417
f 1081 2416 2417 1082
f 2418 1086 1082 2417
f 1586 2418 2417 1579
f 2418 1586 1585 2228
f 1086 2418 2228 1088
f 2419 1583 1584 2420
f 1504 2419 2420 1505
f 2419 1504 1511 2229
f 1583 2419 2229 1585
f 2421 1514 1515 2422
f 1519 2421 2422 1520
f 2421 1519 1526 2233
f 1514 2421 2233 1516
f 2423 1541 1542 2424
f 1546 2423 2424 1547
f 2423 1546 1553 2237
f 1541 2423 2237 1543
f 2425 1556 1557 2426
f 1561 2425 2426 1562
f 2425 1561 1568 2241
f 1556 2425 2241 1558
f 2427 1128 1129 2246
f 1594 2427 2246 1595
f 2427 1594 1593 2428
f 1128 2427 2428 1130
f 2429 1134 1130 2428
f 1601 2429 2428 1593
f 2429 1601 1600 2248
f 1134 2429 2248 1136
f 2430 1135 1136 2250
f 1609 2430 2250 1610
f 2430 1609 1608 2431
f 1135 2430 2431 1137
f 2432 1140 1137 2431
f 1616 2432 2431 1608
f 2432 1616 1615 2433
f 1140 2432 2433 1122
f 2434 1123 1122 2433
f 1622 2434 2433 1615
f 2434 1622 1621 2435
f 1123 2434 2435 1101
f 2436 1102 1101 2435
f 1628 2436 2435 1621
f 2436 1628 1627 2252
f 1102 2436 2252 1104
f 2437 1103 1104 2254
f 1636 2437 2254 1637
f 2437 1636 1635 2438
f 1103 2437 2438 1105
f 2439 1109 1105 2438
f 1643 2439 2438 1635
f 2439 1643 1642 2256
f 1109 2439 2256 1111
f 2440 1110 1111 2258
f 1651 2440 2258 1652
f 2440 1651 1650 2441
f 1110 2440 2441 1112
f 2442 1115 1112 2441
f 1658 2442 2441 1650
f 2442 1658 1657 2443
f 1115 2442 2443 1117
f 2444 1143 1117 2443
f 1664 2444 2443 1657
f 2444 1664 1663 2445
f 1143 2444 2445 1126
f 2446 1127 1126 2445
f 1670 2446 2445 1663
f 2446 1670 1669 2244
f 1127 2446 2244 1129
f 2447 1667 1668 2448
f 1588 2447 2448 1589
f 2447 1588 1595 2245
f 1667 2447 2245 1669
f 2449 1598 1599 2450
f 1603 2449 2450 1604
f 2449 1603 1610 2249
f 1598 2449 2249 1600
f 2451 1625 1626 2452
f 1630 2451 2452 1631
f 2451 1630 1637 2253
f 1625 2451 2253 1627
f 2453 1640 1641 2454
f 1645 2453 2454 1646
f 2453 1645 1652 2257
f 1640 2453 2257 1642
f 2455 1167 1168 2262
f 1678 2455 2262 1679
f 2455 1678 1677 2456
f 1167 2455 2456 1146
f 2457 1147 1146 2456
f 1685 2457 2456 1677
f 2457 1685 1684 2264
f 1147 2457 2264 1149
f 2458 1148 1149 2266
f 1693 2458 2266 1694
f 2458 1693 1692 2459
f 1148 2458 2459 1150
f 2460 1154 1150 2459
f 1700 2460 2459 1692
f 2460 1700 1699 2268
f 1154 2460 2268 1156
f 2461 1155 1156 2270
f 1708 2461 2270 1709
f 2461 1708 1707 2462
f 1155 2461 2462 1157
f 2463 1160 1157 2462
f 1715 2463 2462 1707
f 2463 1715 1714 2272
f 1160 2463 2272 1162
f 2464 1161 1162 2274
f 1723 2464 2274 1724
f 2464 1723 1722 2465
f 1161 2464 2465 1163
f 2466 1166 1163 2465
f 1730 2466 2465 1722
f 2466 1730 1729 2260
f 1166 2466 2260 1168
f 2467 1727 1728 2468
f 1672 2467 2468 1673
f 2467 1672 1679 2261
f 1727 2467 2261 1729
f 2469 1682 1683 2470
f 1687 2469 2470 1688
f 2469 1687 1694 2265
f 1682 2469 2265 1684
f 2471 1697 1698 2472
f 1702 2471 2472 1703
f 2471 1702 1709 2269
f 1697 2471 2269 1699
f 2473 1712 1713 2474
f 1717 2473 2474 1718
f 2473 1717 1724 2273
f 1712 2473 2273 1714
f 2475 1198 1199 2278
f 1738 2475 2278 1739
f 2475 1738 1737 2476
f 1198 2475 2476 1200
f 2477 1204 1200 2476
f 1745 2477 2476 1737
f 2477 1745 1744 2280
f 1204 2477 2280 1206
f 2478 1205 1206 2282
f 1753 2478 2282 1754
f 2478 1753 1752 2479
f 1205 2478 2479 1207
f 2480 1210 1207 2479
f 1760 2480 2479 1752
f 2480 1760 1759 2481
f 1210 2480 2481 1193
f 2482 1192 1193 2481
f 1766 2482 2481 1759
f 2482 1766 1765 2483
f 1192 2482 2483 1171
f 2484 1172 1171 2483
f 1772 2484 2483 1765
f 2484 1772 1771 2284
f 1172 2484 2284 1174
f 2485 1173 1174 2286
f 1780 2485 2286 1781
f 2485 1780 1779 2486
f 1173 2485 2486 1175
f 2487 1179 1175 2486
f 1787 2487 2486 1779
f 2487 1787 1786 2288
f 1179 2487 2288 1181
f 2488 1180 1181 2290
f 1795 2488 2290 1796
f 2488 1795 1794 2489
f 1180 2488 2489 1182
f 2490 1185 1182 2489
f 1802 2490 2489 1794
f 2490 1802 1801 2491
f 1185 2490 2491 1187
f 2492 1213 1187 2491
f 1808 2492 2491 1801
f 2492 1808 1807 2493
f 1213 2492 2493 1196
f 2494 1197 1196 2493
f 1814 2494 2493 1807
f 2494 1814 1813 2276
f 1197 2494 2276 1199
f 2495 1811 1812 2496
f 1732 2495 2496 1733
f 2495 1732 1739 2277
f 1811 2495 2277 1813
f 2497 1742 1743 2498
f 1747 2497 2498 1748
f 2497 1747 1754 2281
f 1742 2497 2281 1744
f 2499 1769 1770 2500
f 1774 2499 2500 1775
f 2499 1774 1781 2285
f 1769 2499 2285 1771
f 2501 1784 1785 2502
f 1789 2501 2502 1790
f 2501 1789 1796 2289
f 1784 2501 2289 1786
f 2503 1237 1238 2294
f 1822 2503 2294 1823
f 2503 1822 1821 2504
f 1237 2503 2504 1216
f 2505 1217 1216 2504
f 1829 2505 2504 1821
f 2505 1829 1828 2296
f 1217 2505 2296 1219
f 2506 1218 1219 2298
f 1837 2506 2298 1838
f 2506 1837 1836 2507
f 1218 2506 2507 1220
f 2508 1224 1220 2507
f 1844 2508 2507 1836
f 2508 1844 1843 2509
f 1224 2508 2509 1226
f 2510 1258 1226 2509
f 1850 2510 2509 1843
f 2510 1850 1849 2511
f 1258 2510 2511 1241
f 2512 1242 1241 2511
f 1856 2512 2511 1849
f 2512 1856 1855 2300
f 1242 2512 2300 1244
f 2513 1243 1244 2302
f 1864 2513 2302 1865
f 2513 1864 1863 2514
f 1243 2513 2514 1245
f 2515 1249 1245 2514
f 1871 2515 2514 1863
f 2515 1871 1870 2304
f 1249 2515 2304 1251
f 2516 1250 1251 2306
f 1879 2516 2306 1880
f 2516 1879 1878 2517
f 1250 2516 2517 1252
f 2518 1255 1252 2517
f 1886 2518 2517 1878
f 2518 1886 1885 2519
f 1255 2518 2519 1232
f 2520 1231 1232 2519
f 1892 2520 2519 1885
f 2520 1892 1891 2521
f 1231 2520 2521 1233
f 2522 1236 1233 2521
f 1898 2522 2521 1891
f 2522 1898 1897 2292
f 1236 2522 2292 1238
f 2523 1895 1896 2524
f 1816 2523 2524 1817
f 2523 1816 1823 2293
f 1895 2523 2293 1897
f 2525 1826 1827 2526
f 1831 2525 2526 1832
f 2525 1831 1838 2297
f 1826 2525 2297 1828
f 2527 1853 1854 2528
f 1858 2527 2528 1859
f 2527 1858 1865 2301
f 1853 2527 2301 1855
f 2529 1868 1869 2530
f 1873 2529 2530 1874
f 2529 1873 1880 2305
f 1868 2529 2305 1870
f 2531 1288 1289 2310
f 1906 2531 2310 1907
f 2531 1906 1905 2532
f 1288 2531 2532 1290
f 2533 1294 1290 2532
f 1913 2533 2532 1905
f 2533 1913 1912 2312
f 1294 2533 2312 1296
f 2534 1295 1296 2314
f 1921 2534 2314 1922
f 2534 1921 1920 2535
f 1295 2534 2535 1297
f 2536 1300 1297 2535
f 1928 2536 2535 1920
f 2536 1928 1927 2537
f 1300 2536 2537 1282
f 2538 1283 1282 2537
f 1934 2538 2537 1927
f 2538 1934 1933 2539
f 1283 2538 2539 1261
f 2540 1262 1261 2539
f 1940 2540 2539 1933
f 2540 1940 1939 2316
f 1262 2540 2316 1264
f 2541 1263 1264 2318
f 1948 2541 2318 1949
f 2541 1948 1947 2542
f 1263 2541 2542 1265
f 2543 1269 1265 2542
f 1955 2543 2542 1947
f 2543 1955 1954 2320
f 1269 2543 2320 1271
f 2544 1270 1271 2322
f 1963 2544 2322 1964
f 2544 1963 1962 2545
f 1270 2544 2545 1272
f 2546 1275 1272 2545
f 1970 2546 2545 1962
f 2546 1970 1969 2547
f 1275 2546 2547 1277
f 2548 1303 1277 2547
f 1976 2548 2547 1969
f 2548 1976 1975 2549
f 1303 2548 2549 1286
f 2550 1287 1286 2549
f 1982 2550 2549 1975
f 2550 1982 1981 2308
f 1287 2550 2308 1289
f 2551 1979 1980 2552
f 1900 2551 2552 1901
f 2551 1900 1907 2309
f 1979 2551 2309 1981
f 2553 1910 1911 2554
f 1915 2553 2554 1916
f 2553 1915 1922 2313
f 1910 2553 2313 1912
f 2555 1937 1938 2556
f 1942 2555 2556 1943
f 2555 1942 1949 2317
f 1937 2555 2317 1939
f 2557 1952 1953 2558
f 1957 2557 2558 1958
f 2557 1957 1964 2321
f 1952 2557 2321 1954
f 2559 1337 1338 2326
f 1990 2559 2326 1991
f 2559 1990 1989 2560
f 1337 2559 2560 1339
f 2561 1342 1339 2560
f 1997 2561 2560 1989
f 2561 1997 1996 2328
f 1342 2561 2328 1344
f 2562 1343 1344 2330
f 2005 2562 2330 2006
f 2562 2005 2004 2563
f 1343 2562 2563 1345
f 2564 1348 1345 2563
f 2012 2564 2563 2004
f 2564 2012 2011 2565
f 1348 2564 2565 1316
f 2566 1315 1316 2565
f 2018 2566 2565 2011
f 2566 2018 2017 2567
f 1315 2566 2567 1317
f 2568 1320 1317 2567
f 2024 2568 2567 2017
f 2568 2024 2023 2332
f 1320 2568 2332 1322
f 2569 1321 1322 2334
f 2032 2569 2334 2033
f 2569 2032 2031 2570
f 1321 2569 2570 1323
f 2571 1326 1323 2570
f 2039 2571 2570 2031
f 2571 2039 2038 2336
f 1326 2571 2336 1328
f 2572 1327 1328 2338
f 2047 2572 2338 2048
f 2572 2047 2046 2573
f 1327 2572 2573 1309
f 2574 1308 1309 2573
f 2054 2574 2573 2046
f 2574 2054 2053 2575
f 1308 2574 2575 1310
f 2576 1331 1310 2575
f 2060 2576 2575 2053
f 2576 2060 2059 2577
f 1331 2576 2577 1332
f 2578 1336 1332 2577
f 2066 2578 2577 2059
f 2578 2066 2065 2324
f 1336 2578 2324 1338
f 2579 2063 2064 2580
f 1984 2579 2580 1985
f 2579 1984 1991 2325
f 2063 2579 2325 2065
f 2581 1994 1995 2582
f 1999 2581 2582 2000
f 2581 1999 2006 2329
f 1994 2581 2329 1996
f 2583 2021 2022 2584
f 2026 2583 2584 2027
f 2583 2026 2033 2333
f 2021 2583 2333 2023
f 2585 2036 2037 2586
f 2041 2585 2586 2042
f 2585 2041 2048 2337
f 2036 2585 2337 2038
f 2587 1366 1367 2342
f 2074 2587 2342 2075
f 2587 2074 2073 2588
f 1366 2587 2588 1368
f 2589 1371 1368 2588
f 2081 2589 2588 2073
f 2589 2081 2080 2344
f 1371 2589 2344 1373
f 2590 1372 1373 2346
f 2089 2590 2346 2090
f 2590 2089 2088 2591
f 1372 2590 2591 1351
f 2592 1352 1351 2591
f 2096 2592 2591 2088
f 2592 2096 2095 2348
f 1352 2592 2348 1354
f 2593 1353 1354 2350
f 2104 2593 2350 2105
f 2593 2104 2103 2594
f 1353 2593 2594 1355
f 2595 1359 1355 2594
f 2111 2595 2594 2103
f 2595 2111 2110 2352
f 1359 2595 2352 1361
f 2596 1360 1361 2354
f 2119 2596 2354 2120
f 2596 2119 2118 2597
f 1360 2596 2597 1362
f 2598 1365 1362 2597
f 2126 2598 2597 2118
f 2598 2126 2125 2340
f 1365 2598 2340 1367
f 2599 2123 2124 2600
f 2068 2599 2600 2069
f 2599 2068 2075 2341
f 2123 2599 2341 2125
f 2601 2078 2079 2602
f 2083 2601 2602 2084
f 2601 2083 2090 2345
f 2078 2601 2345 2080
f 2603 2093 2094 2604
f 2098 2603 2604 2099
f 2603 2098 2105 2349
f 2093 2603 2349 2095
f 2605 2108 2109 2606
f 2113 2605 2606 2114
f 2605 2113 2120 2353
f 2108 2605 2353 2110
f 2607 1407 1408 2358
f 2134 2607 2358 2135
f 2607 2134 2133 2608
f 1407 2607 2608 1409
f 2609 1412 1409 2608
f 2141 2609 2608 2133
f 2609 2141 2140 2360
f 1412 2609 2360 1414
f 2610 1413 1414 2362
f 2149 2610 2362 2150
f 2610 2149 2148 2611
f 1413 2610 2611 1415
f 2612 1418 1415 2611
f 2156 2612 2611 2148
f 2612 2156 2155 2613
f 1418 2612 2613 1379
f 2614 1378 1379 2613
f 2162 2614 2613 2155
f 2614 2162 2161 2615
f 1378 2614 2615 1380
f 2616 1384 1380 2615
f 2168 2616 2615 2161
f 2616 2168 2167 2364
f 1384 2616 2364 1386
f 2617 1385 1386 2366
f 2176 2617 2366 2177
f 2617 2176 2175 2618
f 1385 2617 2618 1387
f 2619 1390 1387 2618
f 2183 2619 2618 2175
f 2619 2183 2182 2368
f 1390 2619 2368 1392
f 2620 1391 1392 2370
f 2191 2620 2370 2192
f 2620 2191 2190 2621
f 1391 2620 2621 1393
f 2622 1396 1393 2621
f 2198 2622 2621 2190
f 2622 2198 2197 2623
f 1396 2622 2623 1398
f 2624 1401 1398 2623
f 2204 2624 2623 2197
f 2624 2204 2203 2625
f 1401 2624 2625 1402
f 2626 1406 1402 2625
f 2210 2626 2625 2203
f 2626 2210 2209 2356
f 1406 2626 2356 1408
f 2627 2207 2208 2628
f 2128 2627 2628 2129
f 2627 2128 2135 2357
f 2207 2627 2357 2209
f 2629 2138 2139 2630
f 2143 2629 2630 2144
f 2629 2143 2150 2361
f 2138 2629 2361 2140
f 2631 2165 2166 2632
f 2170 2631 2632 2171
f 2631 2170 2177 2365
f 2165 2631 2365 2167
f 2633 2180 2181 2634
f 2185 2633 2634 2186
f 2633 2185 2192 2369
f 2180 2633 2369 2182
f 2635 2636 2637 2638
f 2639 2635 2638 2640
f 2635 2639 2641 2642
f 2636 2635 2642 2643
f 2644 2642 2641 2645
f 2646 2644 2645 2647
f 2644 2646 2648 2649
f 2642 2644 2649 2643
f 2650 2649 2648 2651
f 2652 2650 2651 2653
f 2650 2652 2654 2655
f 2649 2650 2655 2643
f 2656 2655 2654 2657
f 2658 2656 2657 2659
f 2656 2658 2637 2636
f 2655 2656 2636 2643
f 2660 2661 2641 2639
f 2662 2660 2639 2640
f 2660 2662 2663 2664
f 2661 2660 2664 2665
f 2666 2664 2663 2667
f 2668 2666 2667 2669
f 2666 2668 2670 2671
f 2664 2666 2671 2665
f 2672 2671 2670 2673
f 2674 2672 2673 2675
f 2672 2674 2676 2677
f 2671 2672 2677 2665
f 2678 2677 2676 2679
f 2645 2678 2679 2647
f 2678 2645 2641 2661
f 2677 2678 2661 2665
f 2680 2681 2682 2683
f 2684 2680 2683 2685
f 2680 2684 2686 2687
f 2681 2680 2687 2688
f 2689 2681 2688 2690
f 2691 2689 2690 2692
f 2689 2691 2693 2694
f 2681 2689 2694 2682
f 2695 2694 2693 2696
f 2697 2695 2696 2698
f 2695 2697 2699 2700
f 2694 2695 2700 2682
f 2701 2700 2699 2702
f 2703 2701 2702 2704
f 2701 2703 2685 2683
f 2700 2701 2683 2682
f 2705 2706 2688 2687
f 2707 2705 2687 2686
f 2705 2707 2708 2709
f 2706 2705 2709 2710
f 2711 2709 2708 2712
f 2713 2711 2712 2714
f 2711 2713 2715 2716
f 2709 2711 2716 2710
f 2717 2716 2715 2718
f 2719 2717 2718 2720
f 2717 2719 2721 2722
f 2716 2717 2722 2710
f 2723 2722 2721 2724
f 2690 2723 2724 2692
f 2723 2690 2688 2706
f 2722 2723 2706 2710
f 2725 2726 2727 2728
f 2729 2725 2728 2730
f 2725 2729 2731 2732
f 2726 2725 2732 2733
f 2734 2732 2731 2735
f 2736 2734 2735 2737
f 2734 2736 2738 2739
f 2732 2734 2739 2733
f 2740 2739 2738 2741
f 2742 2740 2741 2743
f 2740 2742 2744 2745
f 2739 2740 2745 2733
f 2746 2747 2748 2749
f 2726 2746 2749 2727
f 2746 2726 2733 2745
f 2747 2746 2745 2744
f 2750 2751 2752 2753
f 2754 2750 2753 2755
f 2750 2754 2756 2757
f 2751 2750 2757 2758
f 2759 2757 2756 2760
f 2761 2759 2760 2762
f 2759 2761 2763 2764
f 2757 2759 2764 2758
f 2765 2764 2763 2766
f 2747 2765 2766 2748
f 2765 2747 2744 2767
f 2764 2765 2767 2758
f 2768 2767 2744 2742
f 2769 2768 2742 2743
f 2768 2769 2752 2751
f 2767 2768 2751 2758
f 2770 2771 2772 2773
f 2774 2770 2773 2775
f 2770 2774 2776 2777
f 2771 2770 2777 2778
f 2779 2777 2776 2780
f 2781 2779 2780 2782
f 2779 2781 2783 2784
f 2777 2779 2784 2778
f 2785 2784 2783 2786
f 2787 2785 2786 2788
f 2785 2787 2789 2790
f 2784 2785 2790 2778
f 2791 2790 2789 2792
f 2793 2791 2792 2794
f 2791 2793 2772 2771
f 2790 2791 2771 2778
f 2795 2796 2797 2798
f 2799 2795 2798 2800
f 2795 2799 2801 2802
f 2796 2795 2802 2803
f 2804 2802 2801 2805
f 2806 2804 2805 2807
f 2804 2806 2808 2809
f 2802 2804 2809 2803
f 2810 2809 2808 2811
f 2812 2810 2811 2813
f 2810 2812 2814 2815
f 2809 2810 2815 2803
f 2816 2815 2814 2817
f 2818 2816 2817 2819
f 2816 2818 2797 2796
f 2815 2816 2796 2803
f 2820 2821 2822 2823
f 2824 2820 2823 2825
f 2820 2824 2826 2827
f 2821 2820 2827 2828
f 2829 2827 2826 2830
f 2831 2829 2830 2832
f 2829 2831 2833 2834
f 2827 2829 2834 2828
f 2835 2834 2833 2836
f 2817 2835 2836 2819
f 2835 2817 2814 2837
f 2834 2835 2837 2828
f 2838 2837 2814 2812
f 2839 2838 2812 2813
f 2838 2839 2822 2821
f 2837 2838 2821 2828
f 2840 2841 2842 2843
f 2844 2840 2843 2845
f 2840 2844 2846 2847
f 2841 2840 2847 2848
f 2849 2847 2846 2850
f 2851 2849 2850 2852
f 2849 2851 2853 2854
f 2847 2849 2854 2848
f 2855 2854 2853 2856
f 2857 2855 2856 2858
f 2855 2857 2859 2860
f 2854 2855 2860 2848
f 2861 2860 2859 2862
f 2863 2861 2862 2864
f 2861 2863 2842 2841
f 2860 2861 2841 2848
f 2865 2866 2867 2868
f 2869 2865 2868 2870
f 2865 2869 2871 2872
f 2866 2865 2872 2873
f 2874 2872 2871 2875
f 2876 2874 2875 2877
f 2874 2876 2878 2879
f 2872 2874 2879 2873
f 2880 2879 2878 2881
f 2856 2880 2881 2858
f 2880 2856 2853 2882
f 2879 2880 2882 2873
f 2883 2882 2853 2851
f 2884 2883 2851 2852
f 2883 2884 2867 2866
f 2882 2883 2866 2873
f 2885 2886 2887 2888
f 2889 2885 2888 2890
f 2885 2889 2891 2892
f 2886 2885 2892 2893
f 2894 2892 2891 2895
f 2896 2894 2895 2897
f 2894 2896 2898 2899
f 2892 2894 2899 2893
f 2900 2899 2898 2901
f 2902 2900 2901 2903
f 2900 2902 2904 2905
f 2899 2900 2905 2893
f 2906 2907 2908 2909
f 2886 2906 2909 2887
f 2906 2886 2893 2905
f 2907 2906 2905 2904
f 2910 2911 2912 2913
f 2914 2910 2913 2915
f 2910 2914 2916 2917
f 2911 2910 2917 2918
f 2919 2917 2916 2920
f 2921 2919 2920 2922
f 2919 2921 2923 2924
f 2917 2919 2924 2918
f 2925 2924 2923 2926
f 2907 2925 2926 2908
f 2925 2907 2904 2927
f 2924 2925 2927 2918
f 2928 2927 2904 2902
f 2929 2928 2902 2903
f 2928 2929 2912 2911
f 2927 2928 2911 2918
f 2930 2931 2932 2933
f 2934 2930 2933 2935
f 2930 2934 2936 2937
f 2931 2930 2937 2938
f 2939 2931 2938 2940
f 2941 2939 2940 2942
f 2939 2941 2943 2944
f 2931 2939 2944 2932
f 2945 2944 2943 2946
f 2947 2945 2946 2948
f 2945 2947 2949 2950
f 2944 2945 2950 2932
f 2951 2950 2949 2952
f 2953 2951 2952 2954
f 2951 2953 2935 2933
f 2950 2951 2933 2932
f 2955 2956 2938 2937
f 2957 2955 2937 2936
f 2955 2957 2958 2959
f 2956 2955 2959 2960
f 2961 2959 2958 2962
f 2963 2961 2962 2964
f 2961 2963 2965 2966
f 2959 2961 2966 2960
f 2967 2966 2965 2968
f 2969 2967 2968 2970
f 2967 2969 2971 2972
f 2966 2967 2972 2960
f 2973 2972 2971 2974
f 2940 2973 2974 2942
f 2973 2940 2938 2956
f 2972 2973 2956 2960
f 2975 2976 2977 2978
f 2979 2975 2978 2980
f 2975 2979 2981 2982
f 2976 2975 2982 2983
f 2984 2982 2981 2985
f 2986 2984 2985 2987
f 2984 2986 2988 2989
f 2982 2984 2989 2983
f 2990 2989 2988 2991
f 2992 2990 2991 2993
f 2990 2992 2994 2995
f 2989 2990 2995 2983
f 2996 2995 2994 2997
f 2998 2996 2997 2999
f 2996 2998 2977 2976
f 2995 2996 2976 2983
f 3000 3001 3002 3003
f 3004 3000 3003 3005
f 3000 3004 3006 3007
f 3001 3000 3007 3008
f 3009 3007 3006 3010
f 3011 3009 3010 3012
f 3009 3011 3013 3014
f 3007 3009 3014 3008
f 3015 3014 3013 3016
f 3017 3015 3016 3018
f 3015 3017 3019 3020
f 3014 3015 3020 3008
f 3021 3020 3019 3022
f 3023 3021 3022 3024
f 3021 3023 3002 3001
f 3020 3021 3001 3008
f 3025 3026 3002 3023
f 3027 3025 3023 3024
f 3025 3027 3028 3029
f 3026 3025 3029 3030
f 3031 3029 3028 3032
f 3033 3031 3032 3034
f 3031 3033 3035 3036
f 3029 3031 3036 3030
f 3037 3036 3035 3038
f 3039 3037 3038 3040
f 3037 3039 3041 3042
f 3036 3037 3042 3030
f 3043 3042 3041 3044
f 3003 3043 3044 3005
f 3043 3003 3002 3026
f 3042 3043 3026 3030
f 3045 3046 3047 3048
f 3049 3045 3048 3050
f 3045 3049 3051 3052
f 3046 3045 3052 3053
f 3054 3049 3050 3055
f 3056 3054 3055 3057
f 3054 3056 3058 3059
f 3049 3054 3059 3051
f 3060 3061 3062 3063
f 3064 3060 3063 3065
f 3060 3064 3066 3067
f 3061 3060 3067 3068
f 3069 3064 3065 3070
f 3071 3069 3070 3072
f 3069 3071 3073 3074
f 3064 3069 3074 3066
f 3075 3071 3072 3076
f 3077 3075 3076 3078
f 3075 3077 3079 3080
f 3071 3075 3080 3073
f 3081 3077 3078 3082
f 3083 3081 3082 3084
f 3081 3083 3085 3086
f 3077 3081 3086 3079
f 3087 3088 3089 3090
f 3091 3087 3090 3092
f 3087 3091 3093 3094
f 3088 3087 3094 3095
f 3096 3091 3092 3097
f 3098 3096 3097 3099
f 3096 3098 3100 3101
f 3091 3096 3101 3093
f 3102 3103 3104 3105
f 3106 3102 3105 3107
f 3102 3106 3108 3109
f 3103 3102 3109 3110
f 3111 3106 3107 3112
f 3113 3111 3112 3114
f 3111 3113 3115 3116
f 3106 3111 3116 3108
f 3117 3113 3114 3118
f 3119 3117 3118 3120
f 3117 3119 3121 3122
f 3113 3117 3122 3115
f 3123 3119 3120 3124
f 3125 3123 3124 3126
f 3123 3125 3127 3128
f 3119 3123 3128 3121
f 3129 3130 3131 3132
f 3133 3129 3132 3134
f 3129 3133 3135 3136
f 3130 3129 3136 3137
f 3138 3133 3134 3139
f 3140 3138 3139 3141
f 3138 3140 3142 3143
f 3133 3138 3143 3135
f 3144 3145 3146 3147
f 3148 3144 3147 3149
f 3144 3148 3150 3151
f 3145 3144 3151 3152
f 3153 3148 3149 3154
f 3155 3153 3154 3156
f 3153 3155 3157 3158
f 3148 3153 3158 3150
f 3159 3155 3156 3160
f 3161 3159 3160 3162
f 3159 3161 3163 3164
f 3155 3159 3164 3157
f 3165 3161 3162 3166
f 3167 3165 3166 3168
f 3165 3167 3169 3170
f 3161 3165 3170 3163
f 3171 3172 3173 3174
f 3175 3171 3174 3176
f 3171 3175 3177 3178
f 3172 3171 3178 3179
f 3180 3175 3176 3181
f 3182 3180 3181 3183
f 3180 3182 3184 3185
f 3175 3180 3185 3177
f 3186 3187 3188 3189
f 3190 3186 3189 3191
f 3186 3190 3192 3193
f 3187 3186 3193 3194
f 3195 3190 3191 3196
f 3197 3195 3196 3198
f 3195 3197 3199 3200
f 3190 3195 3200 3192
f 3201 3197 3198 3202
f 3203 3201 3202 3204
f 3201 3203 3205 3206
f 3197 3201 3206 3199
f 3207 3203 3204 3208
f 3209 3207 3208 3210
f 3207 3209 3211 3212
f 3203 3207 3212 3205
f 3213 3214 3215 3216
f 3217 3213 3216 3218
f 3213 3217 3219 3220
f 3214 3213 3220 3221
f 3222 3217 3218 3223
f 3224 3222 3223 3225
f 3222 3224 3226 3227
f 3217 3222 3227 3219
f 3228 3229 3230 3231
f 3232 3228 3231 3233
f 3228 3232 3234 3235
f 3229 3228 3235 3236
f 3237 3232 3233 3238
f 3239 3237 3238 3240
f 3237 3239 3241 3242
f 3232 3237 3242 3234
f 3243 3239 3240 3244
f 3245 3243 3244 3246
f 3243 3245 3247 3248
f 3239 3243 3248 3241
f 3249 3245 3246 3250
f 3251 3249 3250 3252
f 3249 3251 3253 3254
f 3245 3249 3254 3247
f 3255 3256 3257 3258
f 3259 3255 3258 3260
f 3255 3259 3261 3262
f 3256 3255 3262 3263
f 3264 3259 3260 3265
f 3266 3264 3265 3267
f 3264 3266 3268 3269
f 3259 3264 3269 3261
f 3270 3271 3272 3273
f 3274 3270 3273 3275
f 3270 3274 3276 3277
f 3271 3270 3277 3278
f 3279 3274 3275 3280
f 3281 3279 3280 3282
f 3279 3281 3283 3284
f 3274 3279 3284 3276
f 3285 3281 3282 3286
f 3287 3285 3286 3288
f 3285 3287 3289 3290
f 3281 3285 3290 3283
f 3291 3287 3288 3292
f 3293 3291 3292 3294
f 3291 3293 3295 3296
f 3287 3291 3296 3289
f 3297 3298 3299 3300
f 3301 3297 3300 3302
f 3297 3301 3303 3304
f 3298 3297 3304 3305
f 3306 3301 3302 3307
f 3308 3306 3307 3309
f 3306 3308 3310 3311
f 3301 3306 3311 3303
f 3312 3313 3314 3315
f 3316 3312 3315 3317
f 3312 3316 3318 3319
f 3313 3312 3319 3320
f 3321 3316 3317 3322
f 3323 3321 3322 3324
f 3321 3323 3325 3326
f 3316 3321 3326 3318
f 3327 3328 3329 3330
f 3331 3327 3330 3332
f 3327 3331 3333 3334
f 3328 3327 3334 3335
f 3336 3331 3332 3337
f 3338 3336 3337 3339
f 3336 3338 3340 3341
f 3331 3336 3341 3333
f 3342 3343 3344 3345
f 3346 3342 3345 3347
f 3342 3346 3348 3349
f 3343 3342 3349 3350
f 3351 3346 3347 3352
f 3353 3351 3352 3354
f 3351 3353 3355 3356
f 3346 3351 3356 3348
f 3357 3358 3359 3360
f 3361 3357 3360 3362
f 3357 3361 3363 3364
f 3358 3357 3364 3365
f 3366 3361 3362 3367
f 3368 3366 3367 3369
f 3366 3368 3370 3371
f 3361 3366 3371 3363
f 3372 3373 3374 3375
f 3376 3372 3375 3377
f 3372 3376 3378 3379
f 3373 3372 3379 3380
f 3381 3376 3377 3382
f 3383 3381 3382 3384
f 3381 3383 3385 3386
f 3376 3381 3386 3378
f 3387 3383 3384 3388
f 3389 3387 3388 3390
f 3387 3389 3391 3392
f 3383 3387 3392 3385
f 3393 3389 3390 3394
f 3395 3393 3394 3396
f 3393 3395 3397 3398
f 3389 3393 3398 3391
f 3399 3400 3401 3402
f 3403 3399 3402 3404
f 3399 3403 3405 3406
f 3400 3399 3406 3407
f 3408 3403 3404 3409
f 3410 3408 3409 3411
f 3408 3410 3412 3413
f 3403 3408 3413 3405
f 3414 3415 3416 3417
f 3418 3414 3417 3419
f 3414 3418 3420 3421
f 3415 3414 3421 3422
f 3423 3418 3419 3424
f 3425 3423 3424 3426
f 3423 3425 3427 3428
f 3418 3423 3428 3420
f 3429 3425 3426 3430
f 3431 3429 3430 3432
f 3429 3431 3433 3434
f 3425 3429 3434 3427
f 3435 3431 3432 3436
f 3437 3435 3436 3438
f 3435 3437 3439 3440
f 3431 3435 3440 3433
f 3441 3442 3443 3444
f 3445 3441 3444 3446
f 3441 3445 3447 3448
f 3442 3441 3448 3449
f 3450 3445 3446 3451
f 3452 3450 3451 3453
f 3450 3452 3454 3455
f 3445 3450 3455 3447
f 3456 3457 3458 3459
f 3460 3456 3459 3461
f 3456 3460 3462 3463
f 3457 3456 3463 3464
f 3465 3460 3461 3466
f 3467 3465 3466 3468
f 3465 3467 3469 3470
f 3460 3465 3470 3462
f 3471 3467 3468 3472
f 3473 3471 3472 3474
f 3471 3473 3475 3476
f 3467 3471 3476 3469
f 3477 3473 3474 3478
f 3479 3477 3478 3480
f 3477 3479 3481 3482
f 3473 3477 3482 3475
f 3483 3484 3485 3486
f 3487 3483 3486 3488
f 3483 3487 3489 3490
f 3484 3483 3490 3491
f 3492 3487 3488 3493
f 3494 3492 3493 3495
f 3492 3494 3496 3497
f 3487 3492 3497 3489
f 3498 3499 3500 3501
f 3502 3498 3501 3503
f 3498 3502 3504 3505
f 3499 3498 3505 3506
f 3507 3502 3503 3508
f 3509 3507 3508 3510
f 3507 3509 3511 3512
f 3502 3507 3512 3504
f 3513 3509 3510 3514
f 3515 3513 3514 3516
f 3513 3515 3517 3518
f 3509 3513 3518 3511
f 3519 3515 3516 3520
f 3521 3519 3520 3522
f 3519 3521 3523 3524
f 3515 3519 3524 3517
f 3525 3526 3527 3528
f 3529 3525 3528 3530
f 3525 3529 3531 3532
f 3526 3525 3532 3533
f 3534 3529 3530 3535
f 3536 3534 3535 3537
f 3534 3536 3538 3539
f 3529 3534 3539 3531
f 3540 3541 3542 3543
f 3544 3540 3543 3545
f 3540 3544 3546 3547
f 3541 3540 3547 3548
f 3549 3544 3545 3550
f 3551 3549 3550 3552
f 3549 3551 3553 3554
f 3544 3549 3554 3546
f 3555 3551 3552 3556
f 3557 3555 3556 3558
f 3555 3557 3559 3560
f 3551 3555 3560 3553
f 3561 3557 3558 3562
f 3563 3561 3562 3564
f 3561 3563 3565 3566
f 3557 3561 3566 3559
f 3567 3568 3569 3570
f 3571 3567 3570 3572
f 3567 3571 3573 3574
f 3568 3567 3574 3575
f 3576 3571 3572 3577
f 3578 3576 3577 3579
f 3576 3578 3580 3581
f 3571 3576 3581 3573
f 3582 3583 3584 3585
f 3586 3582 3585 3587
f 3582 3586 3588 3589
f 3583 3582 3589 3590
f 3591 3586 3587 3592
f 3593 3591 3592 3594
f 3591 3593 3595 3596
f 3586 3591 3596 3588
f 3597 3593 3594 3598
f 3599 3597 3598 3600
f 3597 3599 3601 3602
f 3593 3597 3602 3595
f 3603 3599 3600 3604
f 3605 3603 3604 3606
f 3603 3605 3607 3608
f 3599 3603 3608 3601
f 3609 3610 3611 3612
f 3613 3609 3612 3614
f 3609 3613 3615 3616
f 3610 3609 3616 3617
f 3618 3613 3614 3619
f 3620 3618 3619 3621
f 3618 3620 3622 3623
f 3613 3618 3623 3615
f 3624 3625 3626 3627
f 3628 3624 3627 3629
f 3624 3628 3630 3631
f 3625 3624 3631 3632
f 3633 3628 3629 3634
f 3635 3633 3634 3636
f 3633 3635 3637 3638
f 3628 3633 3638 3630
f 3639 3635 3636 3640
f 3641 3639 3640 3642
f 3639 3641 3643 3644
f 3635 3639 3644 3637
f 3645 3641 3642 3646
f 3647 3645 3646 3648
f 3645 3647 3649 3650
f 3641 3645 3650 3643
f 3651 3652 3653 3654
f 3655 3651 3654 3656
f 3651 3655 3657 3658
f 3652 3651 3658 3659
f 3660 3655 3656 3661
f 3662 3660 3661 3663
f 3660 3662 3664 3665
f 3655 3660 3665 3657
f 3666 3667 3668 3669
f 3670 3666 3669 3671
f 3666 3670 3672 3673
f 3667 3666 3673 3674
f 3675 3670 3671 3676
f 3677 3675 3676 3678
f 3675 3677 3679 3680
f 3670 3675 3680 3672
f 3681 3677 3678 3682
f 3683 3681 3682 3684
f 3681 3683 3685 3686
f 3677 3681 3686 3679
f 3687 3683 3684 3688
f 3689 3687 3688 3690
f 3687 3689 3691 3692
f 3683 3687 3692 3685
f 3693 3694 3695 3696
f 3697 3693 3696 3698
f 3693 3697 3699 3700
f 3694 3693 3700 3701
f 3702 3697 3698 3703
f 3704 3702 3703 3705
f 3702 3704 3706 3707
f 3697 3702 3707 3699
f 3708 3709 3710 3711
f 3712 3708 3711 3713
f 3708 3712 3714 3715
f 3709 3708 3715 3716
f 3717 3712 3713 3718
f 3719 3717 3718 3720
f 3717 3719 3721 3722
f 3712 3717 3722 3714
f 3723 3724 3725 3726
f 3727 3723 3726 3728
f 3723 3727 3729 3730
f 3724 3723 3730 3731
f 3732 3727 3728 3733
f 3734 3732 3733 3735
f 3732 3734 3736 3737
f 3727 3732 3737 3729
f 3738 3739 3740 3741
f 3742 3738 3741 3743
f 3738 3742 3744 3745
f 3739 3738 3745 3746
f 3747 3742 3743 3748
f 3749 3747 3748 3750
f 3747 3749 3751 3752
f 3742 3747 3752 3744
f 3753 3754 3755 3756
f 3757 3753 3756 3758
f 3753 3757 3759 3760
f 3754 3753 3760 3761
f 3762 3757 3758 3763
f 3764 3762 3763 3765
f 3762 3764 3766 3767
f 3757 3762 3767 3759
f 3768 3769 3770 3771
f 3772 3768 3771 3773
f 3768 3772 3774 3775
f 3769 3768 3775 3776
f 3777 3772 3773 3778
f 3779 3777 3778 3780
f 3777 3779 3781 3782
f 3772 3777 3782 3774
f 3783 3779 3780 3784
f 3785 3783 3784 3786
f 3783 3785 3787 3788
f 3779 3783 3788 3781
f 3789 3785 3786 3790
f 3791 3789 3790 3792
f 3789 3791 3793 3794
f 3785 3789 3794 3787
f 3795 3796 3797 3798
f 3799 3795 3798 3800
f 3795 3799 3801 3802
f 3796 3795 3802 3803
f 3804 3799 3800 3805
f 3806 3804 3805 3807
f 3804 3806 3808 3809
f 3799 3804 3809 3801
f 3810 3811 3812 3813
f 3814 3810 3813 3815
f 3810 3814 3816 3817
f 3811 3810 3817 3818
f 3819 3814 3815 3820
f 3821 3819 3820 3822
f 3819 3821 3823 3824
f 3814 3819 3824 3816
f 3825 3821 3822 3826
f 3827 3825 3826 3828
f 3825 3827 3829 3830
f 3821 3825 3830 3823
f 3831 3827 3828 3832
f 3833 3831 3832 3834
f 3831 3833 3835 3836
f 3827 3831 3836 3829
f 3837 3838 3127 3839
f 3840 3837 3839 3053
f 3837 3840 2653 3838
f 3841 3842 3058 3843
f 3844 3841 3843 3068
f 3841 3844 2659 3842
f 3845 3846 3085 3847
f 3848 3845 3847 3095
f 3845 3848 2669 3846
f 3849 3850 3100 3851
f 3852 3849 3851 3110
f 3849 3852 2675 3850
f 3853 3854 3211 3855
f 3856 3853 3855 3137
f 3853 3856 2714 3854
f 3857 3858 3142 3859
f 3860 3857 3859 3152
f 3857 3860 2720 3858
f 3861 3862 3169 3863
f 3864 3861 3863 3179
f 3861 3864 2698 3862
f 3865 3866 3184 3867
f 3868 3865 3867 3194
f 3865 3868 2704 3866
f 3869 3870 3295 3871
f 3872 3869 3871 3221
f 3869 3872 2755 3870
f 3873 3874 3226 3875
f 3876 3873 3875 3236
f 3873 3876 2762 3874
f 3877 3878 3253 3879
f 3880 3877 3879 3263
f 3877 3880 2730 3878
f 3881 3882 3268 3883
f 3884 3881 3883 3278
f 3881 3884 2737 3882
f 3885 3886 3355 3887
f 3888 3885 3887 3305
f 3885 3888 2794 3886
f 3889 3890 3310 3891
f 3892 3889 3891 3320
f 3889 3892 2775 3890
f 3893 3894 3325 3895
f 3896 3893 3895 3335
f 3893 3896 2782 3894
f 3897 3898 3340 3899
f 3900 3897 3899 3350
f 3897 3900 2788 3898
f 3901 3902 3439 3903
f 3904 3901 3903 3365
f 3901 3904 2825 3902
f 3905 3906 3370 3907
f 3908 3905 3907 3380
f 3905 3908 2832 3906
f 3909 3910 3397 3911
f 3912 3909 3911 3407
f 3909 3912 2800 3910
f 3913 3914 3412 3915
f 3916 3913 3915 3422
f 3913 3916 2807 3914
f 3917 3918 3523 3919
f 3920 3917 3919 3449
f 3917 3920 2864 3918
f 3921 3922 3454 3923
f 3924 3921 3923 3464
f 3921 3924 2845 3922
f 3925 3926 3481 3927
f 3928 3925 3927 3491
f 3925 3928 2870 3926
f 3929 3930 3496 3931
f 3932 3929 3931 3506
f 3929 3932 2877 3930
f 3933 3934 3607 3935
f 3936 3933 3935 3533
f 3933 3936 2915 3934
f 3937 3938 3538 3939
f 3940 3937 3939 3548
f 3937 3940 2922 3938
f 3941 3942 3565 3943
f 3944 3941 3943 3575
f 3941 3944 2890 3942
f 3945 3946 3580 3947
f 3948 3945 3947 3590
f 3945 3948 2897 3946
f 3949 3950 3691 3951
f 3952 3949 3951 3617
f 3949 3952 2964 3950
f 3953 3954 3622 3955
f 3956 3953 3955 3632
f 3953 3956 2970 3954
f 3957 3958 3649 3959
f 3960 3957 3959 3659
f 3957 3960 2948 3958
f 3961 3962 3664 3963
f 3964 3961 3963 3674
f 3961 3964 2954 3962
f 3965 3966 3751 3967
f 3968 3965 3967 3701
f 3965 3968 2993 3966
f 3969 3970 3706 3971
f 3972 3969 3971 3716
f 3969 3972 2999 3970
f 3973 3974 3721 3975
f 3976 3973 3975 3731
f 3973 3976 2980 3974
f 3977 3978 3736 3979
f 3980 3977 3979 3746
f 3977 3980 2987 3978
f 3981 3982 3835 3983
f 3984 3981 3983 3761
f 3981 3984 3034 3982
f 3985 3986 3766 3987
f 3988 3985 3987 3776
f 3985 3988 3040 3986
f 3989 3990 3793 3991
f 3992 3989 3991 3803
f 3989 3992 3012 3990
f 3993 3994 3808 3995
f 3996 3993 3995 3818
f 3993 3996 3018 3994
f 3997 2652 2653 3840
f 3052 3997 3840 3053
f 3997 3052 3051 3998
f 2652 3997 3998 2654
f 3999 2657 2654 3998
f 3059 3999 3998 3051
f 3999 3059 3058 3842
f 2657 3999 3842 2659
f 4000 2658 2659 3844
f 3067 4000 3844 3068
f 4000 3067 3066 4001
f 2658 4000 4001 2637
f 4002 2638 2637 4001
f 3074 4002 4001 3066
f 4002 3074 3073 4003
f 2638 4002 4003 2640
f 4004 2662 2640 4003
f 3080 4004 4003 3073
f 4004 3080 3079 4005
f 2662 4004 4005 2663
f 4006 2667 2663 4005
f 3086 4006 4005 3079
f 4006 3086 3085 3846
f 2667 4006 3846 2669
f 4007 2668 2669 3848
f 3094 4007 3848 3095
f 4007 3094 3093 4008
f 2668 4007 4008 2670
f 4009 2673 2670 4008
f 3101 4009 4008 3093
f 4009 3101 3100 3850
f 2673 4009 3850 2675
f 4010 2674 2675 3852
f 3109 4010 3852 3110
f 4010 3109 3108 4011
f 2674 4010 4011 2676
f 4012 2679 2676 4011
f 3116 4012 4011 3108
f 4012 3116 3115 4013
f 2679 4012 4013 2647
f 4014 2646 2647 4013
f 3122 4014 4013 3115
f 4014 3122 3121 4015
f 2646 4014 4015 2648
f 4016 2651 2648 4015
f 3128 4016 4015 3121
f 4016 3128 3127 3838
f 2651 4016 3838 2653
f 4017 3125 3126 4018
f 3046 4017 4018 3047
f 4017 3046 3053 3839
f 3125 4017 3839 3127
f 4019 3056 3057 4020
f 3061 4019 4020 3062
f 4019 3061 3068 3843
f 3056 4019 3843 3058
f 4021 3083 3084 4022
f 3088 4021 4022 3089
f 4021 3088 3095 3847
f 3083 4021 3847 3085
f 4023 3098 3099 4024
f 3103 4023 4024 3104
f 4023 3103 3110 3851
f 3098 4023 3851 3100
f 4025 2713 2714 3856
f 3136 4025 3856 3137
f 4025 3136 3135 4026
f 2713 4025 4026 2715
f 4027 2718 2715 4026
f 3143 4027 4026 3135
f 4027 3143 3142 3858
f 2718 4027 3858 2720
f 4028 2719 2720 3860
f 3151 4028 3860 3152
f 4028 3151 3150 4029
f 2719 4028 4029 2721
f 4030 2724 2721 4029
f 3158 4030 4029 3150
f 4030 3158 3157 4031
f 2724 4030 4031 2692
f 4032 2691 2692 4031
f 3164 4032 4031 3157
f 4032 3164 3163 4033
f 2691 4032 4033 2693
f 4034 2696 2693 4033
f 3170 4034 4033 3163
f 4034 3170 3169 3862
f 2696 4034 3862 2698
f 4035 2697 2698 3864
f 3178 4035 3864 3179
f 4035 3178 3177 4036
f 2697 4035 4036 2699
f 4037 2702 2699 4036
f 3185 4037 4036 3177
f 4037 3185 3184 3866
f 2702 4037 3866 2704
f 4038 2703 2704 3868
f 3193 4038 3868 3194
f 4038 3193 3192 4039
f 2703 4038 4039 2685
f 4040 2684 2685 4039
f 3200 4040 4039 3192
f 4040 3200 3199 4041
f 2684 4040 4041 2686
f 4042 2707 2686 4041
f 3206 4042 4041 3199
f 4042 3206 3205 4043
f 2707 4042 4043 2708
f 4044 2712 2708 4043
f 3212 4044 4043 3205
f 4044 3212 3211 3854
f 2712 4044 3854 2714
f 4045 3209 3210 4046
f 3130 4045 4046 3131
f 4045 3130 3137 3855
f 3209 4045 3855 3211
f 4047 3140 3141 4048
f 3145 4047 4048 3146
f 4047 3145 3152 3859
f 3140 4047 3859 3142
f 4049 3167 3168 4050
f 3172 4049 4050 3173
f 4049 3172 3179 3863
f 3167 4049 3863 3169
f 4051 3182 3183 4052
f 3187 4051 4052 3188
f 4051 3187 3194 3867
f 3182 4051 3867 3184
f 4053 2754 2755 3872
f 3220 4053 3872 3221
f 4053 3220 3219 4054
f 2754 4053 4054 2756
f 4055 2760 2756 4054
f 3227 4055 4054 3219
f 4055 3227 3226 3874
f 2760 4055 3874 2762
f 4056 2761 2762 3876
f 3235 4056 3876 3236
f 4056 3235 3234 4057
f 2761 4056 4057 2763
f 4058 2766 2763 4057
f 3242 4058 4057 3234
f 4058 3242 3241 4059
f 2766 4058 4059 2748
f 4060 2749 2748 4059
f 3248 4060 4059 3241
f 4060 3248 3247 4061
f 2749 4060 4061 2727
f 4062 2728 2727 4061
f 3254 4062 4061 3247
f 4062 3254 3253 3878
f 2728 4062 3878 2730
f 4063 2729 2730 3880
f 3262 4063 3880 3263
f 4063 3262 3261 4064
f 2729 4063 4064 2731
f 4065 2735 2731 4064
f 3269 4065 4064 3261
f 4065 3269 3268 3882
f 2735 4065 3882 2737
f 4066 2736 2737 3884
f 3277 4066 3884 3278
f 4066 3277 3276 4067
f 2736 4066 4067 2738
f 4068 2741 2738 4067
f 3284 4068 4067 3276
f 4068 3284 3283 4069
f 2741 4068 4069 2743
f 4070 2769 2743 4069
f 3290 4070 4069 3283
f 4070 3290 3289 4071
f 2769 4070 4071 2752
f 4072 2753 2752 4071
f 3296 4072 4071 3289
f 4072 3296 3295 3870
f 2753 4072 3870 2755
f 4073 3293 3294 4074
f 3214 4073 4074 3215
f 4073 3214 3221 3871
f 3293 4073 3871 3295
f 4075 3224 3225 4076
f 3229 4075 4076 3230
f 4075 3229 3236 3875
f 3224 4075 3875 3226
f 4077 3251 3252 4078
f 3256 4077 4078 3257
f 4077 3256 3263 3879
f 3251 4077 3879 3253
f 4079 3266 3267 4080
f 3271 4079 4080 3272
f 4079 3271 3278 3883
f 3266 4079 3883 3268
f 4081 2793 2794 3888
f 3304 4081 3888 3305
f 4081 3304 3303 4082
f 2793 4081 4082 2772
f 4083 2773 2772 4082
f 3311 4083 4082 3303
f 4083 3311 3310 3890
f 2773 4083 3890 2775
f 4084 2774 2775 3892
f 3319 4084 3892 3320
f 4084 3319 3318 4085
f 2774 4084 4085 2776
f 4086 2780 2776 4085
f 3326 4086 4085 3318
f 4086 3326 3325 3894
f 2780 4086 3894 2782
f 4087 2781 2782 3896
f 3334 4087 3896 3335
f 4087 3334 3333 4088
f 2781 4087 4088 2783
f 4089 2786 2783 4088
f 3341 4089 4088 3333
f 4089 3341 3340 3898
f 2786 4089 3898 2788
f 4090 2787 2788 3900
f 3349 4090 3900 3350
f 4090 3349 3348 4091
f 2787 4090 4091 2789
f 4092 2792 2789 4091
f 3356 4092 4091 3348
f 4092 3356 3355 3886
f 2792 4092 3886 2794
f 4093 3353 3354 4094
f 3298 4093 4094 3299
f 4093 3298 3305 3887
f 3353 4093 3887 3355
f 4095 3308 3309 4096
f 3313 4095 4096 3314
f 4095 3313 3320 3891
f 3308 4095 3891 3310
f 4097 3323 3324 4098
f 3328 4097 4098 3329
f 4097 3328 3335 3895
f 3323 4097 3895 3325
f 4099 3338 3339 4100
f 3343 4099 4100 3344
f 4099 3343 3350 3899
f 3338 4099 3899 3340
f 4101 2824 2825 3904
f 3364 4101 3904 3365
f 4101 3364 3363 4102
f 2824 4101 4102 2826
f 4103 2830 2826 4102
f 3371 4103 4102 3363
f 4103 3371 3370 3906
f 2830 4103 3906 2832
f 4104 2831 2832 3908
f 3379 4104 3908 3380
f 4104 3379 3378 4105
f 2831 4104 4105 2833
f 4106 2836 2833 4105
f 3386 4106 4105 3378
f 4106 3386 3385 4107
f 2836 4106 4107 2819
f 4108 2818 2819 4107
f 3392 4108 4107 3385
f 4108 3392 3391 4109
f 2818 4108 4109 2797
f 4110 2798 2797 4109
f 3398 4110 4109 3391
f 4110 3398 3397 3910
f 2798 4110 3910 2800
f 4111 2799 2800 3912
f 3406 4111 3912 3407
f 4111 3406 3405 4112
f 2799 4111 4112 2801
f 4113 2805 2801 4112
f 3413 4113 4112 3405
f 4113 3413 3412 3914
f 2805 4113 3914 2807
f 4114 2806 2807 3916
f 3421 4114 3916 3422
f 4114 3421 3420 4115
f 2806 4114 4115 2808
f 4116 2811 2808 4115
f 3428 4116 4115 3420
f 4116 3428 3427 4117
f 2811 4116 4117 2813
f 4118 2839 2813 4117
f 3434 4118 4117 3427
f 4118 3434 3433 4119
f 2839 4118 4119 2822
f 4120 2823 2822 4119
f 3440 4120 4119 3433
f 4120 3440 3439 3902
f 2823 4120 3902 2825
f 4121 3437 3438 4122
f 3358 4121 4122 3359
f 4121 3358 3365 3903
f 3437 4121 3903 3439
f 4123 3368 3369 4124
f 3373 4123 4124 3374
f 4123 3373 3380 3907
f 3368 4123 3907 3370
f 4125 3395 3396 4126
f 3400 4125 4126 3401
f 4125 3400 3407 3911
f 3395 4125 3911 3397
f 4127 3410 3411 4128
f 3415 4127 4128 3416
f 4127 3415 3422 3915
f 3410 4127 3915 3412
f 4129 2863 2864 3920
f 3448 4129 3920 3449
f 4129 3448 3447 4130
f 2863 4129 4130 2842
f 4131 2843 2842 4130
f 3455 4131 4130 3447
f 4131 3455 3454 3922
f 2843 4131 3922 2845
f 4132 2844 2845 3924
f 3463 4132 3924 3464
f 4132 3463 3462 4133
f 2844 4132 4133 2846
f 4134 2850 2846 4133
f 3470 4134 4133 3462
f 4134 3470 3469 4135
f 2850 4134 4135 2852
f 4136 2884 2852 4135
f 3476 4136 4135 3469
f 4136 3476 3475 4137
f 2884 4136 4137 2867
f 4138 2868 2867 4137
f 3482 4138 4137 3475
f 4138 3482 3481 3926
f 2868 4138 3926 2870
f 4139 2869 2870 3928
f 3490 4139 3928 3491
f 4139 3490 3489 4140
f 2869 4139 4140 2871
f 4141 2875 2871 4140
f 3497 4141 4140 3489
f 4141 3497 3496 3930
f 2875 4141 3930 2877
f 4142 2876 2877 3932
f 3505 4142 3932 3506
f 4142 3505 3504 4143
f 2876 4142 4143 2878
f 4144 2881 2878 4143
f 3512 4144 4143 3504
f 4144 3512 3511 4145
f 2881 4144 4145 2858
f 4146 2857 2858 4145
f 3518 4146 4145 3511
f 4146 3518 3517 4147
f 2857 4146 4147 2859
f 4148 2862 2859 4147
f 3524 4148 4147 3517
f 4148 3524 3523 3918
f 2862 4148 3918 2864
f 4149 3521 3522 4150
f 3442 4149 4150 3443
f 4149 3442 3449 3919
f 3521 4149 3919 3523
f 4151 3452 3453 4152
f 3457 4151 4152 3458
f 4151 3457 3464 3923
f 3452 4151 3923 3454
f 4153 3479 3480 4154
f 3484 4153 4154 3485
f 4153 3484 3491 3927
f 3479 4153 3927 3481
f 4155 3494 3495 4156
f 3499 4155 4156 3500
f 4155 3499 3506 3931
f 3494 4155 3931 3496
f 4157 2914 2915 3936
f 3532 4157 3936 3533
f 4157 3532 3531 4158
f 2914 4157 4158 2916
f 4159 2920 2916 4158
f 3539 4159 4158 3531
f 4159 3539 3538 3938
f 2920 4159 3938 2922
f 4160 2921 2922 3940
f 3547 4160 3940 3548
f 4160 3547 3546 4161
f 2921 4160 4161 2923
f 4162 2926 2923 4161
f 3554 4162 4161 3546
f 4162 3554 3553 4163
f 2926 4162 4163 2908
f 4164 2909 2908 4163
f 3560 4164 4163 3553
f 4164 3560 3559 4165
f 2909 4164 4165 2887
f 4166 2888 2887 4165
f 3566 4166 4165 3559
f 4166 3566 3565 3942
f 2888 4166 3942 2890
f 4167 2889 2890 3944
f 3574 4167 3944 3575
f 4167 3574 3573 4168
f 2889 4167 4168 2891
f 4169 2895 2891 4168
f 3581 4169 4168 3573
f 4169 3581 3580 3946
f 2895 4169 3946 2897
f 4170 2896 2897 3948
f 3589 4170 3948 3590
f 4170 3589 3588 4171
f 2896 4170 4171 2898
f 4172 2901 2898 4171
f 3596 4172 4171 3588
f 4172 3596 3595 4173
f 2901 4172 4173 2903
f 4174 2929 2903 4173
f 3602 4174 4173 3595
f 4174 3602 3601 4175
f 2929 4174 4175 2912
f 4176 2913 2912 4175
f 3608 4176 4175 3601
f 4176 3608 3607 3934
f 2913 4176 3934 2915
f 4177 3605 3606 4178
f 3526 4177 4178 3527
f 4177 3526 3533 3935
f 3605 4177 3935 3607
f 4179 3536 3537 4180
f 3541 4179 4180 3542
f 4179 3541 3548 3939
f 3536 4179 3939 3538
f 4181 3563 3564 4182
f 3568 4181 4182 3569
f 4181 3568 3575 3943
f 3563 4181 3943 3565
f 4183 3578 3579 4184
f 3583 4183 4184 3584
f 4183 3583 3590 3947
f 3578 4183 3947 3580
f 4185 2963 2964 3952
f 3616 4185 3952 3617
f 4185 3616 3615 4186
f 2963 4185 4186 2965
f 4187 2968 2965 4186
f 3623 4187 4186 3615
f 4187 3623 3622 3954
f 2968 4187 3954 2970
f 4188 2969 2970 3956
f 3631 4188 3956 3632
f 4188 3631 3630 4189
f 2969 4188 4189 2971
f 4190 2974 2971 4189
f 3638 4190 4189 3630
f 4190 3638 3637 4191
f 2974 4190 4191 2942
f 4192 2941 2942 4191
f 3644 4192 4191 3637
f 4192 3644 3643 4193
f 2941 4192 4193 2943
f 4194 2946 2943 4193
f 3650 4194 4193 3643
f 4194 3650 3649 3958
f 2946 4194 3958 2948
f 4195 2947 2948 3960
f 3658 4195 3960 3659
f 4195 3658 3657 4196
f 2947 4195 4196 2949
f 4197 2952 2949 4196
f 3665 4197 4196 3657
f 4197 3665 3664 3962
f 2952 4197 3962 2954
f 4198 2953 2954 3964
f 3673 4198 3964 3674
f 4198 3673 3672 4199
f 2953 4198 4199 2935
f 4200 2934 2935 4199
f 3680 4200 4199 3672
f 4200 3680 3679 4201
f 2934 4200 4201 2936
f 4202 2957 2936 4201
f 3686 4202 4201 3679
f 4202 3686 3685 4203
f 2957 4202 4203 2958
f 4204 2962 2958 4203
f 3692 4204 4203 3685
f 4204 3692 3691 3950
f 2962 4204 3950 2964
f 4205 3689 3690 4206
f 3610 4205 4206 3611
f 4205 3610 3617 3951
f 3689 4205 3951 3691
f 4207 3620 3621 4208
f 3625 4207 4208 3626
f 4207 3625 3632 3955
f 3620 4207 3955 3622
f 4209 3647 3648 4210
f 3652 4209 4210 3653
f 4209 3652 3659 3959
f 3647 4209 3959 3649
f 4211 3662 3663 4212
f 3667 4211 4212 3668
f 4211 3667 3674 3963
f 3662 4211 3963 3664
f 4213 2992 2993 3968
f 3700 4213 3968 3701
f 4213 3700 3699 4214
f 2992 4213 4214 2994
f 4215 2997 2994 4214
f 3707 4215 4214 3699
f 4215 3707 3706 3970
f 2997 4215 3970 2999
f 4216 2998 2999 3972
f 3715 4216 3972 3716
f 4216 3715 3714 4217
f 2998 4216 4217 2977
f 4218 2978 2977 4217
f 3722 4218 4217 3714
f 4218 3722 3721 3974
f 2978 4218 3974 2980
f 4219 2979 2980 3976
f 3730 4219 3976 3731
f 4219 3730 3729 4220
f 2979 4219 4220 2981
f 4221 2985 2981 4220
f 3737 4221 4220 3729
f 4221 3737 3736 3978
f 2985 4221 3978 2987
f 4222 2986 2987 3980
f 3745 4222 3980 3746
f 4222 3745 3744 4223
f 2986 4222 4223 2988
f 4224 2991 2988 4223
f 3752 4224 4223 3744
f 4224 3752 3751 3966
f 2991 4224 3966 2993
f 4225 3749 3750 4226
f 3694 4225 4226 3695
f 4225 3694 3701 3967
f 3749 4225 3967 3751
f 4227 3704 3705 4228
f 3709 4227 4228 3710
f 4227 3709 3716 3971
f 3704 4227 3971 3706
f 4229 3719 3720 4230
f 3724 4229 4230 3725
f 4229 3724 3731 3975
f 3719 4229 3975 3721
f 4231 3734 3735 4232
f 3739 4231 4232 3740
f 4231 3739 3746 3979
f 3734 4231 3979 3736
f 4233 3033 3034 3984
f 3760 4233 3984 3761
f 4233 3760 3759 4234
f 3033 4233 4234 3035
f 4235 3038 3035 4234
f 3767 4235 4234 3759
f 4235 3767 3766 3986
f 3038 4235 3986 3040
f 4236 3039 3040 3988
f 3775 4236 3988 3776
f 4236 3775 3774 4237
f 3039 4236 4237 3041
f 4238 3044 3041 4237
f 3782 4238 4237 3774
f 4238 3782 3781 4239
f 3044 4238 4239 3005
f 4240 3004 3005 4239
f 3788 4240 4239 3781
f 4240 3788 3787 4241
f 3004 4240 4241 3006
f 4242 3010 3006 4241
f 3794 4242 4241 3787
f 4242 3794 3793 3990
f 3010 4242 3990 3012
f 4243 3011 3012 3992
f 3802 4243 3992 3803
f 4243 3802 3801 4244
f 3011 4243 4244 3013
f 4245 3016 3013 4244
f 3809 4245 4244 3801
f 4245 3809 3808 3994
f 3016 4245 3994 3018
f 4246 3017 3018 3996
f 3817 4246 3996 3818
f 4246 3817 3816 4247
f 3017 4246 4247 3019
f 4248 3022 3019 4247
f 3824 4248 4247 3816
f 4248 3824 3823 4249
f 3022 4248 4249 3024
f 4250 3027 3024 4249
f 3830 4250 4249 3823
f 4250 3830 3829 4251
f 3027 4250 4251 3028
f 4252 3032 3028 4251
f 3836 4252 4251 3829
f 4252 3836 3835 3982
f 3032 4252 3982 3034
f 4253 3833 3834 4254
f 3754 4253 4254 3755
f 4253 3754 3761 3983
f 3833 4253 3983 3835
f 4255 3764 3765 4256
f 3769 4255 4256 3770
f 4255 3769 3776 3987
f 3764 4255 3987 3766
f 4257 3791 3792 4258
f 3796 4257 4258 3797
f 4257 3796 3803 3991
f 3791 4257 3991 3793
f 4259 3806 3807 4260
f 3811 4259 4260 3812
f 4259 3811 3818 3995
f 3806 4259 3995 3808
f 4261 4262 4263 4264
f 4265 4261 4264 4266
f 4261 4265 4267 4268
f 4262 4261 4268 4269
f 4270 4268 4267 4271
f 4272 4270 4271 4273
f 4270 4272 4274 4275
f 4268 4270 4275 4269
f 4276 4275 4274 4277
f 4278 4276 4277 4279
f 4276 4278 4280 4281
f 4275 4276 4281 4269
f 4282 4281 4280 4283
f 4284 4282 4283 4285
f 4282 4284 4263 4262
f 4281 4282 4262 4269
f 4286 4287 4267 4265
f 4288 4286 4265 4266
f 4286 4288 4289 4290
f 4287 4286 4290 4291
f 4292 4290 4289 4293
f 4294 4292 4293 4295
f 4292 4294 4296 4297
f 4290 4292 4297 4291
f 4298 4297 4296 4299
f 4300 4298 4299 4301
f 4298 4300 4302 4303
f 4297 4298 4303 4291
f 4304 4303 4302 4305
f 4271 4304 4305 4273
f 4304 4271 4267 4287
f 4303 4304 4287 4291
f 4306 4307 4308 4309
f 4310 4306 4309 4311
f 4306 4310 4312 4313
f 4307 4306 4313 4314
f 4315 4307 4314 4316
f 4317 4315 4316 4318
f 4315 4317 4319 4320
f 4307 4315 4320 4308
f 4321 4320 4319 4322
f 4323 4321 4322 4324
f 4321 4323 4325 4326
f 4320 4321 4326 4308
f 4327 4326 4325 4328
f 4329 4327 4328 4330
f 4327 4329 4311 4309
f 4326 4327 4309 4308
f 4331 4332 4314 4313
f 4333 4331 4313 4312
f 4331 4333 4334 4335
f 4332 4331 4335 4336
f 4337 4335 4334 4338
f 4339 4337 4338 4340
f 4337 4339 4341 4342
f 4335 4337 4342 4336
f 4343 4342 4341 4344
f 4345 4343 4344 4346
f 4343 4345 4347 4348
f 4342 4343 4348 4336
f 4349 4348 4347 4350
f 4316 4349 4350 4318
f 4349 4316 4314 4332
f 4348 4349 4332 4336
f 4351 4352 4353 4354
f 4355 4351 4354 4356
f 4351 4355 4357 4358
f 4352 4351 4358 4359
f 4360 4358 4357 4361
f 4362 4360 4361 4363
f 4360 4362 4364 4365
f 4358 4360 4365 4359
f 4366 4365 4364 4367
f 4368 4366 4367 4369
f 4366 4368 4370 4371
f 4365 4366 4371 4359
f 4372 4373 4374 4375
f 4352 4372 4375 4353
f 4372 4352 4359 4371
f 4373 4372 4371 4370
f 4376 4377 4378 4379
f 4380 4376 4379 4381
f 4376 4380 4382 4383
f 4377 4376 4383 4384
f 4385 4383 4382 4386
f 4387 4385 4386 4388
f 4385 4387 4389 4390
f 4383 4385 4390 4384
f 4391 4390 4389 4392
f 4373 4391 4392 4374
f 4391 4373 4370 4393
f 4390 4391 4393 4384
f 4394 4393 4370 4368
f 4395 4394 4368 4369
f 4394 4395 4378 4377
f 4393 4394 4377 4384
f 4396 4397 4398 4399
f 4400 4396 4399 4401
f 4396 4400 4402 4403
f 4397 4396 4403 4404
f 4405 4403 4402 4406
f 4407 4405 4406 4408
f 4405 4407 4409 4410
f 4403 4405 4410 4404
f 4411 4410 4409 4412
f 4413 4411 4412 4414
f 4411 4413 4415 4416
f 4410 4411 4416 4404
f 4417 4416 4415 4418
f 4419 4417 4418 4420
f 4417 4419 4398 4397
f 4416 4417 4397 4404
f 4421 4422 4423 4424
f 4425 4421 4424 4426
f 4421 4425 4427 4428
f 4422 4421 4428 4429
f 4430 4428 4427 4431
f 4432 4430 4431 4433
f 4430 4432 4434 4435
f 4428 4430 4435 4429
f 4436 4435 4434 4437
f 4438 4436 4437 4439
f 4436 4438 4440 4441
f 4435 4436 4441 4429
f 4442 4441 4440 4443
f 4444 4442 4443 4445
f 4442 4444 4423 4422
f 4441 4442 4422 4429
f 4446 4447 4448 4449
f 4450 4446 4449 4451
f 4446 4450 4452 4453
f 4447 4446 4453 4454
f 4455 4453 4452 4456
f 4457 4455 4456 4458
f 4455 4457 4459 4460
f 4453 4455 4460 4454
f 4461 4460 4459 4462
f 4443 4461 4462 4445
f 4461 4443 4440 4463
f 4460 4461 4463 4454
f 4464 4463 4440 4438
f 4465 4464 4438 4439
f 4464 4465 4448 4447
f 4463 4464 4447 4454
f 4466 4467 4468 4469
f 4470 4466 4469 4471
f 4466 4470 4472 4473
f 4467 4466 4473 4474
f 4475 4473 4472 4476
f 4477 4475 4476 4478
f 4475 4477 4479 4480
f 4473 4475 4480 4474
f 4481 4480 4479 4482
f 4483 4481 4482 4484
f 4481 4483 4485 4486
f 4480 4481 4486 4474
f 4487 4486 4485 4488
f 4489 4487 4488 4490
f 4487 4489 4468 4467
f 4486 4487 4467 4474
f 4491 4492 4493 4494
f 4495 4491 4494 4496
f 4491 4495 4497 4498
f 4492 4491 4498 4499
f 4500 4498 4497 4501
f 4502 4500 4501 4503
f 4500 4502 4504 4505
f 4498 4500 4505 4499
f 4506 4505 4504 4507
f 4482 4506 4507 4484
f 4506 4482 4479 4508
f 4505 4506 4508 4499
f 4509 4508 4479 4477
f 4510 4509 4477 4478
f 4509 4510 4493 4492
f 4508 4509 4492 4499
f 4511 4512 4513 4514
f 4515 4511 4514 4516
f 4511 4515 4517 4518
f 4512 4511 4518 4519
f 4520 4518 4517 4521
f 4522 4520 4521 4523
f 4520 4522 4524 4525
f 4518 4520 4525 4519
f 4526 4525 4524 4527
f 4528 4526 4527 4529
f 4526 4528 4530 4531
f 4525 4526 4531 4519
f 4532 4533 4534 4535
f 4512 4532 4535 4513
f 4532 4512 4519 4531
f 4533 4532 4531 4530
f 4536 4537 4538 4539
f 4540 4536 4539 4541
f 4536 4540 4542 4543
f 4537 4536 4543 4544
f 4545 4543 4542 4546
f 4547 4545 4546 4548
f 4545 4547 4549 4550
f 4543 4545 4550 4544
f 4551 4550 4549 4552
f 4533 4551 4552 4534
f 4551 4533 4530 4553
f 4550 4551 4553 4544
f 4554 4553 4530 4528
f 4555 4554 4528 4529
f 4554 4555 4538 4537
f 4553 4554 4537 4544
f 4556 4557 4558 4559
f 4560 4556 4559 4561
f 4556 4560 4562 4563
f 4557 4556 4563 4564
f 4565 4557 4564 4566
f 4567 4565 4566 4568
f 4565 4567 4569 4570
f 4557 4565 4570 4558
f 4571 4570 4569 4572
f 4573 4571 4572 4574
f 4571 4573 4575 4576
f 4570 4571 4576 4558
f 4577 4576 4575 4578
f 4579 4577 4578 4580
f 4577 4579 4561 4559
f 4576 4577 4559 4558
f 4581 4582 4564 4563
f 4583 4581 4563 4562
f 4581 4583 4584 4585
f 4582 4581 4585 4586
f 4587 4585 4584 4588
f 4589 4587 4588 4590
f 4587 4589 4591 4592
f 4585 4587 4592 4586
f 4593 4592 4591 4594
f 4595 4593 4594 4596
f 4593 4595 4597 4598
f 4592 4593 4598 4586
f 4599 4598 4597 4600
f 4566 4599 4600 4568
f 4599 4566 4564 4582
f 4598 4599 4582 4586
f 4601 4602 4603 4604
f 4605 4601 4604 4606
f 4601 4605 4607 4608
f 4602 4601 4608 4609
f 4610 4608 4607 4611
f 4612 4610 4611 4613
f 4610 4612 4614 4615
f 4608 4610 4615 4609
f 4616 4615 4614 4617
f 4618 4616 4617 4619
f 4616 4618 4620 4621
f 4615 4616 4621 4609
f 4622 4621 4620 4623
f 4624 4622 4623 4625
f 4622 4624 4603 4602
f 4621 4622 4602 4609
f 4626 4627 4628 4629
f 4630 4626 4629 4631
f 4626 4630 4632 4633
f 4627 4626 4633 4634
f 4635 4633 4632 4636
f 4637 4635 4636 4638
f 4635 4637 4639 4640
f 4633 4635 4640 4634
f 4641 4640 4639 4642
f 4643 4641 4642 4644
f 4641 4643 4645 4646
f 4640 4641 4646 4634
f 4647 4646 4645 4648
f 4649 4647 4648 4650
f 4647 4649 4628 4627
f 4646 4647 4627 4634
f 4651 4652 4628 4649
f 4653 4651 4649 4650
f 4651 4653 4654 4655
f 4652 4651 4655 4656
f 4657 4655 4654 4658
f 4659 4657 4658 4660
f 4657 4659 4661 4662
f 4655 4657 4662 4656
f 4663 4662 4661 4664
f 4665 4663 4664 4666
f 4663 4665 4667 4668
f 4662 4663 4668 4656
f 4669 4668 4667 4670
f 4629 4669 4670 4631
f 4669 4629 4628 4652
f 4668 4669 4652 4656
f 4671 4672 4673 4674
f 4675 4671 4674 4676
f 4671 4675 4677 4678
f 4672 4671 4678 4679
f 4680 4675 4676 4681
f 4682 4680 4681 4683
f 4680 4682 4684 4685
f 4675 4680 4685 4677
f 4686 4687 4688 4689
f 4690 4686 4689 4691
f 4686 4690 4692 4693
f 4687 4686 4693 4694
f 4695 4690 4691 4696
f 4697 4695 4696 4698
f 4695 4697 4699 4700
f 4690 4695 4700 4692
f 4701 4697 4698 4702
f 4703 4701 4702 4704
f 4701 4703 4705 4706
f 4697 4701 4706 4699
f 4707 4703 4704 4708
f 4709 4707 4708 4710
f 4707 4709 4711 4712
f 4703 4707 4712 4705
f 4713 4714 4715 4716
f 4717 4713 4716 4718
f 4713 4717 4719 4720
f 4714 4713 4720 4721
f 4722 4717 4718 4723
f 4724 4722 4723 4725
f 4722 4724 4726 4727
f 4717 4722 4727 4719
f 4728 4729 4730 4731
f 4732 4728 4731 4733
f 4728 4732 4734 4735
f 4729 4728 4735 4736
f 4737 4732 4733 4738
f 4739 4737 4738 4740
f 4737 4739 4741 4742
f 4732 4737 4742 4734
f 4743 4739 4740 4744
f 4745 4743 4744 4746
f 4743 4745 4747 4748
f 4739 4743 4748 4741
f 4749 4745 4746 4750
f 4751 4749 4750 4752
f 4749 4751 4753 4754
f 4745 4749 4754 4747
f 4755 4756 4757 4758
f 4759 4755 4758 4760
f 4755 4759 4761 4762
f 4756 4755 4762 4763
f 4764 4759 4760 4765
f 4766 4764 4765 4767
f 4764 4766 4768 4769
f 4759 4764 4769 4761
f 4770 4771 4772 4773
f 4774 4770 4773 4775
f 4770 4774 4776 4777
f 4771 4770 4777 4778
f 4779 4774 4775 4780
f 4781 4779 4780 4782
f 4779 4781 4783 4784
f 4774 4779 4784 4776
f 4785 4781 4782 4786
f 4787 4785 4786 4788
f 4785 4787 4789 4790
f 4781 4785 4790 4783
f 4791 4787 4788 4792
f 4793 4791 4792 4794
f 4791 4793 4795 4796
f 4787 4791 4796 4789
f 4797 4798 4799 4800
f 4801 4797 4800 4802
f 4797 4801 4803 4804
f 4798 4797 4804 4805
f 4806 4801 4802 4807
f 4808 4806 4807 4809
f 4806 4808 4810 4811
f 4801 4806 4811 4803
f 4812 4813 4814 4815
f 4816 4812 4815 4817
f 4812 4816 4818 4819
f 4813 4812 4819 4820
f 4821 4816 4817 4822
f 4823 4821 4822 4824
f 4821 4823 4825 4826
f 4816 4821 4826 4818
f 4827 4823 4824 4828
f 4829 4827 4828 4830
f 4827 4829 4831 4832
f 4823 4827 4832 4825
f 4833 4829 4830 4834
f 4835 4833 4834 4836
f 4833 4835 4837 4838
f 4829 4833 4838 4831
f 4839 4840 4841 4842
f 4843 4839 4842 4844
f 4839 4843 4845 4846
f 4840 4839 4846 4847
f 4848 4843 4844 4849
f 4850 4848 4849 4851
f 4848 4850 4852 4853
f 4843 4848 4853 4845
f 4854 4855 4856 4857
f 4858 4854 4857 4859
f 4854 4858 4860 4861
f 4855 4854 4861 4862
f 4863 4858 4859 4864
f 4865 4863 4864 4866
f 4863 4865 4867 4868
f 4858 4863 4868 4860
f 4869 4865 4866 4870
f 4871 4869 4870 4872
f 4869 4871 4873 4874
f 4865 4869 4874 4867
f 4875 4871 4872 4876
f 4877 4875 4876 4878
f 4875 4877 4879 4880
f 4871 4875 4880 4873
f 4881 4882 4883 4884
f 4885 4881 4884 4886
f 4881 4885 4887 4888
f 4882 4881 4888 4889
f 4890 4885 4886 4891
f 4892 4890 4891 4893
f 4890 4892 4894 4895
f 4885 4890 4895 4887
f 4896 4897 4898 4899
f 4900 4896 4899 4901
f 4896 4900 4902 4903
f 4897 4896 4903 4904
f 4905 4900 4901 4906
f 4907 4905 4906 4908
f 4905 4907 4909 4910
f 4900 4905 4910 4902
f 4911 4907 4908 4912
f 4913 4911 4912 4914
f 4911 4913 4915 4916
f 4907 4911 4916 4909
f 4917 4913 4914 4918
f 4919 4917 4918 4920
f 4917 4919 4921 4922
f 4913 4917 4922 4915
f 4923 4924 4925 4926
f 4927 4923 4926 4928
f 4923 4927 4929 4930
f 4924 4923 4930 4931
f 4932 4927 4928 4933
f 4934 4932 4933 4935
f 4932 4934 4936 4937
f 4927 4932 4937 4929
f 4938 4939 4940 4941
f 4942 4938 4941 4943
f 4938 4942 4944 4945
f 4939 4938 4945 4946
f 4947 4942 4943 4948
f 4949 4947 4948 4950
f 4947 4949 4951 4952
f 4942 4947 4952 4944
f 4953 4954 4955 4956
f 4957 4953 4956 4958
f 4953 4957 4959 4960
f 4954 4953 4960 4961
f 4962 4957 4958 4963
f 4964 4962 4963 4965
f 4962 4964 4966 4967
f 4957 4962 4967 4959
f 4968 4969 4970 4971
f 4972 4968 4971 4973
f 4968 4972 4974 4975
f 4969 4968 4975 4976
f 4977 4972 4973 4978
f 4979 4977 4978 4980
f 4977 4979 4981 4982
f 4972 4977 4982 4974
f 4983 4984 4985 4986
f 4987 4983 4986 4988
f 4983 4987 4989 4990
f 4984 4983 4990 4991
f 4992 4987 4988 4993
f 4994 4992 4993 4995
f 4992 4994 4996 4997
f 4987 4992 4997 4989
f 4998 4999 5000 5001
f 5002 4998 5001 5003
f 4998 5002 5004 5005
f 4999 4998 5005 5006
f 5007 5002 5003 5008
f 5009 5007 5008 5010
f 5007 5009 5011 5012
f 5002 5007 5012 5004
f 5013 5009 5010 5014
f 5015 5013 5014 5016
f 5013 5015 5017 5018
f 5009 5013 5018 5011
f 5019 5015 5016 5020
f 5021 5019 5020 5022
f 5019 5021 5023 5024
f 5015 5019 5024 5017
f 5025 5026 5027 5028
f 5029 5025 5028 5030
f 5025 5029 5031 5032
f 5026 5025 5032 5033
f 5034 5029 5030 5035
f 5036 5034 5035 5037
f 5034 5036 5038 5039
f 5029 5034 5039 5031
f 5040 5041 5042 5043
f 5044 5040 5043 5045
f 5040 5044 5046 5047
f 5041 5040 5047 5048
f 5049 5044 5045 5050
f 5051 5049 5050 5052
f 5049 5051 5053 5054
f 5044 5049 5054 5046
f 5055 5051 5052 5056
f 5057 5055 5056 5058
f 5055 5057 5059 5060
f 5051 5055 5060 5053
f 5061 5057 5058 5062
f 5063 5061 5062 5064
f 5061 5063 5065 5066
f 5057 5061 5066 5059
f 5067 5068 5069 5070
f 5071 5067 5070 5072
f 5067 5071 5073 5074
f 5068 5067 5074 5075
f 5076 5071 5072 5077
f 5078 5076 5077 5079
f 5076 5078 5080 5081
f 5071 5076 5081 5073
f 5082 5083 5084 5085
f 5086 5082 5085 5087
f 5082 5086 5088 5089
f 5083 5082 5089 5090
f 5091 5086 5087 5092
f 5093 5091 5092 5094
f 5091 5093 5095 5096
f 5086 5091 5096 5088
f 5097 5093 5094 5098
f 5099 5097 5098 5100
f 5097 5099 5101 5102
f 5093 5097 5102 5095
f 5103 5099 5100 5104
f 5105 5103 5104 5106
f 5103 5105 5107 5108
f 5099 5103 5108 5101
f 5109 5110 5111 5112
f 5113 5109 5112 5114
f 5109 5113 5115 5116
f 5110 5109 5116 5117
f 5118 5113 5114 5119
f 5120 5118 5119 5121
f 5118 5120 5122 5123
f 5113 5118 5123 5115
f 5124 5125 5126 5127
f 5128 5124 5127 5129
f 5124 5128 5130 5131
f 5125 5124 5131 5132
f 5133 5128 5129 5134
f 5135 5133 5134 5136
f 5133 5135 5137 5138
f 5128 5133 5138 5130
f 5139 5135 5136 5140
f 5141 5139 5140 5142
f 5139 5141 5143 5144
f 5135 5139 5144 5137
f 5145 5141 5142 5146
f 5147 5145 5146 5148
f 5145 5147 5149 5150
f 5141 5145 5150 5143
f 5151 5152 5153 5154
f 5155 5151 5154 5156
f 5151 5155 5157 5158
f 5152 5151 5158 5159
f 5160 5155 5156 5161
f 5162 5160 5161 5163
f 5160 5162 5164 5165
f 5155 5160 5165 5157
f 5166 5167 5168 5169
f 5170 5166 5169 5171
f 5166 5170 5172 5173
f 5167 5166 5173 5174
f 5175 5170 5171 5176
f 5177 5175 5176 5178
f 5175 5177 5179 5180
f 5170 5175 5180 5172
f 5181 5177 5178 5182
f 5183 5181 5182 5184
f 5181 5183 5185 5186
f 5177 5181 5186 5179
f 5187 5183 5184 5188
f 5189 5187 5188 5190
f 5187 5189 5191 5192
f 5183 5187 5192 5185
f 5193 5194 5195 5196
f 5197 5193 5196 5198
f 5193 5197 5199 5200
f 5194 5193 5200 5201
f 5202 5197 5198 5203
f 5204 5202 5203 5205
f 5202 5204 5206 5207
f 5197 5202 5207 5199
f 5208 5209 5210 5211
f 5212 5208 5211 5213
f 5208 5212 5214 5215
f 5209 5208 5215 5216
f 5217 5212 5213 5218
f 5219 5217 5218 5220
f 5217 5219 5221 5222
f 5212 5217 5222 5214
f 5223 5219 5220 5224
f 5225 5223 5224 5226
f 5223 5225 5227 5228
f 5219 5223 5228 5221
f 5229 5225 5226 5230
f 5231 5229 5230 5232
f 5229 5231 5233 5234
f 5225 5229 5234 5227
f 5235 5236 5237 5238
f 5239 5235 5238 5240
f 5235 5239 5241 5242
f 5236 5235 5242 5243
f 5244 5239 5240 5245
f 5246 5244 5245 5247
f 5244 5246 5248 5249
f 5239 5244 5249 5241
f 5250 5251 5252 5253
f 5254 5250 5253 5255
f 5250 5254 5256 5257
f 5251 5250 5257 5258
f 5259 5254 5255 5260
f 5261 5259 5260 5262
f 5259 5261 5263 5264
f 5254 5259 5264 5256
f 5265 5261 5262 5266
f 5267 5265 5266 5268
f 5265 5267 5269 5270
f 5261 5265 5270 5263
f 5271 5267 5268 5272
f 5273 5271 5272 5274
f 5271 5273 5275 5276
f 5267 5271 5276 5269
f 5277 5278 5279 5280
f 5281 5277 5280 5282
f 5277 5281 5283 5284
f 5278 5277 5284 5285
f 5286 5281 5282 5287
f 5288 5286 5287 5289
f 5286 5288 5290 5291
f 5281 5286 5291 5283
f 5292 5293 5294 5295
f 5296 5292 5295 5297
f 5292 5296 5298 5299
f 5293 5292 5299 5300
f 5301 5296 5297 5302
f 5303 5301 5302 5304
f 5301 5303 5305 5306
f 5296 5301 5306 5298
f 5307 5303 5304 5308
f 5309 5307 5308 5310
f 5307 5309 5311 5312
f 5303 5307 5312 5305
f 5313 5309 5310 5314
f 5315 5313 5314 5316
f 5313 5315 5317 5318
f 5309 5313 5318 5311
f 5319 5320 5321 5322
f 5323 5319 5322 5324
f 5319 5323 5325 5326
f 5320 5319 5326 5327
f 5328 5323 5324 5329
f 5330 5328 5329 5331
f 5328 5330 5332 5333
f 5323 5328 5333 5325
f 5334 5335 5336 5337
f 5338 5334 5337 5339
f 5334 5338 5340 5341
f 5335 5334 5341 5342
f 5343 5338 5339 5344
f 5345 5343 5344 5346
f 5343 5345 5347 5348
f 5338 5343 5348 5340
f 5349 5350 5351 5352
f 5353 5349 5352 5354
f 5349 5353 5355 5356
f 5350 5349 5356 5357
f 5358 5353 5354 5359
f 5360 5358 5359 5361
f 5358 5360 5362 5363
f 5353 5358 5363 5355
f 5364 5365 5366 5367
f 5368 5364 5367 5369
f 5364 5368 5370 5371
f 5365 5364 5371 5372
f 5373 5368 5369 5374
f 5375 5373 5374 5376
f 5373 5375 5377 5378
f 5368 5373 5378 5370
f 5379 5380 5381 5382
f 5383 5379 5382 5384
f 5379 5383 5385 5386
f 5380 5379 5386 5387
f 5388 5383 5384 5389
f 5390 5388 5389 5391
f 5388 5390 5392 5393
f 5383 5388 5393 5385
f 5394 5395 5396 5397
f 5398 5394 5397 5399
f 5394 5398 5400 5401
f 5395 5394 5401 5402
f 5403 5398 5399 5404
f 5405 5403 5404 5406
f 5403 5405 5407 5408
f 5398 5403 5408 5400
f 5409 5405 5406 5410
f 5411 5409 5410 5412
f 5409 5411 5413 5414
f 5405 5409 5414 5407
f 5415 5411 5412 5416
f 5417 5415 5416 5418
f 5415 5417 5419 5420
f 5411 5415 5420 5413
f 5421 5422 5423 5424
f 5425 5421 5424 5426
f 5421 5425 5427 5428
f 5422 5421 5428 5429
f 5430 5425 5426 5431
f 5432 5430 5431 5433
f 5430 5432 5434 5435
f 5425 5430 5435 5427
f 5436 5437 5438 5439
f 5440 5436 5439 5441
f 5436 5440 5442 5443
f 5437 5436 5443 5444
f 5445 5440 5441 5446
f 5447 5445 5446 5448
f 5445 5447 5449 5450
f 5440 5445 5450 5442
f 5451 5447 5448 5452
f 5453 5451 5452 5454
f 5451 5453 5455 5456
f 5447 5451 5456 5449
f 5457 5453 5454 5458
f 5459 5457 5458 5460
f 5457 5459 5461 5462
f 5453 5457 5462 5455
f 5463 5464 4753 5465
f 5466 5463 5465 4679
f 5463 5466 4279 5464
f 5467 5468 4684 5469
f 5470 5467 5469 4694
f 5467 5470 4285 5468
f 5471 5472 4711 5473
f 5474 5471 5473 4721
f 5471 5474 4295 5472
f 5475 5476 4726 5477
f 5478 5475 5477 4736
f 5475 5478 4301 5476
f 5479 5480 4837 5481
f 5482 5479 5481 4763
f 5479 5482 4340 5480
f 5483 5484 4768 5485
f 5486 5483 5485 4778
f 5483 5486 4346 5484
f 5487 5488 4795 5489
f 5490 5487 5489 4805
f 5487 5490 4324 5488
f 5491 5492 4810 5493
f 5494 5491 5493 4820
f 5491 5494 4330 5492
f 5495 5496 4921 5497
f 5498 5495 5497 4847
f 5495 5498 4381 5496
f 5499 5500 4852 5501
f 5502 5499 5501 4862
f 5499 5502 4388 5500
f 5503 5504 4879 5505
f 5506 5503 5505 4889
f 5503 5506 4356 5504
f 5507 5508 4894 5509
f 5510 5507 5509 4904
f 5507 5510 4363 5508
f 5511 5512 4981 5513
f 5514 5511 5513 4931
f 5511 5514 4420 5512
f 5515 5516 4936 5517
f 5518 5515 5517 4946
f 5515 5518 4401 5516
f 5519 5520 4951 5521
f 5522 5519 5521 4961
f 5519 5522 4408 5520
f 5523 5524 4966 5525
f 5526 5523 5525 4976
f 5523 5526 4414 5524
f 5527 5528 5065 5529
f 5530 5527 5529 4991
f 5527 5530 4451 5528
f 5531 5532 4996 5533
f 5534 5531 5533 5006
f 5531 5534 4458 5532
f 5535 5536 5023 5537
f 5538 5535 5537 5033
f 5535 5538 4426 5536
f 5539 5540 5038 5541
f 5542 5539 5541 5048
f 5539 5542 4433 5540
f 5543 5544 5149 5545
f 5546 5543 5545 5075
f 5543 5546 4490 5544
f 5547 5548 5080 5549
f 5550 5547 5549 5090
f 5547 5550 4471 5548
f 5551 5552 5107 5553
f 5554 5551 5553 5117
f 5551 5554 4496 5552
f 5555 5556 5122 5557
f 5558 5555 5557 5132
f 5555 5558 4503 5556
f 5559 5560 5233 5561
f 5562 5559 5561 5159
f 5559 5562 4541 5560
f 5563 5564 5164 5565
f 5566 5563 5565 5174
f 5563 5566 4548 5564
f 5567 5568 5191 5569
f 5570 5567 5569 5201
f 5567 5570 4516 5568
f 5571 5572 5206 5573
f 5574 5571 5573 5216
f 5571 5574 4523 5572
f 5575 5576 5317 5577
f 5578 5575 5577 5243
f 5575 5578 4590 5576
f 5579 5580 5248 5581
f 5582 5579 5581 5258
f 5579 5582 4596 5580
f 5583 5584 5275 5585
f 5586 5583 5585 5285
f 5583 5586 4574 5584
f 5587 5588 5290 5589
f 5590 5587 5589 5300
f 5587 5590 4580 5588
f 5591 5592 5377 5593
f 5594 5591 5593 5327
f 5591 5594 4619 5592
f 5595 5596 5332 5597
f 5598 5595 5597 5342
f 5595 5598 4625 5596
f 5599 5600 5347 5601
f 5602 5599 5601 5357
f 5599 5602 4606 5600
f 5603 5604 5362 5605
f 5606 5603 5605 5372
f 5603 5606 4613 5604
f 5607 5608 5461 5609
f 5610 5607 5609 5387
f 5607 5610 4660 5608
f 5611 5612 5392 5613
f 5614 5611 5613 5402
f 5611 5614 4666 5612
f 5615 5616 5419 5617
f 5618 5615 5617 5429
f 5615 5618 4638 5616
f 5619 5620 5434 5621
f 5622 5619 5621 5444
f 5619 5622 4644 5620
f 5623 4278 4279 5466
f 4678 5623 5466 4679
f 5623 4678 4677 5624
f 4278 5623 5624 4280
f 5625 4283 4280 5624
f 4685 5625 5624 4677
f 5625 4685 4684 5468
f 4283 5625 5468 4285
f 5626 4284 4285 5470
f 4693 5626 5470 4694
f 5626 4693 4692 5627
f 4284 5626 5627 4263
f 5628 4264 4263 5627
f 4700 5628 5627 4692
f 5628 4700 4699 5629
f 4264 5628 5629 4266
f 5630 4288 4266 5629
f 4706 5630 5629 4699
f 5630 4706 4705 5631
f 4288 5630 5631 4289
f 5632 4293 4289 5631
f 4712 5632 5631 4705
f 5632 4712 4711 5472
f 4293 5632 5472 4295
f 5633 4294 4295 5474
f 4720 5633 5474 4721
f 5633 4720 4719 5634
f 4294 5633 5634 4296
f 5635 4299 4296 5634
f 4727 5635 5634 4719
f 5635 4727 4726 5476
f 4299 5635 5476 4301
f 5636 4300 4301 5478
f 4735 5636 5478 4736
f 5636 4735 4734 5637
f 4300 5636 5637 4302
f 5638 4305 4302 5637
f 4742 5638 5637 4734
f 5638 4742 4741 5639
f 4305 5638 5639 4273
f 5640 4272 4273 5639
f 4748 5640 5639 4741
f 5640 4748 4747 5641
f 4272 5640 5641 4274
f 5642 4277 4274 5641
f 4754 5642 5641 4747
f 5642 4754 4753 5464
f 4277 5642 5464 4279
f 5643 4751 4752 5644
f 4672 5643 5644 4673
f 5643 4672 4679 5465
f 4751 5643 5465 4753
f 5645 4682 4683 5646
f 4687 5645 5646 4688
f 5645 4687 4694 5469
f 4682 5645 5469 4684
f 5647 4709 4710 5648
f 4714 5647 5648 4715
f 5647 4714 4721 5473
f 4709 5647 5473 4711
f 5649 4724 4725 5650
f 4729 5649 5650 4730
f 5649 4729 4736 5477
f 4724 5649 5477 4726
f 5651 4339 4340 5482
f 4762 5651 5482 4763
f 5651 4762 4761 5652
f 4339 5651 5652 4341
f 5653 4344 4341 5652
f 4769 5653 5652 4761
f 5653 4769 4768 5484
f 4344 5653 5484 4346
f 5654 4345 4346 5486
f 4777 5654 5486 4778
f 5654 4777 4776 5655
f 4345 5654 5655 4347
f 5656 4350 4347 5655
f 4784 5656 5655 4776
f 5656 4784 4783 5657
f 4350 5656 5657 4318
f 5658 4317 4318 5657
f 4790 5658 5657 4783
f 5658 4790 4789 5659
f 4317 5658 5659 4319
f 5660 4322 4319 5659
f 4796 5660 5659 4789
f 5660 4796 4795 5488
f 4322 5660 5488 4324
f 5661 4323 4324 5490
f 4804 5661 5490 4805
f 5661 4804 4803 5662
f 4323 5661 5662 4325
f 5663 4328 4325 5662
f 4811 5663 5662 4803
f 5663 4811 4810 5492
f 4328 5663 5492 4330
f 5664 4329 4330 5494
f 4819 5664 5494 4820
f 5664 4819 4818 5665
f 4329 5664 5665 4311
f 5666 4310 4311 5665
f 4826 5666 5665 4818
f 5666 4826 4825 5667
f 4310 5666 5667 4312
f 5668 4333 4312 5667
f 4832 5668 5667 4825
f 5668 4832 4831 5669
f 4333 5668 5669 4334
f 5670 4338 4334 5669
f 4838 5670 5669 4831
f 5670 4838 4837 5480
f 4338 5670 5480 4340
f 5671 4835 4836 5672
f 4756 5671 5672 4757
f 5671 4756 4763 5481
f 4835 5671 5481 4837
f 5673 4766 4767 5674
f 4771 5673 5674 4772
f 5673 4771 4778 5485
f 4766 5673 5485 4768
f 5675 4793 4794 5676
f 4798 5675 5676 4799
f 5675 4798 4805 5489
f 4793 5675 5489 4795
f 5677 4808 4809 5678
f 4813 5677 5678 4814
f 5677 4813 4820 5493
f 4808 5677 5493 4810
f 5679 4380 4381 5498
f 4846 5679 5498 4847
f 5679 4846 4845 5680
f 4380 5679 5680 4382
f 5681 4386 4382 5680
f 4853 5681 5680 4845
f 5681 4853 4852 5500
f 4386 5681 5500 4388
f 5682 4387 4388 5502
f 4861 5682 5502 4862
f 5682 4861 4860 5683
f 4387 5682 5683 4389
f 5684 4392 4389 5683
f 4868 5684 5683 4860
f 5684 4868 4867 5685
f 4392 5684 5685 4374
f 5686 4375 4374 5685
f 4874 5686 5685 4867
f 5686 4874 4873 5687
f 4375 5686 5687 4353
f 5688 4354 4353 5687
f 4880 5688 5687 4873
f 5688 4880 4879 5504
f 4354 5688 5504 4356
f 5689 4355 4356 5506
f 4888 5689 5506 4889
f 5689 4888 4887 5690
f 4355 5689 5690 4357
f 5691 4361 4357 5690
f 4895 5691 5690 4887
f 5691 4895 4894 5508
f 4361 5691 5508 4363
f 5692 4362 4363 5510
f 4903 5692 5510 4904
f 5692 4903 4902 5693
f 4362 5692 5693 4364
f 5694 4367 4364 5693
f 4910 5694 5693 4902
f 5694 4910 4909 5695
f 4367 5694 5695 4369
f 5696 4395 4369 5695
f 4916 5696 5695 4909
f 5696 4916 4915 5697
f 4395 5696 5697 4378
f 5698 4379 4378 5697
f 4922 5698 5697 4915
f 5698 4922 4921 5496
f 4379 5698 5496 4381
f 5699 4919 4920 5700
f 4840 5699 5700 4841
f 5699 4840 4847 5497
f 4919 5699 5497 4921
f 5701 4850 4851 5702
f 4855 5701 5702 4856
f 5701 4855 4862 5501
f 4850 5701 5501 4852
f 5703 4877 4878 5704
f 4882 5703 5704 4883
f 5703 4882 4889 5505
f 4877 5703 5505 4879
f 5705 4892 4893 5706
f 4897 5705 5706 4898
f 5705 4897 4904 5509
f 4892 5705 5509 4894
f 5707 4419 4420 5514
f 4930 5707 5514 4931
f 5707 4930 4929 5708
f 4419 5707 5708 4398
f 5709 4399 4398 5708
f 4937 5709 5708 4929
f 5709 4937 4936 5516
f 4399 5709 5516 4401
f 5710 4400 4401 5518
f 4945 5710 5518 4946
f 5710 4945 4944 5711
f 4400 5710 5711 4402
f 5712 4406 4402 5711
f 4952 5712 5711 4944
f 5712 4952 4951 5520
f 4406 5712 5520 4408
f 5713 4407 4408 5522
f 4960 5713 5522 4961
f 5713 4960 4959 5714
f 4407 5713 5714 4409
f 5715 4412 4409 5714
f 4967 5715 5714 4959
f 5715 4967 4966 5524
f 4412 5715 5524 4414
f 5716 4413 4414 5526
f 4975 5716 5526 4976
f 5716 4975 4974 5717
f 4413 5716 5717 4415
f 5718 4418 4415 5717
f 4982 5718 5717 4974
f 5718 4982 4981 5512
f 4418 5718 5512 4420
f 5719 4979 4980 5720
f 4924 5719 5720 4925
f 5719 4924 4931 5513
f 4979 5719 5513 4981
f 5721 4934 4935 5722
f 4939 5721 5722 4940
f 5721 4939 4946 5517
f 4934 5721 5517 4936
f 5723 4949 4950 5724
f 4954 5723 5724 4955
f 5723 4954 4961 5521
f 4949 5723 5521 4951
f 5725 4964 4965 5726
f 4969 5725 5726 4970
f 5725 4969 4976 5525
f 4964 5725 5525 4966
f 5727 4450 4451 5530
f 4990 5727 5530 4991
f 5727 4990 4989 5728
f 4450 5727 5728 4452
f 5729 4456 4452 5728
f 4997 5729 5728 4989
f 5729 4997 4996 5532
f 4456 5729 5532 4458
f 5730 4457 4458 5534
f 5005 5730 5534 5006
f 5730 5005 5004 5731
f 4457 5730 5731 4459
f 5732 4462 4459 5731
f 5012 5732 5731 5004
f 5732 5012 5011 5733
f 4462 5732 5733 4445
f 5734 4444 4445 5733
f 5018 5734 5733 5011
f 5734 5018 5017 5735
f 4444 5734 5735 4423
f 5736 4424 4423 5735
f 5024 5736 5735 5017
f 5736 5024 5023 5536
f 4424 5736 5536 4426
f 5737 4425 4426 5538
f 5032 5737 5538 5033
f 5737 5032 5031 5738
f 4425 5737 5738 4427
f 5739 4431 4427 5738
f 5039 5739 5738 5031
f 5739 5039 5038 5540
f 4431 5739 5540 4433
f 5740 4432 4433 5542
f 5047 5740 5542 5048
f 5740 5047 5046 5741
f 4432 5740 5741 4434
f 5742 4437 4434 5741
f 5054 5742 5741 5046
f 5742 5054 5053 5743
f 4437 5742 5743 4439
f 5744 4465 4439 5743
f 5060 5744 5743 5053
f 5744 5060 5059 5745
f 4465 5744 5745 4448
f 5746 4449 4448 5745
f 5066 5746 5745 5059
f 5746 5066 5065 5528
f 4449 5746 5528 4451
f 5747 5063 5064 5748
f 4984 5747 5748 4985
f 5747 4984 4991 5529
f 5063 5747 5529 5065
f 5749 4994 4995 5750
f 4999 5749 5750 5000
f 5749 4999 5006 5533
f 4994 5749 5533 4996
f 5751 5021 5022 5752
f 5026 5751 5752 5027
f 5751 5026 5033 5537
f 5021 5751 5537 5023
f 5753 5036 5037 5754
f 5041 5753 5754 5042
f 5753 5041 5048 5541
f 5036 5753 5541 5038
f 5755 4489 4490 5546
f 5074 5755 5546 5075
f 5755 5074 5073 5756
f 4489 5755 5756 4468
f 5757 4469 4468 5756
f 5081 5757 5756 5073
f 5757 5081 5080 5548
f 4469 5757 5548 4471
f 5758 4470 4471 5550
f 5089 5758 5550 5090
f 5758 5089 5088 5759
f 4470 5758 5759 4472
f 5760 4476 4472 5759
f 5096 5760 5759 5088
f 5760 5096 5095 5761
f 4476 5760 5761 4478
f 5762 4510 4478 5761
f 5102 5762 5761 5095
f 5762 5102 5101 5763
f 4510 5762 5763 4493
f 5764 4494 4493 5763
f 5108 5764 5763 5101
f 5764 5108 5107 5552
f 4494 5764 5552 4496
f 5765 4495 4496 5554
f 5116 5765 5554 5117
f 5765 5116 5115 5766
f 4495 5765 5766 4497
f 5767 4501 4497 5766
f 5123 5767 5766 5115
f 5767 5123 5122 5556
f 4501 5767 5556 4503
f 5768 4502 4503 5558
f 5131 5768 5558 5132
f 5768 5131 5130 5769
f 4502 5768 5769 4504
f 5770 4507 4504 5769
f 5138 5770 5769 5130
f 5770 5138 5137 5771
f 4507 5770 5771 4484
f 5772 4483 4484 5771
f 5144 5772 5771 5137
f 5772 5144 5143 5773
f 4483 5772 5773 4485
f 5774 4488 4485 5773
f 5150 5774 5773 5143
f 5774 5150 5149 5544
f 4488 5774 5544 4490
f 5775 5147 5148 5776
f 5068 5775 5776 5069
f 5775 5068 5075 5545
f 5147 5775 5545 5149
f 5777 5078 5079 5778
f 5083 5777 5778 5084
f 5777 5083 5090 5549
f 5078 5777 5549 5080
f 5779 5105 5106 5780
f 5110 5779 5780 5111
f 5779 5110 5117 5553
f 5105 5779 5553 5107
f 5781 5120 5121 5782
f 5125 5781 5782 5126
f 5781 5125 5132 5557
f 5120 5781 5557 5122
f 5783 4540 4541 5562
f 5158 5783 5562 5159
f 5783 5158 5157 5784
f 4540 5783 5784 4542
f 5785 4546 4542 5784
f 5165 5785 5784 5157
f 5785 5165 5164 5564
f 4546 5785 5564 4548
f 5786 4547 4548 5566
f 5173 5786 5566 5174
f 5786 5173 5172 5787
f 4547 5786 5787 4549
f 5788 4552 4549 5787
f 5180 5788 5787 5172
f 5788 5180 5179 5789
f 4552 5788 5789 4534
f 5790 4535 4534 5789
f 5186 5790 5789 5179
f 5790 5186 5185 5791
f 4535 5790 5791 4513
f 5792 4514 4513 5791
f 5192 5792 5791 5185
f 5792 5192 5191 5568
f 4514 5792 5568 4516
f 5793 4515 4516 5570
f 5200 5793 5570 5201
f 5793 5200 5199 5794
f 4515 5793 5794 4517
f 5795 4521 4517 5794
f 5207 5795 5794 5199
f 5795 5207 5206 5572
f 4521 5795 5572 4523
f 5796 4522 4523 5574
f 5215 5796 5574 5216
f 5796 5215 5214 5797
f 4522 5796 5797 4524
f 5798 4527 4524 5797
f 5222 5798 5797 5214
f 5798 5222 5221 5799
f 4527 5798 5799 4529
f 5800 4555 4529 5799
f 5228 5800 5799 5221
f 5800 5228 5227 5801
f 4555 5800 5801 4538
f 5802 4539 4538 5801
f 5234 5802 5801 5227
f 5802 5234 5233 5560
f 4539 5802 5560 4541
f 5803 5231 5232 5804
f 5152 5803 5804 5153
f 5803 5152 5159 5561
f 5231 5803 5561 5233
f 5805 5162 5163 5806
f 5167 5805 5806 5168
f 5805 5167 5174 5565
f 5162 5805 5565 5164
f 5807 5189 5190 5808
f 5194 5807 5808 5195
f 5807 5194 5201 5569
f 5189 5807 5569 5191
f 5809 5204 5205 5810
f 5209 5809 5810 5210
f 5809 5209 5216 5573
f 5204 5809 5573 5206
f 5811 4589 4590 5578
f 5242 5811 5578 5243
f 5811 5242 5241 5812
f 4589 5811 5812 4591
f 5813 4594 4591 5812
f 5249 5813 5812 5241
f 5813 5249 5248 5580
f 4594 5813 5580 4596
f 5814 4595 4596 5582
f 5257 5814 5582 5258
f 5814 5257 5256 5815
f 4595 5814 5815 4597
f 5816 4600 4597 5815
f 5264 5816 5815 5256
f 5816 5264 5263 5817
f 4600 5816 5817 4568
f 5818 4567 4568 5817
f 5270 5818 5817 5263
f 5818 5270 5269 5819
f 4567 5818 5819 4569
f 5820 4572 4569 5819
f 5276 5820 5819 5269
f 5820 5276 5275 5584
f 4572 5820 5584 4574
f 5821 4573 4574 5586
f 5284 5821 5586 5285
f 5821 5284 5283 5822
f 4573 5821 5822 4575
f 5823 4578 4575 5822
f 5291 5823 5822 5283
f 5823 5291 5290 5588
f 4578 5823 5588 4580
f 5824 4579 4580 5590
f 5299 5824 5590 5300
f 5824 5299 5298 5825
f 4579 5824 5825 4561
f 5826 4560 4561 5825
f 5306 5826 5825 5298
f 5826 5306 5305 5827
f 4560 5826 5827 4562
f 5828 4583 4562 5827
f 5312 5828 5827 5305
f 5828 5312 5311 5829
f 4583 5828 5829 4584
f 5830 4588 4584 5829
f 5318 5830 5829 5311
f 5830 5318 5317 5576
f 4588 5830 5576 4590
f 5831 5315 5316 5832
f 5236 5831 5832 5237
f 5831 5236 5243 5577
f 5315 5831 5577 5317
f 5833 5246 5247 5834
f 5251 5833 5834 5252
f 5833 5251 5258 5581
f 5246 5833 5581 5248
f 5835 5273 5274 5836
f 5278 5835 5836 5279
f 5835 5278 5285 5585
f 5273 5835 5585 5275
f 5837 5288 5289 5838
f 5293 5837 5838 5294
f 5837 5293 5300 5589
f 5288 5837 5589 5290
f 5839 4618 4619 5594
f 5326 5839 5594 5327
f 5839 5326 5325 5840
f 4618 5839 5840 4620
f 5841 4623 4620 5840
f 5333 5841 5840 5325
f 5841 5333 5332 5596
f 4623 5841 5596 4625
f 5842 4624 4625 5598
f 5341 5842 5598 5342
f 5842 5341 5340 5843
f 4624 5842 5843 4603
f 5844 4604 4603 5843
f 5348 5844 5843 5340
f 5844 5348 5347 5600
f 4604 5844 5600 4606
f 5845 4605 4606 5602
f 5356 5845 5602 5357
f 5845 5356 5355 5846
f 4605 5845 5846 4607
f 5847 4611 4607 5846
f 5363 5847 5846 5355
f 5847 5363 5362 5604
f 4611 5847 5604 4613
f 5848 4612 4613 5606
f 5371 5848 5606 5372
f 5848 5371 5370 5849
f 4612 5848 5849 4614
f 5850 4617 4614 5849
f 5378 5850 5849 5370
f 5850 5378 5377 5592
f 4617 5850 5592 4619
f 5851 5375 5376 5852
f 5320 5851 5852 5321
f 5851 5320 5327 5593
f 5375 5851 5593 5377
f 5853 5330 5331 5854
f 5335 5853 5854 5336
f 5853 5335 5342 5597
f 5330 5853 5597 5332
f 5855 5345 5346 5856
f 5350 5855 5856 5351
f 5855 5350 5357 5601
f 5345 5855 5601 5347
f 5857 5360 5361 5858
f 5365 5857 5858 5366
f 5857 5365 5372 5605
f 5360 5857 5605 5362
f 5859 4659 4660 5610
f 5386 5859 5610 5387
f 5859 5386 5385 5860
f 4659 5859 5860 4661
f 5861 4664 4661 5860
f 5393 5861 5860 5385
f 5861 5393 5392 5612
f 4664 5861 5612 4666
f 5862 4665 4666 5614
f 5401 5862 5614 5402
f 5862 5401 5400 5863
f 4665 5862 5863 4667
f 5864 4670 4667 5863
f 5408 5864 5863 5400
f 5864 5408 5407 5865
f 4670 5864 5865 4631
f 5866 4630 4631 5865
f 5414 5866 5865 5407
f 5866 5414 5413 5867
f 4630 5866 5867 4632
f 5868 4636 4632 5867
f 5420 5868 5867 5413
f 5868 5420 5419 5616
f 4636 5868 5616 4638
f 5869 4637 4638 5618
f 5428 5869 5618 5429
f 5869 5428 5427 5870
f 4637 5869 5870 4639
f 5871 4642 4639 5870
f 5435 5871 5870 5427
f 5871 5435 5434 5620
f 4642 5871 5620 4644
f 5872 4643 4644 5622
f 5443 5872 5622 5444
f 5872 5443 5442 5873
f 4643 5872 5873 4645
f 5874 4648 4645 5873
f 5450 5874 5873 5442
f 5874 5450 5449 5875
f 4648 5874 5875 4650
f 5876 4653 4650 5875
f 5456 5876 5875 5449
f 5876 5456 5455 5877
f 4653 5876 5877 4654
f 5878 4658 4654 5877
f 5462 5878 5877 5455
f 5878 5462 5461 5608
f 4658 5878 5608 4660
f 5879 5459 5460 5880
f 5380 5879 5880 5381
f 5879 5380 5387 5609
f 5459 5879 5609 5461
f 5881 5390 5391 5882
f 5395 5881 5882 5396
f 5881 5395 5402 5613
f 5390 5881 5613 5392
f 5883 5417 5418 5884
f 5422 5883 5884 5423
f 5883 5422 5429 5617
f 5417 5883 5617 5419
f 5885 5432 5433 5886
f 5437 5885 5886 5438
f 5885 5437 5444 5621
f 5432 5885 5621 5434
f 5887 5888 5889 5890
f 5891 5887 5890 5892
f 5887 5891 5893 5894
f 5888 5887 5894 5895
f 5896 5894 5893 5897
f 5898 5896 5897 5899
f 5896 5898 5900 5901
f 5894 5896 5901 5895
f 5902 5901 5900 5903
f 5904 5902 5903 5905
f 5902 5904 5906 5907
f 5901 5902 5907 5895
f 5908 5907 5906 5909
f 5910 5908 5909 5911
f 5908 5910 5889 5888
f 5907 5908 5888 5895
f 5912 5913 5893 5891
f 5914 5912 5891 5892
f 5912 5914 5915 5916
f 5913 5912 5916 5917
f 5918 5916 5915 5919
f 5920 5918 5919 5921
f 5918 5920 5922 5923
f 5916 5918 5923 5917
f 5924 5923 5922 5925
f 5926 5924 5925 5927
f 5924 5926 5928 5929
f 5923 5924 5929 5917
f 5930 5929 5928 5931
f 5897 5930 5931 5899
f 5930 5897 5893 5913
f 5929 5930 5913 5917
f 5932 5933 5934 5935
f 5936 5932 5935 5937
f 5932 5936 5938 5939
f 5933 5932 5939 5940
f 5941 5933 5940 5942
f 5943 5941 5942 5944
f 5941 5943 5945 5946
f 5933 5941 5946 5934
f 5947 5946 5945 5948
f 5949 5947 5948 5950
f 5947 5949 5951 5952
f 5946 5947 5952 5934
f 5953 5952 5951 5954
f 5955 5953 5954 5956
f 5953 5955 5937 5935
f 5952 5953 5935 5934
f 5957 5958 5940 5939
f 5959 5957 5939 5938
f 5957 5959 5960 5961
f 5958 5957 5961 5962
f 5963 5961 5960 5964
f 5965 5963 5964 5966
f 5963 5965 5967 5968
f 5961 5963 5968 5962
f 5969 5968 5967 5970
f 5971 5969 5970 5972
f 5969 5971 5973 5974
f 5968 5969 5974 5962
f 5975 5974 5973 5976
f 5942 5975 5976 5944
f 5975 5942 5940 5958
f 5974 5975 5958 5962
f 5977 5978 5979 5980
f 5981 5977 5980 5982
f 5977 5981 5983 5984
f 5978 5977 5984 5985
f 5986 5984 5983 5987
f 5988 5986 5987 5989
f 5986 5988 5990 5991
f 5984 5986 5991 5985
f 5992 5991 5990 5993
f 5994 5992 5993 5995
f 5992 5994 5996 5997
f 5991 5992 5997 5985
f 5998 5999 6000 6001
f 5978 5998 6001 5979
f 5998 5978 5985 5997
f 5999 5998 5997 5996
f 6002 6003 6004 6005
f 6006 6002 6005 6007
f 6002 6006 6008 6009
f 6003 6002 6009 6010
f 6011 6009 6008 6012
f 6013 6011 6012 6014
f 6011 6013 6015 6016
f 6009 6011 6016 6010
f 6017 6016 6015 6018
f 5999 6017 6018 6000
f 6017 5999 5996 6019
f 6016 6017 6019 6010
f 6020 6019 5996 5994
f 6021 6020 5994 5995
f 6020 6021 6004 6003
f 6019 6020 6003 6010
f 6022 6023 6024 6025
f 6026 6022 6025 6027
f 6022 6026 6028 6029
f 6023 6022 6029 6030
f 6031 6029 6028 6032
f 6033 6031 6032 6034
f 6031 6033 6035 6036
f 6029 6031 6036 6030
f 6037 6036 6035 6038
f 6039 6037 6038 6040
f 6037 6039 6041 6042
f 6036 6037 6042 6030
f 6043 6042 6041 6044
f 6045 6043 6044 6046
f 6043 6045 6024 6023
f 6042 6043 6023 6030
f 6047 6048 6049 6050
f 6051 6047 6050 6052
f 6047 6051 6053 6054
f 6048 6047 6054 6055
f 6056 6054 6053 6057
f 6058 6056 6057 6059
f 6056 6058 6060 6061
f 6054 6056 6061 6055
f 6062 6061 6060 6063
f 6064 6062 6063 6065
f 6062 6064 6066 6067
f 6061 6062 6067 6055
f 6068 6067 6066 6069
f 6070 6068 6069 6071
f 6068 6070 6049 6048
f 6067 6068 6048 6055
f 6072 6073 6074 6075
f 6076 6072 6075 6077
f 6072 6076 6078 6079
f 6073 6072 6079 6080
f 6081 6079 6078 6082
f 6083 6081 6082 6084
f 6081 6083 6085 6086
f 6079 6081 6086 6080
f 6087 6086 6085 6088
f 6069 6087 6088 6071
f 6087 6069 6066 6089
f 6086 6087 6089 6080
f 6090 6089 6066 6064
f 6091 6090 6064 6065
f 6090 6091 6074 6073
f 6089 6090 6073 6080
f 6092 6093 6094 6095
f 6096 6092 6095 6097
f 6092 6096 6098 6099
f 6093 6092 6099 6100
f 6101 6099 6098 6102
f 6103 6101 6102 6104
f 6101 6103 6105 6106
f 6099 6101 6106 6100
f 6107 6106 6105 6108
f 6109 6107 6108 6110
f 6107 6109 6111 6112
f 6106 6107 6112 6100
f 6113 6112 6111 6114
f 6115 6113 6114 6116
f 6113 6115 6094 6093
f 6112 6113 6093 6100
f 6117 6118 6119 6120
f 6121 6117 6120 6122
f 6117 6121 6123 6124
f 6118 6117 6124 6125
f 6126 6124 6123 6127
f 6128 6126 6127 6129
f 6126 6128 6130 6131
f 6124 6126 6131 6125
f 6132 6131 6130 6133
f 6108 6132 6133 6110
f 6132 6108 6105 6134
f 6131 6132 6134 6125
f 6135 6134 6105 6103
f 6136 6135 6103 6104
f 6135 6136 6119 6118
f 6134 6135 6118 6125
f 6137 6138 6139 6140
f 6141 6137 6140 6142
f 6137 6141 6143 6144
f 6138 6137 6144 6145
f 6146 6144 6143 6147
f 6148 6146 6147 6149
f 6146 6148 6150 6151
f 6144 6146 6151 6145
f 6152 6151 6150 6153
f 6154 6152 6153 6155
f 6152 6154 6156 6157
f 6151 6152 6157 6145
f 6158 6159 6160 6161
f 6138 6158 6161 6139
f 6158 6138 6145 6157
f 6159 6158 6157 6156
f 6162 6163 6164 6165
f 6166 6162 6165 6167
f 6162 6166 6168 6169
f 6163 6162 6169 6170
f 6171 6169 6168 6172
f 6173 6171 6172 6174
f 6171 6173 6175 6176
f 6169 6171 6176 6170
f 6177 6176 6175 6178
f 6159 6177 6178 6160
f 6177 6159 6156 6179
f 6176 6177 6179 6170
f 6180 6179 6156 6154
f 6181 6180 6154 6155
f 6180 6181 6164 6163
f 6179 6180 6163 6170
f 6182 6183 6184 6185
f 6186 6182 6185 6187
f 6182 6186 6188 6189
f 6183 6182 6189 6190
f 6191 6183 6190 6192
f 6193 6191 6192 6194
f 6191 6193 6195 6196
f 6183 6191 6196 6184
f 6197 6196 6195 6198
f 6199 6197 6198 6200
f 6197 6199 6201 6202
f 6196 6197 6202 6184
f 6203 6202 6201 6204
f 6205 6203 6204 6206
f 6203 6205 6187 6185
f 6202 6203 6185 6184
f 6207 6208 6190 6189
f 6209 6207 6189 6188
f 6207 6209 6210 6211
f 6208 6207 6211 6212
f 6213 6211 6210 6214
f 6215 6213 6214 6216
f 6213 6215 6217 6218
f 6211 6213 6218 6212
f 6219 6218 6217 6220
f 6221 6219 6220 6222
f 6219 6221 6223 6224
f 6218 6219 6224 6212
f 6225 6224 6223 6226
f 6192 6225 6226 6194
f 6225 6192 6190 6208
f 6224 6225 6208 6212
f 6227 6228 6229 6230
f 6231 6227 6230 6232
f 6227 6231 6233 6234
f 6228 6227 6234 6235
f 6236 6234 6233 6237
f 6238 6236 6237 6239
f 6236 6238 6240 6241
f 6234 6236 6241 6235
f 6242 6241 6240 6243
f 6244 6242 6243 6245
f 6242 6244 6246 6247
f 6241 6242 6247 6235
f 6248 6247 6246 6249
f 6250 6248 6249 6251
f 6248 6250 6229 6228
f 6247 6248 6228 6235
f 6252 6253 6254 6255
f 6256 6252 6255 6257
f 6252 6256 6258 6259
f 6253 6252 6259 6260
f 6261 6259 6258 6262
f 6263 6261 6262 6264
f 6261 6263 6265 6266
f 6259 6261 6266 6260
f 6267 6266 6265 6268
f 6269 6267 6268 6270
f 6267 6269 6271 6272
f 6266 6267 6272 6260
f 6273 6272 6271 6274
f 6275 6273 6274 6276
f 6273 6275 6254 6253
f 6272 6273 6253 6260
f 6277 6278 6254 6275
f 6279 6277 6275 6276
f 6277 6279 6280 6281
f 6278 6277 6281 6282
f 6283 6281 6280 6284
f 6285 6283 6284 6286
f 6283 6285 6287 6288
f 6281 6283 6288 6282
f 6289 6288 6287 6290
f 6291 6289 6290 6292
f 6289 6291 6293 6294
f 6288 6289 6294 6282
f 6295 6294 6293 6296
f 6255 6295 6296 6257
f 6295 6255 6254 6278
f 6294 6295 6278 6282
f 6297 6298 6299 6300
f 6301 6297 6300 6302
f 6297 6301 6303 6304
f 6298 6297 6304 6305
f 6306 6301 6302 6307
f 6308 6306 6307 6309
f 6306 6308 6310 6311
f 6301 6306 6311 6303
f 6312 6313 6314 6315
f 6316 6312 6315 6317
f 6312 6316 6318 6319
f 6313 6312 6319 6320
f 6321 6316 6317 6322
f 6323 6321 6322 6324
f 6321 6323 6325 6326
f 6316 6321 6326 6318
f 6327 6323 6324 6328
f 6329 6327 6328 6330
f 6327 6329 6331 6332
f 6323 6327 6332 6325
f 6333 6329 6330 6334
f 6335 6333 6334 6336
f 6333 6335 6337 6338
f 6329 6333 6338 6331
f 6339 6340 6341 6342
f 6343 6339 6342 6344
f 6339 6343 6345 6346
f 6340 6339 6346 6347
f 6348 6343 6344 6349
f 6350 6348 6349 6351
f 6348 6350 6352 6353
f 6343 6348 6353 6345
f 6354 6355 6356 6357
f 6358 6354 6357 6359
f 6354 6358 6360 6361
f 6355 6354 6361 6362
f 6363 6358 6359 6364
f 6365 6363 6364 6366
f 6363 6365 6367 6368
f 6358 6363 6368 6360
f 6369 6365 6366 6370
f 6371 6369 6370 6372
f 6369 6371 6373 6374
f 6365 6369 6374 6367
f 6375 6371 6372 6376
f 6377 6375 6376 6378
f 6375 6377 6379 6380
f 6371 6375 6380 6373
f 6381 6382 6383 6384
f 6385 6381 6384 6386
f 6381 6385 6387 6388
f 6382 6381 6388 6389
f 6390 6385 6386 6391
f 6392 6390 6391 6393
f 6390 6392 6394 6395
f 6385 6390 6395 6387
f 6396 6397 6398 6399
f 6400 6396 6399 6401
f 6396 6400 6402 6403
f 6397 6396 6403 6404
f 6405 6400 6401 6406
f 6407 6405 6406 6408
f 6405 6407 6409 6410
f 6400 6405 6410 6402
f 6411 6407 6408 6412
f 6413 6411 6412 6414
f 6411 6413 6415 6416
f 6407 6411 6416 6409
f 6417 6413 6414 6418
f 6419 6417 6418 6420
f 6417 6419 6421 6422
f 6413 6417 6422 6415
f 6423 6424 6425 6426
f 6427 6423 6426 6428
f 6423 6427 6429 6430
f 6424 6423 6430 6431
f 6432 6427 6428 6433
f 6434 6432 6433 6435
f 6432 6434 6436 6437
f 6427 6432 6437 6429
f 6438 6439 6440 6441
f 6442 6438 6441 6443
f 6438 6442 6444 6445
f 6439 6438 6445 6446
f 6447 6442 6443 6448
f 6449 6447 6448 6450
f 6447 6449 6451 6452
f 6442 6447 6452 6444
f 6453 6449 6450 6454
f 6455 6453 6454 6456
f 6453 6455 6457 6458
f 6449 6453 6458 6451
f 6459 6455 6456 6460
f 6461 6459 6460 6462
f 6459 6461 6463 6464
f 6455 6459 6464 6457
f 6465 6466 6467 6468
f 6469 6465 6468 6470
f 6465 6469 6471 6472
f 6466 6465 6472 6473
f 6474 6469 6470 6475
f 6476 6474 6475 6477
f 6474 6476 6478 6479
f 6469 6474 6479 6471
f 6480 6481 6482 6483
f 6484 6480 6483 6485
f 6480 6484 6486 6487
f 6481 6480 6487 6488
f 6489 6484 6485 6490
f 6491 6489 6490 6492
f 6489 6491 6493 6494
f 6484 6489 6494 6486
f 6495 6491 6492 6496
f 6497 6495 6496 6498
f 6495 6497 6499 6500
f 6491 6495 6500 6493
f 6501 6497 6498 6502
f 6503 6501 6502 6504
f 6501 6503 6505 6506
f 6497 6501 6506 6499
f 6507 6508 6509 6510
f 6511 6507 6510 6512
f 6507 6511 6513 6514
f 6508 6507 6514 6515
f 6516 6511 6512 6517
f 6518 6516 6517 6519
f 6516 6518 6520 6521
f 6511 6516 6521 6513
f 6522 6523 6524 6525
f 6526 6522 6525 6527
f 6522 6526 6528 6529
f 6523 6522 6529 6530
f 6531 6526 6527 6532
f 6533 6531 6532 6534
f 6531 6533 6535 6536
f 6526 6531 6536 6528
f 6537 6533 6534 6538
f 6539 6537 6538 6540
f 6537 6539 6541 6542
f 6533 6537 6542 6535
f 6543 6539 6540 6544
f 6545 6543 6544 6546
f 6543 6545 6547 6548
f 6539 6543 6548 6541
f 6549 6550 6551 6552
f 6553 6549 6552 6554
f 6549 6553 6555 6556
f 6550 6549 6556 6557
f 6558 6553 6554 6559
f 6560 6558 6559 6561
f 6558 6560 6562 6563
f 6553 6558 6563 6555
f 6564 6565 6566 6567
f 6568 6564 6567 6569
f 6564 6568 6570 6571
f 6565 6564 6571 6572
f 6573 6568 6569 6574
f 6575 6573 6574 6576
f 6573 6575 6577 6578
f 6568 6573 6578 6570
f 6579 6580 6581 6582
f 6583 6579 6582 6584
f 6579 6583 6585 6586
f 6580 6579 6586 6587
f 6588 6583 6584 6589
f 6590 6588 6589 6591
f 6588 6590 6592 6593
f 6583 6588 6593 6585
f 6594 6595 6596 6597
f 6598 6594 6597 6599
f 6594 6598 6600 6601
f 6595 6594 6601 6602
f 6603 6598 6599 6604
f 6605 6603 6604 6606
f 6603 6605 6607 6608
f 6598 6603 6608 6600
f 6609 6610 6611 6612
f 6613 6609 6612 6614
f 6609 6613 6615 6616
f 6610 6609 6616 6617
f 6618 6613 6614 6619
f 6620 6618 6619 6621
f 6618 6620 6622 6623
f 6613 6618 6623 6615
f 6624 6625 6626 6627
f 6628 6624 6627 6629
f 6624 6628 6630 6631
f 6625 6624 6631 6632
f 6633 6628 6629 6634
f 6635 6633 6634 6636
f 6633 6635 6637 6638
f 6628 6633 6638 6630
f 6639 6635 6636 6640
f 6641 6639 6640 6642
f 6639 6641 6643 6644
f 6635 6639 6644 6637
f 6645 6641 6642 6646
f 6647 6645 6646 6648
f 6645 6647 6649 6650
f 6641 6645 6650 6643
f 6651 6652 6653 6654
f 6655 6651 6654 6656
f 6651 6655 6657 6658
f 6652 6651 6658 6659
f 6660 6655 6656 6661
f 6662 6660 6661 6663
f 6660 6662 6664 6665
f 6655 6660 6665 6657
f 6666 6667 6668 6669
f 6670 6666 6669 6671
f 6666 6670 6672 6673
f 6667 6666 6673 6674
f 6675 6670 6671 6676
f 6677 6675 6676 6678
f 6675 6677 6679 6680
f 6670 6675 6680 6672
f 6681 6677 6678 6682
f 6683 6681 6682 6684
f 6681 6683 6685 6686
f 6677 6681 6686 6679
f 6687 6683 6684 6688
f 6689 6687 6688 6690
f 6687 6689 6691 6692
f 6683 6687 6692 6685
f 6693 6694 6695 6696
f 6697 6693 6696 6698
f 6693 6697 6699 6700
f 6694 6693 6700 6701
f 6702 6697 6698 6703
f 6704 6702 6703 6705
f 6702 6704 6706 6707
f 6697 6702 6707 6699
f 6708 6709 6710 6711
f 6712 6708 6711 6713
f 6708 6712 6714 6715
f 6709 6708 6715 6716
f 6717 6712 6713 6718
f 6719 6717 6718 6720
f 6717 6719 6721 6722
f 6712 6717 6722 6714
f 6723 6719 6720 6724
f 6725 6723 6724 6726
f 6723 6725 6727 6728
f 6719 6723 6728 6721
f 6729 6725 6726 6730
f 6731 6729 6730 6732
f 6729 6731 6733 6734
f 6725 6729 6734 6727
f 6735 6736 6737 6738
f 6739 6735 6738 6740
f 6735 6739 6741 6742
f 6736 6735 6742 6743
f 6744 6739 6740 6745
f 6746 6744 6745 6747
f 6744 6746 6748 6749
f 6739 6744 6749 6741
f 6750 6751 6752 6753
f 6754 6750 6753 6755
f 6750 6754 6756 6757
f 6751 6750 6757 6758
f 6759 6754 6755 6760
f 6761 6759 6760 6762
f 6759 6761 6763 6764
f 6754 6759 6764 6756
f 6765 6761 6762 6766
f 6767 6765 6766 6768
f 6765 6767 6769 6770
f 6761 6765 6770 6763
f 6771 6767 6768 6772
f 6773 6771 6772 6774
f 6771 6773 6775 6776
f 6767 6771 6776 6769
f 6777 6778 6779 6780
f 6781 6777 6780 6782
f 6777 6781 6783 6784
f 6778 6777 6784 6785
f 6786 6781 6782 6787
f 6788 6786 6787 6789
f 6786 6788 6790 6791
f 6781 6786 6791 6783
f 6792 6793 6794 6795
f 6796 6792 6795 6797
f 6792 6796 6798 6799
f 6793 6792 6799 6800
f 6801 6796 6797 6802
f 6803 6801 6802 6804
f 6801 6803 6805 6806
f 6796 6801 6806 6798
f 6807 6803 6804 6808
f 6809 6807 6808 6810
f 6807 6809 6811 6812
f 6803 6807 6812 6805
f 6813 6809 6810 6814
f 6815 6813 6814 6816
f 6813 6815 6817 6818
f 6809 6813 6818 6811
f 6819 6820 6821 6822
f 6823 6819 6822 6824
f 6819 6823 6825 6826
f 6820 6819 6826 6827
f 6828 6823 6824 6829
f 6830 6828 6829 6831
f 6828 6830 6832 6833
f 6823 6828 6833 6825
f 6834 6835 6836 6837
f 6838 6834 6837 6839
f 6834 6838 6840 6841
f 6835 6834 6841 6842
f 6843 6838 6839 6844
f 6845 6843 6844 6846
f 6843 6845 6847 6848
f 6838 6843 6848 6840
f 6849 6845 6846 6850
f 6851 6849 6850 6852
f 6849 6851 6853 6854
f 6845 6849 6854 6847
f 6855 6851 6852 6856
f 6857 6855 6856 6858
f 6855 6857 6859 6860
f 6851 6855 6860 6853
f 6861 6862 6863 6864
f 6865 6861 6864 6866
f 6861 6865 6867 6868
f 6862 6861 6868 6869
f 6870 6865 6866 6871
f 6872 6870 6871 6873
f 6870 6872 6874 6875
f 6865 6870 6875 6867
f 6876 6877 6878 6879
f 6880 6876 6879 6881
f 6876 6880 6882 6883
f 6877 6876 6883 6884
f 6885 6880 6881 6886
f 6887 6885 6886 6888
f 6885 6887 6889 6890
f 6880 6885 6890 6882
f 6891 6887 6888 6892
f 6893 6891 6892 6894
f 6891 6893 6895 6896
f 6887 6891 6896 6889
f 6897 6893 6894 6898
f 6899 6897 6898 6900
f 6897 6899 6901 6902
f 6893 6897 6902 6895
f 6903 6904 6905 6906
f 6907 6903 6906 6908
f 6903 6907 6909 6910
f 6904 6903 6910 6911
f 6912 6907 6908 6913
f 6914 6912 6913 6915
f 6912 6914 6916 6917
f 6907 6912 6917 6909
f 6918 6919 6920 6921
f 6922 6918 6921 6923
f 6918 6922 6924 6925
f 6919 6918 6925 6926
f 6927 6922 6923 6928
f 6929 6927 6928 6930
f 6927 6929 6931 6932
f 6922 6927 6932 6924
f 6933 6929 6930 6934
f 6935 6933 6934 6936
f 6933 6935 6937 6938
f 6929 6933 6938 6931
f 6939 6935 6936 6940
f 6941 6939 6940 6942
f 6939 6941 6943 6944
f 6935 6939 6944 6937
f 6945 6946 6947 6948
f 6949 6945 6948 6950
f 6945 6949 6951 6952
f 6946 6945 6952 6953
f 6954 6949 6950 6955
f 6956 6954 6955 6957
f 6954 6956 6958 6959
f 6949 6954 6959 6951
f 6960 6961 6962 6963
f 6964 6960 6963 6965
f 6960 6964 6966 6967
f 6961 6960 6967 6968
f 6969 6964 6965 6970
f 6971 6969 6970 6972
f 6969 6971 6973 6974
f 6964 6969 6974 6966
f 6975 6976 6977 6978
f 6979 6975 6978 6980
f 6975 6979 6981 6982
f 6976 6975 6982 6983
f 6984 6979 6980 6985
f 6986 6984 6985 6987
f 6984 6986 6988 6989
f 6979 6984 6989 6981
f 6990 6991 6992 6993
f 6994 6990 6993 6995
f 6990 6994 6996 6997
f 6991 6990 6997 6998
f 6999 6994 6995 7000
f 7001 6999 7000 7002
f 6999 7001 7003 7004
f 6994 6999 7004 6996
f 7005 7006 7007 7008
f 7009 7005 7008 7010
f 7005 7009 7011 7012
f 7006 7005 7012 7013
f 7014 7009 7010 7015
f 7016 7014 7015 7017
f 7014 7016 7018 7019
f 7009 7014 7019 7011
f 7020 7021 7022 7023
f 7024 7020 7023 7025
f 7020 7024 7026 7027
f 7021 7020 7027 7028
f 7029 7024 7025 7030
f 7031 7029 7030 7032
f 7029 7031 7033 7034
f 7024 7029 7034 7026
f 7035 7031 7032 7036
f 7037 7035 7036 7038
f 7035 7037 7039 7040
f 7031 7035 7040 7033
f 7041 7037 7038 7042
f 7043 7041 7042 7044
f 7041 7043 7045 7046
f 7037 7041 7046 7039
f 7047 7048 7049 7050
f 7051 7047 7050 7052
f 7047 7051 7053 7054
f 7048 7047 7054 7055
f 7056 7051 7052 7057
f 7058 7056 7057 7059
f 7056 7058 7060 7061
f 7051 7056 7061 7053
f 7062 7063 7064 7065
f 7066 7062 7065 7067
f 7062 7066 7068 7069
f 7063 7062 7069 7070
f 7071 7066 7067 7072
f 7073 7071 7072 7074
f 7071 7073 7075 7076
f 7066 7071 7076 7068
f 7077 7073 7074 7078
f 7079 7077 7078 7080
f 7077 7079 7081 7082
f 7073 7077 7082 7075
f 7083 7079 7080 7084
f 7085 7083 7084 7086
f 7083 7085 7087 7088
f 7079 7083 7088 7081
f 7089 7090 6379 7091
f 7092 7089 7091 6305
f 7089 7092 5905 7090
f 7093 7094 6310 7095
f 7096 7093 7095 6320
f 7093 7096 5911 7094
f 7097 7098 6337 7099
f 7100 7097 7099 6347
f 7097 7100 5921 7098
f 7101 7102 6352 7103
f 7104 7101 7103 6362
f 7101 7104 5927 7102
f 7105 7106 6463 7107
f 7108 7105 7107 6389
f 7105 7108 5966 7106
f 7109 7110 6394 7111
f 7112 7109 7111 6404
f 7109 7112 5972 7110
f 7113 7114 6421 7115
f 7116 7113 7115 6431
f 7113 7116 5950 7114
f 7117 7118 6436 7119
f 7120 7117 7119 6446
f 7117 7120 5956 7118
f 7121 7122 6547 7123
f 7124 7121 7123 6473
f 7121 7124 6007 7122
f 7125 7126 6478 7127
f 7128 7125 7127 6488
f 7125 7128 6014 7126
f 7129 7130 6505 7131
f 7132 7129 7131 6515
f 7129 7132 5982 7130
f 7133 7134 6520 7135
f 7136 7133 7135 6530
f 7133 7136 5989 7134
f 7137 7138 6607 7139
f 7140 7137 7139 6557
f 7137 7140 6046 7138
f 7141 7142 6562 7143
f 7144 7141 7143 6572
f 7141 7144 6027 7142
f 7145 7146 6577 7147
f 7148 7145 7147 6587
f 7145 7148 6034 7146
f 7149 7150 6592 7151
f 7152 7149 7151 6602
f 7149 7152 6040 7150
f 7153 7154 6691 7155
f 7156 7153 7155 6617
f 7153 7156 6077 7154
f 7157 7158 6622 7159
f 7160 7157 7159 6632
f 7157 7160 6084 7158
f 7161 7162 6649 7163
f 7164 7161 7163 6659
f 7161 7164 6052 7162
f 7165 7166 6664 7167
f 7168 7165 7167 6674
f 7165 7168 6059 7166
f 7169 7170 6775 7171
f 7172 7169 7171 6701
f 7169 7172 6116 7170
f 7173 7174 6706 7175
f 7176 7173 7175 6716
f 7173 7176 6097 7174
f 7177 7178 6733 7179
f 7180 7177 7179 6743
f 7177 7180 6122 7178
f 7181 7182 6748 7183
f 7184 7181 7183 6758
f 7181 7184 6129 7182
f 7185 7186 6859 7187
f 7188 7185 7187 6785
f 7185 7188 6167 7186
f 7189 7190 6790 7191
f 7192 7189 7191 6800
f 7189 7192 6174 7190
f 7193 7194 6817 7195
f 7196 7193 7195 6827
f 7193 7196 6142 7194
f 7197 7198 6832 7199
f 7200 7197 7199 6842
f 7197 7200 6149 7198
f 7201 7202 6943 7203
f 7204 7201 7203 6869
f 7201 7204 6216 7202
f 7205 7206 6874 7207
f 7208 7205 7207 6884
f 7205 7208 6222 7206
f 7209 7210 6901 7211
f 7212 7209 7211 6911
f 7209 7212 6200 7210
f 7213 7214 6916 7215
f 7216 7213 7215 6926
f 7213 7216 6206 7214
f 7217 7218 7003 7219
f 7220 7217 7219 6953
f 7217 7220 6245 7218
f 7221 7222 6958 7223
f 7224 7221 7223 6968
f 7221 7224 6251 7222
f 7225 7226 6973 7227
f 7228 7225 7227 6983
f 7225 7228 6232 7226
f 7229 7230 6988 7231
f 7232 7229 7231 6998
f 7229 7232 6239 7230
f 7233 7234 7087 7235
f 7236 7233 7235 7013
f 7233 7236 6286 7234
f 7237 7238 7018 7239
f 7240 7237 7239 7028
f 7237 7240 6292 7238
f 7241 7242 7045 7243
f 7244 7241 7243 7055
f 7241 7244 6264 7242
f 7245 7246 7060 7247
f 7248 7245 7247 7070
f 7245 7248 6270 7246
f 7249 5904 5905 7092
f 6304 7249 7092 6305
f 7249 6304 6303 7250
f 5904 7249 7250 5906
f 7251 5909 5906 7250
f 6311 7251 7250 6303
f 7251 6311 6310 7094
f 5909 7251 7094 5911
f 7252 5910 5911 7096
f 6319 7252 7096 6320
f 7252 6319 6318 7253
f 5910 7252 7253 5889
f 7254 5890 5889 7253
f 6326 7254 7253 6318
f 7254 6326 6325 7255
f 5890 7254 7255 5892
f 7256 5914 5892 7255
f 6332 7256 7255 6325
f 7256 6332 6331 7257
f 5914 7256 7257 5915
f 7258 5919 5915 7257
f 6338 7258 7257 6331
f 7258 6338 6337 7098
f 5919 7258 7098 5921
f 7259 5920 5921 7100
f 6346 7259 7100 6347
f 7259 6346 6345 7260
f 5920 7259 7260 5922
f 7261 5925 5922 7260
f 6353 7261 7260 6345
f 7261 6353 6352 7102
f 5925 7261 7102 5927
f 7262 5926 5927 7104
f 6361 7262 7104 6362
f 7262 6361 6360 7263
f 5926 7262 7263 5928
f 7264 5931 5928 7263
f 6368 7264 7263 6360
f 7264 6368 6367 7265
f 5931 7264 7265 5899
f 7266 5898 5899 7265
f 6374 7266 7265 6367
f 7266 6374 6373 7267
f 5898 7266 7267 5900
f 7268 5903 5900 7267
f 6380 7268 7267 6373
f 7268 6380 6379 7090
f 5903 7268 7090 5905
f 7269 6377 6378 7270
f 6298 7269 7270 6299
f 7269 6298 6305 7091
f 6377 7269 7091 6379
f 7271 6308 6309 7272
f 6313 7271 7272 6314
f 7271 6313 6320 7095
f 6308 7271 7095 6310
f 7273 6335 6336 7274
f 6340 7273 7274 6341
f 7273 6340 6347 7099
f 6335 7273 7099 6337
f 7275 6350 6351 7276
f 6355 7275 7276 6356
f 7275 6355 6362 7103
f 6350 7275 7103 6352
f 7277 5965 5966 7108
f 6388 7277 7108 6389
f 7277 6388 6387 7278
f 5965 7277 7278 5967
f 7279 5970 5967 7278
f 6395 7279 7278 6387
f 7279 6395 6394 7110
f 5970 7279 7110 5972
f 7280 5971 5972 7112
f 6403 7280 7112 6404
f 7280 6403 6402 7281
f 5971 7280 7281 5973
f 7282 5976 5973 7281
f 6410 7282 7281 6402
f 7282 6410 6409 7283
f 5976 7282 7283 5944
f 7284 5943 5944 7283
f 6416 7284 7283 6409
f 7284 6416 6415 7285
f 5943 7284 7285 5945
f 7286 5948 5945 7285
f 6422 7286 7285 6415
f 7286 6422 6421 7114
f 5948 7286 7114 5950
f 7287 5949 5950 7116
f 6430 7287 7116 6431
f 7287 6430 6429 7288
f 5949 7287 7288 5951
f 7289 5954 5951 7288
f 6437 7289 7288 6429
f 7289 6437 6436 7118
f 5954 7289 7118 5956
f 7290 5955 5956 7120
f 6445 7290 7120 6446
f 7290 6445 6444 7291
f 5955 7290 7291 5937
f 7292 5936 5937 7291
f 6452 7292 7291 6444
f 7292 6452 6451 7293
f 5936 7292 7293 5938
f 7294 5959 5938 7293
f 6458 7294 7293 6451
f 7294 6458 6457 7295
f 5959 7294 7295 5960
f 7296 5964 5960 7295
f 6464 7296 7295 6457
f 7296 6464 6463 7106
f 5964 7296 7106 5966
f 7297 6461 6462 7298
f 6382 7297 7298 6383
f 7297 6382 6389 7107
f 6461 7297 7107 6463
f 7299 6392 6393 7300
f 6397 7299 7300 6398
f 7299 6397 6404 7111
f 6392 7299 7111 6394
f 7301 6419 6420 7302
f 6424 7301 7302 6425
f 7301 6424 6431 7115
f 6419 7301 7115 6421
f 7303 6434 6435 7304
f 6439 7303 7304 6440
f 7303 6439 6446 7119
f 6434 7303 7119 6436
f 7305 6006 6007 7124
f 6472 7305 7124 6473
f 7305 6472 6471 7306
f 6006 7305 7306 6008
f 7307 6012 6008 7306
f 6479 7307 7306 6471
f 7307 6479 6478 7126
f 6012 7307 7126 6014
f 7308 6013 6014 7128
f 6487 7308 7128 6488
f 7308 6487 6486 7309
f 6013 7308 7309 6015
f 7310 6018 6015 7309
f 6494 7310 7309 6486
f 7310 6494 6493 7311
f 6018 7310 7311 6000
f 7312 6001 6000 7311
f 6500 7312 7311 6493
f 7312 6500 6499 7313
f 6001 7312 7313 5979
f 7314 5980 5979 7313
f 6506 7314 7313 6499
f 7314 6506 6505 7130
f 5980 7314 7130 5982
f 7315 5981 5982 7132
f 6514 7315 7132 6515
f 7315 6514 6513 7316
f 5981 7315 7316 5983
f 7317 5987 5983 7316
f 6521 7317 7316 6513
f 7317 6521 6520 7134
f 5987 7317 7134 5989
f 7318 5988 5989 7136
f 6529 7318 7136 6530
f 7318 6529 6528 7319
f 5988 7318 7319 5990
f 7320 5993 5990 7319
f 6536 7320 7319 6528
f 7320 6536 6535 7321
f 5993 7320 7321 5995
f 7322 6021 5995 7321
f 6542 7322 7321 6535
f 7322 6542 6541 7323
f 6021 7322 7323 6004
f 7324 6005 6004 7323
f 6548 7324 7323 6541
f 7324 6548 6547 7122
f 6005 7324 7122 6007
f 7325 6545 6546 7326
f 6466 7325 7326 6467
f 7325 6466 6473 7123
f 6545 7325 7123 6547
f 7327 6476 6477 7328
f 6481 7327 7328 6482
f 7327 6481 6488 7127
f 6476 7327 7127 6478
f 7329 6503 6504 7330
f 6508 7329 7330 6509
f 7329 6508 6515 7131
f 6503 7329 7131 6505
f 7331 6518 6519 7332
f 6523 7331 7332 6524
f 7331 6523 6530 7135
f 6518 7331 7135 6520
f 7333 6045 6046 7140
f 6556 7333 7140 6557
f 7333 6556 6555 7334
f 6045 7333 7334 6024
f 7335 6025 6024 7334
f 6563 7335 7334 6555
f 7335 6563 6562 7142
f 6025 7335 7142 6027
f 7336 6026 6027 7144
f 6571 7336 7144 6572
f 7336 6571 6570 7337
f 6026 7336 7337 6028
f 7338 6032 6028 7337
f 6578 7338 7337 6570
f 7338 6578 6577 7146
f 6032 7338 7146 6034
f 7339 6033 6034 7148
f 6586 7339 7148 6587
f 7339 6586 6585 7340
f 6033 7339 7340 6035
f 7341 6038 6035 7340
f 6593 7341 7340 6585
f 7341 6593 6592 7150
f 6038 7341 7150 6040
f 7342 6039 6040 7152
f 6601 7342 7152 6602
f 7342 6601 6600 7343
f 6039 7342 7343 6041
f 7344 6044 6041 7343
f 6608 7344 7343 6600
f 7344 6608 6607 7138
f 6044 7344 7138 6046
f 7345 6605 6606 7346
f 6550 7345 7346 6551
f 7345 6550 6557 7139
f 6605 7345 7139 6607
f 7347 6560 6561 7348
f 6565 7347 7348 6566
f 7347 6565 6572 7143
f 6560 7347 7143 6562
f 7349 6575 6576 7350
f 6580 7349 7350 6581
f 7349 6580 6587 7147
f 6575 7349 7147 6577
f 7351 6590 6591 7352
f 6595 7351 7352 6596
f 7351 6595 6602 7151
f 6590 7351 7151 6592
f 7353 6076 6077 7156
f 6616 7353 7156 6617
f 7353 6616 6615 7354
f 6076 7353 7354 6078
f 7355 6082 6078 7354
f 6623 7355 7354 6615
f 7355 6623 6622 7158
f 6082 7355 7158 6084
f 7356 6083 6084 7160
f 6631 7356 7160 6632
f 7356 6631 6630 7357
f 6083 7356 7357 6085
f 7358 6088 6085 7357
f 6638 7358 7357 6630
f 7358 6638 6637 7359
f 6088 7358 7359 6071
f 7360 6070 6071 7359
f 6644 7360 7359 6637
f 7360 6644 6643 7361
f 6070 7360 7361 6049
f 7362 6050 6049 7361
f 6650 7362 7361 6643
f 7362 6650 6649 7162
f 6050 7362 7162 6052
f 7363 6051 6052 7164
f 6658 7363 7164 6659
f 7363 6658 6657 7364
f 6051 7363 7364 6053
f 7365 6057 6053 7364
f 6665 7365 7364 6657
f 7365 6665 6664 7166
f 6057 7365 7166 6059
f 7366 6058 6059 7168
f 6673 7366 7168 6674
f 7366 6673 6672 7367
f 6058 7366 7367 6060
f 7368 6063 6060 7367
f 6680 7368 7367 6672
f 7368 6680 6679 7369
f 6063 7368 7369 6065
f 7370 6091 6065 7369
f 6686 7370 7369 6679
f 7370 6686 6685 7371
f 6091 7370 7371 6074
f 7372 6075 6074 7371
f 6692 7372 7371 6685
f 7372 6692 6691 7154
f 6075 7372 7154 6077
f 7373 6689 6690 7374
f 6610 7373 7374 6611
f 7373 6610 6617 7155
f 6689 7373 7155 6691
f 7375 6620 6621 7376
f 6625 7375 7376 6626
f 7375 6625 6632 7159
f 6620 7375 7159 6622
f 7377 6647 6648 7378
f 6652 7377 7378 6653
f 7377 6652 6659 7163
f 6647 7377 7163 6649
f 7379 6662 6663 7380
f 6667 7379 7380 6668
f 7379 6667 6674 7167
f 6662 7379 7167 6664
f 7381 6115 6116 7172
f 6700 7381 7172 6701
f 7381 6700 6699 7382
f 6115 7381 7382 6094
f 7383 6095 6094 7382
f 6707 7383 7382 6699
f 7383 6707 6706 7174
f 6095 7383 7174 6097
f 7384 6096 6097 7176
f 6715 7384 7176 6716
f 7384 6715 6714 7385
f 6096 7384 7385 6098
f 7386 6102 6098 7385
f 6722 7386 7385 6714
f 7386 6722 6721 7387
f 6102 7386 7387 6104
f 7388 6136 6104 7387
f 6728 7388 7387 6721
f 7388 6728 6727 7389
f 6136 7388 7389 6119
f 7390 6120 6119 7389
f 6734 7390 7389 6727
f 7390 6734 6733 7178
f 6120 7390 7178 6122
f 7391 6121 6122 7180
f 6742 7391 7180 6743
f 7391 6742 6741 7392
f 6121 7391 7392 6123
f 7393 6127 6123 7392
f 6749 7393 7392 6741
f 7393 6749 6748 7182
f 6127 7393 7182 6129
f 7394 6128 6129 7184
f 6757 7394 7184 6758
f 7394 6757 6756 7395
f 6128 7394 7395 6130
f 7396 6133 6130 7395
f 6764 7396 7395 6756
f 7396 6764 6763 7397
f 6133 7396 7397 6110
f 7398 6109 6110 7397
f 6770 7398 7397 6763
f 7398 6770 6769 7399
f 6109 7398 7399 6111
f 7400 6114 6111 7399
f 6776 7400 7399 6769
f 7400 6776 6775 7170
f 6114 7400 7170 6116
f 7401 6773 6774 7402
f 6694 7401 7402 6695
f 7401 6694 6701 7171
f 6773 7401 7171 6775
f 7403 6704 6705 7404
f 6709 7403 7404 6710
f 7403 6709 6716 7175
f 6704 7403 7175 6706
f 7405 6731 6732 7406
f 6736 7405 7406 6737
f 7405 6736 6743 7179
f 6731 7405 7179 6733
f 7407 6746 6747 7408
f 6751 7407 7408 6752
f 7407 6751 6758 7183
f 6746 7407 7183 6748
f 7409 6166 6167 7188
f 6784 7409 7188 6785
f 7409 6784 6783 7410
f 6166 7409 7410 6168
f 7411 6172 6168 7410
f 6791 7411 7410 6783
f 7411 6791 6790 7190
f 6172 7411 7190 6174
f 7412 6173 6174 7192
f 6799 7412 7192 6800
f 7412 6799 6798 7413
f 6173 7412 7413 6175
f 7414 6178 6175 7413
f 6806 7414 7413 6798
f 7414 6806 6805 7415
f 6178 7414 7415 6160
f 7416 6161 6160 7415
f 6812 7416 7415 6805
f 7416 6812 6811 7417
f 6161 7416 7417 6139
f 7418 6140 6139 7417
f 6818 7418 7417 6811
f 7418 6818 6817 7194
f 6140 7418 7194 6142
f 7419 6141 6142 7196
f 6826 7419 7196 6827
f 7419 6826 6825 7420
f 6141 7419 7420 6143
f 7421 6147 6143 7420
f 6833 7421 7420 6825
f 7421 6833 6832 7198
f 6147 7421 7198 6149
f 7422 6148 6149 7200
f 6841 7422 7200 6842
f 7422 6841 6840 7423
f 6148 7422 7423 6150
f 7424 6153 6150 7423
f 6848 7424 7423 6840
f 7424 6848 6847 7425
f 6153 7424 7425 6155
f 7426 6181 6155 7425
f 6854 7426 7425 6847
f 7426 6854 6853 7427
f 6181 7426 7427 6164
f 7428 6165 6164 7427
f 6860 7428 7427 6853
f 7428 6860 6859 7186
f 6165 7428 7186 6167
f 7429 6857 6858 7430
f 6778 7429 7430 6779
f 7429 6778 6785 7187
f 6857 7429 7187 6859
f 7431 6788 6789 7432
f 6793 7431 7432 6794
f 7431 6793 6800 7191
f 6788 7431 7191 6790
f 7433 6815 6816 7434
f 6820 7433 7434 6821
f 7433 6820 6827 7195
f 6815 7433 7195 6817
f 7435 6830 6831 7436
f 6835 7435 7436 6836
f 7435 6835 6842 7199
f 6830 7435 7199 6832
f 7437 6215 6216 7204
f 6868 7437 7204 6869
f 7437 6868 6867 7438
f 6215 7437 7438 6217
f 7439 6220 6217 7438
f 6875 7439 7438 6867
f 7439 6875 6874 7206
f 6220 7439 7206 6222
f 7440 6221 6222 7208
f 6883 7440 7208 6884
f 7440 6883 6882 7441
f 6221 7440 7441 6223
f 7442 6226 6223 7441
f 6890 7442 7441 6882
f 7442 6890 6889 7443
f 6226 7442 7443 6194
f 7444 6193 6194 7443
f 6896 7444 7443 6889
f 7444 6896 6895 7445
f 6193 7444 7445 6195
f 7446 6198 6195 7445
f 6902 7446 7445 6895
f 7446 6902 6901 7210
f 6198 7446 7210 6200
f 7447 6199 6200 7212
f 6910 7447 7212 6911
f 7447 6910 6909 7448
f 6199 7447 7448 6201
f 7449 6204 6201 7448
f 6917 7449 7448 6909
f 7449 6917 6916 7214
f 6204 7449 7214 6206
f 7450 6205 6206 7216
f 6925 7450 7216 6926
f 7450 6925 6924 7451
f 6205 7450 7451 6187
f 7452 6186 6187 7451
f 6932 7452 7451 6924
f 7452 6932 6931 7453
f 6186 7452 7453 6188
f 7454 6209 6188 7453
f 6938 7454 7453 6931
f 7454 6938 6937 7455
f 6209 7454 7455 6210
f 7456 6214 6210 7455
f 6944 7456 7455 6937
f 7456 6944 6943 7202
f 6214 7456 7202 6216
f 7457 6941 6942 7458
f 6862 7457 7458 6863
f 7457 6862 6869 7203
f 6941 7457 7203 6943
f 7459 6872 6873 7460
f 6877 7459 7460 6878
f 7459 6877 6884 7207
f 6872 7459 7207 6874
f 7461 6899 6900 7462
f 6904 7461 7462 6905
f 7461 6904 6911 7211
f 6899 7461 7211 6901
f 7463 6914 6915 7464
f 6919 7463 7464 6920
f 7463 6919 6926 7215
f 6914 7463 7215 6916
f 7465 6244 6245 7220
f 6952 7465 7220 6953
f 7465 6952 6951 7466
f 6244 7465 7466 6246
f 7467 6249 6246 7466
f 6959 7467 7466 6951
f 7467 6959 6958 7222
f 6249 7467 7222 6251
f 7468 6250 6251 7224
f 6967 7468 7224 6968
f 7468 6967 6966 7469
f 6250 7468 7469 6229
f 7470 6230 6229 7469
f 6974 7470 7469 6966
f 7470 6974 6973 7226
f 6230 7470 7226 6232
f 7471 6231 6232 7228
f 6982 7471 7228 6983
f 7471 6982 6981 7472
f 6231 7471 7472 6233
f 7473 6237 6233 7472
f 6989 7473 7472 6981
f 7473 6989 6988 7230
f 6237 7473 7230 6239
f 7474 6238 6239 7232
f 6997 7474 7232 6998
f 7474 6997 6996 7475
f 6238 7474 7475 6240
f 7476 6243 6240 7475
f 7004 7476 7475 6996
f 7476 7004 7003 7218
f 6243 7476 7218 6245
f 7477 7001 7002 7478
f 6946 7477 7478 6947
f 7477 6946 6953 7219
f 7001 7477 7219 7003
f 7479 6956 6957 7480
f 6961 7479 7480 6962
f 7479 6961 6968 7223
f 6956 7479 7223 6958
f 7481 6971 6972 7482
f 6976 7481 7482 6977
f 7481 6976 6983 7227
f 6971 7481 7227 6973
f 7483 6986 6987 7484
f 6991 7483 7484 6992
f 7483 6991 6998 7231
f 6986 7483 7231 6988
f 7485 6285 6286 7236
f 7012 7485 7236 7013
f 7485 7012 7011 7486
f 6285 7485 7486 6287
f 7487 6290 6287 7486
f 7019 7487 7486 7011
f 7487 7019 7018 7238
f 6290 7487 7238 6292
f 7488 6291 6292 7240
f 7027 7488 7240 7028
f 7488 7027 7026 7489
f 6291 7488 7489 6293
f 7490 6296 6293 7489
f 7034 7490 7489 7026
f 7490 7034 7033 7491
f 6296 7490 7491 6257
f 7492 6256 6257 7491
f 7040 7492 7491 7033
f 7492 7040 7039 7493
f 6256 7492 7493 6258
f 7494 6262 6258 7493
f 7046 7494 7493 7039
f 7494 7046 7045 7242
f 6262 7494 7242 6264
f 7495 6263 6264 7244
f 7054 7495 7244 7055
f 7495 7054 7053 7496
f 6263 7495 7496 6265
f 7497 6268 6265 7496
f 7061 7497 7496 7053
f 7497 7061 7060 7246
f 6268 7497 7246 6270
f 7498 6269 6270 7248
f 7069 7498 7248 7070
f 7498 7069 7068 7499
f 6269 7498 7499 6271
f 7500 6274 6271 7499
f 7076 7500 7499 7068
f 7500 7076 7075 7501
f 6274 7500 7501 6276
f 7502 6279 6276 7501
f 7082 7502 7501 7075
f 7502 7082 7081 7503
f 6279 7502 7503 6280
f 7504 6284 6280 7503
f 7088 7504 7503 7081
f 7504 7088 7087 7234
f 6284 7504 7234 6286
f 7505 7085 7086 7506
f 7006 7505 7506 7007
f 7505 7006 7013 7235
f 7085 7505 7235 7087
f 7507 7016 7017 7508
f 7021 7507 7508 7022
f 7507 7021 7028 7239
f 7016 7507 7239 7018
f 7509 7043 7044 7510
f 7048 7509 7510 7049
f 7509 7048 7055 7243
f 7043 7509 7243 7045
f 7511 7058 7059 7512
f 7063 7511 7512 7064
f 7511 7063 7070 7247
f 7058 7511 7247 7060
f 7513 7514 7515 7516
f 7517 7513 7516 7518
f 7513 7517 7519 7520
f 7514 7513 7520 7521
f 7522 7520 7519 7523
f 7524 7522 7523 7525
f 7522 7524 7526 7527
f 7520 7522 7527 7521
f 7528 7527 7526 7529
f 7530 7528 7529 7531
f 7528 7530 7532 7533
f 7527 7528 7533 7521
f 7534 7533 7532 7535
f 7536 7534 7535 7537
f 7534 7536 7515 7514
f 7533 7534 7514 7521
f 7538 7539 7519 7517
f 7540 7538 7517 7518
f 7538 7540 7541 7542
f 7539 7538 7542 7543
f 7544 7542 7541 7545
f 7546 7544 7545 7547
f 7544 7546 7548 7549
f 7542 7544 7549 7543
f 7550 7549 7548 7551
f 7552 7550 7551 7553
f 7550 7552 7554 7555
f 7549 7550 7555 7543
f 7556 7555 7554 7557
f 7523 7556 7557 7525
f 7556 7523 7519 7539
f 7555 7556 7539 7543
f 7558 7559 7560 7561
f 7562 7558 7561 7563
f 7558 7562 7564 7565
f 7559 7558 7565 7566
f 7567 7559 7566 7568
f 7569 7567 7568 7570
f 7567 7569 7571 7572
f 7559 7567 7572 7560
f 7573 7572 7571 7574
f 7575 7573 7574 7576
f 7573 7575 7577 7578
f 7572 7573 7578 7560
f 7579 7578 7577 7580
f 7581 7579 7580 7582
f 7579 7581 7563 7561
f 7578 7579 7561 7560
f 7583 7584 7566 7565
f 7585 7583 7565 7564
f 7583 7585 7586 7587
f 7584 7583 7587 7588
f 7589 7587 7586 7590
f 7591 7589 7590 7592
f 7589 7591 7593 7594
f 7587 7589 7594 7588
f 7595 7594 7593 7596
f 7597 7595 7596 7598
f 7595 7597 7599 7600
f 7594 7595 7600 7588
f 7601 7600 7599 7602
f 7568 7601 7602 7570
f 7601 7568 7566 7584
f 7600 7601 7584 7588
f 7603 7604 7605 7606
f 7607 7603 7606 7608
f 7603 7607 7609 7610
f 7604 7603 7610 7611
f 7612 7610 7609 7613
f 7614 7612 7613 7615
f 7612 7614 7616 7617
f 7610 7612 7617 7611
f 7618 7617 7616 7619
f 7620 7618 7619 7621
f 7618 7620 7622 7623
f 7617 7618 7623 7611
f 7624 7625 7626 7627
f 7604 7624 7627 7605
f 7624 7604 7611 7623
f 7625 7624 7623 7622
f 7628 7629 7630 7631
f 7632 7628 7631 7633
f 7628 7632 7634 7635
f 7629 7628 7635 7636
f 7637 7635 7634 7638
f 7639 7637 7638 7640
f 7637 7639 7641 7642
f 7635 7637 7642 7636
f 7643 7642 7641 7644
f 7625 7643 7644 7626
f 7643 7625 7622 7645
f 7642 7643 7645 7636
f 7646 7645 7622 7620
f 7647 7646 7620 7621
f 7646 7647 7630 7629
f 7645 7646 7629 7636
f 7648 7649 7650 7651
f 7652 7648 7651 7653
f 7648 7652 7654 7655
f 7649 7648 7655 7656
f 7657 7655 7654 7658
f 7659 7657 7658 7660
f 7657 7659 7661 7662
f 7655 7657 7662 7656
f 7663 7662 7661 7664
f 7665 7663 7664 7666
f 7663 7665 7667 7668
f 7662 7663 7668 7656
f 7669 7668 7667 7670
f 7671 7669 7670 7672
f 7669 7671 7650 7649
f 7668 7669 7649 7656
f 7673 7674 7675 7676
f 7677 7673 7676 7678
f 7673 7677 7679 7680
f 7674 7673 7680 7681
f 7682 7680 7679 7683
f 7684 7682 7683 7685
f 7682 7684 7686 7687
f 7680 7682 7687 7681
f 7688 7687 7686 7689
f 7690 7688 7689 7691
f 7688 7690 7692 7693
f 7687 7688 7693 7681
f 7694 7693 7692 7695
f 7696 7694 7695 7697
f 7694 7696 7675 7674
f 7693 7694 7674 7681
f 7698 7699 7700 7701
f 7702 7698 7701 7703
f 7698 7702 7704 7705
f 7699 7698 7705 7706
f 7707 7705 7704 7708
f 7709 7707 7708 7710
f 7707 7709 7711 7712
f 7705 7707 7712 7706
f 7713 7712 7711 7714
f 7695 7713 7714 7697
f 7713 7695 7692 7715
f 7712 7713 7715 7706
f 7716 7715 7692 7690
f 7717 7716 7690 7691
f 7716 7717 7700 7699
f 7715 7716 7699 7706
f 7718 7719 7720 7721
f 7722 7718 7721 7723
f 7718 7722 7724 7725
f 7719 7718 7725 7726
f 7727 7725 7724 7728
f 7729 7727 7728 7730
f 7727 7729 7731 7732
f 7725 7727 7732 7726
f 7733 7732 7731 7734
f 7735 7733 7734 7736
f 7733 7735 7737 7738
f 7732 7733 7738 7726
f 7739 7738 7737 7740
f 7741 7739 7740 7742
f 7739 7741 7720 7719
f 7738 7739 7719 7726
f 7743 7744 7745 7746
f 7747 7743 7746 7748
f 7743 7747 7749 7750
f 7744 7743 7750 7751
f 7752 7750 7749 7753
f 7754 7752 7753 7755
f 7752 7754 7756 7757
f 7750 7752 7757 7751
f 7758 7757 7756 7759
f 7734 7758 7759 7736
f 7758 7734 7731 7760
f 7757 7758 7760 7751
f 7761 7760 7731 7729
f 7762 7761 7729 7730
f 7761 7762 7745 7744
f 7760 7761 7744 7751
f 7763 7764 7765 7766
f 7767 7763 7766 7768
f 7763 7767 7769 7770
f 7764 7763 7770 7771
f 7772 7770 7769 7773
f 7774 7772 7773 7775
f 7772 7774 7776 7777
f 7770 7772 7777 7771
f 7778 7777 7776 7779
f 7780 7778 7779 7781
f 7778 7780 7782 7783
f 7777 7778 7783 7771
f 7784 7785 7786 7787
f 7764 7784 7787 7765
f 7784 7764 7771 7783
f 7785 7784 7783 7782
f 7788 7789 7790 7791
f 7792 7788 7791 7793
f 7788 7792 7794 7795
f 7789 7788 7795 7796
f 7797 7795 7794 7798
f 7799 7797 7798 7800
f 7797 7799 7801 7802
f 7795 7797 7802 7796
f 7803 7802 7801 7804
f 7785 7803 7804 7786
f 7803 7785 7782 7805
f 7802 7803 7805 7796
f 7806 7805 7782 7780
f 7807 7806 7780 7781
f 7806 7807 7790 7789
f 7805 7806 7789 7796
f 7808 7809 7810 7811
f 7812 7808 7811 7813
f 7808 7812 7814 7815
f 7809 7808 7815 7816
f 7817 7809 7816 7818
f 7819 7817 7818 7820
f 7817 7819 7821 7822
f 7809 7817 7822 7810
f 7823 7822 7821 7824
f 7825 7823 7824 7826
f 7823 7825 7827 7828
f 7822 7823 7828 7810
f 7829 7828 7827 7830
f 7831 7829 7830 7832
f 7829 7831 7813 7811
f 7828 7829 7811 7810
f 7833 7834 7816 7815
f 7835 7833 7815 7814
f 7833 7835 7836 7837
f 7834 7833 7837 7838
f 7839 7837 7836 7840
f 7841 7839 7840 7842
f 7839 7841 7843 7844
f 7837 7839 7844 7838
f 7845 7844 7843 7846
f 7847 7845 7846 7848
f 7845 7847 7849 7850
f 7844 7845 7850 7838
f 7851 7850 7849 7852
f 7818 7851 7852 7820
f 7851 7818 7816 7834
f 7850 7851 7834 7838
f 7853 7854 7855 7856
f 7857 7853 7856 7858
f 7853 7857 7859 7860
f 7854 7853 7860 7861
f 7862 7860 7859 7863
f 7864 7862 7863 7865
f 7862 7864 7866 7867
f 7860 7862 7867 7861
f 7868 7867 7866 7869
f 7870 7868 7869 7871
f 7868 7870 7872 7873
f 7867 7868 7873 7861
f 7874 7873 7872 7875
f 7876 7874 7875 7877
f 7874 7876 7855 7854
f 7873 7874 7854 7861
f 7878 7879 7880 7881
f 7882 7878 7881 7883
f 7878 7882 7884 7885
f 7879 7878 7885 7886
f 7887 7885 7884 7888
f 7889 7887 7888 7890
f 7887 7889 7891 7892
f 7885 7887 7892 7886
f 7893 7892 7891 7894
f 7895 7893 7894 7896
f 7893 7895 7897 7898
f 7892 7893 7898 7886
f 7899 7898 7897 7900
f 7901 7899 7900 7902
f 7899 7901 7880 7879
f 7898 7899 7879 7886
f 7903 7904 7880 7901
f 7905 7903 7901 7902
f 7903 7905 7906 7907
f 7904 7903 7907 7908
f 7909 7907 7906 7910
f 7911 7909 7910 7912
f 7909 7911 7913 7914
f 7907 7909 7914 7908
f 7915 7914 7913 7916
f 7917 7915 7916 7918
f 7915 7917 7919 7920
f 7914 7915 7920 7908
f 7921 7920 7919 7922
f 7881 7921 7922 7883
f 7921 7881 7880 7904
f 7920 7921 7904 7908
f 7923 7924 7925 7926
f 7927 7923 7926 7928
f 7923 7927 7929 7930
f 7924 7923 7930 7931
f 7932 7927 7928 7933
f 7934 7932 7933 7935
f 7932 7934 7936 7937
f 7927 7932 7937 7929
f 7938 7939 7940 7941
f 7942 7938 7941 7943
f 7938 7942 7944 7945
f 7939 7938 7945 7946
f 7947 7942 7943 7948
f 7949 7947 7948 7950
f 7947 7949 7951 7952
f 7942 7947 7952 7944
f 7953 7949 7950 7954
f 7955 7953 7954 7956
f 7953 7955 7957 7958
f 7949 7953 7958 7951
f 7959 7955 7956 7960
f 7961 7959 7960 7962
f 7959 7961 7963 7964
f 7955 7959 7964 7957
f 7965 7966 7967 7968
f 7969 7965 7968 7970
f 7965 7969 7971 7972
f 7966 7965 7972 7973
f 7974 7969 7970 7975
f 7976 7974 7975 7977
f 7974 7976 7978 7979
f 7969 7974 7979 7971
f 7980 7981 7982 7983
f 7984 7980 7983 7985
f 7980 7984 7986 7987
f 7981 7980 7987 7988
f 7989 7984 7985 7990
f 7991 7989 7990 7992
f 7989 7991 7993 7994
f 7984 7989 7994 7986
f 7995 7991 7992 7996
f 7997 7995 7996 7998
f 7995 7997 7999 8000
f 7991 7995 8000 7993
f 8001 7997 7998 8002
f 8003 8001 8002 8004
f 8001 8003 8005 8006
f 7997 8001 8006 7999
f 8007 8008 8009 8010
f 8011 8007 8010 8012
f 8007 8011 8013 8014
f 8008 8007 8014 8015
f 8016 8011 8012 8017
f 8018 8016 8017 8019
f 8016 8018 8020 8021
f 8011 8016 8021 8013
f 8022 8023 8024 8025
f 8026 8022 8025 8027
f 8022 8026 8028 8029
f 8023 8022 8029 8030
f 8031 8026 8027 8032
f 8033 8031 8032 8034
f 8031 8033 8035 8036
f 8026 8031 8036 8028
f 8037 8033 8034 8038
f 8039 8037 8038 8040
f 8037 8039 8041 8042
f 8033 8037 8042 8035
f 8043 8039 8040 8044
f 8045 8043 8044 8046
f 8043 8045 8047 8048
f 8039 8043 8048 8041
f 8049 8050 8051 8052
f 8053 8049 8052 8054
f 8049 8053 8055 8056
f 8050 8049 8056 8057
f 8058 8053 8054 8059
f 8060 8058 8059 8061
f 8058 8060 8062 8063
f 8053 8058 8063 8055
f 8064 8065 8066 8067
f 8068 8064 8067 8069
f 8064 8068 8070 8071
f 8065 8064 8071 8072
f 8073 8068 8069 8074
f 8075 8073 8074 8076
f 8073 8075 8077 8078
f 8068 8073 8078 8070
f 8079 8075 8076 8080
f 8081 8079 8080 8082
f 8079 8081 8083 8084
f 8075 8079 8084 8077
f 8085 8081 8082 8086
f 8087 8085 8086 8088
f 8085 8087 8089 8090
f 8081 8085 8090 8083
f 8091 8092 8093 8094
f 8095 8091 8094 8096
f 8091 8095 8097 8098
f 8092 8091 8098 8099
f 8100 8095 8096 8101
f 8102 8100 8101 8103
f 8100 8102 8104 8105
f 8095 8100 8105 8097
f 8106 8107 8108 8109
f 8110 8106 8109 8111
f 8106 8110 8112 8113
f 8107 8106 8113 8114
f 8115 8110 8111 8116
f 8117 8115 8116 8118
f 8115 8117 8119 8120
f 8110 8115 8120 8112
f 8121 8117 8118 8122
f 8123 8121 8122 8124
f 8121 8123 8125 8126
f 8117 8121 8126 8119
f 8127 8123 8124 8128
f 8129 8127 8128 8130
f 8127 8129 8131 8132
f 8123 8127 8132 8125
f 8133 8134 8135 8136
f 8137 8133 8136 8138
f 8133 8137 8139 8140
f 8134 8133 8140 8141
f 8142 8137 8138 8143
f 8144 8142 8143 8145
f 8142 8144 8146 8147
f 8137 8142 8147 8139
f 8148 8149 8150 8151
f 8152 8148 8151 8153
f 8148 8152 8154 8155
f 8149 8148 8155 8156
f 8157 8152 8153 8158
f 8159 8157 8158 8160
f 8157 8159 8161 8162
f 8152 8157 8162 8154
f 8163 8159 8160 8164
f 8165 8163 8164 8166
f 8163 8165 8167 8168
f 8159 8163 8168 8161
f 8169 8165 8166 8170
f 8171 8169 8170 8172
f 8169 8171 8173 8174
f 8165 8169 8174 8167
f 8175 8176 8177 8178
f 8179 8175 8178 8180
f 8175 8179 8181 8182
f 8176 8175 8182 8183
f 8184 8179 8180 8185
f 8186 8184 8185 8187
f 8184 8186 8188 8189
f 8179 8184 8189 8181
f 8190 8191 8192 8193
f 8194 8190 8193 8195
f 8190 8194 8196 8197
f 8191 8190 8197 8198
f 8199 8194 8195 8200
f 8201 8199 8200 8202
f 8199 8201 8203 8204
f 8194 8199 8204 8196
f 8205 8206 8207 8208
f 8209 8205 8208 8210
f 8205 8209 8211 8212
f 8206 8205 8212 8213
f 8214 8209 8210 8215
f 8216 8214 8215 8217
f 8214 8216 8218 8219
f 8209 8214 8219 8211
f 8220 8221 8222 8223
f 8224 8220 8223 8225
f 8220 8224 8226 8227
f 8221 8220 8227 8228
f 8229 8224 8225 8230
f 8231 8229 8230 8232
f 8229 8231 8233 8234
f 8224 8229 8234 8226
f 8235 8236 8237 8238
f 8239 8235 8238 8240
f 8235 8239 8241 8242
f 8236 8235 8242 8243
f 8244 8239 8240 8245
f 8246 8244 8245 8247
f 8244 8246 8248 8249
f 8239 8244 8249 8241
f 8250 8251 8252 8253
f 8254 8250 8253 8255
f 8250 8254 8256 8257
f 8251 8250 8257 8258
f 8259 8254 8255 8260
f 8261 8259 8260 8262
f 8259 8261 8263 8264
f 8254 8259 8264 8256
f 8265 8261 8262 8266
f 8267 8265 8266 8268
f 8265 8267 8269 8270
f 8261 8265 8270 8263
f 8271 8267 8268 8272
f 8273 8271 8272 8274
f 8271 8273 8275 8276
f 8267 8271 8276 8269
f 8277 8278 8279 8280
f 8281 8277 8280 8282
f 8277 8281 8283 8284
f 8278 8277 8284 8285
f 8286 8281 8282 8287
f 8288 8286 8287 8289
f 8286 8288 8290 8291
f 8281 8286 8291 8283
f 8292 8293 8294 8295
f 8296 8292 8295 8297
f 8292 8296 8298 8299
f 8293 8292 8299 8300
f 8301 8296 8297 8302
f 8303 8301 8302 8304
f 8301 8303 8305 8306
f 8296 8301 8306 8298
f 8307 8303 8304 8308
f 8309 8307 8308 8310
f 8307 8309 8311 8312
f 8303 8307 8312 8305
f 8313 8309 8310 8314
f 8315 8313 8314 8316
f 8313 8315 8317 8318
f 8309 8313 8318 8311
f 8319 8320 8321 8322
f 8323 8319 8322 8324
f 8319 8323 8325 8326
f 8320 8319 8326 8327
f 8328 8323 8324 8329
f 8330 8328 8329 8331
f 8328 8330 8332 8333
f 8323 8328 8333 8325
f 8334 8335 8336 8337
f 8338 8334 8337 8339
f 8334 8338 8340 8341
f 8335 8334 8341 8342
f 8343 8338 8339 8344
f 8345 8343 8344 8346
f 8343 8345 8347 8348
f 8338 8343 8348 8340
f 8349 8345 8346 8350
f 8351 8349 8350 8352
f 8349 8351 8353 8354
f 8345 8349 8354 8347
f 8355 8351 8352 8356
f 8357 8355 8356 8358
f 8355 8357 8359 8360
f 8351 8355 8360 8353
f 8361 8362 8363 8364
f 8365 8361 8364 8366
f 8361 8365 8367 8368
f 8362 8361 8368 8369
f 8370 8365 8366 8371
f 8372 8370 8371 8373
f 8370 8372 8374 8375
f 8365 8370 8375 8367
f 8376 8377 8378 8379
f 8380 8376 8379 8381
f 8376 8380 8382 8383
f 8377 8376 8383 8384
f 8385 8380 8381 8386
f 8387 8385 8386 8388
f 8385 8387 8389 8390
f 8380 8385 8390 8382
f 8391 8387 8388 8392
f 8393 8391 8392 8394
f 8391 8393 8395 8396
f 8387 8391 8396 8389
f 8397 8393 8394 8398
f 8399 8397 8398 8400
f 8397 8399 8401 8402
f 8393 8397 8402 8395
f 8403 8404 8405 8406
f 8407 8403 8406 8408
f 8403 8407 8409 8410
f 8404 8403 8410 8411
f 8412 8407 8408 8413
f 8414 8412 8413 8415
f 8412 8414 8416 8417
f 8407 8412 8417 8409
f 8418 8419 8420 8421
f 8422 8418 8421 8423
f 8418 8422 8424 8425
f 8419 8418 8425 8426
f 8427 8422 8423 8428
f 8429 8427 8428 8430
f 8427 8429 8431 8432
f 8422 8427 8432 8424
f 8433 8429 8430 8434
f 8435 8433 8434 8436
f 8433 8435 8437 8438
f 8429 8433 8438 8431
f 8439 8435 8436 8440
f 8441 8439 8440 8442
f 8439 8441 8443 8444
f 8435 8439 8444 8437
f 8445 8446 8447 8448
f 8449 8445 8448 8450
f 8445 8449 8451 8452
f 8446 8445 8452 8453
f 8454 8449 8450 8455
f 8456 8454 8455 8457
f 8454 8456 8458 8459
f 8449 8454 8459 8451
f 8460 8461 8462 8463
f 8464 8460 8463 8465
f 8460 8464 8466 8467
f 8461 8460 8467 8468
f 8469 8464 8465 8470
f 8471 8469 8470 8472
f 8469 8471 8473 8474
f 8464 8469 8474 8466
f 8475 8471 8472 8476
f 8477 8475 8476 8478
f 8475 8477 8479 8480
f 8471 8475 8480 8473
f 8481 8477 8478 8482
f 8483 8481 8482 8484
f 8481 8483 8485 8486
f 8477 8481 8486 8479
f 8487 8488 8489 8490
f 8491 8487 8490 8492
f 8487 8491 8493 8494
f 8488 8487 8494 8495
f 8496 8491 8492 8497
f 8498 8496 8497 8499
f 8496 8498 8500 8501
f 8491 8496 8501 8493
f 8502 8503 8504 8505
f 8506 8502 8505 8507
f 8502 8506 8508 8509
f 8503 8502 8509 8510
f 8511 8506 8507 8512
f 8513 8511 8512 8514
f 8511 8513 8515 8516
f 8506 8511 8516 8508
f 8517 8513 8514 8518
f 8519 8517 8518 8520
f 8517 8519 8521 8522
f 8513 8517 8522 8515
f 8523 8519 8520 8524
f 8525 8523 8524 8526
f 8523 8525 8527 8528
f 8519 8523 8528 8521
f 8529 8530 8531 8532
f 8533 8529 8532 8534
f 8529 8533 8535 8536
f 8530 8529 8536 8537
f 8538 8533 8534 8539
f 8540 8538 8539 8541
f 8538 8540 8542 8543
f 8533 8538 8543 8535
f 8544 8545 8546 8547
f 8548 8544 8547 8549
f 8544 8548 8550 8551
f 8545 8544 8551 8552
f 8553 8548 8549 8554
f 8555 8553 8554 8556
f 8553 8555 8557 8558
f 8548 8553 8558 8550
f 8559 8555 8556 8560
f 8561 8559 8560 8562
f 8559 8561 8563 8564
f 8555 8559 8564 8557
f 8565 8561 8562 8566
f 8567 8565 8566 8568
f 8565 8567 8569 8570
f 8561 8565 8570 8563
f 8571 8572 8573 8574
f 8575 8571 8574 8576
f 8571 8575 8577 8578
f 8572 8571 8578 8579
f 8580 8575 8576 8581
f 8582 8580 8581 8583
f 8580 8582 8584 8585
f 8575 8580 8585 8577
f 8586 8587 8588 8589
f 8590 8586 8589 8591
f 8586 8590 8592 8593
f 8587 8586 8593 8594
f 8595 8590 8591 8596
f 8597 8595 8596 8598
f 8595 8597 8599 8600
f 8590 8595 8600 8592
f 8601 8602 8603 8604
f 8605 8601 8604 8606
f 8601 8605 8607 8608
f 8602 8601 8608 8609
f 8610 8605 8606 8611
f 8612 8610 8611 8613
f 8610 8612 8614 8615
f 8605 8610 8615 8607
f 8616 8617 8618 8619
f 8620 8616 8619 8621
f 8616 8620 8622 8623
f 8617 8616 8623 8624
f 8625 8620 8621 8626
f 8627 8625 8626 8628
f 8625 8627 8629 8630
f 8620 8625 8630 8622
f 8631 8632 8633 8634
f 8635 8631 8634 8636
f 8631 8635 8637 8638
f 8632 8631 8638 8639
f 8640 8635 8636 8641
f 8642 8640 8641 8643
f 8640 8642 8644 8645
f 8635 8640 8645 8637
f 8646 8647 8648 8649
f 8650 8646 8649 8651
f 8646 8650 8652 8653
f 8647 8646 8653 8654
f 8655 8650 8651 8656
f 8657 8655 8656 8658
f 8655 8657 8659 8660
f 8650 8655 8660 8652
f 8661 8657 8658 8662
f 8663 8661 8662 8664
f 8661 8663 8665 8666
f 8657 8661 8666 8659
f 8667 8663 8664 8668
f 8669 8667 8668 8670
f 8667 8669 8671 8672
f 8663 8667 8672 8665
f 8673 8674 8675 8676
f 8677 8673 8676 8678
f 8673 8677 8679 8680
f 8674 8673 8680 8681
f 8682 8677 8678 8683
f 8684 8682 8683 8685
f 8682 8684 8686 8687
f 8677 8682 8687 8679
f 8688 8689 8690 8691
f 8692 8688 8691 8693
f 8688 8692 8694 8695
f 8689 8688 8695 8696
f 8697 8692 8693 8698
f 8699 8697 8698 8700
f 8697 8699 8701 8702
f 8692 8697 8702 8694
f 8703 8699 8700 8704
f 8705 8703 8704 8706
f 8703 8705 8707 8708
f 8699 8703 8708 8701
f 8709 8705 8706 8710
f 8711 8709 8710 8712
f 8709 8711 8713 8714
f 8705 8709 8714 8707
f 8715 8716 8005 8717
f 8718 8715 8717 7931
f 8715 8718 7531 8716
f 8719 8720 7936 8721
f 8722 8719 8721 7946
f 8719 8722 7537 8720
f 8723 8724 7963 8725
f 8726 8723 8725 7973
f 8723 8726 7547 8724
f 8727 8728 7978 8729
f 8730 8727 8729 7988
f 8727 8730 7553 8728
f 8731 8732 8089 8733
f 8734 8731 8733 8015
f 8731 8734 7592 8732
f 8735 8736 8020 8737
f 8738 8735 8737 8030
f 8735 8738 7598 8736
f 8739 8740 8047 8741
f 8742 8739 8741 8057
f 8739 8742 7576 8740
f 8743 8744 8062 8745
f 8746 8743 8745 8072
f 8743 8746 7582 8744
f 8747 8748 8173 8749
f 8750 8747 8749 8099
f 8747 8750 7633 8748
f 8751 8752 8104 8753
f 8754 8751 8753 8114
f 8751 8754 7640 8752
f 8755 8756 8131 8757
f 8758 8755 8757 8141
f 8755 8758 7608 8756
f 8759 8760 8146 8761
f 8762 8759 8761 8156
f 8759 8762 7615 8760
f 8763 8764 8233 8765
f 8766 8763 8765 8183
f 8763 8766 7672 8764
f 8767 8768 8188 8769
f 8770 8767 8769 8198
f 8767 8770 7653 8768
f 8771 8772 8203 8773
f 8774 8771 8773 8213
f 8771 8774 7660 8772
f 8775 8776 8218 8777
f 8778 8775 8777 8228
f 8775 8778 7666 8776
f 8779 8780 8317 8781
f 8782 8779 8781 8243
f 8779 8782 7703 8780
f 8783 8784 8248 8785
f 8786 8783 8785 8258
f 8783 8786 7710 8784
f 8787 8788 8275 8789
f 8790 8787 8789 8285
f 8787 8790 7678 8788
f 8791 8792 8290 8793
f 8794 8791 8793 8300
f 8791 8794 7685 8792
f 8795 8796 8401 8797
f 8798 8795 8797 8327
f 8795 8798 7742 8796
f 8799 8800 8332 8801
f 8802 8799 8801 8342
f 8799 8802 7723 8800
f 8803 8804 8359 8805
f 8806 8803 8805 8369
f 8803 8806 7748 8804
f 8807 8808 8374 8809
f 8810 8807 8809 8384
f 8807 8810 7755 8808
f 8811 8812 8485 8813
f 8814 8811 8813 8411
f 8811 8814 7793 8812
f 8815 8816 8416 8817
f 8818 8815 8817 8426
f 8815 8818 7800 8816
f 8819 8820 8443 8821
f 8822 8819 8821 8453
f 8819 8822 7768 8820
f 8823 8824 8458 8825
f 8826 8823 8825 8468
f 8823 8826 7775 8824
f 8827 8828 8569 8829
f 8830 8827 8829 8495
f 8827 8830 7842 8828
f 8831 8832 8500 8833
f 8834 8831 8833 8510
f 8831 8834 7848 8832
f 8835 8836 8527 8837
f 8838 8835 8837 8537
f 8835 8838 7826 8836
f 8839 8840 8542 8841
f 8842 8839 8841 8552
f 8839 8842 7832 8840
f 8843 8844 8629 8845
f 8846 8843 8845 8579
f 8843 8846 7871 8844
f 8847 8848 8584 8849
f 8850 8847 8849 8594
f 8847 8850 7877 8848
f 8851 8852 8599 8853
f 8854 8851 8853 8609
f 8851 8854 7858 8852
f 8855 8856 8614 8857
f 8858 8855 8857 8624
f 8855 8858 7865 8856
f 8859 8860 8713 8861
f 8862 8859 8861 8639
f 8859 8862 7912 8860
f 8863 8864 8644 8865
f 8866 8863 8865 8654
f 8863 8866 7918 8864
f 8867 8868 8671 8869
f 8870 8867 8869 8681
f 8867 8870 7890 8868
f 8871 8872 8686 8873
f 8874 8871 8873 8696
f 8871 8874 7896 8872
f 8875 7530 7531 8718
f 7930 8875 8718 7931
f 8875 7930 7929 8876
f 7530 8875 8876 7532
f 8877 7535 7532 8876
f 7937 8877 8876 7929
f 8877 7937 7936 8720
f 7535 8877 8720 7537
f 8878 7536 7537 8722
f 7945 8878 8722 7946
f 8878 7945 7944 8879
f 7536 8878 8879 7515
f 8880 7516 7515 8879
f 7952 8880 8879 7944
f 8880 7952 7951 8881
f 7516 8880 8881 7518
f 8882 7540 7518 8881
f 7958 8882 8881 7951
f 8882 7958 7957 8883
f 7540 8882 8883 7541
f 8884 7545 7541 8883
f 7964 8884 8883 7957
f 8884 7964 7963 8724
f 7545 8884 8724 7547
f 8885 7546 7547 8726
f 7972 8885 8726 7973
f 8885 7972 7971 8886
f 7546 8885 8886 7548
f 8887 7551 7548 8886
f 7979 8887 8886 7971
f 8887 7979 7978 8728
f 7551 8887 8728 7553
f 8888 7552 7553 8730
f 7987 8888 8730 7988
f 8888 7987 7986 8889
f 7552 8888 8889 7554
f 8890 7557 7554 8889
f 7994 8890 8889 7986
f 8890 7994 7993 8891
f 7557 8890 8891 7525
f 8892 7524 7525 8891
f 8000 8892 8891 7993
f 8892 8000 7999 8893
f 7524 8892 8893 7526
f 8894 7529 7526 8893
f 8006 8894 8893 7999
f 8894 8006 8005 8716
f 7529 8894 8716 7531
f 8895 8003 8004 8896
f 7924 8895 8896 7925
f 8895 7924 7931 8717
f 8003 8895 8717 8005
f 8897 7934 7935 8898
f 7939 8897 8898 7940
f 8897 7939 7946 8721
f 7934 8897 8721 7936
f 8899 7961 7962 8900
f 7966 8899 8900 7967
f 8899 7966 7973 8725
f 7961 8899 8725 7963
f 8901 7976 7977 8902
f 7981 8901 8902 7982
f 8901 7981 7988 8729
f 7976 8901 8729 7978
f 8903 7591 7592 8734
f 8014 8903 8734 8015
f 8903 8014 8013 8904
f 7591 8903 8904 7593
f 8905 7596 7593 8904
f 8021 8905 8904 8013
f 8905 8021 8020 8736
f 7596 8905 8736 7598
f 8906 7597 7598 8738
f 8029 8906 8738 8030
f 8906 8029 8028 8907
f 7597 8906 8907 7599
f 8908 7602 7599 8907
f 8036 8908 8907 8028
f 8908 8036 8035 8909
f 7602 8908 8909 7570
f 8910 7569 7570 8909
f 8042 8910 8909 8035
f 8910 8042 8041 8911
f 7569 8910 8911 7571
f 8912 7574 7571 8911
f 8048 8912 8911 8041
f 8912 8048 8047 8740
f 7574 8912 8740 7576
f 8913 7575 7576 8742
f 8056 8913 8742 8057
f 8913 8056 8055 8914
f 7575 8913 8914 7577
f 8915 7580 7577 8914
f 8063 8915 8914 8055
f 8915 8063 8062 8744
f 7580 8915 8744 7582
f 8916 7581 7582 8746
f 8071 8916 8746 8072
f 8916 8071 8070 8917
f 7581 8916 8917 7563
f 8918 7562 7563 8917
f 8078 8918 8917 8070
f 8918 8078 8077 8919
f 7562 8918 8919 7564
f 8920 7585 7564 8919
f 8084 8920 8919 8077
f 8920 8084 8083 8921
f 7585 8920 8921 7586
f 8922 7590 7586 8921
f 8090 8922 8921 8083
f 8922 8090 8089 8732
f 7590 8922 8732 7592
f 8923 8087 8088 8924
f 8008 8923 8924 8009
f 8923 8008 8015 8733
f 8087 8923 8733 8089
f 8925 8018 8019 8926
f 8023 8925 8926 8024
f 8925 8023 8030 8737
f 8018 8925 8737 8020
f 8927 8045 8046 8928
f 8050 8927 8928 8051
f 8927 8050 8057 8741
f 8045 8927 8741 8047
f 8929 8060 8061 8930
f 8065 8929 8930 8066
f 8929 8065 8072 8745
f 8060 8929 8745 8062
f 8931 7632 7633 8750
f 8098 8931 8750 8099
f 8931 8098 8097 8932
f 7632 8931 8932 7634
f 8933 7638 7634 8932
f 8105 8933 8932 8097
f 8933 8105 8104 8752
f 7638 8933 8752 7640
f 8934 7639 7640 8754
f 8113 8934 8754 8114
f 8934 8113 8112 8935
f 7639 8934 8935 7641
f 8936 7644 7641 8935
f 8120 8936 8935 8112
f 8936 8120 8119 8937
f 7644 8936 8937 7626
f 8938 7627 7626 8937
f 8126 8938 8937 8119
f 8938 8126 8125 8939
f 7627 8938 8939 7605
f 8940 7606 7605 8939
f 8132 8940 8939 8125
f 8940 8132 8131 8756
f 7606 8940 8756 7608
f 8941 7607 7608 8758
f 8140 8941 8758 8141
f 8941 8140 8139 8942
f 7607 8941 8942 7609
f 8943 7613 7609 8942
f 8147 8943 8942 8139
f 8943 8147 8146 8760
f 7613 8943 8760 7615
f 8944 7614 7615 8762
f 8155 8944 8762 8156
f 8944 8155 8154 8945
f 7614 8944 8945 7616
f 8946 7619 7616 8945
f 8162 8946 8945 8154
f 8946 8162 8161 8947
f 7619 8946 8947 7621
f 8948 7647 7621 8947
f 8168 8948 8947 8161
f 8948 8168 8167 8949
f 7647 8948 8949 7630
f 8950 7631 7630 8949
f 8174 8950 8949 8167
f 8950 8174 8173 8748
f 7631 8950 8748 7633
f 8951 8171 8172 8952
f 8092 8951 8952 8093
f 8951 8092 8099 8749
f 8171 8951 8749 8173
f 8953 8102 8103 8954
f 8107 8953 8954 8108
f 8953 8107 8114 8753
f 8102 8953 8753 8104
f 8955 8129 8130 8956
f 8134 8955 8956 8135
f 8955 8134 8141 8757
f 8129 8955 8757 8131
f 8957 8144 8145 8958
f 8149 8957 8958 8150
f 8957 8149 8156 8761
f 8144 8957 8761 8146
f 8959 7671 7672 8766
f 8182 8959 8766 8183
f 8959 8182 8181 8960
f 7671 8959 8960 7650
f 8961 7651 7650 8960
f 8189 8961 8960 8181
f 8961 8189 8188 8768
f 7651 8961 8768 7653
f 8962 7652 7653 8770
f 8197 8962 8770 8198
f 8962 8197 8196 8963
f 7652 8962 8963 7654
f 8964 7658 7654 8963
f 8204 8964 8963 8196
f 8964 8204 8203 8772
f 7658 8964 8772 7660
f 8965 7659 7660 8774
f 8212 8965 8774 8213
f 8965 8212 8211 8966
f 7659 8965 8966 7661
f 8967 7664 7661 8966
f 8219 8967 8966 8211
f 8967 8219 8218 8776
f 7664 8967 8776 7666
f 8968 7665 7666 8778
f 8227 8968 8778 8228
f 8968 8227 8226 8969
f 7665 8968 8969 7667
f 8970 7670 7667 8969
f 8234 8970 8969 8226
f 8970 8234 8233 8764
f 7670 8970 8764 7672
f 8971 8231 8232 8972
f 8176 8971 8972 8177
f 8971 8176 8183 8765
f 8231 8971 8765 8233
f 8973 8186 8187 8974
f 8191 8973 8974 8192
f 8973 8191 8198 8769
f 8186 8973 8769 8188
f 8975 8201 8202 8976
f 8206 8975 8976 8207
f 8975 8206 8213 8773
f 8201 8975 8773 8203
f 8977 8216 8217 8978
f 8221 8977 8978 8222
f 8977 8221 8228 8777
f 8216 8977 8777 8218
f 8979 7702 7703 8782
f 8242 8979 8782 8243
f 8979 8242 8241 8980
f 7702 8979 8980 7704
f 8981 7708 7704 8980
f 8249 8981 8980 8241
f 8981 8249 8248 8784
f 7708 8981 8784 7710
f 8982 7709 7710 8786
f 8257 8982 8786 8258
f 8982 8257 8256 8983
f 7709 8982 8983 7711
f 8984 7714 7711 8983
f 8264 8984 8983 8256
f 8984 8264 8263 8985
f 7714 8984 8985 7697
f 8986 7696 7697 8985
f 8270 8986 8985 8263
f 8986 8270 8269 8987
f 7696 8986 8987 7675
f 8988 7676 7675 8987
f 8276 8988 8987 8269
f 8988 8276 8275 8788
f 7676 8988 8788 7678
f 8989 7677 7678 8790
f 8284 8989 8790 8285
f 8989 8284 8283 8990
f 7677 8989 8990 7679
f 8991 7683 7679 8990
f 8291 8991 8990 8283
f 8991 8291 8290 8792
f 7683 8991 8792 7685
f 8992 7684 7685 8794
f 8299 8992 8794 8300
f 8992 8299 8298 8993
f 7684 8992 8993 7686
f 8994 7689 7686 8993
f 8306 8994 8993 8298
f 8994 8306 8305 8995
f 7689 8994 8995 7691
f 8996 7717 7691 8995
f 8312 8996 8995 8305
f 8996 8312 8311 8997
f 7717 8996 8997 7700
f 8998 7701 7700 8997
f 8318 8998 8997 8311
f 8998 8318 8317 8780
f 7701 8998 8780 7703
f 8999 8315 8316 9000
f 8236 8999 9000 8237
f 8999 8236 8243 8781
f 8315 8999 8781 8317
f 9001 8246 8247 9002
f 8251 9001 9002 8252
f 9001 8251 8258 8785
f 8246 9001 8785 8248
f 9003 8273 8274 9004
f 8278 9003 9004 8279
f 9003 8278 8285 8789
f 8273 9003 8789 8275
f 9005 8288 8289 9006
f 8293 9005 9006 8294
f 9005 8293 8300 8793
f 8288 9005 8793 8290
f 9007 7741 7742 8798
f 8326 9007 8798 8327
f 9007 8326 8325 9008
f 7741 9007 9008 7720
f 9009 7721 7720 9008
f 8333 9009 9008 8325
f 9009 8333 8332 8800
f 7721 9009 8800 7723
f 9010 7722 7723 8802
f 8341 9010 8802 8342
f 9010 8341 8340 9011
f 7722 9010 9011 7724
f 9012 7728 7724 9011
f 8348 9012 9011 8340
f 9012 8348 8347 9013
f 7728 9012 9013 7730
f 9014 7762 7730 9013
f 8354 9014 9013 8347
f 9014 8354 8353 9015
f 7762 9014 9015 7745
f 9016 7746 7745 9015
f 8360 9016 9015 8353
f 9016 8360 8359 8804
f 7746 9016 8804 7748
f 9017 7747 7748 8806
f 8368 9017 8806 8369
f 9017 8368 8367 9018
f 7747 9017 9018 7749
f 9019 7753 7749 9018
f 8375 9019 9018 8367
f 9019 8375 8374 8808
f 7753 9019 8808 7755
f 9020 7754 7755 8810
f 8383 9020 8810 8384
f 9020 8383 8382 9021
f 7754 9020 9021 7756
f 9022 7759 7756 9021
f 8390 9022 9021 8382
f 9022 8390 8389 9023
f 7759 9022 9023 7736
f 9024 7735 7736 9023
f 8396 9024 9023 8389
f 9024 8396 8395 9025
f 7735 9024 9025 7737
f 9026 7740 7737 9025
f 8402 9026 9025 8395
f 9026 8402 8401 8796
f 7740 9026 8796 7742
f 9027 8399 8400 9028
f 8320 9027 9028 8321
f 9027 8320 8327 8797
f 8399 9027 8797 8401
f 9029 8330 8331 9030
f 8335 9029 9030 8336
f 9029 8335 8342 8801
f 8330 9029 8801 8332
f 9031 8357 8358 9032
f 8362 9031 9032 8363
f 9031 8362 8369 8805
f 8357 9031 8805 8359
f 9033 8372 8373 9034
f 8377 9033 9034 8378
f 9033 8377 8384 8809
f 8372 9033 8809 8374
f 9035 7792 7793 8814
f 8410 9035 8814 8411
f 9035 8410 8409 9036
f 7792 9035 9036 7794
f 9037 7798 7794 9036
f 8417 9037 9036 8409
f 9037 8417 8416 8816
f 7798 9037 8816 7800
f 9038 7799 7800 8818
f 8425 9038 8818 8426
f 9038 8425 8424 9039
f 7799 9038 9039 7801
f 9040 7804 7801 9039
f 8432 9040 9039 8424
f 9040 8432 8431 9041
f 7804 9040 9041 7786
f 9042 7787 7786 9041
f 8438 9042 9041 8431
f 9042 8438 8437 9043
f 7787 9042 9043 7765
f 9044 7766 7765 9043
f 8444 9044 9043 8437
f 9044 8444 8443 8820
f 7766 9044 8820 7768
f 9045 7767 7768 8822
f 8452 9045 8822 8453
f 9045 8452 8451 9046
f 7767 9045 9046 7769
f 9047 7773 7769 9046
f 8459 9047 9046 8451
f 9047 8459 8458 8824
f 7773 9047 8824 7775
f 9048 7774 7775 8826
f 8467 9048 8826 8468
f 9048 8467 8466 9049
f 7774 9048 9049 7776
f 9050 7779 7776 9049
f 8474 9050 9049 8466
f 9050 8474 8473 9051
f 7779 9050 9051 7781
f 9052 7807 7781 9051
f 8480 9052 9051 8473
f 9052 8480 8479 9053
f 7807 9052 9053 7790
f 9054 7791 7790 9053
f 8486 9054 9053 8479
f 9054 8486 8485 8812
f 7791 9054 8812 7793
f 9055 8483 8484 9056
f 8404 9055 9056 8405
f 9055 8404 8411 8813
f 8483 9055 8813 8485
f 9057 8414 8415 9058
f 8419 9057 9058 8420
f 9057 8419 8426 8817
f 8414 9057 8817 8416
f 9059 8441 8442 9060
f 8446 9059 9060 8447
f 9059 8446 8453 8821
f 8441 9059 8821 8443
f 9061 8456 8457 9062
f 8461 9061 9062 8462
f 9061 8461 8468 8825
f 8456 9061 8825 8458
f 9063 7841 7842 8830
f 8494 9063 8830 8495
f 9063 8494 8493 9064
f 7841 9063 9064 7843
f 9065 7846 7843 9064
f 8501 9065 9064 8493
f 9065 8501 8500 8832
f 7846 9065 8832 7848
f 9066 7847 7848 8834
f 8509 9066 8834 8510
f 9066 8509 8508 9067
f 7847 9066 9067 7849
f 9068 7852 7849 9067
f 8516 9068 9067 8508
f 9068 8516 8515 9069
f 7852 9068 9069 7820
f 9070 7819 7820 9069
f 8522 9070 9069 8515
f 9070 8522 8521 9071
f 7819 9070 9071 7821
f 9072 7824 7821 9071
f 8528 9072 9071 8521
f 9072 8528 8527 8836
f 7824 9072 8836 7826
f 9073 7825 7826 8838
f 8536 9073 8838 8537
f 9073 8536 8535 9074
f 7825 9073 9074 7827
f 9075 7830 7827 9074
f 8543 9075 9074 8535
f 9075 8543 8542 8840
f 7830 9075 8840 7832
f 9076 7831 7832 8842
f 8551 9076 8842 8552
f 9076 8551 8550 9077
f 7831 9076 9077 7813
f 9078 7812 7813 9077
f 8558 9078 9077 8550
f 9078 8558 8557 9079
f 7812 9078 9079 7814
f 9080 7835 7814 9079
f 8564 9080 9079 8557
f 9080 8564 8563 9081
f 7835 9080 9081 7836
f 9082 7840 7836 9081
f 8570 9082 9081 8563
f 9082 8570 8569 8828
f 7840 9082 8828 7842
f 9083 8567 8568 9084
f 8488 9083 9084 8489
f 9083 8488 8495 8829
f 8567 9083 8829 8569
f 9085 8498 8499 9086
f 8503 9085 9086 8504
f 9085 8503 8510 8833
f 8498 9085 8833 8500
f 9087 8525 8526 9088
f 8530 9087 9088 8531
f 9087 8530 8537 8837
f 8525 9087 8837 8527
f 9089 8540 8541 9090
f 8545 9089 9090 8546
f 9089 8545 8552 8841
f 8540 9089 8841 8542
f 9091 7870 7871 8846
f 8578 9091 8846 8579
f 9091 8578 8577 9092
f 7870 9091 9092 7872
f 9093 7875 7872 9092
f 8585 9093 9092 8577
f 9093 8585 8584 8848
f 7875 9093 8848 7877
f 9094 7876 7877 8850
f 8593 9094 8850 8594
f 9094 8593 8592 9095
f 7876 9094 9095 7855
f 9096 7856 7855 9095
f 8600 9096 9095 8592
f 9096 8600 8599 8852
f 7856 9096 8852 7858
f 9097 7857 7858 8854
f 8608 9097 8854 8609
f 9097 8608 8607 9098
f 7857 9097 9098 7859
f 9099 7863 7859 9098
f 8615 9099 9098 8607
f 9099 8615 8614 8856
f 7863 9099 8856 7865
f 9100 7864 7865 8858
f 8623 9100 8858 8624
f 9100 8623 8622 9101
f 7864 9100 9101 7866
f 9102 7869 7866 9101
f 8630 9102 9101 8622
f 9102 8630 8629 8844
f 7869 9102 8844 7871
f 9103 8627 8628 9104
f 8572 9103 9104 8573
f 9103 8572 8579 8845
f 8627 9103 8845 8629
f 9105 8582 8583 9106
f 8587 9105 9106 8588
f 9105 8587 8594 8849
f 8582 9105 8849 8584
f 9107 8597 8598 9108
f 8602 9107 9108 8603
f 9107 8602 8609 8853
f 8597 9107 8853 8599
f 9109 8612 8613 9110
f 8617 9109 9110 8618
f 9109 8617 8624 8857
f 8612 9109 8857 8614
f 9111 7911 7912 8862
f 8638 9111 8862 8639
f 9111 8638 8637 9112
f 7911 9111 9112 7913
f 9113 7916 7913 9112
f 8645 9113 9112 8637
f 9113 8645 8644 8864
f 7916 9113 8864 7918
f 9114 7917 7918 8866
f 8653 9114 8866 8654
f 9114 8653 8652 9115
f 7917 9114 9115 7919
f 9116 7922 7919 9115
f 8660 9116 9115 8652
f 9116 8660 8659 9117
f 7922 9116 9117 7883
f 9118 7882 7883 9117
f 8666 9118 9117 8659
f 9118 8666 8665 9119
f 7882 9118 9119 7884
f 9120 7888 7884 9119
f 8672 9120 9119 8665
f 9120 8672 8671 8868
f 7888 9120 8868 7890
f 9121 7889 7890 8870
f 8680 9121 8870 8681
f 9121 8680 8679 9122
f 7889 9121 9122 7891
f 9123 7894 7891 9122
f 8687 9123 9122 8679
f 9123 8687 8686 8872
f 7894 9123 8872 7896
f 9124 7895 7896 8874
f 8695 9124 8874 8696
f 9124 8695 8694 9125
f 7895 9124 9125 7897
f 9126 7900 7897 9125
f 8702 9126 9125 8694
f 9126 8702 8701 9127
f 7900 9126 9127 7902
f 9128 7905 7902 9127
f 8708 9128 9127 8701
f 9128 8708 8707 9129
f 7905 9128 9129 7906
f 9130 7910 7906 9129
f 8714 9130 9129 8707
f 9130 8714 8713 8860
f 7910 9130 8860 7912
f 9131 8711 8712 9132
f 8632 9131 9132 8633
f 9131 8632 8639 8861
f 8711 9131 8861 8713
f 9133 8642 8643 9134
f 8647 9133 9134 8648
f 9133 8647 8654 8865
f 8642 9133 8865 8644
f 9135 8669 8670 9136
f 8674 9135 9136 8675
f 9135 8674 8681 8869
f 8669 9135 8869 8671
f 9137 8684 8685 9138
f 8689 9137 9138 8690
f 9137 8689 8696 8873
f 8684 9137 8873 8686
f 9139 9140 9141 9142
f 9143 9139 9142 9144
f 9139 9143 9145 9146
f 9140 9139 9146 9147
f 9148 9146 9145 9149
f 9150 9148 9149 9151
f 9148 9150 9152 9153
f 9146 9148 9153 9147
f 9154 9153 9152 9155
f 9156 9154 9155 9157
f 9154 9156 9158 9159
f 9153 9154 9159 9147
f 9160 9159 9158 9161
f 9162 9160 9161 9163
f 9160 9162 9141 9140
f 9159 9160 9140 9147
f 9164 9165 9145 9143
f 9166 9164 9143 9144
f 9164 9166 9167 9168
f 9165 9164 9168 9169
f 9170 9168 9167 9171
f 9172 9170 9171 9173
f 9170 9172 9174 9175
f 9168 9170 9175 9169
f 9176 9175 9174 9177
f 9178 9176 9177 9179
f 9176 9178 9180 9181
f 9175 9176 9181 9169
f 9182 9181 9180 9183
f 9149 9182 9183 9151
f 9182 9149 9145 9165
f 9181 9182 9165 9169
f 9184 9185 9186 9187
f 9188 9184 9187 9189
f 9184 9188 9190 9191
f 9185 9184 9191 9192
f 9193 9185 9192 9194
f 9195 9193 9194 9196
f 9193 9195 9197 9198
f 9185 9193 9198 9186
f 9199 9198 9197 9200
f 9201 9199 9200 9202
f 9199 9201 9203 9204
f 9198 9199 9204 9186
f 9205 9204 9203 9206
f 9207 9205 9206 9208
f 9205 9207 9189 9187
f 9204 9205 9187 9186
f 9209 9210 9192 9191
f 9211 9209 9191 9190
f 9209 9211 9212 9213
f 9210 9209 9213 9214
f 9215 9213 9212 9216
f 9217 9215 9216 9218
f 9215 9217 9219 9220
f 9213 9215 9220 9214
f 9221 9220 9219 9222
f 9223 9221 9222 9224
f 9221 9223 9225 9226
f 9220 9221 9226 9214
f 9227 9226 9225 9228
f 9194 9227 9228 9196
f 9227 9194 9192 9210
f 9226 9227 9210 9214
f 9229 9230 9231 9232
f 9233 9229 9232 9234
f 9229 9233 9235 9236
f 9230 9229 9236 9237
f 9238 9236 9235 9239
f 9240 9238 9239 9241
f 9238 9240 9242 9243
f 9236 9238 9243 9237
f 9244 9243 9242 9245
f 9246 9244 9245 9247
f 9244 9246 9248 9249
f 9243 9244 9249 9237
f 9250 9251 9252 9253
f 9230 9250 9253 9231
f 9250 9230 9237 9249
f 9251 9250 9249 9248
f 9254 9255 9256 9257
f 9258 9254 9257 9259
f 9254 9258 9260 9261
f 9255 9254 9261 9262
f 9263 9261 9260 9264
f 9265 9263 9264 9266
f 9263 9265 9267 9268
f 9261 9263 9268 9262
f 9269 9268 9267 9270
f 9251 9269 9270 9252
f 9269 9251 9248 9271
f 9268 9269 9271 9262
f 9272 9271 9248 9246
f 9273 9272 9246 9247
f 9272 9273 9256 9255
f 9271 9272 9255 9262
f 9274 9275 9276 9277
f 9278 9274 9277 9279
f 9274 9278 9280 9281
f 9275 9274 9281 9282
f 9283 9281 9280 9284
f 9285 9283 9284 9286
f 9283 9285 9287 9288
f 9281 9283 9288 9282
f 9289 9288 9287 9290
f 9291 9289 9290 9292
f 9289 9291 9293 9294
f 9288 9289 9294 9282
f 9295 9294 9293 9296
f 9297 9295 9296 9298
f 9295 9297 9276 9275
f 9294 9295 9275 9282
f 9299 9300 9301 9302
f 9303 9299 9302 9304
f 9299 9303 9305 9306
f 9300 9299 9306 9307
f 9308 9306 9305 9309
f 9310 9308 9309 9311
f 9308 9310 9312 9313
f 9306 9308 9313 9307
f 9314 9313 9312 9315
f 9316 9314 9315 9317
f 9314 9316 9318 9319
f 9313 9314 9319 9307
f 9320 9319 9318 9321
f 9322 9320 9321 9323
f 9320 9322 9301 9300
f 9319 9320 9300 9307
f 9324 9325 9326 9327
f 9328 9324 9327 9329
f 9324 9328 9330 9331
f 9325 9324 9331 9332
f 9333 9331 9330 9334
f 9335 9333 9334 9336
f 9333 9335 9337 9338
f 9331 9333 9338 9332
f 9339 9338 9337 9340
f 9321 9339 9340 9323
f 9339 9321 9318 9341
f 9338 9339 9341 9332
f 9342 9341 9318 9316
f 9343 9342 9316 9317
f 9342 9343 9326 9325
f 9341 9342 9325 9332
f 9344 9345 9346 9347
f 9348 9344 9347 9349
f 9344 9348 9350 9351
f 9345 9344 9351 9352
f 9353 9351 9350 9354
f 9355 9353 9354 9356
f 9353 9355 9357 9358
f 9351 9353 9358 9352
f 9359 9358 9357 9360
f 9361 9359 9360 9362
f 9359 9361 9363 9364
f 9358 9359 9364 9352
f 9365 9364 9363 9366
f 9367 9365 9366 9368
f 9365 9367 9346 9345
f 9364 9365 9345 9352
f 9369 9370 9371 9372
f 9373 9369 9372 9374
f 9369 9373 9375 9376
f 9370 9369 9376 9377
f 9378 9376 9375 9379
f 9380 9378 9379 9381
f 9378 9380 9382 9383
f 9376 9378 9383 9377
f 9384 9383 9382 9385
f 9360 9384 9385 9362
f 9384 9360 9357 9386
f 9383 9384 9386 9377
f 9387 9386 9357 9355
f 9388 9387 9355 9356
f 9387 9388 9371 9370
f 9386 9387 9370 9377
f 9389 9390 9391 9392
f 9393 9389 9392 9394
f 9389 9393 9395 9396
f 9390 9389 9396 9397
f 9398 9396 9395 9399
f 9400 9398 9399 9401
f 9398 9400 9402 9403
f 9396 9398 9403 9397
f 9404 9403 9402 9405
f 9406 9404 9405 9407
f 9404 9406 9408 9409
f 9403 9404 9409 9397
f 9410 9411 9412 9413
f 9390 9410 9413 9391
f 9410 9390 9397 9409
f 9411 9410 9409 9408
f 9414 9415 9416 9417
f 9418 9414 9417 9419
f 9414 9418 9420 9421
f 9415 9414 9421 9422
f 9423 9421 9420 9424
f 9425 9423 9424 9426
f 9423 9425 9427 9428
f 9421 9423 9428 9422
f 9429 9428 9427 9430
f 9411 9429 9430 9412
f 9429 9411 9408 9431
f 9428 9429 9431 9422
f 9432 9431 9408 9406
f 9433 9432 9406 9407
f 9432 9433 9416 9415
f 9431 9432 9415 9422
f 9434 9435 9436 9437
f 9438 9434 9437 9439
f 9434 9438 9440 9441
f 9435 9434 9441 9442
f 9443 9435 9442 9444
f 9445 9443 9444 9446
f 9443 9445 9447 9448
f 9435 9443 9448 9436
f 9449 9448 9447 9450
f 9451 9449 9450 9452
f 9449 9451 9453 9454
f 9448 9449 9454 9436
f 9455 9454 9453 9456
f 9457 9455 9456 9458
f 9455 9457 9439 9437
f 9454 9455 9437 9436
f 9459 9460 9442 9441
f 9461 9459 9441 9440
f 9459 9461 9462 9463
f 9460 9459 9463 9464
f 9465 9463 9462 9466
f 9467 9465 9466 9468
f 9465 9467 9469 9470
f 9463 9465 9470 9464
f 9471 9470 9469 9472
f 9473 9471 9472 9474
f 9471 9473 9475 9476
f 9470 9471 9476 9464
f 9477 9476 9475 9478
f 9444 9477 9478 9446
f 9477 9444 9442 9460
f 9476 9477 9460 9464
f 9479 9480 9481 9482
f 9483 9479 9482 9484
f 9479 9483 9485 9486
f 9480 9479 9486 9487
f 9488 9486 9485 9489
f 9490 9488 9489 9491
f 9488 9490 9492 9493
f 9486 9488 9493 9487
f 9494 9493 9492 9495
f 9496 9494 9495 9497
f 9494 9496 9498 9499
f 9493 9494 9499 9487
f 9500 9499 9498 9501
f 9502 9500 9501 9503
f 9500 9502 9481 9480
f 9499 9500 9480 9487
f 9504 9505 9506 9507
f 9508 9504 9507 9509
f 9504 9508 9510 9511
f 9505 9504 9511 9512
f 9513 9511 9510 9514
f 9515 9513 9514 9516
f 9513 9515 9517 9518
f 9511 9513 9518 9512
f 9519 9518 9517 9520
f 9521 9519 9520 9522
f 9519 9521 9523 9524
f 9518 9519 9524 9512
f 9525 9524 9523 9526
f 9527 9525 9526 9528
f 9525 9527 9506 9505
f 9524 9525 9505 9512
f 9529 9530 9506 9527
f 9531 9529 9527 9528
f 9529 9531 9532 9533
f 9530 9529 9533 9534
f 9535 9533 9532 9536
f 9537 9535 9536 9538
f 9535 9537 9539 9540
f 9533 9535 9540 9534
f 9541 9540 9539 9542
f 9543 9541 9542 9544
f 9541 9543 9545 9546
f 9540 9541 9546 9534
f 9547 9546 9545 9548
f 9507 9547 9548 9509
f 9547 9507 9506 9530
f 9546 9547 9530 9534
f 9549 9550 9551 9552
f 9553 9549 9552 9554
f 9549 9553 9555 9556
f 9550 9549 9556 9557
f 9558 9553 9554 9559
f 9560 9558 9559 9561
f 9558 9560 9562 9563
f 9553 9558 9563 9555
f 9564 9565 9566 9567
f 9568 9564 9567 9569
f 9564 9568 9570 9571
f 9565 9564 9571 9572
f 9573 9568 9569 9574
f 9575 9573 9574 9576
f 9573 9575 9577 9578
f 9568 9573 9578 9570
f 9579 9575 9576 9580
f 9581 9579 9580 9582
f 9579 9581 9583 9584
f 9575 9579 9584 9577
f 9585 9581 9582 9586
f 9587 9585 9586 9588
f 9585 9587 9589 9590
f 9581 9585 9590 9583
f 9591 9592 9593 9594
f 9595 9591 9594 9596
f 9591 9595 9597 9598
f 9592 9591 9598 9599
f 9600 9595 9596 9601
f 9602 9600 9601 9603
f 9600 9602 9604 9605
f 9595 9600 9605 9597
f 9606 9607 9608 9609
f 9610 9606 9609 9611
f 9606 9610 9612 9613
f 9607 9606 9613 9614
f 9615 9610 9611 9616
f 9617 9615 9616 9618
f 9615 9617 9619 9620
f 9610 9615 9620 9612
f 9621 9617 9618 9622
f 9623 9621 9622 9624
f 9621 9623 9625 9626
f 9617 9621 9626 9619
f 9627 9623 9624 9628
f 9629 9627 9628 9630
f 9627 9629 9631 9632
f 9623 9627 9632 9625
f 9633 9634 9635 9636
f 9637 9633 9636 9638
f 9633 9637 9639 9640
f 9634 9633 9640 9641
f 9642 9637 9638 9643
f 9644 9642 9643 9645
f 9642 9644 9646 9647
f 9637 9642 9647 9639
f 9648 9649 9650 9651
f 9652 9648 9651 9653
f 9648 9652 9654 9655
f 9649 9648 9655 9656
f 9657 9652 9653 9658
f 9659 9657 9658 9660
f 9657 9659 9661 9662
f 9652 9657 9662 9654
f 9663 9659 9660 9664
f 9665 9663 9664 9666
f 9663 9665 9667 9668
f 9659 9663 9668 9661
f 9669 9665 9666 9670
f 9671 9669 9670 9672
f 9669 9671 9673 9674
f 9665 9669 9674 9667
f 9675 9676 9677 9678
f 9679 9675 9678 9680
f 9675 9679 9681 9682
f 9676 9675 9682 9683
f 9684 9679 9680 9685
f 9686 9684 9685 9687
f 9684 9686 9688 9689
f 9679 9684 9689 9681
f 9690 9691 9692 9693
f 9694 9690 9693 9695
f 9690 9694 9696 9697
f 9691 9690 9697 9698
f 9699 9694 9695 9700
f 9701 9699 9700 9702
f 9699 9701 9703 9704
f 9694 9699 9704 9696
f 9705 9701 9702 9706
f 9707 9705 9706 9708
f 9705 9707 9709 9710
f 9701 9705 9710 9703
f 9711 9707 9708 9712
f 9713 9711 9712 9714
f 9711 9713 9715 9716
f 9707 9711 9716 9709
f 9717 9718 9719 9720
f 9721 9717 9720 9722
f 9717 9721 9723 9724
f 9718 9717 9724 9725
f 9726 9721 9722 9727
f 9728 9726 9727 9729
f 9726 9728 9730 9731
f 9721 9726 9731 9723
f 9732 9733 9734 9735
f 9736 9732 9735 9737
f 9732 9736 9738 9739
f 9733 9732 9739 9740
f 9741 9736 9737 9742
f 9743 9741 9742 9744
f 9741 9743 9745 9746
f 9736 9741 9746 9738
f 9747 9743 9744 9748
f 9749 9747 9748 9750
f 9747 9749 9751 9752
f 9743 9747 9752 9745
f 9753 9749 9750 9754
f 9755 9753 9754 9756
f 9753 9755 9757 9758
f 9749 9753 9758 9751
f 9759 9760 9761 9762
f 9763 9759 9762 9764
f 9759 9763 9765 9766
f 9760 9759 9766 9767
f 9768 9763 9764 9769
f 9770 9768 9769 9771
f 9768 9770 9772 9773
f 9763 9768 9773 9765
f 9774 9775 9776 9777
f 9778 9774 9777 9779
f 9774 9778 9780 9781
f 9775 9774 9781 9782
f 9783 9778 9779 9784
f 9785 9783 9784 9786
f 9783 9785 9787 9788
f 9778 9783 9788 9780
f 9789 9785 9786 9790
f 9791 9789 9790 9792
f 9789 9791 9793 9794
f 9785 9789 9794 9787
f 9795 9791 9792 9796
f 9797 9795 9796 9798
f 9795 9797 9799 9800
f 9791 9795 9800 9793
f 9801 9802 9803 9804
f 9805 9801 9804 9806
f 9801 9805 9807 9808
f 9802 9801 9808 9809
f 9810 9805 9806 9811
f 9812 9810 9811 9813
f 9810 9812 9814 9815
f 9805 9810 9815 9807
f 9816 9817 9818 9819
f 9820 9816 9819 9821
f 9816 9820 9822 9823
f 9817 9816 9823 9824
f 9825 9820 9821 9826
f 9827 9825 9826 9828
f 9825 9827 9829 9830
f 9820 9825 9830 9822
f 9831 9832 9833 9834
f 9835 9831 9834 9836
f 9831 9835 9837 9838
f 9832 9831 9838 9839
f 9840 9835 9836 9841
f 9842 9840 9841 9843
f 9840 9842 9844 9845
f 9835 9840 9845 9837
f 9846 9847 9848 9849
f 9850 9846 9849 9851
f 9846 9850 9852 9853
f 9847 9846 9853 9854
f 9855 9850 9851 9856
f 9857 9855 9856 9858
f 9855 9857 9859 9860
f 9850 9855 9860 9852
f 9861 9862 9863 9864
f 9865 9861 9864 9866
f 9861 9865 9867 9868
f 9862 9861 9868 9869
f 9870 9865 9866 9871
f 9872 9870 9871 9873
f 9870 9872 9874 9875
f 9865 9870 9875 9867
f 9876 9877 9878 9879
f 9880 9876 9879 9881
f 9876 9880 9882 9883
f 9877 9876 9883 9884
f 9885 9880 9881 9886
f 9887 9885 9886 9888
f 9885 9887 9889 9890
f 9880 9885 9890 9882
f 9891 9887 9888 9892
f 9893 9891 9892 9894
f 9891 9893 9895 9896
f 9887 9891 9896 9889
f 9897 9893 9894 9898
f 9899 9897 9898 9900
f 9897 9899 9901 9902
f 9893 9897 9902 9895
f 9903 9904 9905 9906
f 9907 9903 9906 9908
f 9903 9907 9909 9910
f 9904 9903 9910 9911
f 9912 9907 9908 9913
f 9914 9912 9913 9915
f 9912 9914 9916 9917
f 9907 9912 9917 9909
f 9918 9919 9920 9921
f 9922 9918 9921 9923
f 9918 9922 9924 9925
f 9919 9918 9925 9926
f 9927 9922 9923 9928
f 9929 9927 9928 9930
f 9927 9929 9931 9932
f 9922 9927 9932 9924
f 9933 9929 9930 9934
f 9935 9933 9934 9936
f 9933 9935 9937 9938
f 9929 9933 9938 9931
f 9939 9935 9936 9940
f 9941 9939 9940 9942
f 9939 9941 9943 9944
f 9935 9939 9944 9937
f 9945 9946 9947 9948
f 9949 9945 9948 9950
f 9945 9949 9951 9952
f 9946 9945 9952 9953
f 9954 9949 9950 9955
f 9956 9954 9955 9957
f 9954 9956 9958 9959
f 9949 9954 9959 9951
f 9960 9961 9962 9963
f 9964 9960 9963 9965
f 9960 9964 9966 9967
f 9961 9960 9967 9968
f 9969 9964 9965 9970
f 9971 9969 9970 9972
f 9969 9971 9973 9974
f 9964 9969 9974 9966
f 9975 9971 9972 9976
f 9977 9975 9976 9978
f 9975 9977 9979 9980
f 9971 9975 9980 9973
f 9981 9977 9978 9982
f 9983 9981 9982 9984
f 9981 9983 9985 9986
f 9977 9981 9986 9979
f 9987 9988 9989 9990
f 9991 9987 9990 9992
f 9987 9991 9993 9994
f 9988 9987 9994 9995
f 9996 9991 9992 9997
f 9998 9996 9997 9999
f 9996 9998 10000 10001
f 9991 9996 10001 9993
f 10002 10003 10004 10005
f 10006 10002 10005 10007
f 10002 10006 10008 10009
f 10003 10002 10009 10010
f 10011 10006 10007 10012
f 10013 10011 10012 10014
f 10011 10013 10015 10016
f 10006 10011 10016 10008
f 10017 10013 10014 10018
f 10019 10017 10018 10020
f 10017 10019 10021 10022
f 10013 10017 10022 10015
f 10023 10019 10020 10024
f 10025 10023 10024 10026
f 10023 10025 10027 10028
f 10019 10023 10028 10021
f 10029 10030 10031 10032
f 10033 10029 10032 10034
f 10029 10033 10035 10036
f 10030 10029 10036 10037
f 10038 10033 10034 10039
f 10040 10038 10039 10041
f 10038 10040 10042 10043
f 10033 10038 10043 10035
f 10044 10045 10046 10047
f 10048 10044 10047 10049
f 10044 10048 10050 10051
f 10045 10044 10051 10052
f 10053 10048 10049 10054
f 10055 10053 10054 10056
f 10053 10055 10057 10058
f 10048 10053 10058 10050
f 10059 10055 10056 10060
f 10061 10059 10060 10062
f 10059 10061 10063 10064
f 10055 10059 10064 10057
f 10065 10061 10062 10066
f 10067 10065 10066 10068
f 10065 10067 10069 10070
f 10061 10065 10070 10063
f 10071 10072 10073 10074
f 10075 10071 10074 10076
f 10071 10075 10077 10078
f 10072 10071 10078 10079
f 10080 10075 10076 10081
f 10082 10080 10081 10083
f 10080 10082 10084 10085
f 10075 10080 10085 10077
f 10086 10087 10088 10089
f 10090 10086 10089 10091
f 10086 10090 10092 10093
f 10087 10086 10093 10094
f 10095 10090 10091 10096
f 10097 10095 10096 10098
f 10095 10097 10099 10100
f 10090 10095 10100 10092
f 10101 10097 10098 10102
f 10103 10101 10102 10104
f 10101 10103 10105 10106
f 10097 10101 10106 10099
f 10107 10103 10104 10108
f 10109 10107 10108 10110
f 10107 10109 10111 10112
f 10103 10107 10112 10105
f 10113 10114 10115 10116
f 10117 10113 10116 10118
f 10113 10117 10119 10120
f 10114 10113 10120 10121
f 10122 10117 10118 10123
f 10124 10122 10123 10125
f 10122 10124 10126 10127
f 10117 10122 10127 10119
f 10128 10129 10130 10131
f 10132 10128 10131 10133
f 10128 10132 10134 10135
f 10129 10128 10135 10136
f 10137 10132 10133 10138
f 10139 10137 10138 10140
f 10137 10139 10141 10142
f 10132 10137 10142 10134
f 10143 10139 10140 10144
f 10145 10143 10144 10146
f 10143 10145 10147 10148
f 10139 10143 10148 10141
f 10149 10145 10146 10150
f 10151 10149 10150 10152
f 10149 10151 10153 10154
f 10145 10149 10154 10147
f 10155 10156 10157 10158
f 10159 10155 10158 10160
f 10155 10159 10161 10162
f 10156 10155 10162 10163
f 10164 10159 10160 10165
f 10166 10164 10165 10167
f 10164 10166 10168 10169
f 10159 10164 10169 10161
f 10170 10171 10172 10173
f 10174 10170 10173 10175
f 10170 10174 10176 10177
f 10171 10170 10177 10178
f 10179 10174 10175 10180
f 10181 10179 10180 10182
f 10179 10181 10183 10184
f 10174 10179 10184 10176
f 10185 10181 10182 10186
f 10187 10185 10186 10188
f 10185 10187 10189 10190
f 10181 10185 10190 10183
f 10191 10187 10188 10192
f 10193 10191 10192 10194
f 10191 10193 10195 10196
f 10187 10191 10196 10189
f 10197 10198 10199 10200
f 10201 10197 10200 10202
f 10197 10201 10203 10204
f 10198 10197 10204 10205
f 10206 10201 10202 10207
f 10208 10206 10207 10209
f 10206 10208 10210 10211
f 10201 10206 10211 10203
f 10212 10213 10214 10215
f 10216 10212 10215 10217
f 10212 10216 10218 10219
f 10213 10212 10219 10220
f 10221 10216 10217 10222
f 10223 10221 10222 10224
f 10221 10223 10225 10226
f 10216 10221 10226 10218
f 10227 10228 10229 10230
f 10231 10227 10230 10232
f 10227 10231 10233 10234
f 10228 10227 10234 10235
f 10236 10231 10232 10237
f 10238 10236 10237 10239
f 10236 10238 10240 10241
f 10231 10236 10241 10233
f 10242 10243 10244 10245
f 10246 10242 10245 10247
f 10242 10246 10248 10249
f 10243 10242 10249 10250
f 10251 10246 10247 10252
f 10253 10251 10252 10254
f 10251 10253 10255 10256
f 10246 10251 10256 10248
f 10257 10258 10259 10260
f 10261 10257 10260 10262
f 10257 10261 10263 10264
f 10258 10257 10264 10265
f 10266 10261 10262 10267
f 10268 10266 10267 10269
f 10266 10268 10270 10271
f 10261 10266 10271 10263
f 10272 10273 10274 10275
f 10276 10272 10275 10277
f 10272 10276 10278 10279
f 10273 10272 10279 10280
f 10281 10276 10277 10282
f 10283 10281 10282 10284
f 10281 10283 10285 10286
f 10276 10281 10286 10278
f 10287 10283 10284 10288
f 10289 10287 10288 10290
f 10287 10289 10291 10292
f 10283 10287 10292 10285
f 10293 10289 10290 10294
f 10295 10293 10294 10296
f 10293 10295 10297 10298
f 10289 10293 10298 10291
f 10299 10300 10301 10302
f 10303 10299 10302 10304
f 10299 10303 10305 10306
f 10300 10299 10306 10307
f 10308 10303 10304 10309
f 10310 10308 10309 10311
f 10308 10310 10312 10313
f 10303 10308 10313 10305
f 10314 10315 10316 10317
f 10318 10314 10317 10319
f 10314 10318 10320 10321
f 10315 10314 10321 10322
f 10323 10318 10319 10324
f 10325 10323 10324 10326
f 10323 10325 10327 10328
f 10318 10323 10328 10320
f 10329 10325 10326 10330
f 10331 10329 10330 10332
f 10329 10331 10333 10334
f 10325 10329 10334 10327
f 10335 10331 10332 10336
f 10337 10335 10336 10338
f 10335 10337 10339 10340
f 10331 10335 10340 10333
f 10341 10342 9631 10343
f 10344 10341 10343 9557
f 10341 10344 9157 10342
f 10345 10346 9562 10347
f 10348 10345 10347 9572
f 10345 10348 9163 10346
f 10349 10350 9589 10351
f 10352 10349 10351 9599
f 10349 10352 9173 10350
f 10353 10354 9604 10355
f 10356 10353 10355 9614
f 10353 10356 9179 10354
f 10357 10358 9715 10359
f 10360 10357 10359 9641
f 10357 10360 9218 10358
f 10361 10362 9646 10363
f 10364 10361 10363 9656
f 10361 10364 9224 10362
f 10365 10366 9673 10367
f 10368 10365 10367 9683
f 10365 10368 9202 10366
f 10369 10370 9688 10371
f 10372 10369 10371 9698
f 10369 10372 9208 10370
f 10373 10374 9799 10375
f 10376 10373 10375 9725
f 10373 10376 9259 10374
f 10377 10378 9730 10379
f 10380 10377 10379 9740
f 10377 10380 9266 10378
f 10381 10382 9757 10383
f 10384 10381 10383 9767
f 10381 10384 9234 10382
f 10385 10386 9772 10387
f 10388 10385 10387 9782
f 10385 10388 9241 10386
f 10389 10390 9859 10391
f 10392 10389 10391 9809
f 10389 10392 9298 10390
f 10393 10394 9814 10395
f 10396 10393 10395 9824
f 10393 10396 9279 10394
f 10397 10398 9829 10399
f 10400 10397 10399 9839
f 10397 10400 9286 10398
f 10401 10402 9844 10403
f 10404 10401 10403 9854
f 10401 10404 9292 10402
f 10405 10406 9943 10407
f 10408 10405 10407 9869
f 10405 10408 9329 10406
f 10409 10410 9874 10411
f 10412 10409 10411 9884
f 10409 10412 9336 10410
f 10413 10414 9901 10415
f 10416 10413 10415 9911
f 10413 10416 9304 10414
f 10417 10418 9916 10419
f 10420 10417 10419 9926
f 10417 10420 9311 10418
f 10421 10422 10027 10423
f 10424 10421 10423 9953
f 10421 10424 9368 10422
f 10425 10426 9958 10427
f 10428 10425 10427 9968
f 10425 10428 9349 10426
f 10429 10430 9985 10431
f 10432 10429 10431 9995
f 10429 10432 9374 10430
f 10433 10434 10000 10435
f 10436 10433 10435 10010
f 10433 10436 9381 10434
f 10437 10438 10111 10439
f 10440 10437 10439 10037
f 10437 10440 9419 10438
f 10441 10442 10042 10443
f 10444 10441 10443 10052
f 10441 10444 9426 10442
f 10445 10446 10069 10447
f 10448 10445 10447 10079
f 10445 10448 9394 10446
f 10449 10450 10084 10451
f 10452 10449 10451 10094
f 10449 10452 9401 10450
f 10453 10454 10195 10455
f 10456 10453 10455 10121
f 10453 10456 9468 10454
f 10457 10458 10126 10459
f 10460 10457 10459 10136
f 10457 10460 9474 10458
f 10461 10462 10153 10463
f 10464 10461 10463 10163
f 10461 10464 9452 10462
f 10465 10466 10168 10467
f 10468 10465 10467 10178
f 10465 10468 9458 10466
f 10469 10470 10255 10471
f 10472 10469 10471 10205
f 10469 10472 9497 10470
f 10473 10474 10210 10475
f 10476 10473 10475 10220
f 10473 10476 9503 10474
f 10477 10478 10225 10479
f 10480 10477 10479 10235
f 10477 10480 9484 10478
f 10481 10482 10240 10483
f 10484 10481 10483 10250
f 10481 10484 9491 10482
f 10485 10486 10339 10487
f 10488 10485 10487 10265
f 10485 10488 9538 10486
f 10489 10490 10270 10491
f 10492 10489 10491 10280
f 10489 10492 9544 10490
f 10493 10494 10297 10495
f 10496 10493 10495 10307
f 10493 10496 9516 10494
f 10497 10498 10312 10499
f 10500 10497 10499 10322
f 10497 10500 9522 10498
f 10501 9156 9157 10344
f 9556 10501 10344 9557
f 10501 9556 9555 10502
f 9156 10501 10502 9158
f 10503 9161 9158 10502
f 9563 10503 10502 9555
f 10503 9563 9562 10346
f 9161 10503 10346 9163
f 10504 9162 9163 10348
f 9571 10504 10348 9572
f 10504 9571 9570 10505
f 9162 10504 10505 9141
f 10506 9142 9141 10505
f 9578 10506 10505 9570
f 10506 9578 9577 10507
f 9142 10506 10507 9144
f 10508 9166 9144 10507
f 9584 10508 10507 9577
f 10508 9584 9583 10509
f 9166 10508 10509 9167
f 10510 9171 9167 10509
f 9590 10510 10509 9583
f 10510 9590 9589 10350
f 9171 10510 10350 9173
f 10511 9172 9173 10352
f 9598 10511 10352 9599
f 10511 9598 9597 10512
f 9172 10511 10512 9174
f 10513 9177 9174 10512
f 9605 10513 10512 9597
f 10513 9605 9604 10354
f 9177 10513 10354 9179
f 10514 9178 9179 10356
f 9613 10514 10356 9614
f 10514 9613 9612 10515
f 9178 10514 10515 9180
f 10516 9183 9180 10515
f 9620 10516 10515 9612
f 10516 9620 9619 10517
f 9183 10516 10517 9151
f 10518 9150 9151 10517
f 9626 10518 10517 9619
f 10518 9626 9625 10519
f 9150 10518 10519 9152
f 10520 9155 9152 10519
f 9632 10520 10519 9625
f 10520 9632 9631 10342
f 9155 10520 10342 9157
f 10521 9629 9630 10522
f 9550 10521 10522 9551
f 10521 9550 9557 10343
f 9629 10521 10343 9631
f 10523 9560 9561 10524
f 9565 10523 10524 9566
f 10523 9565 9572 10347
f 9560 10523 10347 9562
f 10525 9587 9588 10526
f 9592 10525 10526 9593
f 10525 9592 9599 10351
f 9587 10525 10351 9589
f 10527 9602 9603 10528
f 9607 10527 10528 9608
f 10527 9607 9614 10355
f 9602 10527 10355 9604
f 10529 9217 9218 10360
f 9640 10529 10360 9641
f 10529 9640 9639 10530
f 9217 10529 10530 9219
f 10531 9222 9219 10530
f 9647 10531 10530 9639
f 10531 9647 9646 10362
f 9222 10531 10362 9224
f 10532 9223 9224 10364
f 9655 10532 10364 9656
f 10532 9655 9654 10533
f 9223 10532 10533 9225
f 10534 9228 9225 10533
f 9662 10534 10533 9654
f 10534 9662 9661 10535
f 9228 10534 10535 9196
f 10536 9195 9196 10535
f 9668 10536 10535 9661
f 10536 9668 9667 10537
f 9195 10536 10537 9197
f 10538 9200 9197 10537
f 9674 10538 10537 9667
f 10538 9674 9673 10366
f 9200 10538 10366 9202
f 10539 9201 9202 10368
f 9682 10539 10368 9683
f 10539 9682 9681 10540
f 9201 10539 10540 9203
f 10541 9206 9203 10540
f 9689 10541 10540 9681
f 10541 9689 9688 10370
f 9206 10541 10370 9208
f 10542 9207 9208 10372
f 9697 10542 10372 9698
f 10542 9697 9696 10543
f 9207 10542 10543 9189
f 10544 9188 9189 10543
f 9704 10544 10543 9696
f 10544 9704 9703 10545
f 9188 10544 10545 9190
f 10546 9211 9190 10545
f 9710 10546 10545 9703
f 10546 9710 9709 10547
f 9211 10546 10547 9212
f 10548 9216 9212 10547
f 9716 10548 10547 9709
f 10548 9716 9715 10358
f 9216 10548 10358 9218
f 10549 9713 9714 10550
f 9634 10549 10550 9635
f 10549 9634 9641 10359
f 9713 10549 10359 9715
f 10551 9644 9645 10552
f 9649 10551 10552 9650
f 10551 9649 9656 10363
f 9644 10551 10363 9646
f 10553 9671 9672 10554
f 9676 10553 10554 9677
f 10553 9676 9683 10367
f 9671 10553 10367 9673
f 10555 9686 9687 10556
f 9691 10555 10556 9692
f 10555 9691 9698 10371
f 9686 10555 10371 9688
f 10557 9258 9259 10376
f 9724 10557 10376 9725
f 10557 9724 9723 10558
f 9258 10557 10558 9260
f 10559 9264 9260 10558
f 9731 10559 10558 9723
f 10559 9731 9730 10378
f 9264 10559 10378 9266
f 10560 9265 9266 10380
f 9739 10560 10380 9740
f 10560 9739 9738 10561
f 9265 10560 10561 9267
f 10562 9270 9267 10561
f 9746 10562 10561 9738
f 10562 9746 9745 10563
f 9270 10562 10563 9252
f 10564 9253 9252 10563
f 9752 10564 10563 9745
f 10564 9752 9751 10565
f 9253 10564 10565 9231
f 10566 9232 9231 10565
f 9758 10566 10565 9751
f 10566 9758 9757 10382
f 9232 10566 10382 9234
f 10567 9233 9234 10384
f 9766 10567 10384 9767
f 10567 9766 9765 10568
f 9233 10567 10568 9235
f 10569 9239 9235 10568
f 9773 10569 10568 9765
f 10569 9773 9772 10386
f 9239 10569 10386 9241
f 10570 9240 9241 10388
f 9781 10570 10388 9782
f 10570 9781 9780 10571
f 9240 10570 10571 9242
f 10572 9245 9242 10571
f 9788 10572 10571 9780
f 10572 9788 9787 10573
f 9245 10572 10573 9247
f 10574 9273 9247 10573
f 9794 10574 10573 9787
f 10574 9794 9793 10575
f 9273 10574 10575 9256
f 10576 9257 9256 10575
f 9800 10576 10575 9793
f 10576 9800 9799 10374
f 9257 10576 10374 9259
f 10577 9797 9798 10578
f 9718 10577 10578 9719
f 10577 9718 9725 10375
f 9797 10577 10375 9799
f 10579 9728 9729 10580
f 9733 10579 10580 9734
f 10579 9733 9740 10379
f 9728 10579 10379 9730
f 10581 9755 9756 10582
f 9760 10581 10582 9761
f 10581 9760 9767 10383
f 9755 10581 10383 9757
f 10583 9770 9771 10584
f 9775 10583 10584 9776
f 10583 9775 9782 10387
f 9770 10583 10387 9772
f 10585 9297 9298 10392
f 9808 10585 10392 9809
f 10585 9808 9807 10586
f 9297 10585 10586 9276
f 10587 9277 9276 10586
f 9815 10587 10586 9807
f 10587 9815 9814 10394
f 9277 10587 10394 9279
f 10588 9278 9279 10396
f 9823 10588 10396 9824
f 10588 9823 9822 10589
f 9278 10588 10589 9280
f 10590 9284 9280 10589
f 9830 10590 10589 9822
f 10590 9830 9829 10398
f 9284 10590 10398 9286
f 10591 9285 9286 10400
f 9838 10591 10400 9839
f 10591 9838 9837 10592
f 9285 10591 10592 9287
f 10593 9290 9287 10592
f 9845 10593 10592 9837
f 10593 9845 9844 10402
f 9290 10593 10402 9292
f 10594 9291 9292 10404
f 9853 10594 10404 9854
f 10594 9853 9852 10595
f 9291 10594 10595 9293
f 10596 9296 9293 10595
f 9860 10596 10595 9852
f 10596 9860 9859 10390
f 9296 10596 10390 9298
f 10597 9857 9858 10598
f 9802 10597 10598 9803
f 10597 9802 9809 10391
f 9857 10597 10391 9859
f 10599 9812 9813 10600
f 9817 10599 10600 9818
f 10599 9817 9824 10395
f 9812 10599 10395 9814
f 10601 9827 9828 10602
f 9832 10601 10602 9833
f 10601 9832 9839 10399
f 9827 10601 10399 9829
f 10603 9842 9843 10604
f 9847 10603 10604 9848
f 10603 9847 9854 10403
f 9842 10603 10403 9844
f 10605 9328 9329 10408
f 9868 10605 10408 9869
f 10605 9868 9867 10606
f 9328 10605 10606 9330
f 10607 9334 9330 10606
f 9875 10607 10606 9867
f 10607 9875 9874 10410
f 9334 10607 10410 9336
f 10608 9335 9336 10412
f 9883 10608 10412 9884
f 10608 9883 9882 10609
f 9335 10608 10609 9337
f 10610 9340 9337 10609
f 9890 10610 10609 9882
f 10610 9890 9889 10611
f 9340 10610 10611 9323
f 10612 9322 9323 10611
f 9896 10612 10611 9889
f 10612 9896 9895 10613
f 9322 10612 10613 9301
f 10614 9302 9301 10613
f 9902 10614 10613 9895
f 10614 9902 9901 10414
f 9302 10614 10414 9304
f 10615 9303 9304 10416
f 9910 10615 10416 9911
f 10615 9910 9909 10616
f 9303 10615 10616 9305
f 10617 9309 9305 10616
f 9917 10617 10616 9909
f 10617 9917 9916 10418
f 9309 10617 10418 9311
f 10618 9310 9311 10420
f 9925 10618 10420 9926
f 10618 9925 9924 10619
f 9310 10618 10619 9312
f 10620 9315 9312 10619
f 9932 10620 10619 9924
f 10620 9932 9931 10621
f 9315 10620 10621 9317
f 10622 9343 9317 10621
f 9938 10622 10621 9931
f 10622 9938 9937 10623
f 9343 10622 10623 9326
f 10624 9327 9326 10623
f 9944 10624 10623 9937
f 10624 9944 9943 10406
f 9327 10624 10406 9329
f 10625 9941 9942 10626
f 9862 10625 10626 9863
f 10625 9862 9869 10407
f 9941 10625 10407 9943
f 10627 9872 9873 10628
f 9877 10627 10628 9878
f 10627 9877 9884 10411
f 9872 10627 10411 9874
f 10629 9899 9900 10630
f 9904 10629 10630 9905
f 10629 9904 9911 10415
f 9899 10629 10415 9901
f 10631 9914 9915 10632
f 9919 10631 10632 9920
f 10631 9919 9926 10419
f 9914 10631 10419 9916
f 10633 9367 9368 10424
f 9952 10633 10424 9953
f 10633 9952 9951 10634
f 9367 10633 10634 9346
f 10635 9347 9346 10634
f 9959 10635 10634 9951
f 10635 9959 9958 10426
f 9347 10635 10426 9349
f 10636 9348 9349 10428
f 9967 10636 10428 9968
f 10636 9967 9966 10637
f 9348 10636 10637 9350
f 10638 9354 9350 10637
f 9974 10638 10637 9966
f 10638 9974 9973 10639
f 9354 10638 10639 9356
f 10640 9388 9356 10639
f 9980 10640 10639 9973
f 10640 9980 9979 10641
f 9388 10640 10641 9371
f 10642 9372 9371 10641
f 9986 10642 10641 9979
f 10642 9986 9985 10430
f 9372 10642 10430 9374
f 10643 9373 9374 10432
f 9994 10643 10432 9995
f 10643 9994 9993 10644
f 9373 10643 10644 9375
f 10645 9379 9375 10644
f 10001 10645 10644 9993
f 10645 10001 10000 10434
f 9379 10645 10434 9381
f 10646 9380 9381 10436
f 10009 10646 10436 10010
f 10646 10009 10008 10647
f 9380 10646 10647 9382
f 10648 9385 9382 10647
f 10016 10648 10647 10008
f 10648 10016 10015 10649
f 9385 10648 10649 9362
f 10650 9361 9362 10649
f 10022 10650 10649 10015
f 10650 10022 10021 10651
f 9361 10650 10651 9363
f 10652 9366 9363 10651
f 10028 10652 10651 10021
f 10652 10028 10027 10422
f 9366 10652 10422 9368
f 10653 10025 10026 10654
f 9946 10653 10654 9947
f 10653 9946 9953 10423
f 10025 10653 10423 10027
f 10655 9956 9957 10656
f 9961 10655 10656 9962
f 10655 9961 9968 10427
f 9956 10655 10427 9958
f 10657 9983 9984 10658
f 9988 10657 10658 9989
f 10657 9988 9995 10431
f 9983 10657 10431 9985
f 10659 9998 9999 10660
f 10003 10659 10660 10004
f 10659 10003 10010 10435
f 9998 10659 10435 10000
f 10661 9418 9419 10440
f 10036 10661 10440 10037
f 10661 10036 10035 10662
f 9418 10661 10662 9420
f 10663 9424 9420 10662
f 10043 10663 10662 10035
f 10663 10043 10042 10442
f 9424 10663 10442 9426
f 10664 9425 9426 10444
f 10051 10664 10444 10052
f 10664 10051 10050 10665
f 9425 10664 10665 9427
f 10666 9430 9427 10665
f 10058 10666 10665 10050
f 10666 10058 10057 10667
f 9430 10666 10667 9412
f 10668 9413 9412 10667
f 10064 10668 10667 10057
f 10668 10064 10063 10669
f 9413 10668 10669 9391
f 10670 9392 9391 10669
f 10070 10670 10669 10063
f 10670 10070 10069 10446
f 9392 10670 10446 9394
f 10671 9393 9394 10448
f 10078 10671 10448 10079
f 10671 10078 10077 10672
f 9393 10671 10672 9395
f 10673 9399 9395 10672
f 10085 10673 10672 10077
f 10673 10085 10084 10450
f 9399 10673 10450 9401
f 10674 9400 9401 10452
f 10093 10674 10452 10094
f 10674 10093 10092 10675
f 9400 10674 10675 9402
f 10676 9405 9402 10675
f 10100 10676 10675 10092
f 10676 10100 10099 10677
f 9405 10676 10677 9407
f 10678 9433 9407 10677
f 10106 10678 10677 10099
f 10678 10106 10105 10679
f 9433 10678 10679 9416
f 10680 9417 9416 10679
f 10112 10680 10679 10105
f 10680 10112 10111 10438
f 9417 10680 10438 9419
f 10681 10109 10110 10682
f 10030 10681 10682 10031
f 10681 10030 10037 10439
f 10109 10681 10439 10111
f 10683 10040 10041 10684
f 10045 10683 10684 10046
f 10683 10045 10052 10443
f 10040 10683 10443 10042
f 10685 10067 10068 10686
f 10072 10685 10686 10073
f 10685 10072 10079 10447
f 10067 10685 10447 10069
f 10687 10082 10083 10688
f 10087 10687 10688 10088
f 10687 10087 10094 10451
f 10082 10687 10451 10084
f 10689 9467 9468 10456
f 10120 10689 10456 10121
f 10689 10120 10119 10690
f 9467 10689 10690 9469
f 10691 9472 9469 10690
f 10127 10691 10690 10119
f 10691 10127 10126 10458
f 9472 10691 10458 9474
f 10692 9473 9474 10460
f 10135 10692 10460 10136
f 10692 10135 10134 10693
f 9473 10692 10693 9475
f 10694 9478 9475 10693
f 10142 10694 10693 10134
f 10694 10142 10141 10695
f 9478 10694 10695 9446
f 10696 9445 9446 10695
f 10148 10696 10695 10141
f 10696 10148 10147 10697
f 9445 10696 10697 9447
f 10698 9450 9447 10697
f 10154 10698 10697 10147
f 10698 10154 10153 10462
f 9450 10698 10462 9452
f 10699 9451 9452 10464
f 10162 10699 10464 10163
f 10699 10162 10161 10700
f 9451 10699 10700 9453
f 10701 9456 9453 10700
f 10169 10701 10700 10161
f 10701 10169 10168 10466
f 9456 10701 10466 9458
f 10702 9457 9458 10468
f 10177 10702 10468 10178
f 10702 10177 10176 10703
f 9457 10702 10703 9439
f 10704 9438 9439 10703
f 10184 10704 10703 10176
f 10704 10184 10183 10705
f 9438 10704 10705 9440
f 10706 9461 9440 10705
f 10190 10706 10705 10183
f 10706 10190 10189 10707
f 9461 10706 10707 9462
f 10708 9466 9462 10707
f 10196 10708 10707 10189
f 10708 10196 10195 10454
f 9466 10708 10454 9468
f 10709 10193 10194 10710
f 10114 10709 10710 10115
f 10709 10114 10121 10455
f 10193 10709 10455 10195
f 10711 10124 10125 10712
f 10129 10711 10712 10130
f 10711 10129 10136 10459
f 10124 10711 10459 10126
f 10713 10151 10152 10714
f 10156 10713 10714 10157
f 10713 10156 10163 10463
f 10151 10713 10463 10153
f 10715 10166 10167 10716
f 10171 10715 10716 10172
f 10715 10171 10178 10467
f 10166 10715 10467 10168
f 10717 9496 9497 10472
f 10204 10717 10472 10205
f 10717 10204 10203 10718
f 9496 10717 10718 9498
f 10719 9501 9498 10718
f 10211 10719 10718 10203
f 10719 10211 10210 10474
f 9501 10719 10474 9503
f 10720 9502 9503 10476
f 10219 10720 10476 10220
f 10720 10219 10218 10721
f 9502 10720 10721 9481
f 10722 9482 9481 10721
f 10226 10722 10721 10218
f 10722 10226 10225 10478
f 9482 10722 10478 9484
f 10723 9483 9484 10480
f 10234 10723 10480 10235
f 10723 10234 10233 10724
f 9483 10723 10724 9485
f 10725 9489 9485 10724
f 10241 10725 10724 10233
f 10725 10241 10240 10482
f 9489 10725 10482 9491
f 10726 9490 9491 10484
f 10249 10726 10484 10250
f 10726 10249 10248 10727
f 9490 10726 10727 9492
f 10728 9495 9492 10727
f 10256 10728 10727 10248
f 10728 10256 10255 10470
f 9495 10728 10470 9497
f 10729 10253 10254 10730
f 10198 10729 10730 10199
f 10729 10198 10205 10471
f 10253 10729 10471 10255
f 10731 10208 10209 10732
f 10213 10731 10732 10214
f 10731 10213 10220 10475
f 10208 10731 10475 10210
f 10733 10223 10224 10734
f 10228 10733 10734 10229
f 10733 10228 10235 10479
f 10223 10733 10479 10225
f 10735 10238 10239 10736
f 10243 10735 10736 10244
f 10735 10243 10250 10483
f 10238 10735 10483 10240
f 10737 9537 9538 10488
f 10264 10737 10488 10265
f 10737 10264 10263 10738
f 9537 10737 10738 9539
f 10739 9542 9539 10738
f 10271 10739 10738 10263
f 10739 10271 10270 10490
f 9542 10739 10490 9544
f 10740 9543 9544 10492
f 10279 10740 10492 10280
f 10740 10279 10278 10741
f 9543 10740 10741 9545
f 10742 9548 9545 10741
f 10286 10742 10741 10278
f 10742 10286 10285 10743
f 9548 10742 10743 9509
f 10744 9508 9509 10743
f 10292 10744 10743 10285
f 10744 10292 10291 10745
f 9508 10744 10745 9510
f 10746 9514 9510 10745
f 10298 10746 10745 10291
f 10746 10298 10297 10494
f 9514 10746 10494 9516
f 10747 9515 9516 10496
f 10306 10747 10496 10307
f 10747 10306 10305 10748
f 9515 10747 10748 9517
f 10749 9520 9517 10748
f 10313 10749 10748 10305
f 10749 10313 10312 10498
f 9520 10749 10498 9522
f 10750 9521 9522 10500
f 10321 10750 10500 10322
f 10750 10321 10320 10751
f 9521 10750 10751 9523
f 10752 9526 9523 10751
f 10328 10752 10751 10320
f 10752 10328 10327 10753
f 9526 10752 10753 9528
f 10754 9531 9528 10753
f 10334 10754 10753 10327
f 10754 10334 10333 10755
f 9531 10754 10755 9532
f 10756 9536 9532 10755
f 10340 10756 10755 10333
f 10756 10340 10339 10486
f 9536 10756 10486 9538
f 10757 10337 10338 10758
f 10258 10757 10758 10259
f 10757 10258 10265 10487
f 10337 10757 10487 10339
f 10759 10268 10269 10760
f 10273 10759 10760 10274
f 10759 10273 10280 10491
f 10268 10759 10491 10270
f 10761 10295 10296 10762
f 10300 10761 10762 10301
f 10761 10300 10307 10495
f 10295 10761 10495 10297
f 10763 10310 10311 10764
f 10315 10763 10764 10316
f 10763 10315 10322 10499
f 10310 10763 10499 10312
f 10765 10766 10767 10768
f 10769 10765 10768 10770
f 10765 10769 10771 10772
f 10766 10765 10772 10773
f 10774 10772 10771 10775
f 10776 10774 10775 10777
f 10774 10776 10778 10779
f 10772 10774 10779 10773
f 10780 10779 10778 10781
f 10782 10780 10781 10783
f 10780 10782 10784 10785
f 10779 10780 10785 10773
f 10786 10785 10784 10787
f 10788 10786 10787 10789
f 10786 10788 10767 10766
f 10785 10786 10766 10773
f 10790 10791 10771 10769
f 10792 10790 10769 10770
f 10790 10792 10793 10794
f 10791 10790 10794 10795
f 10796 10794 10793 10797
f 10798 10796 10797 10799
f 10796 10798 10800 10801
f 10794 10796 10801 10795
f 10802 10801 10800 10803
f 10804 10802 10803 10805
f 10802 10804 10806 10807
f 10801 10802 10807 10795
f 10808 10807 10806 10809
f 10775 10808 10809 10777
f 10808 10775 10771 10791
f 10807 10808 10791 10795
f 10810 10811 10812 10813
f 10814 10810 10813 10815
f 10810 10814 10816 10817
f 10811 10810 10817 10818
f 10819 10811 10818 10820
f 10821 10819 10820 10822
f 10819 10821 10823 10824
f 10811 10819 10824 10812
f 10825 10824 10823 10826
f 10827 10825 10826 10828
f 10825 10827 10829 10830
f 10824 10825 10830 10812
f 10831 10830 10829 10832
f 10833 10831 10832 10834
f 10831 10833 10815 10813
f 10830 10831 10813 10812
f 10835 10836 10818 10817
f 10837 10835 10817 10816
f 10835 10837 10838 10839
f 10836 10835 10839 10840
f 10841 10839 10838 10842
f 10843 10841 10842 10844
f 10841 10843 10845 10846
f 10839 10841 10846 10840
f 10847 10846 10845 10848
f 10849 10847 10848 10850
f 10847 10849 10851 10852
f 10846 10847 10852 10840
f 10853 10852 10851 10854
f 10820 10853 10854 10822
f 10853 10820 10818 10836
f 10852 10853 10836 10840
f 10855 10856 10857 10858
f 10859 10855 10858 10860
f 10855 10859 10861 10862
f 10856 10855 10862 10863
f 10864 10862 10861 10865
f 10866 10864 10865 10867
f 10864 10866 10868 10869
f 10862 10864 10869 10863
f 10870 10869 10868 10871
f 10872 10870 10871 10873
f 10870 10872 10874 10875
f 10869 10870 10875 10863
f 10876 10877 10878 10879
f 10856 10876 10879 10857
f 10876 10856 10863 10875
f 10877 10876 10875 10874
f 10880 10881 10882 10883
f 10884 10880 10883 10885
f 10880 10884 10886 10887
f 10881 10880 10887 10888
f 10889 10887 10886 10890
f 10891 10889 10890 10892
f 10889 10891 10893 10894
f 10887 10889 10894 10888
f 10895 10894 10893 10896
f 10877 10895 10896 10878
f 10895 10877 10874 10897
f 10894 10895 10897 10888
f 10898 10897 10874 10872
f 10899 10898 10872 10873
f 10898 10899 10882 10881
f 10897 10898 10881 10888
f 10900 10901 10902 10903
f 10904 10900 10903 10905
f 10900 10904 10906 10907
f 10901 10900 10907 10908
f 10909 10907 10906 10910
f 10911 10909 10910 10912
f 10909 10911 10913 10914
f 10907 10909 10914 10908
f 10915 10914 10913 10916
f 10917 10915 10916 10918
f 10915 10917 10919 10920
f 10914 10915 10920 10908
f 10921 10920 10919 10922
f 10923 10921 10922 10924
f 10921 10923 10902 10901
f 10920 10921 10901 10908
f 10925 10926 10927 10928
f 10929 10925 10928 10930
f 10925 10929 10931 10932
f 10926 10925 10932 10933
f 10934 10932 10931 10935
f 10936 10934 10935 10937
f 10934 10936 10938 10939
f 10932 10934 10939 10933
f 10940 10939 10938 10941
f 10942 10940 10941 10943
f 10940 10942 10944 10945
f 10939 10940 10945 10933
f 10946 10945 10944 10947
f 10948 10946 10947 10949
f 10946 10948 10927 10926
f 10945 10946 10926 10933
f 10950 10951 10952 10953
f 10954 10950 10953 10955
f 10950 10954 10956 10957
f 10951 10950 10957 10958
f 10959 10957 10956 10960
f 10961 10959 10960 10962
f 10959 10961 10963 10964
f 10957 10959 10964 10958
f 10965 10964 10963 10966
f 10947 10965 10966 10949
f 10965 10947 10944 10967
f 10964 10965 10967 10958
f 10968 10967 10944 10942
f 10969 10968 10942 10943
f 10968 10969 10952 10951
f 10967 10968 10951 10958
f 10970 10971 10972 10973
f 10974 10970 10973 10975
f 10970 10974 10976 10977
f 10971 10970 10977 10978
f 10979 10977 10976 10980
f 10981 10979 10980 10982
f 10979 10981 10983 10984
f 10977 10979 10984 10978
f 10985 10984 10983 10986
f 10987 10985 10986 10988
f 10985 10987 10989 10990
f 10984 10985 10990 10978
f 10991 10990 10989 10992
f 10993 10991 10992 10994
f 10991 10993 10972 10971
f 10990 10991 10971 10978
f 10995 10996 10997 10998
f 10999 10995 10998 11000
f 10995 10999 11001 11002
f 10996 10995 11002 11003
f 11004 11002 11001 11005
f 11006 11004 11005 11007
f 11004 11006 11008 11009
f 11002 11004 11009 11003
f 11010 11009 11008 11011
f 10986 11010 11011 10988
f 11010 10986 10983 11012
f 11009 11010 11012 11003
f 11013 11012 10983 10981
f 11014 11013 10981 10982
f 11013 11014 10997 10996
f 11012 11013 10996 11003
f 11015 11016 11017 11018
f 11019 11015 11018 11020
f 11015 11019 11021 11022
f 11016 11015 11022 11023
f 11024 11022 11021 11025
f 11026 11024 11025 11027
f 11024 11026 11028 11029
f 11022 11024 11029 11023
f 11030 11029 11028 11031
f 11032 11030 11031 11033
f 11030 11032 11034 11035
f 11029 11030 11035 11023
f 11036 11037 11038 11039
f 11016 11036 11039 11017
f 11036 11016 11023 11035
f 11037 11036 11035 11034
f 11040 11041 11042 11043
f 11044 11040 11043 11045
f 11040 11044 11046 11047
f 11041 11040 11047 11048
f 11049 11047 11046 11050
f 11051 11049 11050 11052
f 11049 11051 11053 11054
f 11047 11049 11054 11048
f 11055 11054 11053 11056
f 11037 11055 11056 11038
f 11055 11037 11034 11057
f 11054 11055 11057 11048
f 11058 11057 11034 11032
f 11059 11058 11032 11033
f 11058 11059 11042 11041
f 11057 11058 11041 11048
f 11060 11061 11062 11063
f 11064 11060 11063 11065
f 11060 11064 11066 11067
f 11061 11060 11067 11068
f 11069 11061 11068 11070
f 11071 11069 11070 11072
f 11069 11071 11073 11074
f 11061 11069 11074 11062
f 11075 11074 11073 11076
f 11077 11075 11076 11078
f 11075 11077 11079 11080
f 11074 11075 11080 11062
f 11081 11080 11079 11082
f 11083 11081 11082 11084
f 11081 11083 11065 11063
f 11080 11081 11063 11062
f 11085 11086 11068 11067
f 11087 11085 11067 11066
f 11085 11087 11088 11089
f 11086 11085 11089 11090
f 11091 11089 11088 11092
f 11093 11091 11092 11094
f 11091 11093 11095 11096
f 11089 11091 11096 11090
f 11097 11096 11095 11098
f 11099 11097 11098 11100
f 11097 11099 11101 11102
f 11096 11097 11102 11090
f 11103 11102 11101 11104
f 11070 11103 11104 11072
f 11103 11070 11068 11086
f 11102 11103 11086 11090
f 11105 11106 11107 11108
f 11109 11105 11108 11110
f 11105 11109 11111 11112
f 11106 11105 11112 11113
f 11114 11112 11111 11115
f 11116 11114 11115 11117
f 11114 11116 11118 11119
f 11112 11114 11119 11113
f 11120 11119 11118 11121
f 11122 11120 11121 11123
f 11120 11122 11124 11125
f 11119 11120 11125 11113
f 11126 11125 11124 11127
f 11128 11126 11127 11129
f 11126 11128 11107 11106
f 11125 11126 11106 11113
f 11130 11131 11132 11133
f 11134 11130 11133 11135
f 11130 11134 11136 11137
f 11131 11130 11137 11138
f 11139 11137 11136 11140
f 11141 11139 11140 11142
f 11139 11141 11143 11144
f 11137 11139 11144 11138
f 11145 11144 11143 11146
f 11147 11145 11146 11148
f 11145 11147 11149 11150
f 11144 11145 11150 11138
f 11151 11150 11149 11152
f 11153 11151 11152 11154
f 11151 11153 11132 11131
f 11150 11151 11131 11138
f 11155 11156 11132 11153
f 11157 11155 11153 11154
f 11155 11157 11158 11159
f 11156 11155 11159 11160
f 11161 11159 11158 11162
f 11163 11161 11162 11164
f 11161 11163 11165 11166
f 11159 11161 11166 11160
f 11167 11166 11165 11168
f 11169 11167 11168 11170
f 11167 11169 11171 11172
f 11166 11167 11172 11160
f 11173 11172 11171 11174
f 11133 11173 11174 11135
f 11173 11133 11132 11156
f 11172 11173 11156 11160
f 11175 11176 11177 11178
f 11179 11175 11178 11180
f 11175 11179 11181 11182
f 11176 11175 11182 11183
f 11184 11179 11180 11185
f 11186 11184 11185 11187
f 11184 11186 11188 11189
f 11179 11184 11189 11181
f 11190 11191 11192 11193
f 11194 11190 11193 11195
f 11190 11194 11196 11197
f 11191 11190 11197 11198
f 11199 11194 11195 11200
f 11201 11199 11200 11202
f 11199 11201 11203 11204
f 11194 11199 11204 11196
f 11205 11201 11202 11206
f 11207 11205 11206 11208
f 11205 11207 11209 11210
f 11201 11205 11210 11203
f 11211 11207 11208 11212
f 11213 11211 11212 11214
f 11211 11213 11215 11216
f 11207 11211 11216 11209
f 11217 11218 11219 11220
f 11221 11217 11220 11222
f 11217 11221 11223 11224
f 11218 11217 11224 11225
f 11226 11221 11222 11227
f 11228 11226 11227 11229
f 11226 11228 11230 11231
f 11221 11226 11231 11223
f 11232 11233 11234 11235
f 11236 11232 11235 11237
f 11232 11236 11238 11239
f 11233 11232 11239 11240
f 11241 11236 11237 11242
f 11243 11241 11242 11244
f 11241 11243 11245 11246
f 11236 11241 11246 11238
f 11247 11243 11244 11248
f 11249 11247 11248 11250
f 11247 11249 11251 11252
f 11243 11247 11252 11245
f 11253 11249 11250 11254
f 11255 11253 11254 11256
f 11253 11255 11257 11258
f 11249 11253 11258 11251
f 11259 11260 11261 11262
f 11263 11259 11262 11264
f 11259 11263 11265 11266
f 11260 11259 11266 11267
f 11268 11263 11264 11269
f 11270 11268 11269 11271
f 11268 11270 11272 11273
f 11263 11268 11273 11265
f 11274 11275 11276 11277
f 11278 11274 11277 11279
f 11274 11278 11280 11281
f 11275 11274 11281 11282
f 11283 11278 11279 11284
f 11285 11283 11284 11286
f 11283 11285 11287 11288
f 11278 11283 11288 11280
f 11289 11285 11286 11290
f 11291 11289 11290 11292
f 11289 11291 11293 11294
f 11285 11289 11294 11287
f 11295 11291 11292 11296
f 11297 11295 11296 11298
f 11295 11297 11299 11300
f 11291 11295 11300 11293
f 11301 11302 11303 11304
f 11305 11301 11304 11306
f 11301 11305 11307 11308
f 11302 11301 11308 11309
f 11310 11305 11306 11311
f 11312 11310 11311 11313
f 11310 11312 11314 11315
f 11305 11310 11315 11307
f 11316 11317 11318 11319
f 11320 11316 11319 11321
f 11316 11320 11322 11323
f 11317 11316 11323 11324
f 11325 11320 11321 11326
f 11327 11325 11326 11328
f 11325 11327 11329 11330
f 11320 11325 11330 11322
f 11331 11327 11328 11332
f 11333 11331 11332 11334
f 11331 11333 11335 11336
f 11327 11331 11336 11329
f 11337 11333 11334 11338
f 11339 11337 11338 11340
f 11337 11339 11341 11342
f 11333 11337 11342 11335
f 11343 11344 11345 11346
f 11347 11343 11346 11348
f 11343 11347 11349 11350
f 11344 11343 11350 11351
f 11352 11347 11348 11353
f 11354 11352 11353 11355
f 11352 11354 11356 11357
f 11347 11352 11357 11349
f 11358 11359 11360 11361
f 11362 11358 11361 11363
f 11358 11362 11364 11365
f 11359 11358 11365 11366
f 11367 11362 11363 11368
f 11369 11367 11368 11370
f 11367 11369 11371 11372
f 11362 11367 11372 11364
f 11373 11369 11370 11374
f 11375 11373 11374 11376
f 11373 11375 11377 11378
f 11369 11373 11378 11371
f 11379 11375 11376 11380
f 11381 11379 11380 11382
f 11379 11381 11383 11384
f 11375 11379 11384 11377
f 11385 11386 11387 11388
f 11389 11385 11388 11390
f 11385 11389 11391 11392
f 11386 11385 11392 11393
f 11394 11389 11390 11395
f 11396 11394 11395 11397
f 11394 11396 11398 11399
f 11389 11394 11399 11391
f 11400 11401 11402 11403
f 11404 11400 11403 11405
f 11400 11404 11406 11407
f 11401 11400 11407 11408
f 11409 11404 11405 11410
f 11411 11409 11410 11412
f 11409 11411 11413 11414
f 11404 11409 11414 11406
f 11415 11411 11412 11416
f 11417 11415 11416 11418
f 11415 11417 11419 11420
f 11411 11415 11420 11413
f 11421 11417 11418 11422
f 11423 11421 11422 11424
f 11421 11423 11425 11426
f 11417 11421 11426 11419
f 11427 11428 11429 11430
f 11431 11427 11430 11432
f 11427 11431 11433 11434
f 11428 11427 11434 11435
f 11436 11431 11432 11437
f 11438 11436 11437 11439
f 11436 11438 11440 11441
f 11431 11436 11441 11433
f 11442 11443 11444 11445
f 11446 11442 11445 11447
f 11442 11446 11448 11449
f 11443 11442 11449 11450
f 11451 11446 11447 11452
f 11453 11451 11452 11454
f 11451 11453 11455 11456
f 11446 11451 11456 11448
f 11457 11458 11459 11460
f 11461 11457 11460 11462
f 11457 11461 11463 11464
f 11458 11457 11464 11465
f 11466 11461 11462 11467
f 11468 11466 11467 11469
f 11466 11468 11470 11471
f 11461 11466 11471 11463
f 11472 11473 11474 11475
f 11476 11472 11475 11477
f 11472 11476 11478 11479
f 11473 11472 11479 11480
f 11481 11476 11477 11482
f 11483 11481 11482 11484
f 11481 11483 11485 11486
f 11476 11481 11486 11478
f 11487 11488 11489 11490
f 11491 11487 11490 11492
f 11487 11491 11493 11494
f 11488 11487 11494 11495
f 11496 11491 11492 11497
f 11498 11496 11497 11499
f 11496 11498 11500 11501
f 11491 11496 11501 11493
f 11502 11503 11504 11505
f 11506 11502 11505 11507
f 11502 11506 11508 11509
f 11503 11502 11509 11510
f 11511 11506 11507 11512
f 11513 11511 11512 11514
f 11511 11513 11515 11516
f 11506 11511 11516 11508
f 11517 11513 11514 11518
f 11519 11517 11518 11520
f 11517 11519 11521 11522
f 11513 11517 11522 11515
f 11523 11519 11520 11524
f 11525 11523 11524 11526
f 11523 11525 11527 11528
f 11519 11523 11528 11521
f 11529 11530 11531 11532
f 11533 11529 11532 11534
f 11529 11533 11535 11536
f 11530 11529 11536 11537
f 11538 11533 11534 11539
f 11540 11538 11539 11541
f 11538 11540 11542 11543
f 11533 11538 11543 11535
f 11544 11545 11546 11547
f 11548 11544 11547 11549
f 11544 11548 11550 11551
f 11545 11544 11551 11552
f 11553 11548 11549 11554
f 11555 11553 11554 11556
f 11553 11555 11557 11558
f 11548 11553 11558 11550
f 11559 11555 11556 11560
f 11561 11559 11560 11562
f 11559 11561 11563 11564
f 11555 11559 11564 11557
f 11565 11561 11562 11566
f 11567 11565 11566 11568
f 11565 11567 11569 11570
f 11561 11565 11570 11563
f 11571 11572 11573 11574
f 11575 11571 11574 11576
f 11571 11575 11577 11578
f 11572 11571 11578 11579
f 11580 11575 11576 11581
f 11582 11580 11581 11583
f 11580 11582 11584 11585
f 11575 11580 11585 11577
f 11586 11587 11588 11589
f 11590 11586 11589 11591
f 11586 11590 11592 11593
f 11587 11586 11593 11594
f 11595 11590 11591 11596
f 11597 11595 11596 11598
f 11595 11597 11599 11600
f 11590 11595 11600 11592
f 11601 11597 11598 11602
f 11603 11601 11602 11604
f 11601 11603 11605 11606
f 11597 11601 11606 11599
f 11607 11603 11604 11608
f 11609 11607 11608 11610
f 11607 11609 11611 11612
f 11603 11607 11612 11605
f 11613 11614 11615 11616
f 11617 11613 11616 11618
f 11613 11617 11619 11620
f 11614 11613 11620 11621
f 11622 11617 11618 11623
f 11624 11622 11623 11625
f 11622 11624 11626 11627
f 11617 11622 11627 11619
f 11628 11629 11630 11631
f 11632 11628 11631 11633
f 11628 11632 11634 11635
f 11629 11628 11635 11636
f 11637 11632 11633 11638
f 11639 11637 11638 11640
f 11637 11639 11641 11642
f 11632 11637 11642 11634
f 11643 11639 11640 11644
f 11645 11643 11644 11646
f 11643 11645 11647 11648
f 11639 11643 11648 11641
f 11649 11645 11646 11650
f 11651 11649 11650 11652
f 11649 11651 11653 11654
f 11645 11649 11654 11647
f 11655 11656 11657 11658
f 11659 11655 11658 11660
f 11655 11659 11661 11662
f 11656 11655 11662 11663
f 11664 11659 11660 11665
f 11666 11664 11665 11667
f 11664 11666 11668 11669
f 11659 11664 11669 11661
f 11670 11671 11672 11673
f 11674 11670 11673 11675
f 11670 11674 11676 11677
f 11671 11670 11677 11678
f 11679 11674 11675 11680
f 11681 11679 11680 11682
f 11679 11681 11683 11684
f 11674 11679 11684 11676
f 11685 11681 11682 11686
f 11687 11685 11686 11688
f 11685 11687 11689 11690
f 11681 11685 11690 11683
f 11691 11687 11688 11692
f 11693 11691 11692 11694
f 11691 11693 11695 11696
f 11687 11691 11696 11689
f 11697 11698 11699 11700
f 11701 11697 11700 11702
f 11697 11701 11703 11704
f 11698 11697 11704 11705
f 11706 11701 11702 11707
f 11708 11706 11707 11709
f 11706 11708 11710 11711
f 11701 11706 11711 11703
f 11712 11713 11714 11715
f 11716 11712 11715 11717
f 11712 11716 11718 11719
f 11713 11712 11719 11720
f 11721 11716 11717 11722
f 11723 11721 11722 11724
f 11721 11723 11725 11726
f 11716 11721 11726 11718
f 11727 11723 11724 11728
f 11729 11727 11728 11730
f 11727 11729 11731 11732
f 11723 11727 11732 11725
f 11733 11729 11730 11734
f 11735 11733 11734 11736
f 11733 11735 11737 11738
f 11729 11733 11738 11731
f 11739 11740 11741 11742
f 11743 11739 11742 11744
f 11739 11743 11745 11746
f 11740 11739 11746 11747
f 11748 11743 11744 11749
f 11750 11748 11749 11751
f 11748 11750 11752 11753
f 11743 11748 11753 11745
f 11754 11755 11756 11757
f 11758 11754 11757 11759
f 11754 11758 11760 11761
f 11755 11754 11761 11762
f 11763 11758 11759 11764
f 11765 11763 11764 11766
f 11763 11765 11767 11768
f 11758 11763 11768 11760
f 11769 11765 11766 11770
f 11771 11769 11770 11772
f 11769 11771 11773 11774
f 11765 11769 11774 11767
f 11775 11771 11772 11776
f 11777 11775 11776 11778
f 11775 11777 11779 11780
f 11771 11775 11780 11773
f 11781 11782 11783 11784
f 11785 11781 11784 11786
f 11781 11785 11787 11788
f 11782 11781 11788 11789
f 11790 11785 11786 11791
f 11792 11790 11791 11793
f 11790 11792 11794 11795
f 11785 11790 11795 11787
f 11796 11797 11798 11799
f 11800 11796 11799 11801
f 11796 11800 11802 11803
f 11797 11796 11803 11804
f 11805 11800 11801 11806
f 11807 11805 11806 11808
f 11805 11807 11809 11810
f 11800 11805 11810 11802
f 11811 11807 11808 11812
f 11813 11811 11812 11814
f 11811 11813 11815 11816
f 11807 11811 11816 11809
f 11817 11813 11814 11818
f 11819 11817 11818 11820
f 11817 11819 11821 11822
f 11813 11817 11822 11815
f 11823 11824 11825 11826
f 11827 11823 11826 11828
f 11823 11827 11829 11830
f 11824 11823 11830 11831
f 11832 11827 11828 11833
f 11834 11832 11833 11835
f 11832 11834 11836 11837
f 11827 11832 11837 11829
f 11838 11839 11840 11841
f 11842 11838 11841 11843
f 11838 11842 11844 11845
f 11839 11838 11845 11846
f 11847 11842 11843 11848
f 11849 11847 11848 11850
f 11847 11849 11851 11852
f 11842 11847 11852 11844
f 11853 11854 11855 11856
f 11857 11853 11856 11858
f 11853 11857 11859 11860
f 11854 11853 11860 11861
f 11862 11857 11858 11863
f 11864 11862 11863 11865
f 11862 11864 11866 11867
f 11857 11862 11867 11859
f 11868 11869 11870 11871
f 11872 11868 11871 11873
f 11868 11872 11874 11875
f 11869 11868 11875 11876
f 11877 11872 11873 11878
f 11879 11877 11878 11880
f 11877 11879 11881 11882
f 11872 11877 11882 11874
f 11883 11884 11885 11886
f 11887 11883 11886 11888
f 11883 11887 11889 11890
f 11884 11883 11890 11891
f 11892 11887 11888 11893
f 11894 11892 11893 11895
f 11892 11894 11896 11897
f 11887 11892 11897 11889
f 11898 11899 11900 11901
f 11902 11898 11901 11903
f 11898 11902 11904 11905
f 11899 11898 11905 11906
f 11907 11902 11903 11908
f 11909 11907 11908 11910
f 11907 11909 11911 11912
f 11902 11907 11912 11904
f 11913 11909 11910 11914
f 11915 11913 11914 11916
f 11913 11915 11917 11918
f 11909 11913 11918 11911
f 11919 11915 11916 11920
f 11921 11919 11920 11922
f 11919 11921 11923 11924
f 11915 11919 11924 11917
f 11925 11926 11927 11928
f 11929 11925 11928 11930
f 11925 11929 11931 11932
f 11926 11925 11932 11933
f 11934 11929 11930 11935
f 11936 11934 11935 11937
f 11934 11936 11938 11939
f 11929 11934 11939 11931
f 11940 11941 11942 11943
f 11944 11940 11943 11945
f 11940 11944 11946 11947
f 11941 11940 11947 11948
f 11949 11944 11945 11950
f 11951 11949 11950 11952
f 11949 11951 11953 11954
f 11944 11949 11954 11946
f 11955 11951 11952 11956
f 11957 11955 11956 11958
f 11955 11957 11959 11960
f 11951 11955 11960 11953
f 11961 11957 11958 11962
f 11963 11961 11962 11964
f 11961 11963 11965 11966
f 11957 11961 11966 11959
f 11967 11968 11257 11969
f 11970 11967 11969 11183
f 11967 11970 10783 11968
f 11971 11972 11188 11973
f 11974 11971 11973 11198
f 11971 11974 10789 11972
f 11975 11976 11215 11977
f 11978 11975 11977 11225
f 11975 11978 10799 11976
f 11979 11980 11230 11981
f 11982 11979 11981 11240
f 11979 11982 10805 11980
f 11983 11984 11341 11985
f 11986 11983 11985 11267
f 11983 11986 10844 11984
f 11987 11988 11272 11989
f 11990 11987 11989 11282
f 11987 11990 10850 11988
f 11991 11992 11299 11993
f 11994 11991 11993 11309
f 11991 11994 10828 11992
f 11995 11996 11314 11997
f 11998 11995 11997 11324
f 11995 11998 10834 11996
f 11999 12000 11425 12001
f 12002 11999 12001 11351
f 11999 12002 10885 12000
f 12003 12004 11356 12005
f 12006 12003 12005 11366
f 12003 12006 10892 12004
f 12007 12008 11383 12009
f 12010 12007 12009 11393
f 12007 12010 10860 12008
f 12011 12012 11398 12013
f 12014 12011 12013 11408
f 12011 12014 10867 12012
f 12015 12016 11485 12017
f 12018 12015 12017 11435
f 12015 12018 10924 12016
f 12019 12020 11440 12021
f 12022 12019 12021 11450
f 12019 12022 10905 12020
f 12023 12024 11455 12025
f 12026 12023 12025 11465
f 12023 12026 10912 12024
f 12027 12028 11470 12029
f 12030 12027 12029 11480
f 12027 12030 10918 12028
f 12031 12032 11569 12033
f 12034 12031 12033 11495
f 12031 12034 10955 12032
f 12035 12036 11500 12037
f 12038 12035 12037 11510
f 12035 12038 10962 12036
f 12039 12040 11527 12041
f 12042 12039 12041 11537
f 12039 12042 10930 12040
f 12043 12044 11542 12045
f 12046 12043 12045 11552
f 12043 12046 10937 12044
f 12047 12048 11653 12049
f 12050 12047 12049 11579
f 12047 12050 10994 12048
f 12051 12052 11584 12053
f 12054 12051 12053 11594
f 12051 12054 10975 12052
f 12055 12056 11611 12057
f 12058 12055 12057 11621
f 12055 12058 11000 12056
f 12059 12060 11626 12061
f 12062 12059 12061 11636
f 12059 12062 11007 12060
f 12063 12064 11737 12065
f 12066 12063 12065 11663
f 12063 12066 11045 12064
f 12067 12068 11668 12069
f 12070 12067 12069 11678
f 12067 12070 11052 12068
f 12071 12072 11695 12073
f 12074 12071 12073 11705
f 12071 12074 11020 12072
f 12075 12076 11710 12077
f 12078 12075 12077 11720
f 12075 12078 11027 12076
f 12079 12080 11821 12081
f 12082 12079 12081 11747
f 12079 12082 11094 12080
f 12083 12084 11752 12085
f 12086 12083 12085 11762
f 12083 12086 11100 12084
f 12087 12088 11779 12089
f 12090 12087 12089 11789
f 12087 12090 11078 12088
f 12091 12092 11794 12093
f 12094 12091 12093 11804
f 12091 12094 11084 12092
f 12095 12096 11881 12097
f 12098 12095 12097 11831
f 12095 12098 11123 12096
f 12099 12100 11836 12101
f 12102 12099 12101 11846
f 12099 12102 11129 12100
f 12103 12104 11851 12105
f 12106 12103 12105 11861
f 12103 12106 11110 12104
f 12107 12108 11866 12109
f 12110 12107 12109 11876
f 12107 12110 11117 12108
f 12111 12112 11965 12113
f 12114 12111 12113 11891
f 12111 12114 11164 12112
f 12115 12116 11896 12117
f 12118 12115 12117 11906
f 12115 12118 11170 12116
f 12119 12120 11923 12121
f 12122 12119 12121 11933
f 12119 12122 11142 12120
f 12123 12124 11938 12125
f 12126 12123 12125 11948
f 12123 12126 11148 12124
f 12127 10782 10783 11970
f 11182 12127 11970 11183
f 12127 11182 11181 12128
f 10782 12127 12128 10784
f 12129 10787 10784 12128
f 11189 12129 12128 11181
f 12129 11189 11188 11972
f 10787 12129 11972 10789
f 12130 10788 10789 11974
f 11197 12130 11974 11198
f 12130 11197 11196 12131
f 10788 12130 12131 10767
f 12132 10768 10767 12131
f 11204 12132 12131 11196
f 12132 11204 11203 12133
f 10768 12132 12133 10770
f 12134 10792 10770 12133
f 11210 12134 12133 11203
f 12134 11210 11209 12135
f 10792 12134 12135 10793
f 12136 10797 10793 12135
f 11216 12136 12135 11209
f 12136 11216 11215 11976
f 10797 12136 11976 10799
f 12137 10798 10799 11978
f 11224 12137 11978 11225
f 12137 11224 11223 12138
f 10798 12137 12138 10800
f 12139 10803 10800 12138
f 11231 12139 12138 11223
f 12139 11231 11230 11980
f 10803 12139 11980 10805
f 12140 10804 10805 11982
f 11239 12140 11982 11240
f 12140 11239 11238 12141
f 10804 12140 12141 10806
f 12142 10809 10806 12141
f 11246 12142 12141 11238
f 12142 11246 11245 12143
f 10809 12142 12143 10777
f 12144 10776 10777 12143
f 11252 12144 12143 11245
f 12144 11252 11251 12145
f 10776 12144 12145 10778
f 12146 10781 10778 12145
f 11258 12146 12145 11251
f 12146 11258 11257 11968
f 10781 12146 11968 10783
f 12147 11255 11256 12148
f 11176 12147 12148 11177
f 12147 11176 11183 11969
f 11255 12147 11969 11257
f 12149 11186 11187 12150
f 11191 12149 12150 11192
f 12149 11191 11198 11973
f 11186 12149 11973 11188
f 12151 11213 11214 12152
f 11218 12151 12152 11219
f 12151 11218 11225 11977
f 11213 12151 11977 11215
f 12153 11228 11229 12154
f 11233 12153 12154 11234
f 12153 11233 11240 11981
f 11228 12153 11981 11230
f 12155 10843 10844 11986
f 11266 12155 11986 11267
f 12155 11266 11265 12156
f 10843 12155 12156 10845
f 12157 10848 10845 12156
f 11273 12157 12156 11265
f 12157 11273 11272 11988
f 10848 12157 11988 10850
f 12158 10849 10850 11990
f 11281 12158 11990 11282
f 12158 11281 11280 12159
f 10849 12158 12159 10851
f 12160 10854 10851 12159
f 11288 12160 12159 11280
f 12160 11288 11287 12161
f 10854 12160 12161 10822
f 12162 10821 10822 12161
f 11294 12162 12161 11287
f 12162 11294 11293 12163
f 10821 12162 12163 10823
f 12164 10826 10823 12163
f 11300 12164 12163 11293
f 12164 11300 11299 11992
f 10826 12164 11992 10828
f 12165 10827 10828 11994
f 11308 12165 11994 11309
f 12165 11308 11307 12166
f 10827 12165 12166 10829
f 12167 10832 10829 12166
f 11315 12167 12166 11307
f 12167 11315 11314 11996
f 10832 12167 11996 10834
f 12168 10833 10834 11998
f 11323 12168 11998 11324
f 12168 11323 11322 12169
f 10833 12168 12169 10815
f 12170 10814 10815 12169
f 11330 12170 12169 11322
f 12170 11330 11329 12171
f 10814 12170 12171 10816
f 12172 10837 10816 12171
f 11336 12172 12171 11329
f 12172 11336 11335 12173
f 10837 12172 12173 10838
f 12174 10842 10838 12173
f 11342 12174 12173 11335
f 12174 11342 11341 11984
f 10842 12174 11984 10844
f 12175 11339 11340 12176
f 11260 12175 12176 11261
f 12175 11260 11267 11985
f 11339 12175 11985 11341
f 12177 11270 11271 12178
f 11275 12177 12178 11276
f 12177 11275 11282 11989
f 11270 12177 11989 11272
f 12179 11297 11298 12180
f 11302 12179 12180 11303
f 12179 11302 11309 11993
f 11297 12179 11993 11299
f 12181 11312 11313 12182
f 11317 12181 12182 11318
f 12181 11317 11324 11997
f 11312 12181 11997 11314
f 12183 10884 10885 12002
f 11350 12183 12002 11351
f 12183 11350 11349 12184
f 10884 12183 12184 10886
f 12185 10890 10886 12184
f 11357 12185 12184 11349
f 12185 11357 11356 12004
f 10890 12185 12004 10892
f 12186 10891 10892 12006
f 11365 12186 12006 11366
f 12186 11365 11364 12187
f 10891 12186 12187 10893
f 12188 10896 10893 12187
f 11372 12188 12187 11364
f 12188 11372 11371 12189
f 10896 12188 12189 10878
f 12190 10879 10878 12189
f 11378 12190 12189 11371
f 12190 11378 11377 12191
f 10879 12190 12191 10857
f 12192 10858 10857 12191
f 11384 12192 12191 11377
f 12192 11384 11383 12008
f 10858 12192 12008 10860
f 12193 10859 10860 12010
f 11392 12193 12010 11393
f 12193 11392 11391 12194
f 10859 12193 12194 10861
f 12195 10865 10861 12194
f 11399 12195 12194 11391
f 12195 11399 11398 12012
f 10865 12195 12012 10867
f 12196 10866 10867 12014
f 11407 12196 12014 11408
f 12196 11407 11406 12197
f 10866 12196 12197 10868
f 12198 10871 10868 12197
f 11414 12198 12197 11406
f 12198 11414 11413 12199
f 10871 12198 12199 10873
f 12200 10899 10873 12199
f 11420 12200 12199 11413
f 12200 11420 11419 12201
f 10899 12200 12201 10882
f 12202 10883 10882 12201
f 11426 12202 12201 11419
f 12202 11426 11425 12000
f 10883 12202 12000 10885
f 12203 11423 11424 12204
f 11344 12203 12204 11345
f 12203 11344 11351 12001
f 11423 12203 12001 11425
f 12205 11354 11355 12206
f 11359 12205 12206 11360
f 12205 11359 11366 12005
f 11354 12205 12005 11356
f 12207 11381 11382 12208
f 11386 12207 12208 11387
f 12207 11386 11393 12009
f 11381 12207 12009 11383
f 12209 11396 11397 12210
f 11401 12209 12210 11402
f 12209 11401 11408 12013
f 11396 12209 12013 11398
f 12211 10923 10924 12018
f 11434 12211 12018 11435
f 12211 11434 11433 12212
f 10923 12211 12212 10902
f 12213 10903 10902 12212
f 11441 12213 12212 11433
f 12213 11441 11440 12020
f 10903 12213 12020 10905
f 12214 10904 10905 12022
f 11449 12214 12022 11450
f 12214 11449 11448 12215
f 10904 12214 12215 10906
f 12216 10910 10906 12215
f 11456 12216 12215 11448
f 12216 11456 11455 12024
f 10910 12216 12024 10912
f 12217 10911 10912 12026
f 11464 12217 12026 11465
f 12217 11464 11463 12218
f 10911 12217 12218 10913
f 12219 10916 10913 12218
f 11471 12219 12218 11463
f 12219 11471 11470 12028
f 10916 12219 12028 10918
f 12220 10917 10918 12030
f 11479 12220 12030 11480
f 12220 11479 11478 12221
f 10917 12220 12221 10919
f 12222 10922 10919 12221
f 11486 12222 12221 11478
f 12222 11486 11485 12016
f 10922 12222 12016 10924
f 12223 11483 11484 12224
f 11428 12223 12224 11429
f 12223 11428 11435 12017
f 11483 12223 12017 11485
f 12225 11438 11439 12226
f 11443 12225 12226 11444
f 12225 11443 11450 12021
f 11438 12225 12021 11440
f 12227 11453 11454 12228
f 11458 12227 12228 11459
f 12227 11458 11465 12025
f 11453 12227 12025 11455
f 12229 11468 11469 12230
f 11473 12229 12230 11474
f 12229 11473 11480 12029
f 11468 12229 12029 11470
f 12231 10954 10955 12034
f 11494 12231 12034 11495
f 12231 11494 11493 12232
f 10954 12231 12232 10956
f 12233 10960 10956 12232
f 11501 12233 12232 11493
f 12233 11501 11500 12036
f 10960 12233 12036 10962
f 12234 10961 10962 12038
f 11509 12234 12038 11510
f 12234 11509 11508 12235
f 10961 12234 12235 10963
f 12236 10966 10963 12235
f 11516 12236 12235 11508
f 12236 11516 11515 12237
f 10966 12236 12237 10949
f 12238 10948 10949 12237
f 11522 12238 12237 11515
f 12238 11522 11521 12239
f 10948 12238 12239 10927
f 12240 10928 10927 12239
f 11528 12240 12239 11521
f 12240 11528 11527 12040
f 10928 12240 12040 10930
f 12241 10929 10930 12042
f 11536 12241 12042 11537
f 12241 11536 11535 12242
f 10929 12241 12242 10931
f 12243 10935 10931 12242
f 11543 12243 12242 11535
f 12243 11543 11542 12044
f 10935 12243 12044 10937
f 12244 10936 10937 12046
f 11551 12244 12046 11552
f 12244 11551 11550 12245
f 10936 12244 12245 10938
f 12246 10941 10938 12245
f 11558 12246 12245 11550
f 12246 11558 11557 12247
f 10941 12246 12247 10943
f 12248 10969 10943 12247
f 11564 12248 12247 11557
f 12248 11564 11563 12249
f 10969 12248 12249 10952
f 12250 10953 10952 12249
f 11570 12250 12249 11563
f 12250 11570 11569 12032
f 10953 12250 12032 10955
f 12251 11567 11568 12252
f 11488 12251 12252 11489
f 12251 11488 11495 12033
f 11567 12251 12033 11569
f 12253 11498 11499 12254
f 11503 12253 12254 11504
f 12253 11503 11510 12037
f 11498 12253 12037 11500
f 12255 11525 11526 12256
f 11530 12255 12256 11531
f 12255 11530 11537 12041
f 11525 12255 12041 11527
f 12257 11540 11541 12258
f 11545 12257 12258 11546
f 12257 11545 11552 12045
f 11540 12257 12045 11542
f 12259 10993 10994 12050
f 11578 12259 12050 11579
f 12259 11578 11577 12260
f 10993 12259 12260 10972
f 12261 10973 10972 12260
f 11585 12261 12260 11577
f 12261 11585 11584 12052
f 10973 12261 12052 10975
f 12262 10974 10975 12054
f 11593 12262 12054 11594
f 12262 11593 11592 12263
f 10974 12262 12263 10976
f 12264 10980 10976 12263
f 11600 12264 12263 11592
f 12264 11600 11599 12265
f 10980 12264 12265 10982
f 12266 11014 10982 12265
f 11606 12266 12265 11599
f 12266 11606 11605 12267
f 11014 12266 12267 10997
f 12268 10998 10997 12267
f 11612 12268 12267 11605
f 12268 11612 11611 12056
f 10998 12268 12056 11000
f 12269 10999 11000 12058
f 11620 12269 12058 11621
f 12269 11620 11619 12270
f 10999 12269 12270 11001
f 12271 11005 11001 12270
f 11627 12271 12270 11619
f 12271 11627 11626 12060
f 11005 12271 12060 11007
f 12272 11006 11007 12062
f 11635 12272 12062 11636
f 12272 11635 11634 12273
f 11006 12272 12273 11008
f 12274 11011 11008 12273
f 11642 12274 12273 11634
f 12274 11642 11641 12275
f 11011 12274 12275 10988
f 12276 10987 10988 12275
f 11648 12276 12275 11641
f 12276 11648 11647 12277
f 10987 12276 12277 10989
f 12278 10992 10989 12277
f 11654 12278 12277 11647
f 12278 11654 11653 12048
f 10992 12278 12048 10994
f 12279 11651 11652 12280
f 11572 12279 12280 11573
f 12279 11572 11579 12049
f 11651 12279 12049 11653
f 12281 11582 11583 12282
f 11587 12281 12282 11588
f 12281 11587 11594 12053
f 11582 12281 12053 11584
f 12283 11609 11610 12284
f 11614 12283 12284 11615
f 12283 11614 11621 12057
f 11609 12283 12057 11611
f 12285 11624 11625 12286
f 11629 12285 12286 11630
f 12285 11629 11636 12061
f 11624 12285 12061 11626
f 12287 11044 11045 12066
f 11662 12287 12066 11663
f 12287 11662 11661 12288
f 11044 12287 12288 11046
f 12289 11050 11046 12288
f 11669 12289 12288 11661
f 12289 11669 11668 12068
f 11050 12289 12068 11052
f 12290 11051 11052 12070
f 11677 12290 12070 11678
f 12290 11677 11676 12291
f 11051 12290 12291 11053
f 12292 11056 11053 12291
f 11684 12292 12291 11676
f 12292 11684 11683 12293
f 11056 12292 12293 11038
f 12294 11039 11038 12293
f 11690 12294 12293 11683
f 12294 11690 11689 12295
f 11039 12294 12295 11017
f 12296 11018 11017 12295
f 11696 12296 12295 11689
f 12296 11696 11695 12072
f 11018 12296 12072 11020
f 12297 11019 11020 12074
f 11704 12297 12074 11705
f 12297 11704 11703 12298
f 11019 12297 12298 11021
f 12299 11025 11021 12298
f 11711 12299 12298 11703
f 12299 11711 11710 12076
f 11025 12299 12076 11027
f 12300 11026 11027 12078
f 11719 12300 12078 11720
f 12300 11719 11718 12301
f 11026 12300 12301 11028
f 12302 11031 11028 12301
f 11726 12302 12301 11718
f 12302 11726 11725 12303
f 11031 12302 12303 11033
f 12304 11059 11033 12303
f 11732 12304 12303 11725
f 12304 11732 11731 12305
f 11059 12304 12305 11042
f 12306 11043 11042 12305
f 11738 12306 12305 11731
f 12306 11738 11737 12064
f 11043 12306 12064 11045
f 12307 11735 11736 12308
f 11656 12307 12308 11657
f 12307 11656 11663 12065
f 11735 12307 12065 11737
f 12309 11666 11667 12310
f 11671 12309 12310 11672
f 12309 11671 11678 12069
f 11666 12309 12069 11668
f 12311 11693 11694 12312
f 11698 12311 12312 11699
f 12311 11698 11705 12073
f 11693 12311 12073 11695
f 12313 11708 11709 12314
f 11713 12313 12314 11714
f 12313 11713 11720 12077
f 11708 12313 12077 11710
f 12315 11093 11094 12082
f 11746 12315 12082 11747
f 12315 11746 11745 12316
f 11093 12315 12316 11095
f 12317 11098 11095 12316
f 11753 12317 12316 11745
f 12317 11753 11752 12084
f 11098 12317 12084 11100
f 12318 11099 11100 12086
f 11761 12318 12086 11762
f 12318 11761 11760 12319
f 11099 12318 12319 11101
f 12320 11104 11101 12319
f 11768 12320 12319 11760
f 12320 11768 11767 12321
f 11104 12320 12321 11072
f 12322 11071 11072 12321
f 11774 12322 12321 11767
f 12322 11774 11773 12323
f 11071 12322 12323 11073
f 12324 11076 11073 12323
f 11780 12324 12323 11773
f 12324 11780 11779 12088
f 11076 12324 12088 11078
f 12325 11077 11078 12090
f 11788 12325 12090 11789
f 12325 11788 11787 12326
f 11077 12325 12326 11079
f 12327 11082 11079 12326
f 11795 12327 12326 11787
f 12327 11795 11794 12092
f 11082 12327 12092 11084
f 12328 11083 11084 12094
f 11803 12328 12094 11804
f 12328 11803 11802 12329
f 11083 12328 12329 11065
f 12330 11064 11065 12329
f 11810 12330 12329 11802
f 12330 11810 11809 12331
f 11064 12330 12331 11066
f 12332 11087 11066 12331
f 11816 12332 12331 11809
f 12332 11816 11815 12333
f 11087 12332 12333 11088
f 12334 11092 11088 12333
f 11822 12334 12333 11815
f 12334 11822 11821 12080
f 11092 12334 12080 11094
f 12335 11819 11820 12336
f 11740 12335 12336 11741
f 12335 11740 11747 12081
f 11819 12335 12081 11821
f 12337 11750 11751 12338
f 11755 12337 12338 11756
f 12337 11755 11762 12085
f 11750 12337 12085 11752
f 12339 11777 11778 12340
f 11782 12339 12340 11783
f 12339 11782 11789 12089
f 11777 12339 12089 11779
f 12341 11792 11793 12342
f 11797 12341 12342 11798
f 12341 11797 11804 12093
f 11792 12341 12093 11794
f 12343 11122 11123 12098
f 11830 12343 12098 11831
f 12343 11830 11829 12344
f 11122 12343 12344 11124
f 12345 11127 11124 12344
f 11837 12345 12344 11829
f 12345 11837 11836 12100
f 11127 12345 12100 11129
f 12346 11128 11129 12102
f 11845 12346 12102 11846
f 12346 11845 11844 12347
f 11128 12346 12347 11107
f 12348 11108 11107 12347
f 11852 12348 12347 11844
f 12348 11852 11851 12104
f 11108 12348 12104 11110
f 12349 11109 11110 12106
f 11860 12349 12106 11861
f 12349 11860 11859 12350
f 11109 12349 12350 11111
f 12351 11115 11111 12350
f 11867 12351 12350 11859
f 12351 11867 11866 12108
f 11115 12351 12108 11117
f 12352 11116 11117 12110
f 11875 12352 12110 11876
f 12352 11875 11874 12353
f 11116 12352 12353 11118
f 12354 11121 11118 12353
f 11882 12354 12353 11874
f 12354 11882 11881 12096
f 11121 12354 12096 11123
f 12355 11879 11880 12356
f 11824 12355 12356 11825
f 12355 11824 11831 12097
f 11879 12355 12097 11881
f 12357 11834 11835 12358
f 11839 12357 12358 11840
f 12357 11839 11846 12101
f 11834 12357 12101 11836
f 12359 11849 11850 12360
f 11854 12359 12360 11855
f 12359 11854 11861 12105
f 11849 12359 12105 11851
f 12361 11864 11865 12362
f 11869 12361 12362 11870
f 12361 11869 11876 12109
f 11864 12361 12109 11866
f 12363 11163 11164 12114
f 11890 12363 12114 11891
f 12363 11890 11889 12364
f 11163 12363 12364 11165
f 12365 11168 11165 12364
f 11897 12365 12364 11889
f 12365 11897 11896 12116
f 11168 12365 12116 11170
f 12366 11169 11170 12118
f 11905 12366 12118 11906
f 12366 11905 11904 12367
f 11169 12366 12367 11171
f 12368 11174 11171 12367
f 11912 12368 12367 11904
f 12368 11912 11911 12369
f 11174 12368 12369 11135
f 12370 11134 11135 12369
f 11918 12370 12369 11911
f 12370 11918 11917 12371
f 11134 12370 12371 11136
f 12372 11140 11136 12371
f 11924 12372 12371 11917
f 12372 11924 11923 12120
f 11140 12372 12120 11142
f 12373 11141 11142 12122
f 11932 12373 12122 11933
f 12373 11932 11931 12374
f 11141 12373 12374 11143
f 12375 11146 11143 12374
f 11939 12375 12374 11931
f 12375 11939 11938 12124
f 11146 12375 12124 11148
f 12376 11147 11148 12126
f 11947 12376 12126 11948
f 12376 11947 11946 12377
f 11147 12376 12377 11149
f 12378 11152 11149 12377
f 11954 12378 12377 11946
f 12378 11954 11953 12379
f 11152 12378 12379 11154
f 12380 11157 11154 12379
f 11960 12380 12379 11953
f 12380 11960 11959 12381
f 11157 12380 12381 11158
f 12382 11162 11158 12381
f 11966 12382 12381 11959
f 12382 11966 11965 12112
f 11162 12382 12112 11164
f 12383 11963 11964 12384
f 11884 12383 12384 11885
f 12383 11884 11891 12113
f 11963 12383 12113 11965
f 12385 11894 11895 12386
f 11899 12385 12386 11900
f 12385 11899 11906 12117
f 11894 12385 12117 11896
f 12387 11921 11922 12388
f 11926 12387 12388 11927
f 12387 11926 11933 12121
f 11921 12387 12121 11923
f 12389 11936 11937 12390
f 11941 12389 12390 11942
f 12389 11941 11948 12125
f 11936 12389 12125 11938
f 12391 12392 12393 12394
f 12395 12391 12394 12396
f 12391 12395 12397 12398
f 12392 12391 12398 12399
f 12400 12398 12397 12401
f 12402 12400 12401 12403
f 12400 12402 12404 12405
f 12398 12400 12405 12399
f 12406 12405 12404 12407
f 12408 12406 12407 12409
f 12406 12408 12410 12411
f 12405 12406 12411 12399
f 12412 12411 12410 12413
f 12414 12412 12413 12415
f 12412 12414 12393 12392
f 12411 12412 12392 12399
f 12416 12417 12397 12395
f 12418 12416 12395 12396
f 12416 12418 12419 12420
f 12417 12416 12420 12421
f 12422 12420 12419 12423
f 12424 12422 12423 12425
f 12422 12424 12426 12427
f 12420 12422 12427 12421
f 12428 12427 12426 12429
f 12430 12428 12429 12431
f 12428 12430 12432 12433
f 12427 12428 12433 12421
f 12434 12433 12432 12435
f 12401 12434 12435 12403
f 12434 12401 12397 12417
f 12433 12434 12417 12421
f 12436 12437 12438 12439
f 12440 12436 12439 12441
f 12436 12440 12442 12443
f 12437 12436 12443 12444
f 12445 12437 12444 12446
f 12447 12445 12446 12448
f 12445 12447 12449 12450
f 12437 12445 12450 12438
f 12451 12450 12449 12452
f 12453 12451 12452 12454
f 12451 12453 12455 12456
f 12450 12451 12456 12438
f 12457 12456 12455 12458
f 12459 12457 12458 12460
f 12457 12459 12441 12439
f 12456 12457 12439 12438
f 12461 12462 12444 12443
f 12463 12461 12443 12442
f 12461 12463 12464 12465
f 12462 12461 12465 12466
f 12467 12465 12464 12468
f 12469 12467 12468 12470
f 12467 12469 12471 12472
f 12465 12467 12472 12466
f 12473 12472 12471 12474
f 12475 12473 12474 12476
f 12473 12475 12477 12478
f 12472 12473 12478 12466
f 12479 12478 12477 12480
f 12446 12479 12480 12448
f 12479 12446 12444 12462
f 12478 12479 12462 12466
f 12481 12482 12483 12484
f 12485 12481 12484 12486
f 12481 12485 12487 12488
f 12482 12481 12488 12489
f 12490 12488 12487 12491
f 12492 12490 12491 12493
f 12490 12492 12494 12495
f 12488 12490 12495 12489
f 12496 12495 12494 12497
f 12498 12496 12497 12499
f 12496 12498 12500 12501
f 12495 12496 12501 12489
f 12502 12503 12504 12505
f 12482 12502 12505 12483
f 12502 12482 12489 12501
f 12503 12502 12501 12500
f 12506 12507 12508 12509
f 12510 12506 12509 12511
f 12506 12510 12512 12513
f 12507 12506 12513 12514
f 12515 12513 12512 12516
f 12517 12515 12516 12518
f 12515 12517 12519 12520
f 12513 12515 12520 12514
f 12521 12520 12519 12522
f 12503 12521 12522 12504
f 12521 12503 12500 12523
f 12520 12521 12523 12514
f 12524 12523 12500 12498
f 12525 12524 12498 12499
f 12524 12525 12508 12507
f 12523 12524 12507 12514
f 12526 12527 12528 12529
f 12530 12526 12529 12531
f 12526 12530 12532 12533
f 12527 12526 12533 12534
f 12535 12533 12532 12536
f 12537 12535 12536 12538
f 12535 12537 12539 12540
f 12533 12535 12540 12534
f 12541 12540 12539 12542
f 12543 12541 12542 12544
f 12541 12543 12545 12546
f 12540 12541 12546 12534
f 12547 12546 12545 12548
f 12549 12547 12548 12550
f 12547 12549 12528 12527
f 12546 12547 12527 12534
f 12551 12552 12553 12554
f 12555 12551 12554 12556
f 12551 12555 12557 12558
f 12552 12551 12558 12559
f 12560 12558 12557 12561
f 12562 12560 12561 12563
f 12560 12562 12564 12565
f 12558 12560 12565 12559
f 12566 12565 12564 12567
f 12568 12566 12567 12569
f 12566 12568 12570 12571
f 12565 12566 12571 12559
f 12572 12571 12570 12573
f 12574 12572 12573 12575
f 12572 12574 12553 12552
f 12571 12572 12552 12559
f 12576 12577 12578 12579
f 12580 12576 12579 12581
f 12576 12580 12582 12583
f 12577 12576 12583 12584
f 12585 12583 12582 12586
f 12587 12585 12586 12588
f 12585 12587 12589 12590
f 12583 12585 12590 12584
f 12591 12590 12589 12592
f 12573 12591 12592 12575
f 12591 12573 12570 12593
f 12590 12591 12593 12584
f 12594 12593 12570 12568
f 12595 12594 12568 12569
f 12594 12595 12578 12577
f 12593 12594 12577 12584
f 12596 12597 12598 12599
f 12600 12596 12599 12601
f 12596 12600 12602 12603
f 12597 12596 12603 12604
f 12605 12603 12602 12606
f 12607 12605 12606 12608
f 12605 12607 12609 12610
f 12603 12605 12610 12604
f 12611 12610 12609 12612
f 12613 12611 12612 12614
f 12611 12613 12615 12616
f 12610 12611 12616 12604
f 12617 12616 12615 12618
f 12619 12617 12618 12620
f 12617 12619 12598 12597
f 12616 12617 12597 12604
f 12621 12622 12623 12624
f 12625 12621 12624 12626
f 12621 12625 12627 12628
f 12622 12621 12628 12629
f 12630 12628 12627 12631
f 12632 12630 12631 12633
f 12630 12632 12634 12635
f 12628 12630 12635 12629
f 12636 12635 12634 12637
f 12612 12636 12637 12614
f 12636 12612 12609 12638
f 12635 12636 12638 12629
f 12639 12638 12609 12607
f 12640 12639 12607 12608
f 12639 12640 12623 12622
f 12638 12639 12622 12629
f 12641 12642 12643 12644
f 12645 12641 12644 12646
f 12641 12645 12647 12648
f 12642 12641 12648 12649
f 12650 12648 12647 12651
f 12652 12650 12651 12653
f 12650 12652 12654 12655
f 12648 12650 12655 12649
f 12656 12655 12654 12657
f 12658 12656 12657 12659
f 12656 12658 12660 12661
f 12655 12656 12661 12649
f 12662 12663 12664 12665
f 12642 12662 12665 12643
f 12662 12642 12649 12661
f 12663 12662 12661 12660
f 12666 12667 12668 12669
f 12670 12666 12669 12671
f 12666 12670 12672 12673
f 12667 12666 12673 12674
f 12675 12673 12672 12676
f 12677 12675 12676 12678
f 12675 12677 12679 12680
f 12673 12675 12680 12674
f 12681 12680 12679 12682
f 12663 12681 12682 12664
f 12681 12663 12660 12683
f 12680 12681 12683 12674
f 12684 12683 12660 12658
f 12685 12684 12658 12659
f 12684 12685 12668 12667
f 12683 12684 12667 12674
f 12686 12687 12688 12689
f 12690 12686 12689 12691
f 12686 12690 12692 12693
f 12687 12686 12693 12694
f 12695 12687 12694 12696
f 12697 12695 12696 12698
f 12695 12697 12699 12700
f 12687 12695 12700 12688
f 12701 12700 12699 12702
f 12703 12701 12702 12704
f 12701 12703 12705 12706
f 12700 12701 12706 12688
f 12707 12706 12705 12708
f 12709 12707 12708 12710
f 12707 12709 12691 12689
f 12706 12707 12689 12688
f 12711 12712 12694 12693
f 12713 12711 12693 12692
f 12711 12713 12714 12715
f 12712 12711 12715 12716
f 12717 12715 12714 12718
f 12719 12717 12718 12720
f 12717 12719 12721 12722
f 12715 12717 12722 12716
f 12723 12722 12721 12724
f 12725 12723 12724 12726
f 12723 12725 12727 12728
f 12722 12723 12728 12716
f 12729 12728 12727 12730
f 12696 12729 12730 12698
f 12729 12696 12694 12712
f 12728 12729 12712 12716
f 12731 12732 12733 12734
f 12735 12731 12734 12736
f 12731 12735 12737 12738
f 12732 12731 12738 12739
f 12740 12738 12737 12741
f 12742 12740 12741 12743
f 12740 12742 12744 12745
f 12738 12740 12745 12739
f 12746 12745 12744 12747
f 12748 12746 12747 12749
f 12746 12748 12750 12751
f 12745 12746 12751 12739
f 12752 12751 12750 12753
f 12754 12752 12753 12755
f 12752 12754 12733 12732
f 12751 12752 12732 12739
f 12756 12757 12758 12759
f 12760 12756 12759 12761
f 12756 12760 12762 12763
f 12757 12756 12763 12764
f 12765 12763 12762 12766
f 12767 12765 12766 12768
f 12765 12767 12769 12770
f 12763 12765 12770 12764
f 12771 12770 12769 12772
f 12773 12771 12772 12774
f 12771 12773 12775 12776
f 12770 12771 12776 12764
f 12777 12776 12775 12778
f 12779 12777 12778 12780
f 12777 12779 12758 12757
f 12776 12777 12757 12764
f 12781 12782 12758 12779
f 12783 12781 12779 12780
f 12781 12783 12784 12785
f 12782 12781 12785 12786
f 12787 12785 12784 12788
f 12789 12787 12788 12790
f 12787 12789 12791 12792
f 12785 12787 12792 12786
f 12793 12792 12791 12794
f 12795 12793 12794 12796
f 12793 12795 12797 12798
f 12792 12793 12798 12786
f 12799 12798 12797 12800
f 12759 12799 12800 12761
f 12799 12759 12758 12782
f 12798 12799 12782 12786
f 12801 12802 12803 12804
f 12805 12801 12804 12806
f 12801 12805 12807 12808
f 12802 12801 12808 12809
f 12810 12805 12806 12811
f 12812 12810 12811 12813
f 12810 12812 12814 12815
f 12805 12810 12815 12807
f 12816 12817 12818 12819
f 12820 12816 12819 12821
f 12816 12820 12822 12823
f 12817 12816 12823 12824
f 12825 12820 12821 12826
f 12827 12825 12826 12828
f 12825 12827 12829 12830
f 12820 12825 12830 12822
f 12831 12827 12828 12832
f 12833 12831 12832 12834
f 12831 12833 12835 12836
f 12827 12831 12836 12829
f 12837 12833 12834 12838
f 12839 12837 12838 12840
f 12837 12839 12841 12842
f 12833 12837 12842 12835
f 12843 12844 12845 12846
f 12847 12843 12846 12848
f 12843 12847 12849 12850
f 12844 12843 12850 12851
f 12852 12847 12848 12853
f 12854 12852 12853 12855
f 12852 12854 12856 12857
f 12847 12852 12857 12849
f 12858 12859 12860 12861
f 12862 12858 12861 12863
f 12858 12862 12864 12865
f 12859 12858 12865 12866
f 12867 12862 12863 12868
f 12869 12867 12868 12870
f 12867 12869 12871 12872
f 12862 12867 12872 12864
f 12873 12869 12870 12874
f 12875 12873 12874 12876
f 12873 12875 12877 12878
f 12869 12873 12878 12871
f 12879 12875 12876 12880
f 12881 12879 12880 12882
f 12879 12881 12883 12884
f 12875 12879 12884 12877
f 12885 12886 12887 12888
f 12889 12885 12888 12890
f 12885 12889 12891 12892
f 12886 12885 12892 12893
f 12894 12889 12890 12895
f 12896 12894 12895 12897
f 12894 12896 12898 12899
f 12889 12894 12899 12891
f 12900 12901 12902 12903
f 12904 12900 12903 12905
f 12900 12904 12906 12907
f 12901 12900 12907 12908
f 12909 12904 12905 12910
f 12911 12909 12910 12912
f 12909 12911 12913 12914
f 12904 12909 12914 12906
f 12915 12911 12912 12916
f 12917 12915 12916 12918
f 12915 12917 12919 12920
f 12911 12915 12920 12913
f 12921 12917 12918 12922
f 12923 12921 12922 12924
f 12921 12923 12925 12926
f 12917 12921 12926 12919
f 12927 12928 12929 12930
f 12931 12927 12930 12932
f 12927 12931 12933 12934
f 12928 12927 12934 12935
f 12936 12931 12932 12937
f 12938 12936 12937 12939
f 12936 12938 12940 12941
f 12931 12936 12941 12933
f 12942 12943 12944 12945
f 12946 12942 12945 12947
f 12942 12946 12948 12949
f 12943 12942 12949 12950
f 12951 12946 12947 12952
f 12953 12951 12952 12954
f 12951 12953 12955 12956
f 12946 12951 12956 12948
f 12957 12953 12954 12958
f 12959 12957 12958 12960
f 12957 12959 12961 12962
f 12953 12957 12962 12955
f 12963 12959 12960 12964
f 12965 12963 12964 12966
f 12963 12965 12967 12968
f 12959 12963 12968 12961
f 12969 12970 12971 12972
f 12973 12969 12972 12974
f 12969 12973 12975 12976
f 12970 12969 12976 12977
f 12978 12973 12974 12979
f 12980 12978 12979 12981
f 12978 12980 12982 12983
f 12973 12978 12983 12975
f 12984 12985 12986 12987
f 12988 12984 12987 12989
f 12984 12988 12990 12991
f 12985 12984 12991 12992
f 12993 12988 12989 12994
f 12995 12993 12994 12996
f 12993 12995 12997 12998
f 12988 12993 12998 12990
f 12999 12995 12996 13000
f 13001 12999 13000 13002
f 12999 13001 13003 13004
f 12995 12999 13004 12997
f 13005 13001 13002 13006
f 13007 13005 13006 13008
f 13005 13007 13009 13010
f 13001 13005 13010 13003
f 13011 13012 13013 13014
f 13015 13011 13014 13016
f 13011 13015 13017 13018
f 13012 13011 13018 13019
f 13020 13015 13016 13021
f 13022 13020 13021 13023
f 13020 13022 13024 13025
f 13015 13020 13025 13017
f 13026 13027 13028 13029
f 13030 13026 13029 13031
f 13026 13030 13032 13033
f 13027 13026 13033 13034
f 13035 13030 13031 13036
f 13037 13035 13036 13038
f 13035 13037 13039 13040
f 13030 13035 13040 13032
f 13041 13037 13038 13042
f 13043 13041 13042 13044
f 13041 13043 13045 13046
f 13037 13041 13046 13039
f 13047 13043 13044 13048
f 13049 13047 13048 13050
f 13047 13049 13051 13052
f 13043 13047 13052 13045
f 13053 13054 13055 13056
f 13057 13053 13056 13058
f 13053 13057 13059 13060
f 13054 13053 13060 13061
f 13062 13057 13058 13063
f 13064 13062 13063 13065
f 13062 13064 13066 13067
f 13057 13062 13067 13059
f 13068 13069 13070 13071
f 13072 13068 13071 13073
f 13068 13072 13074 13075
f 13069 13068 13075 13076
f 13077 13072 13073 13078
f 13079 13077 13078 13080
f 13077 13079 13081 13082
f 13072 13077 13082 13074
f 13083 13084 13085 13086
f 13087 13083 13086 13088
f 13083 13087 13089 13090
f 13084 13083 13090 13091
f 13092 13087 13088 13093
f 13094 13092 13093 13095
f 13092 13094 13096 13097
f 13087 13092 13097 13089
f 13098 13099 13100 13101
f 13102 13098 13101 13103
f 13098 13102 13104 13105
f 13099 13098 13105 13106
f 13107 13102 13103 13108
f 13109 13107 13108 13110
f 13107 13109 13111 13112
f 13102 13107 13112 13104
f 13113 13114 13115 13116
f 13117 13113 13116 13118
f 13113 13117 13119 13120
f 13114 13113 13120 13121
f 13122 13117 13118 13123
f 13124 13122 13123 13125
f 13122 13124 13126 13127
f 13117 13122 13127 13119
f 13128 13129 13130 13131
f 13132 13128 13131 13133
f 13128 13132 13134 13135
f 13129 13128 13135 13136
f 13137 13132 13133 13138
f 13139 13137 13138 13140
f 13137 13139 13141 13142
f 13132 13137 13142 13134
f 13143 13139 13140 13144
f 13145 13143 13144 13146
f 13143 13145 13147 13148
f 13139 13143 13148 13141
f 13149 13145 13146 13150
f 13151 13149 13150 13152
f 13149 13151 13153 13154
f 13145 13149 13154 13147
f 13155 13156 13157 13158
f 13159 13155 13158 13160
f 13155 13159 13161 13162
f 13156 13155 13162 13163
f 13164 13159 13160 13165
f 13166 13164 13165 13167
f 13164 13166 13168 13169
f 13159 13164 13169 13161
f 13170 13171 13172 13173
f 13174 13170 13173 13175
f 13170 13174 13176 13177
f 13171 13170 13177 13178
f 13179 13174 13175 13180
f 13181 13179 13180 13182
f 13179 13181 13183 13184
f 13174 13179 13184 13176
f 13185 13181 13182 13186
f 13187 13185 13186 13188
f 13185 13187 13189 13190
f 13181 13185 13190 13183
f 13191 13187 13188 13192
f 13193 13191 13192 13194
f 13191 13193 13195 13196
f 13187 13191 13196 13189
f 13197 13198 13199 13200
f 13201 13197 13200 13202
f 13197 13201 13203 13204
f 13198 13197 13204 13205
f 13206 13201 13202 13207
f 13208 13206 13207 13209
f 13206 13208 13210 13211
f 13201 13206 13211 13203
f 13212 13213 13214 13215
f 13216 13212 13215 13217
f 13212 13216 13218 13219
f 13213 13212 13219 13220
f 13221 13216 13217 13222
f 13223 13221 13222 13224
f 13221 13223 13225 13226
f 13216 13221 13226 13218
f 13227 13223 13224 13228
f 13229 13227 13228 13230
f 13227 13229 13231 13232
f 13223 13227 13232 13225
f 13233 13229 13230 13234
f 13235 13233 13234 13236
f 13233 13235 13237 13238
f 13229 13233 13238 13231
f 13239 13240 13241 13242
f 13243 13239 13242 13244
f 13239 13243 13245 13246
f 13240 13239 13246 13247
f 13248 13243 13244 13249
f 13250 13248 13249 13251
f 13248 13250 13252 13253
f 13243 13248 13253 13245
f 13254 13255 13256 13257
f 13258 13254 13257 13259
f 13254 13258 13260 13261
f 13255 13254 13261 13262
f 13263 13258 13259 13264
f 13265 13263 13264 13266
f 13263 13265 13267 13268
f 13258 13263 13268 13260
f 13269 13265 13266 13270
f 13271 13269 13270 13272
f 13269 13271 13273 13274
f 13265 13269 13274 13267
f 13275 13271 13272 13276
f 13277 13275 13276 13278
f 13275 13277 13279 13280
f 13271 13275 13280 13273
f 13281 13282 13283 13284
f 13285 13281 13284 13286
f 13281 13285 13287 13288
f 13282 13281 13288 13289
f 13290 13285 13286 13291
f 13292 13290 13291 13293
f 13290 13292 13294 13295
f 13285 13290 13295 13287
f 13296 13297 13298 13299
f 13300 13296 13299 13301
f 13296 13300 13302 13303
f 13297 13296 13303 13304
f 13305 13300 13301 13306
f 13307 13305 13306 13308
f 13305 13307 13309 13310
f 13300 13305 13310 13302
f 13311 13307 13308 13312
f 13313 13311 13312 13314
f 13311 13313 13315 13316
f 13307 13311 13316 13309
f 13317 13313 13314 13318
f 13319 13317 13318 13320
f 13317 13319 13321 13322
f 13313 13317 13322 13315
f 13323 13324 13325 13326
f 13327 13323 13326 13328
f 13323 13327 13329 13330
f 13324 13323 13330 13331
f 13332 13327 13328 13333
f 13334 13332 13333 13335
f 13332 13334 13336 13337
f 13327 13332 13337 13329
f 13338 13339 13340 13341
f 13342 13338 13341 13343
f 13338 13342 13344 13345
f 13339 13338 13345 13346
f 13347 13342 13343 13348
f 13349 13347 13348 13350
f 13347 13349 13351 13352
f 13342 13347 13352 13344
f 13353 13349 13350 13354
f 13355 13353 13354 13356
f 13353 13355 13357 13358
f 13349 13353 13358 13351
f 13359 13355 13356 13360
f 13361 13359 13360 13362
f 13359 13361 13363 13364
f 13355 13359 13364 13357
f 13365 13366 13367 13368
f 13369 13365 13368 13370
f 13365 13369 13371 13372
f 13366 13365 13372 13373
f 13374 13369 13370 13375
f 13376 13374 13375 13377
f 13374 13376 13378 13379
f 13369 13374 13379 13371
f 13380 13381 13382 13383
f 13384 13380 13383 13385
f 13380 13384 13386 13387
f 13381 13380 13387 13388
f 13389 13384 13385 13390
f 13391 13389 13390 13392
f 13389 13391 13393 13394
f 13384 13389 13394 13386
f 13395 13391 13392 13396
f 13397 13395 13396 13398
f 13395 13397 13399 13400
f 13391 13395 13400 13393
f 13401 13397 13398 13402
f 13403 13401 13402 13404
f 13401 13403 13405 13406
f 13397 13401 13406 13399
f 13407 13408 13409 13410
f 13411 13407 13410 13412
f 13407 13411 13413 13414
f 13408 13407 13414 13415
f 13416 13411 13412 13417
f 13418 13416 13417 13419
f 13416 13418 13420 13421
f 13411 13416 13421 13413
f 13422 13423 13424 13425
f 13426 13422 13425 13427
f 13422 13426 13428 13429
f 13423 13422 13429 13430
f 13431 13426 13427 13432
f 13433 13431 13432 13434
f 13431 13433 13435 13436
f 13426 13431 13436 13428
f 13437 13433 13434 13438
f 13439 13437 13438 13440
f 13437 13439 13441 13442
f 13433 13437 13442 13435
f 13443 13439 13440 13444
f 13445 13443 13444 13446
f 13443 13445 13447 13448
f 13439 13443 13448 13441
f 13449 13450 13451 13452
f 13453 13449 13452 13454
f 13449 13453 13455 13456
f 13450 13449 13456 13457
f 13458 13453 13454 13459
f 13460 13458 13459 13461
f 13458 13460 13462 13463
f 13453 13458 13463 13455
f 13464 13465 13466 13467
f 13468 13464 13467 13469
f 13464 13468 13470 13471
f 13465 13464 13471 13472
f 13473 13468 13469 13474
f 13475 13473 13474 13476
f 13473 13475 13477 13478
f 13468 13473 13478 13470
f 13479 13480 13481 13482
f 13483 13479 13482 13484
f 13479 13483 13485 13486
f 13480 13479 13486 13487
f 13488 13483 13484 13489
f 13490 13488 13489 13491
f 13488 13490 13492 13493
f 13483 13488 13493 13485
f 13494 13495 13496 13497
f 13498 13494 13497 13499
f 13494 13498 13500 13501
f 13495 13494 13501 13502
f 13503 13498 13499 13504
f 13505 13503 13504 13506
f 13503 13505 13507 13508
f 13498 13503 13508 13500
f 13509 13510 13511 13512
f 13513 13509 13512 13514
f 13509 13513 13515 13516
f 13510 13509 13516 13517
f 13518 13513 13514 13519
f 13520 13518 13519 13521
f 13518 13520 13522 13523
f 13513 13518 13523 13515
f 13524 13525 13526 13527
f 13528 13524 13527 13529
f 13524 13528 13530 13531
f 13525 13524 13531 13532
f 13533 13528 13529 13534
f 13535 13533 13534 13536
f 13533 13535 13537 13538
f 13528 13533 13538 13530
f 13539 13535 13536 13540
f 13541 13539 13540 13542
f 13539 13541 13543 13544
f 13535 13539 13544 13537
f 13545 13541 13542 13546
f 13547 13545 13546 13548
f 13545 13547 13549 13550
f 13541 13545 13550 13543
f 13551 13552 13553 13554
f 13555 13551 13554 13556
f 13551 13555 13557 13558
f 13552 13551 13558 13559
f 13560 13555 13556 13561
f 13562 13560 13561 13563
f 13560 13562 13564 13565
f 13555 13560 13565 13557
f 13566 13567 13568 13569
f 13570 13566 13569 13571
f 13566 13570 13572 13573
f 13567 13566 13573 13574
f 13575 13570 13571 13576
f 13577 13575 13576 13578
f 13575 13577 13579 13580
f 13570 13575 13580 13572
f 13581 13577 13578 13582
f 13583 13581 13582 13584
f 13581 13583 13585 13586
f 13577 13581 13586 13579
f 13587 13583 13584 13588
f 13589 13587 13588 13590
f 13587 13589 13591 13592
f 13583 13587 13592 13585
f 13593 13594 12883 13595
f 13596 13593 13595 12809
f 13593 13596 12409 13594
f 13597 13598 12814 13599
f 13600 13597 13599 12824
f 13597 13600 12415 13598
f 13601 13602 12841 13603
f 13604 13601 13603 12851
f 13601 13604 12425 13602
f 13605 13606 12856 13607
f 13608 13605 13607 12866
f 13605 13608 12431 13606
f 13609 13610 12967 13611
f 13612 13609 13611 12893
f 13609 13612 12470 13610
f 13613 13614 12898 13615
f 13616 13613 13615 12908
f 13613 13616 12476 13614
f 13617 13618 12925 13619
f 13620 13617 13619 12935
f 13617 13620 12454 13618
f 13621 13622 12940 13623
f 13624 13621 13623 12950
f 13621 13624 12460 13622
f 13625 13626 13051 13627
f 13628 13625 13627 12977
f 13625 13628 12511 13626
f 13629 13630 12982 13631
f 13632 13629 13631 12992
f 13629 13632 12518 13630
f 13633 13634 13009 13635
f 13636 13633 13635 13019
f 13633 13636 12486 13634
f 13637 13638 13024 13639
f 13640 13637 13639 13034
f 13637 13640 12493 13638
f 13641 13642 13111 13643
f 13644 13641 13643 13061
f 13641 13644 12550 13642
f 13645 13646 13066 13647
f 13648 13645 13647 13076
f 13645 13648 12531 13646
f 13649 13650 13081 13651
f 13652 13649 13651 13091
f 13649 13652 12538 13650
f 13653 13654 13096 13655
f 13656 13653 13655 13106
f 13653 13656 12544 13654
f 13657 13658 13195 13659
f 13660 13657 13659 13121
f 13657 13660 12581 13658
f 13661 13662 13126 13663
f 13664 13661 13663 13136
f 13661 13664 12588 13662
f 13665 13666 13153 13667
f 13668 13665 13667 13163
f 13665 13668 12556 13666
f 13669 13670 13168 13671
f 13672 13669 13671 13178
f 13669 13672 12563 13670
f 13673 13674 13279 13675
f 13676 13673 13675 13205
f 13673 13676 12620 13674
f 13677 13678 13210 13679
f 13680 13677 13679 13220
f 13677 13680 12601 13678
f 13681 13682 13237 13683
f 13684 13681 13683 13247
f 13681 13684 12626 13682
f 13685 13686 13252 13687
f 13688 13685 13687 13262
f 13685 13688 12633 13686
f 13689 13690 13363 13691
f 13692 13689 13691 13289
f 13689 13692 12671 13690
f 13693 13694 13294 13695
f 13696 13693 13695 13304
f 13693 13696 12678 13694
f 13697 13698 13321 13699
f 13700 13697 13699 13331
f 13697 13700 12646 13698
f 13701 13702 13336 13703
f 13704 13701 13703 13346
f 13701 13704 12653 13702
f 13705 13706 13447 13707
f 13708 13705 13707 13373
f 13705 13708 12720 13706
f 13709 13710 13378 13711
f 13712 13709 13711 13388
f 13709 13712 12726 13710
f 13713 13714 13405 13715
f 13716 13713 13715 13415
f 13713 13716 12704 13714
f 13717 13718 13420 13719
f 13720 13717 13719 13430
f 13717 13720 12710 13718
f 13721 13722 13507 13723
f 13724 13721 13723 13457
f 13721 13724 12749 13722
f 13725 13726 13462 13727
f 13728 13725 13727 13472
f 13725 13728 12755 13726
f 13729 13730 13477 13731
f 13732 13729 13731 13487
f 13729 13732 12736 13730
f 13733 13734 13492 13735
f 13736 13733 13735 13502
f 13733 13736 12743 13734
f 13737 13738 13591 13739
f 13740 13737 13739 13517
f 13737 13740 12790 13738
f 13741 13742 13522 13743
f 13744 13741 13743 13532
f 13741 13744 12796 13742
f 13745 13746 13549 13747
f 13748 13745 13747 13559
f 13745 13748 12768 13746
f 13749 13750 13564 13751
f 13752 13749 13751 13574
f 13749 13752 12774 13750
f 13753 12408 12409 13596
f 12808 13753 13596 12809
f 13753 12808 12807 13754
f 12408 13753 13754 12410
f 13755 12413 12410 13754
f 12815 13755 13754 12807
f 13755 12815 12814 13598
f 12413 13755 13598 12415
f 13756 12414 12415 13600
f 12823 13756 13600 12824
f 13756 12823 12822 13757
f 12414 13756 13757 12393
f 13758 12394 12393 13757
f 12830 13758 13757 12822
f 13758 12830 12829 13759
f 12394 13758 13759 12396
f 13760 12418 12396 13759
f 12836 13760 13759 12829
f 13760 12836 12835 13761
f 12418 13760 13761 12419
f 13762 12423 12419 13761
f 12842 13762 13761 12835
f 13762 12842 12841 13602
f 12423 13762 13602 12425
f 13763 12424 12425 13604
f 12850 13763 13604 12851
f 13763 12850 12849 13764
f 12424 13763 13764 12426
f 13765 12429 12426 13764
f 12857 13765 13764 12849
f 13765 12857 12856 13606
f 12429 13765 13606 12431
f 13766 12430 12431 13608
f 12865 13766 13608 12866
f 13766 12865 12864 13767
f 12430 13766 13767 12432
f 13768 12435 12432 13767
f 12872 13768 13767 12864
f 13768 12872 12871 13769
f 12435 13768 13769 12403
f 13770 12402 12403 13769
f 12878 13770 13769 12871
f 13770 12878 12877 13771
f 12402 13770 13771 12404
f 13772 12407 12404 13771
f 12884 13772 13771 12877
f 13772 12884 12883 13594
f 12407 13772 13594 12409
f 13773 12881 12882 13774
f 12802 13773 13774 12803
f 13773 12802 12809 13595
f 12881 13773 13595 12883
f 13775 12812 12813 13776
f 12817 13775 13776 12818
f 13775 12817 12824 13599
f 12812 13775 13599 12814
f 13777 12839 12840 13778
f 12844 13777 13778 12845
f 13777 12844 12851 13603
f 12839 13777 13603 12841
f 13779 12854 12855 13780
f 12859 13779 13780 12860
f 13779 12859 12866 13607
f 12854 13779 13607 12856
f 13781 12469 12470 13612
f 12892 13781 13612 12893
f 13781 12892 12891 13782
f 12469 13781 13782 12471
f 13783 12474 12471 13782
f 12899 13783 13782 12891
f 13783 12899 12898 13614
f 12474 13783 13614 12476
f 13784 12475 12476 13616
f 12907 13784 13616 12908
f 13784 12907 12906 13785
f 12475 13784 13785 12477
f 13786 12480 12477 13785
f 12914 13786 13785 12906
f 13786 12914 12913 13787
f 12480 13786 13787 12448
f 13788 12447 12448 13787
f 12920 13788 13787 12913
f 13788 12920 12919 13789
f 12447 13788 13789 12449
f 13790 12452 12449 13789
f 12926 13790 13789 12919
f 13790 12926 12925 13618
f 12452 13790 13618 12454
f 13791 12453 12454 13620
f 12934 13791 13620 12935
f 13791 12934 12933 13792
f 12453 13791 13792 12455
f 13793 12458 12455 13792
f 12941 13793 13792 12933
f 13793 12941 12940 13622
f 12458 13793 13622 12460
f 13794 12459 12460 13624
f 12949 13794 13624 12950
f 13794 12949 12948 13795
f 12459 13794 13795 12441
f 13796 12440 12441 13795
f 12956 13796 13795 12948
f 13796 12956 12955 13797
f 12440 13796 13797 12442
f 13798 12463 12442 13797
f 12962 13798 13797 12955
f 13798 12962 12961 13799
f 12463 13798 13799 12464
f 13800 12468 12464 13799
f 12968 13800 13799 12961
f 13800 12968 12967 13610
f 12468 13800 13610 12470
f 13801 12965 12966 13802
f 12886 13801 13802 12887
f 13801 12886 12893 13611
f 12965 13801 13611 12967
f 13803 12896 12897 13804
f 12901 13803 13804 12902
f 13803 12901 12908 13615
f 12896 13803 13615 12898
f 13805 12923 12924 13806
f 12928 13805 13806 12929
f 13805 12928 12935 13619
f 12923 13805 13619 12925
f 13807 12938 12939 13808
f 12943 13807 13808 12944
f 13807 12943 12950 13623
f 12938 13807 13623 12940
f 13809 12510 12511 13628
f 12976 13809 13628 12977
f 13809 12976 12975 13810
f 12510 13809 13810 12512
f 13811 12516 12512 13810
f 12983 13811 13810 12975
f 13811 12983 12982 13630
f 12516 13811 13630 12518
f 13812 12517 12518 13632
f 12991 13812 13632 12992
f 13812 12991 12990 13813
f 12517 13812 13813 12519
f 13814 12522 12519 13813
f 12998 13814 13813 12990
f 13814 12998 12997 13815
f 12522 13814 13815 12504
f 13816 12505 12504 13815
f 13004 13816 13815 12997
f 13816 13004 13003 13817
f 12505 13816 13817 12483
f 13818 12484 12483 13817
f 13010 13818 13817 13003
f 13818 13010 13009 13634
f 12484 13818 13634 12486
f 13819 12485 12486 13636
f 13018 13819 13636 13019
f 13819 13018 13017 13820
f 12485 13819 13820 12487
f 13821 12491 12487 13820
f 13025 13821 13820 13017
f 13821 13025 13024 13638
f 12491 13821 13638 12493
f 13822 12492 12493 13640
f 13033 13822 13640 13034
f 13822 13033 13032 13823
f 12492 13822 13823 12494
f 13824 12497 12494 13823
f 13040 13824 13823 13032
f 13824 13040 13039 13825
f 12497 13824 13825 12499
f 13826 12525 12499 13825
f 13046 13826 13825 13039
f 13826 13046 13045 13827
f 12525 13826 13827 12508
f 13828 12509 12508 13827
f 13052 13828 13827 13045
f 13828 13052 13051 13626
f 12509 13828 13626 12511
f 13829 13049 13050 13830
f 12970 13829 13830 12971
f 13829 12970 12977 13627
f 13049 13829 13627 13051
f 13831 12980 12981 13832
f 12985 13831 13832 12986
f 13831 12985 12992 13631
f 12980 13831 13631 12982
f 13833 13007 13008 13834
f 13012 13833 13834 13013
f 13833 13012 13019 13635
f 13007 13833 13635 13009
f 13835 13022 13023 13836
f 13027 13835 13836 13028
f 13835 13027 13034 13639
f 13022 13835 13639 13024
f 13837 12549 12550 13644
f 13060 13837 13644 13061
f 13837 13060 13059 13838
f 12549 13837 13838 12528
f 13839 12529 12528 13838
f 13067 13839 13838 13059
f 13839 13067 13066 13646
f 12529 13839 13646 12531
f 13840 12530 12531 13648
f 13075 13840 13648 13076
f 13840 13075 13074 13841
f 12530 13840 13841 12532
f 13842 12536 12532 13841
f 13082 13842 13841 13074
f 13842 13082 13081 13650
f 12536 13842 13650 12538
f 13843 12537 12538 13652
f 13090 13843 13652 13091
f 13843 13090 13089 13844
f 12537 13843 13844 12539
f 13845 12542 12539 13844
f 13097 13845 13844 13089
f 13845 13097 13096 13654
f 12542 13845 13654 12544
f 13846 12543 12544 13656
f 13105 13846 13656 13106
f 13846 13105 13104 13847
f 12543 13846 13847 12545
f 13848 12548 12545 13847
f 13112 13848 13847 13104
f 13848 13112 13111 13642
f 12548 13848 13642 12550
f 13849 13109 13110 13850
f 13054 13849 13850 13055
f 13849 13054 13061 13643
f 13109 13849 13643 13111
f 13851 13064 13065 13852
f 13069 13851 13852 13070
f 13851 13069 13076 13647
f 13064 13851 13647 13066
f 13853 13079 13080 13854
f 13084 13853 13854 13085
f 13853 13084 13091 13651
f 13079 13853 13651 13081
f 13855 13094 13095 13856
f 13099 13855 13856 13100
f 13855 13099 13106 13655
f 13094 13855 13655 13096
f 13857 12580 12581 13660
f 13120 13857 13660 13121
f 13857 13120 13119 13858
f 12580 13857 13858 12582
f 13859 12586 12582 13858
f 13127 13859 13858 13119
f 13859 13127 13126 13662
f 12586 13859 13662 12588
f 13860 12587 12588 13664
f 13135 13860 13664 13136
f 13860 13135 13134 13861
f 12587 13860 13861 12589
f 13862 12592 12589 13861
f 13142 13862 13861 13134
f 13862 13142 13141 13863
f 12592 13862 13863 12575
f 13864 12574 12575 13863
f 13148 13864 13863 13141
f 13864 13148 13147 13865
f 12574 13864 13865 12553
f 13866 12554 12553 13865
f 13154 13866 13865 13147
f 13866 13154 13153 13666
f 12554 13866 13666 12556
f 13867 12555 12556 13668
f 13162 13867 13668 13163
f 13867 13162 13161 13868
f 12555 13867 13868 12557
f 13869 12561 12557 13868
f 13169 13869 13868 13161
f 13869 13169 13168 13670
f 12561 13869 13670 12563
f 13870 12562 12563 13672
f 13177 13870 13672 13178
f 13870 13177 13176 13871
f 12562 13870 13871 12564
f 13872 12567 12564 13871
f 13184 13872 13871 13176
f 13872 13184 13183 13873
f 12567 13872 13873 12569
f 13874 12595 12569 13873
f 13190 13874 13873 13183
f 13874 13190 13189 13875
f 12595 13874 13875 12578
f 13876 12579 12578 13875
f 13196 13876 13875 13189
f 13876 13196 13195 13658
f 12579 13876 13658 12581
f 13877 13193 13194 13878
f 13114 13877 13878 13115
f 13877 13114 13121 13659
f 13193 13877 13659 13195
f 13879 13124 13125 13880
f 13129 13879 13880 13130
f 13879 13129 13136 13663
f 13124 13879 13663 13126
f 13881 13151 13152 13882
f 13156 13881 13882 13157
f 13881 13156 13163 13667
f 13151 13881 13667 13153
f 13883 13166 13167 13884
f 13171 13883 13884 13172
f 13883 13171 13178 13671
f 13166 13883 13671 13168
f 13885 12619 12620 13676
f 13204 13885 13676 13205
f 13885 13204 13203 13886
f 12619 13885 13886 12598
f 13887 12599 12598 13886
f 13211 13887 13886 13203
f 13887 13211 13210 13678
f 12599 13887 13678 12601
f 13888 12600 12601 13680
f 13219 13888 13680 13220
f 13888 13219 13218 13889
f 12600 13888 13889 12602
f 13890 12606 12602 13889
f 13226 13890 13889 13218
f 13890 13226 13225 13891
f 12606 13890 13891 12608
f 13892 12640 12608 13891
f 13232 13892 13891 13225
f 13892 13232 13231 13893
f 12640 13892 13893 12623
f 13894 12624 12623 13893
f 13238 13894 13893 13231
f 13894 13238 13237 13682
f 12624 13894 13682 12626
f 13895 12625 12626 13684
f 13246 13895 13684 13247
f 13895 13246 13245 13896
f 12625 13895 13896 12627
f 13897 12631 12627 13896
f 13253 13897 13896 13245
f 13897 13253 13252 13686
f 12631 13897 13686 12633
f 13898 12632 12633 13688
f 13261 13898 13688 13262
f 13898 13261 13260 13899
f 12632 13898 13899 12634
f 13900 12637 12634 13899
f 13268 13900 13899 13260
f 13900 13268 13267 13901
f 12637 13900 13901 12614
f 13902 12613 12614 13901
f 13274 13902 13901 13267
f 13902 13274 13273 13903
f 12613 13902 13903 12615
f 13904 12618 12615 13903
f 13280 13904 13903 13273
f 13904 13280 13279 13674
f 12618 13904 13674 12620
f 13905 13277 13278 13906
f 13198 13905 13906 13199
f 13905 13198 13205 13675
f 13277 13905 13675 13279
f 13907 13208 13209 13908
f 13213 13907 13908 13214
f 13907 13213 13220 13679
f 13208 13907 13679 13210
f 13909 13235 13236 13910
f 13240 13909 13910 13241
f 13909 13240 13247 13683
f 13235 13909 13683 13237
f 13911 13250 13251 13912
f 13255 13911 13912 13256
f 13911 13255 13262 13687
f 13250 13911 13687 13252
f 13913 12670 12671 13692
f 13288 13913 13692 13289
f 13913 13288 13287 13914
f 12670 13913 13914 12672
f 13915 12676 12672 13914
f 13295 13915 13914 13287
f 13915 13295 13294 13694
f 12676 13915 13694 12678
f 13916 12677 12678 13696
f 13303 13916 13696 13304
f 13916 13303 13302 13917
f 12677 13916 13917 12679
f 13918 12682 12679 13917
f 13310 13918 13917 13302
f 13918 13310 13309 13919
f 12682 13918 13919 12664
f 13920 12665 12664 13919
f 13316 13920 13919 13309
f 13920 13316 13315 13921
f 12665 13920 13921 12643
f 13922 12644 12643 13921
f 13322 13922 13921 13315
f 13922 13322 13321 13698
f 12644 13922 13698 12646
f 13923 12645 12646 13700
f 13330 13923 13700 13331
f 13923 13330 13329 13924
f 12645 13923 13924 12647
f 13925 12651 12647 13924
f 13337 13925 13924 13329
f 13925 13337 13336 13702
f 12651 13925 13702 12653
f 13926 12652 12653 13704
f 13345 13926 13704 13346
f 13926 13345 13344 13927
f 12652 13926 13927 12654
f 13928 12657 12654 13927
f 13352 13928 13927 13344
f 13928 13352 13351 13929
f 12657 13928 13929 12659
f 13930 12685 12659 13929
f 13358 13930 13929 13351
f 13930 13358 13357 13931
f 12685 13930 13931 12668
f 13932 12669 12668 13931
f 13364 13932 13931 13357
f 13932 13364 13363 13690
f 12669 13932 13690 12671
f 13933 13361 13362 13934
f 13282 13933 13934 13283
f 13933 13282 13289 13691
f 13361 13933 13691 13363
f 13935 13292 13293 13936
f 13297 13935 13936 13298
f 13935 13297 13304 13695
f 13292 13935 13695 13294
f 13937 13319 13320 13938
f 13324 13937 13938 13325
f 13937 13324 13331 13699
f 13319 13937 13699 13321
f 13939 13334 13335 13940
f 13339 13939 13940 13340
f 13939 13339 13346 13703
f 13334 13939 13703 13336
f 13941 12719 12720 13708
f 13372 13941 13708 13373
f 13941 13372 13371 13942
f 12719 13941 13942 12721
f 13943 12724 12721 13942
f 13379 13943 13942 13371
f 13943 13379 13378 13710
f 12724 13943 13710 12726
f 13944 12725 12726 13712
f 13387 13944 13712 13388
f 13944 13387 13386 13945
f 12725 13944 13945 12727
f 13946 12730 12727 13945
f 13394 13946 13945 13386
f 13946 13394 13393 13947
f 12730 13946 13947 12698
f 13948 12697 12698 13947
f 13400 13948 13947 13393
f 13948 13400 13399 13949
f 12697 13948 13949 12699
f 13950 12702 12699 13949
f 13406 13950 13949 13399
f 13950 13406 13405 13714
f 12702 13950 13714 12704
f 13951 12703 12704 13716
f 13414 13951 13716 13415
f 13951 13414 13413 13952
f 12703 13951 13952 12705
f 13953 12708 12705 13952
f 13421 13953 13952 13413
f 13953 13421 13420 13718
f 12708 13953 13718 12710
f 13954 12709 12710 13720
f 13429 13954 13720 13430
f 13954 13429 13428 13955
f 12709 13954 13955 12691
f 13956 12690 12691 13955
f 13436 13956 13955 13428
f 13956 13436 13435 13957
f 12690 13956 13957 12692
f 13958 12713 12692 13957
f 13442 13958 13957 13435
f 13958 13442 13441 13959
f 12713 13958 13959 12714
f 13960 12718 12714 13959
f 13448 13960 13959 13441
f 13960 13448 13447 13706
f 12718 13960 13706 12720
f 13961 13445 13446 13962
f 13366 13961 13962 13367
f 13961 13366 13373 13707
f 13445 13961 13707 13447
f 13963 13376 13377 13964
f 13381 13963 13964 13382
f 13963 13381 13388 13711
f 13376 13963 13711 13378
f 13965 13403 13404 13966
f 13408 13965 13966 13409
f 13965 13408 13415 13715
f 13403 13965 13715 13405
f 13967 13418 13419 13968
f 13423 13967 13968 13424
f 13967 13423 13430 13719
f 13418 13967 13719 13420
f 13969 12748 12749 13724
f 13456 13969 13724 13457
f 13969 13456 13455 13970
f 12748 13969 13970 12750
f 13971 12753 12750 13970
f 13463 13971 13970 13455
f 13971 13463 13462 13726
f 12753 13971 13726 12755
f 13972 12754 12755 13728
f 13471 13972 13728 13472
f 13972 13471 13470 13973
f 12754 13972 13973 12733
f 13974 12734 12733 13973
f 13478 13974 13973 13470
f 13974 13478 13477 13730
f 12734 13974 13730 12736
f 13975 12735 12736 13732
f 13486 13975 13732 13487
f 13975 13486 13485 13976
f 12735 13975 13976 12737
f 13977 12741 12737 13976
f 13493 13977 13976 13485
f 13977 13493 13492 13734
f 12741 13977 13734 12743
f 13978 12742 12743 13736
f 13501 13978 13736 13502
f 13978 13501 13500 13979
f 12742 13978 13979 12744
f 13980 12747 12744 13979
f 13508 13980 13979 13500
f 13980 13508 13507 13722
f 12747 13980 13722 12749
f 13981 13505 13506 13982
f 13450 13981 13982 13451
f 13981 13450 13457 13723
f 13505 13981 13723 13507
f 13983 13460 13461 13984
f 13465 13983 13984 13466
f 13983 13465 13472 13727
f 13460 13983 13727 13462
f 13985 13475 13476 13986
f 13480 13985 13986 13481
f 13985 13480 13487 13731
f 13475 13985 13731 13477
f 13987 13490 13491 13988
f 13495 13987 13988 13496
f 13987 13495 13502 13735
f 13490 13987 13735 13492
f 13989 12789 12790 13740
f 13516 13989 13740 13517
f 13989 13516 13515 13990
f 12789 13989 13990 12791
f 13991 12794 12791 13990
f 13523 13991 13990 13515
f 13991 13523 13522 13742
f 12794 13991 13742 12796
f 13992 12795 12796 13744
f 13531 13992 13744 13532
f 13992 13531 13530 13993
f 12795 13992 13993 12797
f 13994 12800 12797 13993
f 13538 13994 13993 13530
f 13994 13538 13537 13995
f 12800 13994 13995 12761
f 13996 12760 12761 13995
f 13544 13996 13995 13537
f 13996 13544 13543 13997
f 12760 13996 13997 12762
f 13998 12766 12762 13997
f 13550 13998 13997 13543
f 13998 13550 13549 13746
f 12766 13998 13746 12768
f 13999 12767 12768 13748
f 13558 13999 13748 13559
f 13999 13558 13557 14000
f 12767 13999 14000 12769
f 14001 12772 12769 14000
f 13565 14001 14000 13557
f 14001 13565 13564 13750
f 12772 14001 13750 12774
f 14002 12773 12774 13752
f 13573 14002 13752 13574
f 14002 13573 13572 14003
f 12773 14002 14003 12775
f 14004 12778 12775 14003
f 13580 14004 14003 13572
f 14004 13580 13579 14005
f 12778 14004 14005 12780
f 14006 12783 12780 14005
f 13586 14006 14005 13579
f 14006 13586 13585 14007
f 12783 14006 14007 12784
f 14008 12788 12784 14007
f 13592 14008 14007 13585
f 14008 13592 13591 13738
f 12788 14008 13738 12790
f 14009 13589 13590 14010
f 13510 14009 14010 13511
f 14009 13510 13517 13739
f 13589 14009 13739 13591
f 14011 13520 13521 14012
f 13525 14011 14012 13526
f 14011 13525 13532 13743
f 13520 14011 13743 13522
f 14013 13547 13548 14014
f 13552 14013 14014 13553
f 14013 13552 13559 13747
f 13547 14013 13747 13549
f 14015 13562 13563 14016
f 13567 14015 14016 13568
f 14015 13567 13574 13751
f 13562 14015 13751 13564
f 14017 14018 14019 14020
f 14021 14017 14020 14022
f 14017 14021 14023 14024
f 14018 14017 14024 14025
f 14026 14024 14023 14027
f 14028 14026 14027 14029
f 14026 14028 14030 14031
f 14024 14026 14031 14025
f 14032 14031 14030 14033
f 14034 14032 14033 14035
f 14032 14034 14036 14037
f 14031 14032 14037 14025
f 14038 14037 14036 14039
f 14040 14038 14039 14041
f 14038 14040 14019 14018
f 14037 14038 14018 14025
f 14042 14043 14023 14021
f 14044 14042 14021 14022
f 14042 14044 14045 14046
f 14043 14042 14046 14047
f 14048 14046 14045 14049
f 14050 14048 14049 14051
f 14048 14050 14052 14053
f 14046 14048 14053 14047
f 14054 14053 14052 14055
f 14056 14054 14055 14057
f 14054 14056 14058 14059
f 14053 14054 14059 14047
f 14060 14059 14058 14061
f 14027 14060 14061 14029
f 14060 14027 14023 14043
f 14059 14060 14043 14047
f 14062 14063 14064 14065
f 14066 14062 14065 14067
f 14062 14066 14068 14069
f 14063 14062 14069 14070
f 14071 14063 14070 14072
f 14073 14071 14072 14074
f 14071 14073 14075 14076
f 14063 14071 14076 14064
f 14077 14076 14075 14078
f 14079 14077 14078 14080
f 14077 14079 14081 14082
f 14076 14077 14082 14064
f 14083 14082 14081 14084
f 14085 14083 14084 14086
f 14083 14085 14067 14065
f 14082 14083 14065 14064
f 14087 14088 14070 14069
f 14089 14087 14069 14068
f 14087 14089 14090 14091
f 14088 14087 14091 14092
f 14093 14091 14090 14094
f 14095 14093 14094 14096
f 14093 14095 14097 14098
f 14091 14093 14098 14092
f 14099 14098 14097 14100
f 14101 14099 14100 14102
f 14099 14101 14103 14104
f 14098 14099 14104 14092
f 14105 14104 14103 14106
f 14072 14105 14106 14074
f 14105 14072 14070 14088
f 14104 14105 14088 14092
f 14107 14108 14109 14110
f 14111 14107 14110 14112
f 14107 14111 14113 14114
f 14108 14107 14114 14115
f 14116 14114 14113 14117
f 14118 14116 14117 14119
f 14116 14118 14120 14121
f 14114 14116 14121 14115
f 14122 14121 14120 14123
f 14124 14122 14123 14125
f 14122 14124 14126 14127
f 14121 14122 14127 14115
f 14128 14129 14130 14131
f 14108 14128 14131 14109
f 14128 14108 14115 14127
f 14129 14128 14127 14126
f 14132 14133 14134 14135
f 14136 14132 14135 14137
f 14132 14136 14138 14139
f 14133 14132 14139 14140
f 14141 14139 14138 14142
f 14143 14141 14142 14144
f 14141 14143 14145 14146
f 14139 14141 14146 14140
f 14147 14146 14145 14148
f 14129 14147 14148 14130
f 14147 14129 14126 14149
f 14146 14147 14149 14140
f 14150 14149 14126 14124
f 14151 14150 14124 14125
f 14150 14151 14134 14133
f 14149 14150 14133 14140
f 14152 14153 14154 14155
f 14156 14152 14155 14157
f 14152 14156 14158 14159
f 14153 14152 14159 14160
f 14161 14159 14158 14162
f 14163 14161 14162 14164
f 14161 14163 14165 14166
f 14159 14161 14166 14160
f 14167 14166 14165 14168
f 14169 14167 14168 14170
f 14167 14169 14171 14172
f 14166 14167 14172 14160
f 14173 14172 14171 14174
f 14175 14173 14174 14176
f 14173 14175 14154 14153
f 14172 14173 14153 14160
f 14177 14178 14179 14180
f 14181 14177 14180 14182
f 14177 14181 14183 14184
f 14178 14177 14184 14185
f 14186 14184 14183 14187
f 14188 14186 14187 14189
f 14186 14188 14190 14191
f 14184 14186 14191 14185
f 14192 14191 14190 14193
f 14194 14192 14193 14195
f 14192 14194 14196 14197
f 14191 14192 14197 14185
f 14198 14197 14196 14199
f 14200 14198 14199 14201
f 14198 14200 14179 14178
f 14197 14198 14178 14185
f 14202 14203 14204 14205
f 14206 14202 14205 14207
f 14202 14206 14208 14209
f 14203 14202 14209 14210
f 14211 14209 14208 14212
f 14213 14211 14212 14214
f 14211 14213 14215 14216
f 14209 14211 14216 14210
f 14217 14216 14215 14218
f 14199 14217 14218 14201
f 14217 14199 14196 14219
f 14216 14217 14219 14210
f 14220 14219 14196 14194
f 14221 14220 14194 14195
f 14220 14221 14204 14203
f 14219 14220 14203 14210
f 14222 14223 14224 14225
f 14226 14222 14225 14227
f 14222 14226 14228 14229
f 14223 14222 14229 14230
f 14231 14229 14228 14232
f 14233 14231 14232 14234
f 14231 14233 14235 14236
f 14229 14231 14236 14230
f 14237 14236 14235 14238
f 14239 14237 14238 14240
f 14237 14239 14241 14242
f 14236 14237 14242 14230
f 14243 14242 14241 14244
f 14245 14243 14244 14246
f 14243 14245 14224 14223
f 14242 14243 14223 14230
f 14247 14248 14249 14250
f 14251 14247 14250 14252
f 14247 14251 14253 14254
f 14248 14247 14254 14255
f 14256 14254 14253 14257
f 14258 14256 14257 14259
f 14256 14258 14260 14261
f 14254 14256 14261 14255
f 14262 14261 14260 14263
f 14238 14262 14263 14240
f 14262 14238 14235 14264
f 14261 14262 14264 14255
f 14265 14264 14235 14233
f 14266 14265 14233 14234
f 14265 14266 14249 14248
f 14264 14265 14248 14255
f 14267 14268 14269 14270
f 14271 14267 14270 14272
f 14267 14271 14273 14274
f 14268 14267 14274 14275
f 14276 14274 14273 14277
f 14278 14276 14277 14279
f 14276 14278 14280 14281
f 14274 14276 14281 14275
f 14282 14281 14280 14283
f 14284 14282 14283 14285
f 14282 14284 14286 14287
f 14281 14282 14287 14275
f 14288 14289 14290 14291
f 14268 14288 14291 14269
f 14288 14268 14275 14287
f 14289 14288 14287 14286
f 14292 14293 14294 14295
f 14296 14292 14295 14297
f 14292 14296 14298 14299
f 14293 14292 14299 14300
f 14301 14299 14298 14302
f 14303 14301 14302 14304
f 14301 14303 14305 14306
f 14299 14301 14306 14300
f 14307 14306 14305 14308
f 14289 14307 14308 14290
f 14307 14289 14286 14309
f 14306 14307 14309 14300
f 14310 14309 14286 14284
f 14311 14310 14284 14285
f 14310 14311 14294 14293
f 14309 14310 14293 14300
f 14312 14313 14314 14315
f 14316 14312 14315 14317
f 14312 14316 14318 14319
f 14313 14312 14319 14320
f 14321 14313 14320 14322
f 14323 14321 14322 14324
f 14321 14323 14325 14326
f 14313 14321 14326 14314
f 14327 14326 14325 14328
f 14329 14327 14328 14330
f 14327 14329 14331 14332
f 14326 14327 14332 14314
f 14333 14332 14331 14334
f 14335 14333 14334 14336
f 14333 14335 14317 14315
f 14332 14333 14315 14314
f 14337 14338 14320 14319
f 14339 14337 14319 14318
f 14337 14339 14340 14341
f 14338 14337 14341 14342
f 14343 14341 14340 14344
f 14345 14343 14344 14346
f 14343 14345 14347 14348
f 14341 14343 14348 14342
f 14349 14348 14347 14350
f 14351 14349 14350 14352
f 14349 14351 14353 14354
f 14348 14349 14354 14342
f 14355 14354 14353 14356
f 14322 14355 14356 14324
f 14355 14322 14320 14338
f 14354 14355 14338 14342
f 14357 14358 14359 14360
f 14361 14357 14360 14362
f 14357 14361 14363 14364
f 14358 14357 14364 14365
f 14366 14364 14363 14367
f 14368 14366 14367 14369
f 14366 14368 14370 14371
f 14364 14366 14371 14365
f 14372 14371 14370 14373
f 14374 14372 14373 14375
f 14372 14374 14376 14377
f 14371 14372 14377 14365
f 14378 14377 14376 14379
f 14380 14378 14379 14381
f 14378 14380 14359 14358
f 14377 14378 14358 14365
f 14382 14383 14384 14385
f 14386 14382 14385 14387
f 14382 14386 14388 14389
f 14383 14382 14389 14390
f 14391 14389 14388 14392
f 14393 14391 14392 14394
f 14391 14393 14395 14396
f 14389 14391 14396 14390
f 14397 14396 14395 14398
f 14399 14397 14398 14400
f 14397 14399 14401 14402
f 14396 14397 14402 14390
f 14403 14402 14401 14404
f 14405 14403 14404 14406
f 14403 14405 14384 14383
f 14402 14403 14383 14390
f 14407 14408 14384 14405
f 14409 14407 14405 14406
f 14407 14409 14410 14411
f 14408 14407 14411 14412
f 14413 14411 14410 14414
f 14415 14413 14414 14416
f 14413 14415 14417 14418
f 14411 14413 14418 14412
f 14419 14418 14417 14420
f 14421 14419 14420 14422
f 14419 14421 14423 14424
f 14418 14419 14424 14412
f 14425 14424 14423 14426
f 14385 14425 14426 14387
f 14425 14385 14384 14408
f 14424 14425 14408 14412
f 14427 14428 14429 14430
f 14431 14427 14430 14432
f 14427 14431 14433 14434
f 14428 14427 14434 14435
f 14436 14431 14432 14437
f 14438 14436 14437 14439
f 14436 14438 14440 14441
f 14431 14436 14441 14433
f 14442 14443 14444 14445
f 14446 14442 14445 14447
f 14442 14446 14448 14449
f 14443 14442 14449 14450
f 14451 14446 14447 14452
f 14453 14451 14452 14454
f 14451 14453 14455 14456
f 14446 14451 14456 14448
f 14457 14453 14454 14458
f 14459 14457 14458 14460
f 14457 14459 14461 14462
f 14453 14457 14462 14455
f 14463 14459 14460 14464
f 14465 14463 14464 14466
f 14463 14465 14467 14468
f 14459 14463 14468 14461
f 14469 14470 14471 14472
f 14473 14469 14472 14474
f 14469 14473 14475 14476
f 14470 14469 14476 14477
f 14478 14473 14474 14479
f 14480 14478 14479 14481
f 14478 14480 14482 14483
f 14473 14478 14483 14475
f 14484 14485 14486 14487
f 14488 14484 14487 14489
f 14484 14488 14490 14491
f 14485 14484 14491 14492
f 14493 14488 14489 14494
f 14495 14493 14494 14496
f 14493 14495 14497 14498
f 14488 14493 14498 14490
f 14499 14495 14496 14500
f 14501 14499 14500 14502
f 14499 14501 14503 14504
f 14495 14499 14504 14497
f 14505 14501 14502 14506
f 14507 14505 14506 14508
f 14505 14507 14509 14510
f 14501 14505 14510 14503
f 14511 14512 14513 14514
f 14515 14511 14514 14516
f 14511 14515 14517 14518
f 14512 14511 14518 14519
f 14520 14515 14516 14521
f 14522 14520 14521 14523
f 14520 14522 14524 14525
f 14515 14520 14525 14517
f 14526 14527 14528 14529
f 14530 14526 14529 14531
f 14526 14530 14532 14533
f 14527 14526 14533 14534
f 14535 14530 14531 14536
f 14537 14535 14536 14538
f 14535 14537 14539 14540
f 14530 14535 14540 14532
f 14541 14537 14538 14542
f 14543 14541 14542 14544
f 14541 14543 14545 14546
f 14537 14541 14546 14539
f 14547 14543 14544 14548
f 14549 14547 14548 14550
f 14547 14549 14551 14552
f 14543 14547 14552 14545
f 14553 14554 14555 14556
f 14557 14553 14556 14558
f 14553 14557 14559 14560
f 14554 14553 14560 14561
f 14562 14557 14558 14563
f 14564 14562 14563 14565
f 14562 14564 14566 14567
f 14557 14562 14567 14559
f 14568 14569 14570 14571
f 14572 14568 14571 14573
f 14568 14572 14574 14575
f 14569 14568 14575 14576
f 14577 14572 14573 14578
f 14579 14577 14578 14580
f 14577 14579 14581 14582
f 14572 14577 14582 14574
f 14583 14579 14580 14584
f 14585 14583 14584 14586
f 14583 14585 14587 14588
f 14579 14583 14588 14581
f 14589 14585 14586 14590
f 14591 14589 14590 14592
f 14589 14591 14593 14594
f 14585 14589 14594 14587
f 14595 14596 14597 14598
f 14599 14595 14598 14600
f 14595 14599 14601 14602
f 14596 14595 14602 14603
f 14604 14599 14600 14605
f 14606 14604 14605 14607
f 14604 14606 14608 14609
f 14599 14604 14609 14601
f 14610 14611 14612 14613
f 14614 14610 14613 14615
f 14610 14614 14616 14617
f 14611 14610 14617 14618
f 14619 14614 14615 14620
f 14621 14619 14620 14622
f 14619 14621 14623 14624
f 14614 14619 14624 14616
f 14625 14621 14622 14626
f 14627 14625 14626 14628
f 14625 14627 14629 14630
f 14621 14625 14630 14623
f 14631 14627 14628 14632
f 14633 14631 14632 14634
f 14631 14633 14635 14636
f 14627 14631 14636 14629
f 14637 14638 14639 14640
f 14641 14637 14640 14642
f 14637 14641 14643 14644
f 14638 14637 14644 14645
f 14646 14641 14642 14647
f 14648 14646 14647 14649
f 14646 14648 14650 14651
f 14641 14646 14651 14643
f 14652 14653 14654 14655
f 14656 14652 14655 14657
f 14652 14656 14658 14659
f 14653 14652 14659 14660
f 14661 14656 14657 14662
f 14663 14661 14662 14664
f 14661 14663 14665 14666
f 14656 14661 14666 14658
f 14667 14663 14664 14668
f 14669 14667 14668 14670
f 14667 14669 14671 14672
f 14663 14667 14672 14665
f 14673 14669 14670 14674
f 14675 14673 14674 14676
f 14673 14675 14677 14678
f 14669 14673 14678 14671
f 14679 14680 14681 14682
f 14683 14679 14682 14684
f 14679 14683 14685 14686
f 14680 14679 14686 14687
f 14688 14683 14684 14689
f 14690 14688 14689 14691
f 14688 14690 14692 14693
f 14683 14688 14693 14685
f 14694 14695 14696 14697
f 14698 14694 14697 14699
f 14694 14698 14700 14701
f 14695 14694 14701 14702
f 14703 14698 14699 14704
f 14705 14703 14704 14706
f 14703 14705 14707 14708
f 14698 14703 14708 14700
f 14709 14710 14711 14712
f 14713 14709 14712 14714
f 14709 14713 14715 14716
f 14710 14709 14716 14717
f 14718 14713 14714 14719
f 14720 14718 14719 14721
f 14718 14720 14722 14723
f 14713 14718 14723 14715
f 14724 14725 14726 14727
f 14728 14724 14727 14729
f 14724 14728 14730 14731
f 14725 14724 14731 14732
f 14733 14728 14729 14734
f 14735 14733 14734 14736
f 14733 14735 14737 14738
f 14728 14733 14738 14730
f 14739 14740 14741 14742
f 14743 14739 14742 14744
f 14739 14743 14745 14746
f 14740 14739 14746 14747
f 14748 14743 14744 14749
f 14750 14748 14749 14751
f 14748 14750 14752 14753
f 14743 14748 14753 14745
f 14754 14755 14756 14757
f 14758 14754 14757 14759
f 14754 14758 14760 14761
f 14755 14754 14761 14762
f 14763 14758 14759 14764
f 14765 14763 14764 14766
f 14763 14765 14767 14768
f 14758 14763 14768 14760
f 14769 14765 14766 14770
f 14771 14769 14770 14772
f 14769 14771 14773 14774
f 14765 14769 14774 14767
f 14775 14771 14772 14776
f 14777 14775 14776 14778
f 14775 14777 14779 14780
f 14771 14775 14780 14773
f 14781 14782 14783 14784
f 14785 14781 14784 14786
f 14781 14785 14787 14788
f 14782 14781 14788 14789
f 14790 14785 14786 14791
f 14792 14790 14791 14793
f 14790 14792 14794 14795
f 14785 14790 14795 14787
f 14796 14797 14798 14799
f 14800 14796 14799 14801
f 14796 14800 14802 14803
f 14797 14796 14803 14804
f 14805 14800 14801 14806
f 14807 14805 14806 14808
f 14805 14807 14809 14810
f 14800 14805 14810 14802
f 14811 14807 14808 14812
f 14813 14811 14812 14814
f 14811 14813 14815 14816
f 14807 14811 14816 14809
f 14817 14813 14814 14818
f 14819 14817 14818 14820
f 14817 14819 14821 14822
f 14813 14817 14822 14815
f 14823 14824 14825 14826
f 14827 14823 14826 14828
f 14823 14827 14829 14830
f 14824 14823 14830 14831
f 14832 14827 14828 14833
f 14834 14832 14833 14835
f 14832 14834 14836 14837
f 14827 14832 14837 14829
f 14838 14839 14840 14841
f 14842 14838 14841 14843
f 14838 14842 14844 14845
f 14839 14838 14845 14846
f 14847 14842 14843 14848
f 14849 14847 14848 14850
f 14847 14849 14851 14852
f 14842 14847 14852 14844
f 14853 14849 14850 14854
f 14855 14853 14854 14856
f 14853 14855 14857 14858
f 14849 14853 14858 14851
f 14859 14855 14856 14860
f 14861 14859 14860 14862
f 14859 14861 14863 14864
f 14855 14859 14864 14857
f 14865 14866 14867 14868
f 14869 14865 14868 14870
f 14865 14869 14871 14872
f 14866 14865 14872 14873
f 14874 14869 14870 14875
f 14876 14874 14875 14877
f 14874 14876 14878 14879
f 14869 14874 14879 14871
f 14880 14881 14882 14883
f 14884 14880 14883 14885
f 14880 14884 14886 14887
f 14881 14880 14887 14888
f 14889 14884 14885 14890
f 14891 14889 14890 14892
f 14889 14891 14893 14894
f 14884 14889 14894 14886
f 14895 14891 14892 14896
f 14897 14895 14896 14898
f 14895 14897 14899 14900
f 14891 14895 14900 14893
f 14901 14897 14898 14902
f 14903 14901 14902 14904
f 14901 14903 14905 14906
f 14897 14901 14906 14899
f 14907 14908 14909 14910
f 14911 14907 14910 14912
f 14907 14911 14913 14914
f 14908 14907 14914 14915
f 14916 14911 14912 14917
f 14918 14916 14917 14919
f 14916 14918 14920 14921
f 14911 14916 14921 14913
f 14922 14923 14924 14925
f 14926 14922 14925 14927
f 14922 14926 14928 14929
f 14923 14922 14929 14930
f 14931 14926 14927 14932
f 14933 14931 14932 14934
f 14931 14933 14935 14936
f 14926 14931 14936 14928
f 14937 14933 14934 14938
f 14939 14937 14938 14940
f 14937 14939 14941 14942
f 14933 14937 14942 14935
f 14943 14939 14940 14944
f 14945 14943 14944 14946
f 14943 14945 14947 14948
f 14939 14943 14948 14941
f 14949 14950 14951 14952
f 14953 14949 14952 14954
f 14949 14953 14955 14956
f 14950 14949 14956 14957
f 14958 14953 14954 14959
f 14960 14958 14959 14961
f 14958 14960 14962 14963
f 14953 14958 14963 14955
f 14964 14965 14966 14967
f 14968 14964 14967 14969
f 14964 14968 14970 14971
f 14965 14964 14971 14972
f 14973 14968 14969 14974
f 14975 14973 14974 14976
f 14973 14975 14977 14978
f 14968 14973 14978 14970
f 14979 14975 14976 14980
f 14981 14979 14980 14982
f 14979 14981 14983 14984
f 14975 14979 14984 14977
f 14985 14981 14982 14986
f 14987 14985 14986 14988
f 14985 14987 14989 14990
f 14981 14985 14990 14983
f 14991 14992 14993 14994
f 14995 14991 14994 14996
f 14991 14995 14997 14998
f 14992 14991 14998 14999
f 15000 14995 14996 15001
f 15002 15000 15001 15003
f 15000 15002 15004 15005
f 14995 15000 15005 14997
f 15006 15007 15008 15009
f 15010 15006 15009 15011
f 15006 15010 15012 15013
f 15007 15006 15013 15014
f 15015 15010 15011 15016
f 15017 15015 15016 15018
f 15015 15017 15019 15020
f 15010 15015 15020 15012
f 15021 15017 15018 15022
f 15023 15021 15022 15024
f 15021 15023 15025 15026
f 15017 15021 15026 15019
f 15027 15023 15024 15028
f 15029 15027 15028 15030
f 15027 15029 15031 15032
f 15023 15027 15032 15025
f 15033 15034 15035 15036
f 15037 15033 15036 15038
f 15033 15037 15039 15040
f 15034 15033 15040 15041
f 15042 15037 15038 15043
f 15044 15042 15043 15045
f 15042 15044 15046 15047
f 15037 15042 15047 15039
f 15048 15049 15050 15051
f 15052 15048 15051 15053
f 15048 15052 15054 15055
f 15049 15048 15055 15056
f 15057 15052 15053 15058
f 15059 15057 15058 15060
f 15057 15059 15061 15062
f 15052 15057 15062 15054
f 15063 15059 15060 15064
f 15065 15063 15064 15066
f 15063 15065 15067 15068
f 15059 15063 15068 15061
f 15069 15065 15066 15070
f 15071 15069 15070 15072
f 15069 15071 15073 15074
f 15065 15069 15074 15067
f 15075 15076 15077 15078
f 15079 15075 15078 15080
f 15075 15079 15081 15082
f 15076 15075 15082 15083
f 15084 15079 15080 15085
f 15086 15084 15085 15087
f 15084 15086 15088 15089
f 15079 15084 15089 15081
f 15090 15091 15092 15093
f 15094 15090 15093 15095
f 15090 15094 15096 15097
f 15091 15090 15097 15098
f 15099 15094 15095 15100
f 15101 15099 15100 15102
f 15099 15101 15103 15104
f 15094 15099 15104 15096
f 15105 15106 15107 15108
f 15109 15105 15108 15110
f 15105 15109 15111 15112
f 15106 15105 15112 15113
f 15114 15109 15110 15115
f 15116 15114 15115 15117
f 15114 15116 15118 15119
f 15109 15114 15119 15111
f 15120 15121 15122 15123
f 15124 15120 15123 15125
f 15120 15124 15126 15127
f 15121 15120 15127 15128
f 15129 15124 15125 15130
f 15131 15129 15130 15132
f 15129 15131 15133 15134
f 15124 15129 15134 15126
f 15135 15136 15137 15138
f 15139 15135 15138 15140
f 15135 15139 15141 15142
f 15136 15135 15142 15143
f 15144 15139 15140 15145
f 15146 15144 15145 15147
f 15144 15146 15148 15149
f 15139 15144 15149 15141
f 15150 15151 15152 15153
f 15154 15150 15153 15155
f 15150 15154 15156 15157
f 15151 15150 15157 15158
f 15159 15154 15155 15160
f 15161 15159 15160 15162
f 15159 15161 15163 15164
f 15154 15159 15164 15156
f 15165 15161 15162 15166
f 15167 15165 15166 15168
f 15165 15167 15169 15170
f 15161 15165 15170 15163
f 15171 15167 15168 15172
f 15173 15171 15172 15174
f 15171 15173 15175 15176
f 15167 15171 15176 15169
f 15177 15178 15179 15180
f 15181 15177 15180 15182
f 15177 15181 15183 15184
f 15178 15177 15184 15185
f 15186 15181 15182 15187
f 15188 15186 15187 15189
f 15186 15188 15190 15191
f 15181 15186 15191 15183
f 15192 15193 15194 15195
f 15196 15192 15195 15197
f 15192 15196 15198 15199
f 15193 15192 15199 15200
f 15201 15196 15197 15202
f 15203 15201 15202 15204
f 15201 15203 15205 15206
f 15196 15201 15206 15198
f 15207 15203 15204 15208
f 15209 15207 15208 15210
f 15207 15209 15211 15212
f 15203 15207 15212 15205
f 15213 15209 15210 15214
f 15215 15213 15214 15216
f 15213 15215 15217 15218
f 15209 15213 15218 15211
f 15219 15220 14509 15221
f 15222 15219 15221 14435
f 15219 15222 14035 15220
f 15223 15224 14440 15225
f 15226 15223 15225 14450
f 15223 15226 14041 15224
f 15227 15228 14467 15229
f 15230 15227 15229 14477
f 15227 15230 14051 15228
f 15231 15232 14482 15233
f 15234 15231 15233 14492
f 15231 15234 14057 15232
f 15235 15236 14593 15237
f 15238 15235 15237 14519
f 15235 15238 14096 15236
f 15239 15240 14524 15241
f 15242 15239 15241 14534
f 15239 15242 14102 15240
f 15243 15244 14551 15245
f 15246 15243 15245 14561
f 15243 15246 14080 15244
f 15247 15248 14566 15249
f 15250 15247 15249 14576
f 15247 15250 14086 15248
f 15251 15252 14677 15253
f 15254 15251 15253 14603
f 15251 15254 14137 15252
f 15255 15256 14608 15257
f 15258 15255 15257 14618
f 15255 15258 14144 15256
f 15259 15260 14635 15261
f 15262 15259 15261 14645
f 15259 15262 14112 15260
f 15263 15264 14650 15265
f 15266 15263 15265 14660
f 15263 15266 14119 15264
f 15267 15268 14737 15269
f 15270 15267 15269 14687
f 15267 15270 14176 15268
f 15271 15272 14692 15273
f 15274 15271 15273 14702
f 15271 15274 14157 15272
f 15275 15276 14707 15277
f 15278 15275 15277 14717
f 15275 15278 14164 15276
f 15279 15280 14722 15281
f 15282 15279 15281 14732
f 15279 15282 14170 15280
f 15283 15284 14821 15285
f 15286 15283 15285 14747
f 15283 15286 14207 15284
f 15287 15288 14752 15289
f 15290 15287 15289 14762
f 15287 15290 14214 15288
f 15291 15292 14779 15293
f 15294 15291 15293 14789
f 15291 15294 14182 15292
f 15295 15296 14794 15297
f 15298 15295 15297 14804
f 15295 15298 14189 15296
f 15299 15300 14905 15301
f 15302 15299 15301 14831
f 15299 15302 14246 15300
f 15303 15304 14836 15305
f 15306 15303 15305 14846
f 15303 15306 14227 15304
f 15307 15308 14863 15309
f 15310 15307 15309 14873
f 15307 15310 14252 15308
f 15311 15312 14878 15313
f 15314 15311 15313 14888
f 15311 15314 14259 15312
f 15315 15316 14989 15317
f 15318 15315 15317 14915
f 15315 15318 14297 15316
f 15319 15320 14920 15321
f 15322 15319 15321 14930
f 15319 15322 14304 15320
f 15323 15324 14947 15325
f 15326 15323 15325 14957
f 15323 15326 14272 15324
f 15327 15328 14962 15329
f 15330 15327 15329 14972
f 15327 15330 14279 15328
f 15331 15332 15073 15333
f 15334 15331 15333 14999
f 15331 15334 14346 15332
f 15335 15336 15004 15337
f 15338 15335 15337 15014
f 15335 15338 14352 15336
f 15339 15340 15031 15341
f 15342 15339 15341 15041
f 15339 15342 14330 15340
f 15343 15344 15046 15345
f 15346 15343 15345 15056
f 15343 15346 14336 15344
f 15347 15348 15133 15349
f 15350 15347 15349 15083
f 15347 15350 14375 15348
f 15351 15352 15088 15353
f 15354 15351 15353 15098
f 15351 15354 14381 15352
f 15355 15356 15103 15357
f 15358 15355 15357 15113
f 15355 15358 14362 15356
f 15359 15360 15118 15361
f 15362 15359 15361 15128
f 15359 15362 14369 15360
f 15363 15364 15217 15365
f 15366 15363 15365 15143
f 15363 15366 14416 15364
f 15367 15368 15148 15369
f 15370 15367 15369 15158
f 15367 15370 14422 15368
f 15371 15372 15175 15373
f 15374 15371 15373 15185
f 15371 15374 14394 15372
f 15375 15376 15190 15377
f 15378 15375 15377 15200
f 15375 15378 14400 15376
f 15379 14034 14035 15222
f 14434 15379 15222 14435
f 15379 14434 14433 15380
f 14034 15379 15380 14036
f 15381 14039 14036 15380
f 14441 15381 15380 14433
f 15381 14441 14440 15224
f 14039 15381 15224 14041
f 15382 14040 14041 15226
f 14449 15382 15226 14450
f 15382 14449 14448 15383
f 14040 15382 15383 14019
f 15384 14020 14019 15383
f 14456 15384 15383 14448
f 15384 14456 14455 15385
f 14020 15384 15385 14022
f 15386 14044 14022 15385
f 14462 15386 15385 14455
f 15386 14462 14461 15387
f 14044 15386 15387 14045
f 15388 14049 14045 15387
f 14468 15388 15387 14461
f 15388 14468 14467 15228
f 14049 15388 15228 14051
f 15389 14050 14051 15230
f 14476 15389 15230 14477
f 15389 14476 14475 15390
f 14050 15389 15390 14052
f 15391 14055 14052 15390
f 14483 15391 15390 14475
f 15391 14483 14482 15232
f 14055 15391 15232 14057
f 15392 14056 14057 15234
f 14491 15392 15234 14492
f 15392 14491 14490 15393
f 14056 15392 15393 14058
f 15394 14061 14058 15393
f 14498 15394 15393 14490
f 15394 14498 14497 15395
f 14061 15394 15395 14029
f 15396 14028 14029 15395
f 14504 15396 15395 14497
f 15396 14504 14503 15397
f 14028 15396 15397 14030
f 15398 14033 14030 15397
f 14510 15398 15397 14503
f 15398 14510 14509 15220
f 14033 15398 15220 14035
f 15399 14507 14508 15400
f 14428 15399 15400 14429
f 15399 14428 14435 15221
f 14507 15399 15221 14509
f 15401 14438 14439 15402
f 14443 15401 15402 14444
f 15401 14443 14450 15225
f 14438 15401 15225 14440
f 15403 14465 14466 15404
f 14470 15403 15404 14471
f 15403 14470 14477 15229
f 14465 15403 15229 14467
f 15405 14480 14481 15406
f 14485 15405 15406 14486
f 15405 14485 14492 15233
f 14480 15405 15233 14482
f 15407 14095 14096 15238
f 14518 15407 15238 14519
f 15407 14518 14517 15408
f 14095 15407 15408 14097
f 15409 14100 14097 15408
f 14525 15409 15408 14517
f 15409 14525 14524 15240
f 14100 15409 15240 14102
f 15410 14101 14102 15242
f 14533 15410 15242 14534
f 15410 14533 14532 15411
f 14101 15410 15411 14103
f 15412 14106 14103 15411
f 14540 15412 15411 14532
f 15412 14540 14539 15413
f 14106 15412 15413 14074
f 15414 14073 14074 15413
f 14546 15414 15413 14539
f 15414 14546 14545 15415
f 14073 15414 15415 14075
f 15416 14078 14075 15415
f 14552 15416 15415 14545
f 15416 14552 14551 15244
f 14078 15416 15244 14080
f 15417 14079 14080 15246
f 14560 15417 15246 14561
f 15417 14560 14559 15418
f 14079 15417 15418 14081
f 15419 14084 14081 15418
f 14567 15419 15418 14559
f 15419 14567 14566 15248
f 14084 15419 15248 14086
f 15420 14085 14086 15250
f 14575 15420 15250 14576
f 15420 14575 14574 15421
f 14085 15420 15421 14067
f 15422 14066 14067 15421
f 14582 15422 15421 14574
f 15422 14582 14581 15423
f 14066 15422 15423 14068
f 15424 14089 14068 15423
f 14588 15424 15423 14581
f 15424 14588 14587 15425
f 14089 15424 15425 14090
f 15426 14094 14090 15425
f 14594 15426 15425 14587
f 15426 14594 14593 15236
f 14094 15426 15236 14096
f 15427 14591 14592 15428
f 14512 15427 15428 14513
f 15427 14512 14519 15237
f 14591 15427 15237 14593
f 15429 14522 14523 15430
f 14527 15429 15430 14528
f 15429 14527 14534 15241
f 14522 15429 15241 14524
f 15431 14549 14550 15432
f 14554 15431 15432 14555
f 15431 14554 14561 15245
f 14549 15431 15245 14551
f 15433 14564 14565 15434
f 14569 15433 15434 14570
f 15433 14569 14576 15249
f 14564 15433 15249 14566
f 15435 14136 14137 15254
f 14602 15435 15254 14603
f 15435 14602 14601 15436
f 14136 15435 15436 14138
f 15437 14142 14138 15436
f 14609 15437 15436 14601
f 15437 14609 14608 15256
f 14142 15437 15256 14144
f 15438 14143 14144 15258
f 14617 15438 15258 14618
f 15438 14617 14616 15439
f 14143 15438 15439 14145
f 15440 14148 14145 15439
f 14624 15440 15439 14616
f 15440 14624 14623 15441
f 14148 15440 15441 14130
f 15442 14131 14130 15441
f 14630 15442 15441 14623
f 15442 14630 14629 15443
f 14131 15442 15443 14109
f 15444 14110 14109 15443
f 14636 15444 15443 14629
f 15444 14636 14635 15260
f 14110 15444 15260 14112
f 15445 14111 14112 15262
f 14644 15445 15262 14645
f 15445 14644 14643 15446
f 14111 15445 15446 14113
f 15447 14117 14113 15446
f 14651 15447 15446 14643
f 15447 14651 14650 15264
f 14117 15447 15264 14119
f 15448 14118 14119 15266
f 14659 15448 15266 14660
f 15448 14659 14658 15449
f 14118 15448 15449 14120
f 15450 14123 14120 15449
f 14666 15450 15449 14658
f 15450 14666 14665 15451
f 14123 15450 15451 14125
f 15452 14151 14125 15451
f 14672 15452 15451 14665
f 15452 14672 14671 15453
f 14151 15452 15453 14134
f 15454 14135 14134 15453
f 14678 15454 15453 14671
f 15454 14678 14677 15252
f 14135 15454 15252 14137
f 15455 14675 14676 15456
f 14596 15455 15456 14597
f 15455 14596 14603 15253
f 14675 15455 15253 14677
f 15457 14606 14607 15458
f 14611 15457 15458 14612
f 15457 14611 14618 15257
f 14606 15457 15257 14608
f 15459 14633 14634 15460
f 14638 15459 15460 14639
f 15459 14638 14645 15261
f 14633 15459 15261 14635
f 15461 14648 14649 15462
f 14653 15461 15462 14654
f 15461 14653 14660 15265
f 14648 15461 15265 14650
f 15463 14175 14176 15270
f 14686 15463 15270 14687
f 15463 14686 14685 15464
f 14175 15463 15464 14154
f 15465 14155 14154 15464
f 14693 15465 15464 14685
f 15465 14693 14692 15272
f 14155 15465 15272 14157
f 15466 14156 14157 15274
f 14701 15466 15274 14702
f 15466 14701 14700 15467
f 14156 15466 15467 14158
f 15468 14162 14158 15467
f 14708 15468 15467 14700
f 15468 14708 14707 15276
f 14162 15468 15276 14164
f 15469 14163 14164 15278
f 14716 15469 15278 14717
f 15469 14716 14715 15470
f 14163 15469 15470 14165
f 15471 14168 14165 15470
f 14723 15471 15470 14715
f 15471 14723 14722 15280
f 14168 15471 15280 14170
f 15472 14169 14170 15282
f 14731 15472 15282 14732
f 15472 14731 14730 15473
f 14169 15472 15473 14171
f 15474 14174 14171 15473
f 14738 15474 15473 14730
f 15474 14738 14737 15268
f 14174 15474 15268 14176
f 15475 14735 14736 15476
f 14680 15475 15476 14681
f 15475 14680 14687 15269
f 14735 15475 15269 14737
f 15477 14690 14691 15478
f 14695 15477 15478 14696
f 15477 14695 14702 15273
f 14690 15477 15273 14692
f 15479 14705 14706 15480
f 14710 15479 15480 14711
f 15479 14710 14717 15277
f 14705 15479 15277 14707
f 15481 14720 14721 15482
f 14725 15481 15482 14726
f 15481 14725 14732 15281
f 14720 15481 15281 14722
f 15483 14206 14207 15286
f 14746 15483 15286 14747
f 15483 14746 14745 15484
f 14206 15483 15484 14208
f 15485 14212 14208 15484
f 14753 15485 15484 14745
f 15485 14753 14752 15288
f 14212 15485 15288 14214
f 15486 14213 14214 15290
f 14761 15486 15290 14762
f 15486 14761 14760 15487
f 14213 15486 15487 14215
f 15488 14218 14215 15487
f 14768 15488 15487 14760
f 15488 14768 14767 15489
f 14218 15488 15489 14201
f 15490 14200 14201 15489
f 14774 15490 15489 14767
f 15490 14774 14773 15491
f 14200 15490 15491 14179
f 15492 14180 14179 15491
f 14780 15492 15491 14773
f 15492 14780 14779 15292
f 14180 15492 15292 14182
f 15493 14181 14182 15294
f 14788 15493 15294 14789
f 15493 14788 14787 15494
f 14181 15493 15494 14183
f 15495 14187 14183 15494
f 14795 15495 15494 14787
f 15495 14795 14794 15296
f 14187 15495 15296 14189
f 15496 14188 14189 15298
f 14803 15496 15298 14804
f 15496 14803 14802 15497
f 14188 15496 15497 14190
f 15498 14193 14190 15497
f 14810 15498 15497 14802
f 15498 14810 14809 15499
f 14193 15498 15499 14195
f 15500 14221 14195 15499
f 14816 15500 15499 14809
f 15500 14816 14815 15501
f 14221 15500 15501 14204
f 15502 14205 14204 15501
f 14822 15502 15501 14815
f 15502 14822 14821 15284
f 14205 15502 15284 14207
f 15503 14819 14820 15504
f 14740 15503 15504 14741
f 15503 14740 14747 15285
f 14819 15503 15285 14821
f 15505 14750 14751 15506
f 14755 15505 15506 14756
f 15505 14755 14762 15289
f 14750 15505 15289 14752
f 15507 14777 14778 15508
f 14782 15507 15508 14783
f 15507 14782 14789 15293
f 14777 15507 15293 14779
f 15509 14792 14793 15510
f 14797 15509 15510 14798
f 15509 14797 14804 15297
f 14792 15509 15297 14794
f 15511 14245 14246 15302
f 14830 15511 15302 14831
f 15511 14830 14829 15512
f 14245 15511 15512 14224
f 15513 14225 14224 15512
f 14837 15513 15512 14829
f 15513 14837 14836 15304
f 14225 15513 15304 14227
f 15514 14226 14227 15306
f 14845 15514 15306 14846
f 15514 14845 14844 15515
f 14226 15514 15515 14228
f 15516 14232 14228 15515
f 14852 15516 15515 14844
f 15516 14852 14851 15517
f 14232 15516 15517 14234
f 15518 14266 14234 15517
f 14858 15518 15517 14851
f 15518 14858 14857 15519
f 14266 15518 15519 14249
f 15520 14250 14249 15519
f 14864 15520 15519 14857
f 15520 14864 14863 15308
f 14250 15520 15308 14252
f 15521 14251 14252 15310
f 14872 15521 15310 14873
f 15521 14872 14871 15522
f 14251 15521 15522 14253
f 15523 14257 14253 15522
f 14879 15523 15522 14871
f 15523 14879 14878 15312
f 14257 15523 15312 14259
f 15524 14258 14259 15314
f 14887 15524 15314 14888
f 15524 14887 14886 15525
f 14258 15524 15525 14260
f 15526 14263 14260 15525
f 14894 15526 15525 14886
f 15526 14894 14893 15527
f 14263 15526 15527 14240
f 15528 14239 14240 15527
f 14900 15528 15527 14893
f 15528 14900 14899 15529
f 14239 15528 15529 14241
f 15530 14244 14241 15529
f 14906 15530 15529 14899
f 15530 14906 14905 15300
f 14244 15530 15300 14246
f 15531 14903 14904 15532
f 14824 15531 15532 14825
f 15531 14824 14831 15301
f 14903 15531 15301 14905
f 15533 14834 14835 15534
f 14839 15533 15534 14840
f 15533 14839 14846 15305
f 14834 15533 15305 14836
f 15535 14861 14862 15536
f 14866 15535 15536 14867
f 15535 14866 14873 15309
f 14861 15535 15309 14863
f 15537 14876 14877 15538
f 14881 15537 15538 14882
f 15537 14881 14888 15313
f 14876 15537 15313 14878
f 15539 14296 14297 15318
f 14914 15539 15318 14915
f 15539 14914 14913 15540
f 14296 15539 15540 14298
f 15541 14302 14298 15540
f 14921 15541 15540 14913
f 15541 14921 14920 15320
f 14302 15541 15320 14304
f 15542 14303 14304 15322
f 14929 15542 15322 14930
f 15542 14929 14928 15543
f 14303 15542 15543 14305
f 15544 14308 14305 15543
f 14936 15544 15543 14928
f 15544 14936 14935 15545
f 14308 15544 15545 14290
f 15546 14291 14290 15545
f 14942 15546 15545 14935
f 15546 14942 14941 15547
f 14291 15546 15547 14269
f 15548 14270 14269 15547
f 14948 15548 15547 14941
f 15548 14948 14947 15324
f 14270 15548 15324 14272
f 15549 14271 14272 15326
f 14956 15549 15326 14957
f 15549 14956 14955 15550
f 14271 15549 15550 14273
f 15551 14277 14273 15550
f 14963 15551 15550 14955
f 15551 14963 14962 15328
f 14277 15551 15328 14279
f 15552 14278 14279 15330
f 14971 15552 15330 14972
f 15552 14971 14970 15553
f 14278 15552 15553 14280
f 15554 14283 14280 15553
f 14978 15554 15553 14970
f 15554 14978 14977 15555
f 14283 15554 15555 14285
f 15556 14311 14285 15555
f 14984 15556 15555 14977
f 15556 14984 14983 15557
f 14311 15556 15557 14294
f 15558 14295 14294 15557
f 14990 15558 15557 14983
f 15558 14990 14989 15316
f 14295 15558 15316 14297
f 15559 14987 14988 15560
f 14908 15559 15560 14909
f 15559 14908 14915 15317
f 14987 15559 15317 14989
f 15561 14918 14919 15562
f 14923 15561 15562 14924
f 15561 14923 14930 15321
f 14918 15561 15321 14920
f 15563 14945 14946 15564
f 14950 15563 15564 14951
f 15563 14950 14957 15325
f 14945 15563 15325 14947
f 15565 14960 14961 15566
f 14965 15565 15566 14966
f 15565 14965 14972 15329
f 14960 15565 15329 14962
f 15567 14345 14346 15334
f 14998 15567 15334 14999
f 15567 14998 14997 15568
f 14345 15567 15568 14347
f 15569 14350 14347 15568
f 15005 15569 15568 14997
f 15569 15005 15004 15336
f 14350 15569 15336 14352
f 15570 14351 14352 15338
f 15013 15570 15338 15014
f 15570 15013 15012 15571
f 14351 15570 15571 14353
f 15572 14356 14353 15571
f 15020 15572 15571 15012
f 15572 15020 15019 15573
f 14356 15572 15573 14324
f 15574 14323 14324 15573
f 15026 15574 15573 15019
f 15574 15026 15025 15575
f 14323 15574 15575 14325
f 15576 14328 14325 15575
f 15032 15576 15575 15025
f 15576 15032 15031 15340
f 14328 15576 15340 14330
f 15577 14329 14330 15342
f 15040 15577 15342 15041
f 15577 15040 15039 15578
f 14329 15577 15578 14331
f 15579 14334 14331 15578
f 15047 15579 15578 15039
f 15579 15047 15046 15344
f 14334 15579 15344 14336
f 15580 14335 14336 15346
f 15055 15580 15346 15056
f 15580 15055 15054 15581
f 14335 15580 15581 14317
f 15582 14316 14317 15581
f 15062 15582 15581 15054
f 15582 15062 15061 15583
f 14316 15582 15583 14318
f 15584 14339 14318 15583
f 15068 15584 15583 15061
f 15584 15068 15067 15585
f 14339 15584 15585 14340
f 15586 14344 14340 15585
f 15074 15586 15585 15067
f 15586 15074 15073 15332
f 14344 15586 15332 14346
f 15587 15071 15072 15588
f 14992 15587 15588 14993
f 15587 14992 14999 15333
f 15071 15587 15333 15073
f 15589 15002 15003 15590
f 15007 15589 15590 15008
f 15589 15007 15014 15337
f 15002 15589 15337 15004
f 15591 15029 15030 15592
f 15034 15591 15592 15035
f 15591 15034 15041 15341
f 15029 15591 15341 15031
f 15593 15044 15045 15594
f 15049 15593 15594 15050
f 15593 15049 15056 15345
f 15044 15593 15345 15046
f 15595 14374 14375 15350
f 15082 15595 15350 15083
f 15595 15082 15081 15596
f 14374 15595 15596 14376
f 15597 14379 14376 15596
f 15089 15597 15596 15081
f 15597 15089 15088 15352
f 14379 15597 15352 14381
f 15598 14380 14381 15354
f 15097 15598 15354 15098
f 15598 15097 15096 15599
f 14380 15598 15599 14359
f 15600 14360 14359 15599
f 15104 15600 15599 15096
f 15600 15104 15103 15356
f 14360 15600 15356 14362
f 15601 14361 14362 15358
f 15112 15601 15358 15113
f 15601 15112 15111 15602
f 14361 15601 15602 14363
f 15603 14367 14363 15602
f 15119 15603 15602 15111
f 15603 15119 15118 15360
f 14367 15603 15360 14369
f 15604 14368 14369 15362
f 15127 15604 15362 15128
f 15604 15127 15126 15605
f 14368 15604 15605 14370
f 15606 14373 14370 15605
f 15134 15606 15605 15126
f 15606 15134 15133 15348
f 14373 15606 15348 14375
f 15607 15131 15132 15608
f 15076 15607 15608 15077
f 15607 15076 15083 15349
f 15131 15607 15349 15133
f 15609 15086 15087 15610
f 15091 15609 15610 15092
f 15609 15091 15098 15353
f 15086 15609 15353 15088
f 15611 15101 15102 15612
f 15106 15611 15612 15107
f 15611 15106 15113 15357
f 15101 15611 15357 15103
f 15613 15116 15117 15614
f 15121 15613 15614 15122
f 15613 15121 15128 15361
f 15116 15613 15361 15118
f 15615 14415 14416 15366
f 15142 15615 15366 15143
f 15615 15142 15141 15616
f 14415 15615 15616 14417
f 15617 14420 14417 15616
f 15149 15617 15616 15141
f 15617 15149 15148 15368
f 14420 15617 15368 14422
f 15618 14421 14422 15370
f 15157 15618 15370 15158
f 15618 15157 15156 15619
f 14421 15618 15619 14423
f 15620 14426 14423 15619
f 15164 15620 15619 15156
f 15620 15164 15163 15621
f 14426 15620 15621 14387
f 15622 14386 14387 15621
f 15170 15622 15621 15163
f 15622 15170 15169 15623
f 14386 15622 15623 14388
f 15624 14392 14388 15623
f 15176 15624 15623 15169
f 15624 15176 15175 15372
f 14392 15624 15372 14394
f 15625 14393 14394 15374
f 15184 15625 15374 15185
f 15625 15184 15183 15626
f 14393 15625 15626 14395
f 15627 14398 14395 15626
f 15191 15627 15626 15183
f 15627 15191 15190 15376
f 14398 15627 15376 14400
f 15628 14399 14400 15378
f 15199 15628 15378 15200
f 15628 15199 15198 15629
f 14399 15628 15629 14401
f 15630 14404 14401 15629
f 15206 15630 15629 15198
f 15630 15206 15205 15631
f 14404 15630 15631 14406
f 15632 14409 14406 15631
f 15212 15632 15631 15205
f 15632 15212 15211 15633
f 14409 15632 15633 14410
f 15634 14414 14410 15633
f 15218 15634 15633 15211
f 15634 15218 15217 15364
f 14414 15634 15364 14416
f 15635 15215 15216 15636
f 15136 15635 15636 15137
f 15635 15136 15143 15365
f 15215 15635 15365 15217
f 15637 15146 15147 15638
f 15151 15637 15638 15152
f 15637 15151 15158 15369
f 15146 15637 15369 15148
f 15639 15173 15174 15640
f 15178 15639 15640 15179
f 15639 15178 15185 15373
f 15173 15639 15373 15175
f 15641 15188 15189 15642
f 15193 15641 15642 15194
f 15641 15193 15200 15377
f 15188 15641 15377 15190
f 15643 15644 15645 15646
f 15647 15643 15646 15648
f 15643 15647 15649 15650
f 15644 15643 15650 15651
f 15652 15650 15649 15653
f 15654 15652 15653 15655
f 15652 15654 15656 15657
f 15650 15652 15657 15651
f 15658 15657 15656 15659
f 15660 15658 15659 15661
f 15658 15660 15662 15663
f 15657 15658 15663 15651
f 15664 15663 15662 15665
f 15666 15664 15665 15667
f 15664 15666 15645 15644
f 15663 15664 15644 15651
f 15668 15669 15649 15647
f 15670 15668 15647 15648
f 15668 15670 15671 15672
f 15669 15668 15672 15673
f 15674 15672 15671 15675
f 15676 15674 15675 15677
f 15674 15676 15678 15679
f 15672 15674 15679 15673
f 15680 15679 15678 15681
f 15682 15680 15681 15683
f 15680 15682 15684 15685
f 15679 15680 15685 15673
f 15686 15685 15684 15687
f 15653 15686 15687 15655
f 15686 15653 15649 15669
f 15685 15686 15669 15673
f 15688 15689 15690 15691
f 15692 15688 15691 15693
f 15688 15692 15694 15695
f 15689 15688 15695 15696
f 15697 15689 15696 15698
f 15699 15697 15698 15700
f 15697 15699 15701 15702
f 15689 15697 15702 15690
f 15703 15702 15701 15704
f 15705 15703 15704 15706
f 15703 15705 15707 15708
f 15702 15703 15708 15690
f 15709 15708 15707 15710
f 15711 15709 15710 15712
f 15709 15711 15693 15691
f 15708 15709 15691 15690
f 15713 15714 15696 15695
f 15715 15713 15695 15694
f 15713 15715 15716 15717
f 15714 15713 15717 15718
f 15719 15717 15716 15720
f 15721 15719 15720 15722
f 15719 15721 15723 15724
f 15717 15719 15724 15718
f 15725 15724 15723 15726
f 15727 15725 15726 15728
f 15725 15727 15729 15730
f 15724 15725 15730 15718
f 15731 15730 15729 15732
f 15698 15731 15732 15700
f 15731 15698 15696 15714
f 15730 15731 15714 15718
f 15733 15734 15735 15736
f 15737 15733 15736 15738
f 15733 15737 15739 15740
f 15734 15733 15740 15741
f 15742 15740 15739 15743
f 15744 15742 15743 15745
f 15742 15744 15746 15747
f 15740 15742 15747 15741
f 15748 15747 15746 15749
f 15750 15748 15749 15751
f 15748 15750 15752 15753
f 15747 15748 15753 15741
f 15754 15755 15756 15757
f 15734 15754 15757 15735
f 15754 15734 15741 15753
f 15755 15754 15753 15752
f 15758 15759 15760 15761
f 15762 15758 15761 15763
f 15758 15762 15764 15765
f 15759 15758 15765 15766
f 15767 15765 15764 15768
f 15769 15767 15768 15770
f 15767 15769 15771 15772
f 15765 15767 15772 15766
f 15773 15772 15771 15774
f 15755 15773 15774 15756
f 15773 15755 15752 15775
f 15772 15773 15775 15766
f 15776 15775 15752 15750
f 15777 15776 15750 15751
f 15776 15777 15760 15759
f 15775 15776 15759 15766
f 15778 15779 15780 15781
f 15782 15778 15781 15783
f 15778 15782 15784 15785
f 15779 15778 15785 15786
f 15787 15785 15784 15788
f 15789 15787 15788 15790
f 15787 15789 15791 15792
f 15785 15787 15792 15786
f 15793 15792 15791 15794
f 15795 15793 15794 15796
f 15793 15795 15797 15798
f 15792 15793 15798 15786
f 15799 15798 15797 15800
f 15801 15799 15800 15802
f 15799 15801 15780 15779
f 15798 15799 15779 15786
f 15803 15804 15805 15806
f 15807 15803 15806 15808
f 15803 15807 15809 15810
f 15804 15803 15810 15811
f 15812 15810 15809 15813
f 15814 15812 15813 15815
f 15812 15814 15816 15817
f 15810 15812 15817 15811
f 15818 15817 15816 15819
f 15820 15818 15819 15821
f 15818 15820 15822 15823
f 15817 15818 15823 15811
f 15824 15823 15822 15825
f 15826 15824 15825 15827
f 15824 15826 15805 15804
f 15823 15824 15804 15811
f 15828 15829 15830 15831
f 15832 15828 15831 15833
f 15828 15832 15834 15835
f 15829 15828 15835 15836
f 15837 15835 15834 15838
f 15839 15837 15838 15840
f 15837 15839 15841 15842
f 15835 15837 15842 15836
f 15843 15842 15841 15844
f 15825 15843 15844 15827
f 15843 15825 15822 15845
f 15842 15843 15845 15836
f 15846 15845 15822 15820
f 15847 15846 15820 15821
f 15846 15847 15830 15829
f 15845 15846 15829 15836
f 15848 15849 15850 15851
f 15852 15848 15851 15853
f 15848 15852 15854 15855
f 15849 15848 15855 15856
f 15857 15855 15854 15858
f 15859 15857 15858 15860
f 15857 15859 15861 15862
f 15855 15857 15862 15856
f 15863 15862 15861 15864
f 15865 15863 15864 15866
f 15863 15865 15867 15868
f 15862 15863 15868 15856
f 15869 15868 15867 15870
f 15871 15869 15870 15872
f 15869 15871 15850 15849
f 15868 15869 15849 15856
f 15873 15874 15875 15876
f 15877 15873 15876 15878
f 15873 15877 15879 15880
f 15874 15873 15880 15881
f 15882 15880 15879 15883
f 15884 15882 15883 15885
f 15882 15884 15886 15887
f 15880 15882 15887 15881
f 15888 15887 15886 15889
f 15864 15888 15889 15866
f 15888 15864 15861 15890
f 15887 15888 15890 15881
f 15891 15890 15861 15859
f 15892 15891 15859 15860
f 15891 15892 15875 15874
f 15890 15891 15874 15881
f 15893 15894 15895 15896
f 15897 15893 15896 15898
f 15893 15897 15899 15900
f 15894 15893 15900 15901
f 15902 15900 15899 15903
f 15904 15902 15903 15905
f 15902 15904 15906 15907
f 15900 15902 15907 15901
f 15908 15907 15906 15909
f 15910 15908 15909 15911
f 15908 15910 15912 15913
f 15907 15908 15913 15901
f 15914 15915 15916 15917
f 15894 15914 15917 15895
f 15914 15894 15901 15913
f 15915 15914 15913 15912
f 15918 15919 15920 15921
f 15922 15918 15921 15923
f 15918 15922 15924 15925
f 15919 15918 15925 15926
f 15927 15925 15924 15928
f 15929 15927 15928 15930
f 15927 15929 15931 15932
f 15925 15927 15932 15926
f 15933 15932 15931 15934
f 15915 15933 15934 15916
f 15933 15915 15912 15935
f 15932 15933 15935 15926
f 15936 15935 15912 15910
f 15937 15936 15910 15911
f 15936 15937 15920 15919
f 15935 15936 15919 15926
f 15938 15939 15940 15941
f 15942 15938 15941 15943
f 15938 15942 15944 15945
f 15939 15938 15945 15946
f 15947 15939 15946 15948
f 15949 15947 15948 15950
f 15947 15949 15951 15952
f 15939 15947 15952 15940
f 15953 15952 15951 15954
f 15955 15953 15954 15956
f 15953 15955 15957 15958
f 15952 15953 15958 15940
f 15959 15958 15957 15960
f 15961 15959 15960 15962
f 15959 15961 15943 15941
f 15958 15959 15941 15940
f 15963 15964 15946 15945
f 15965 15963 15945 15944
f 15963 15965 15966 15967
f 15964 15963 15967 15968
f 15969 15967 15966 15970
f 15971 15969 15970 15972
f 15969 15971 15973 15974
f 15967 15969 15974 15968
f 15975 15974 15973 15976
f 15977 15975 15976 15978
f 15975 15977 15979 15980
f 15974 15975 15980 15968
f 15981 15980 15979 15982
f 15948 15981 15982 15950
f 15981 15948 15946 15964
f 15980 15981 15964 15968
f 15983 15984 15985 15986
f 15987 15983 15986 15988
f 15983 15987 15989 15990
f 15984 15983 15990 15991
f 15992 15990 15989 15993
f 15994 15992 15993 15995
f 15992 15994 15996 15997
f 15990 15992 15997 15991
f 15998 15997 15996 15999
f 16000 15998 15999 16001
f 15998 16000 16002 16003
f 15997 15998 16003 15991
f 16004 16003 16002 16005
f 16006 16004 16005 16007
f 16004 16006 15985 15984
f 16003 16004 15984 15991
f 16008 16009 16010 16011
f 16012 16008 16011 16013
f 16008 16012 16014 16015
f 16009 16008 16015 16016
f 16017 16015 16014 16018
f 16019 16017 16018 16020
f 16017 16019 16021 16022
f 16015 16017 16022 16016
f 16023 16022 16021 16024
f 16025 16023 16024 16026
f 16023 16025 16027 16028
f 16022 16023 16028 16016
f 16029 16028 16027 16030
f 16031 16029 16030 16032
f 16029 16031 16010 16009
f 16028 16029 16009 16016
f 16033 16034 16010 16031
f 16035 16033 16031 16032
f 16033 16035 16036 16037
f 16034 16033 16037 16038
f 16039 16037 16036 16040
f 16041 16039 16040 16042
f 16039 16041 16043 16044
f 16037 16039 16044 16038
f 16045 16044 16043 16046
f 16047 16045 16046 16048
f 16045 16047 16049 16050
f 16044 16045 16050 16038
f 16051 16050 16049 16052
f 16011 16051 16052 16013
f 16051 16011 16010 16034
f 16050 16051 16034 16038
f 16053 16054 16055 16056
f 16057 16053 16056 16058
f 16053 16057 16059 16060
f 16054 16053 16060 16061
f 16062 16057 16058 16063
f 16064 16062 16063 16065
f 16062 16064 16066 16067
f 16057 16062 16067 16059
f 16068 16069 16070 16071
f 16072 16068 16071 16073
f 16068 16072 16074 16075
f 16069 16068 16075 16076
f 16077 16072 16073 16078
f 16079 16077 16078 16080
f 16077 16079 16081 16082
f 16072 16077 16082 16074
f 16083 16079 16080 16084
f 16085 16083 16084 16086
f 16083 16085 16087 16088
f 16079 16083 16088 16081
f 16089 16085 16086 16090
f 16091 16089 16090 16092
f 16089 16091 16093 16094
f 16085 16089 16094 16087
f 16095 16096 16097 16098
f 16099 16095 16098 16100
f 16095 16099 16101 16102
f 16096 16095 16102 16103
f 16104 16099 16100 16105
f 16106 16104 16105 16107
f 16104 16106 16108 16109
f 16099 16104 16109 16101
f 16110 16111 16112 16113
f 16114 16110 16113 16115
f 16110 16114 16116 16117
f 16111 16110 16117 16118
f 16119 16114 16115 16120
f 16121 16119 16120 16122
f 16119 16121 16123 16124
f 16114 16119 16124 16116
f 16125 16121 16122 16126
f 16127 16125 16126 16128
f 16125 16127 16129 16130
f 16121 16125 16130 16123
f 16131 16127 16128 16132
f 16133 16131 16132 16134
f 16131 16133 16135 16136
f 16127 16131 16136 16129
f 16137 16138 16139 16140
f 16141 16137 16140 16142
f 16137 16141 16143 16144
f 16138 16137 16144 16145
f 16146 16141 16142 16147
f 16148 16146 16147 16149
f 16146 16148 16150 16151
f 16141 16146 16151 16143
f 16152 16153 16154 16155
f 16156 16152 16155 16157
f 16152 16156 16158 16159
f 16153 16152 16159 16160
f 16161 16156 16157 16162
f 16163 16161 16162 16164
f 16161 16163 16165 16166
f 16156 16161 16166 16158
f 16167 16163 16164 16168
f 16169 16167 16168 16170
f 16167 16169 16171 16172
f 16163 16167 16172 16165
f 16173 16169 16170 16174
f 16175 16173 16174 16176
f 16173 16175 16177 16178
f 16169 16173 16178 16171
f 16179 16180 16181 16182
f 16183 16179 16182 16184
f 16179 16183 16185 16186
f 16180 16179 16186 16187
f 16188 16183 16184 16189
f 16190 16188 16189 16191
f 16188 16190 16192 16193
f 16183 16188 16193 16185
f 16194 16195 16196 16197
f 16198 16194 16197 16199
f 16194 16198 16200 16201
f 16195 16194 16201 16202
f 16203 16198 16199 16204
f 16205 16203 16204 16206
f 16203 16205 16207 16208
f 16198 16203 16208 16200
f 16209 16205 16206 16210
f 16211 16209 16210 16212
f 16209 16211 16213 16214
f 16205 16209 16214 16207
f 16215 16211 16212 16216
f 16217 16215 16216 16218
f 16215 16217 16219 16220
f 16211 16215 16220 16213
f 16221 16222 16223 16224
f 16225 16221 16224 16226
f 16221 16225 16227 16228
f 16222 16221 16228 16229
f 16230 16225 16226 16231
f 16232 16230 16231 16233
f 16230 16232 16234 16235
f 16225 16230 16235 16227
f 16236 16237 16238 16239
f 16240 16236 16239 16241
f 16236 16240 16242 16243
f 16237 16236 16243 16244
f 16245 16240 16241 16246
f 16247 16245 16246 16248
f 16245 16247 16249 16250
f 16240 16245 16250 16242
f 16251 16247 16248 16252
f 16253 16251 16252 16254
f 16251 16253 16255 16256
f 16247 16251 16256 16249
f 16257 16253 16254 16258
f 16259 16257 16258 16260
f 16257 16259 16261 16262
f 16253 16257 16262 16255
f 16263 16264 16265 16266
f 16267 16263 16266 16268
f 16263 16267 16269 16270
f 16264 16263 16270 16271
f 16272 16267 16268 16273
f 16274 16272 16273 16275
f 16272 16274 16276 16277
f 16267 16272 16277 16269
f 16278 16279 16280 16281
f 16282 16278 16281 16283
f 16278 16282 16284 16285
f 16279 16278 16285 16286
f 16287 16282 16283 16288
f 16289 16287 16288 16290
f 16287 16289 16291 16292
f 16282 16287 16292 16284
f 16293 16289 16290 16294
f 16295 16293 16294 16296
f 16293 16295 16297 16298
f 16289 16293 16298 16291
f 16299 16295 16296 16300
f 16301 16299 16300 16302
f 16299 16301 16303 16304
f 16295 16299 16304 16297
f 16305 16306 16307 16308
f 16309 16305 16308 16310
f 16305 16309 16311 16312
f 16306 16305 16312 16313
f 16314 16309 16310 16315
f 16316 16314 16315 16317
f 16314 16316 16318 16319
f 16309 16314 16319 16311
f 16320 16321 16322 16323
f 16324 16320 16323 16325
f 16320 16324 16326 16327
f 16321 16320 16327 16328
f 16329 16324 16325 16330
f 16331 16329 16330 16332
f 16329 16331 16333 16334
f 16324 16329 16334 16326
f 16335 16336 16337 16338
f 16339 16335 16338 16340
f 16335 16339 16341 16342
f 16336 16335 16342 16343
f 16344 16339 16340 16345
f 16346 16344 16345 16347
f 16344 16346 16348 16349
f 16339 16344 16349 16341
f 16350 16351 16352 16353
f 16354 16350 16353 16355
f 16350 16354 16356 16357
f 16351 16350 16357 16358
f 16359 16354 16355 16360
f 16361 16359 16360 16362
f 16359 16361 16363 16364
f 16354 16359 16364 16356
f 16365 16366 16367 16368
f 16369 16365 16368 16370
f 16365 16369 16371 16372
f 16366 16365 16372 16373
f 16374 16369 16370 16375
f 16376 16374 16375 16377
f 16374 16376 16378 16379
f 16369 16374 16379 16371
f 16380 16381 16382 16383
f 16384 16380 16383 16385
f 16380 16384 16386 16387
f 16381 16380 16387 16388
f 16389 16384 16385 16390
f 16391 16389 16390 16392
f 16389 16391 16393 16394
f 16384 16389 16394 16386
f 16395 16391 16392 16396
f 16397 16395 16396 16398
f 16395 16397 16399 16400
f 16391 16395 16400 16393
f 16401 16397 16398 16402
f 16403 16401 16402 16404
f 16401 16403 16405 16406
f 16397 16401 16406 16399
f 16407 16408 16409 16410
f 16411 16407 16410 16412
f 16407 16411 16413 16414
f 16408 16407 16414 16415
f 16416 16411 16412 16417
f 16418 16416 16417 16419
f 16416 16418 16420 16421
f 16411 16416 16421 16413
f 16422 16423 16424 16425
f 16426 16422 16425 16427
f 16422 16426 16428 16429
f 16423 16422 16429 16430
f 16431 16426 16427 16432
f 16433 16431 16432 16434
f 16431 16433 16435 16436
f 16426 16431 16436 16428
f 16437 16433 16434 16438
f 16439 16437 16438 16440
f 16437 16439 16441 16442
f 16433 16437 16442 16435
f 16443 16439 16440 16444
f 16445 16443 16444 16446
f 16443 16445 16447 16448
f 16439 16443 16448 16441
f 16449 16450 16451 16452
f 16453 16449 16452 16454
f 16449 16453 16455 16456
f 16450 16449 16456 16457
f 16458 16453 16454 16459
f 16460 16458 16459 16461
f 16458 16460 16462 16463
f 16453 16458 16463 16455
f 16464 16465 16466 16467
f 16468 16464 16467 16469
f 16464 16468 16470 16471
f 16465 16464 16471 16472
f 16473 16468 16469 16474
f 16475 16473 16474 16476
f 16473 16475 16477 16478
f 16468 16473 16478 16470
f 16479 16475 16476 16480
f 16481 16479 16480 16482
f 16479 16481 16483 16484
f 16475 16479 16484 16477
f 16485 16481 16482 16486
f 16487 16485 16486 16488
f 16485 16487 16489 16490
f 16481 16485 16490 16483
f 16491 16492 16493 16494
f 16495 16491 16494 16496
f 16491 16495 16497 16498
f 16492 16491 16498 16499
f 16500 16495 16496 16501
f 16502 16500 16501 16503
f 16500 16502 16504 16505
f 16495 16500 16505 16497
f 16506 16507 16508 16509
f 16510 16506 16509 16511
f 16506 16510 16512 16513
f 16507 16506 16513 16514
f 16515 16510 16511 16516
f 16517 16515 16516 16518
f 16515 16517 16519 16520
f 16510 16515 16520 16512
f 16521 16517 16518 16522
f 16523 16521 16522 16524
f 16521 16523 16525 16526
f 16517 16521 16526 16519
f 16527 16523 16524 16528
f 16529 16527 16528 16530
f 16527 16529 16531 16532
f 16523 16527 16532 16525
f 16533 16534 16535 16536
f 16537 16533 16536 16538
f 16533 16537 16539 16540
f 16534 16533 16540 16541
f 16542 16537 16538 16543
f 16544 16542 16543 16545
f 16542 16544 16546 16547
f 16537 16542 16547 16539
f 16548 16549 16550 16551
f 16552 16548 16551 16553
f 16548 16552 16554 16555
f 16549 16548 16555 16556
f 16557 16552 16553 16558
f 16559 16557 16558 16560
f 16557 16559 16561 16562
f 16552 16557 16562 16554
f 16563 16559 16560 16564
f 16565 16563 16564 16566
f 16563 16565 16567 16568
f 16559 16563 16568 16561
f 16569 16565 16566 16570
f 16571 16569 16570 16572
f 16569 16571 16573 16574
f 16565 16569 16574 16567
f 16575 16576 16577 16578
f 16579 16575 16578 16580
f 16575 16579 16581 16582
f 16576 16575 16582 16583
f 16584 16579 16580 16585
f 16586 16584 16585 16587
f 16584 16586 16588 16589
f 16579 16584 16589 16581
f 16590 16591 16592 16593
f 16594 16590 16593 16595
f 16590 16594 16596 16597
f 16591 16590 16597 16598
f 16599 16594 16595 16600
f 16601 16599 16600 16602
f 16599 16601 16603 16604
f 16594 16599 16604 16596
f 16605 16601 16602 16606
f 16607 16605 16606 16608
f 16605 16607 16609 16610
f 16601 16605 16610 16603
f 16611 16607 16608 16612
f 16613 16611 16612 16614
f 16611 16613 16615 16616
f 16607 16611 16616 16609
f 16617 16618 16619 16620
f 16621 16617 16620 16622
f 16617 16621 16623 16624
f 16618 16617 16624 16625
f 16626 16621 16622 16627
f 16628 16626 16627 16629
f 16626 16628 16630 16631
f 16621 16626 16631 16623
f 16632 16633 16634 16635
f 16636 16632 16635 16637
f 16632 16636 16638 16639
f 16633 16632 16639 16640
f 16641 16636 16637 16642
f 16643 16641 16642 16644
f 16641 16643 16645 16646
f 16636 16641 16646 16638
f 16647 16643 16644 16648
f 16649 16647 16648 16650
f 16647 16649 16651 16652
f 16643 16647 16652 16645
f 16653 16649 16650 16654
f 16655 16653 16654 16656
f 16653 16655 16657 16658
f 16649 16653 16658 16651
f 16659 16660 16661 16662
f 16663 16659 16662 16664
f 16659 16663 16665 16666
f 16660 16659 16666 16667
f 16668 16663 16664 16669
f 16670 16668 16669 16671
f 16668 16670 16672 16673
f 16663 16668 16673 16665
f 16674 16675 16676 16677
f 16678 16674 16677 16679
f 16674 16678 16680 16681
f 16675 16674 16681 16682
f 16683 16678 16679 16684
f 16685 16683 16684 16686
f 16683 16685 16687 16688
f 16678 16683 16688 16680
f 16689 16685 16686 16690
f 16691 16689 16690 16692
f 16689 16691 16693 16694
f 16685 16689 16694 16687
f 16695 16691 16692 16696
f 16697 16695 16696 16698
f 16695 16697 16699 16700
f 16691 16695 16700 16693
f 16701 16702 16703 16704
f 16705 16701 16704 16706
f 16701 16705 16707 16708
f 16702 16701 16708 16709
f 16710 16705 16706 16711
f 16712 16710 16711 16713
f 16710 16712 16714 16715
f 16705 16710 16715 16707
f 16716 16717 16718 16719
f 16720 16716 16719 16721
f 16716 16720 16722 16723
f 16717 16716 16723 16724
f 16725 16720 16721 16726
f 16727 16725 16726 16728
f 16725 16727 16729 16730
f 16720 16725 16730 16722
f 16731 16732 16733 16734
f 16735 16731 16734 16736
f 16731 16735 16737 16738
f 16732 16731 16738 16739
f 16740 16735 16736 16741
f 16742 16740 16741 16743
f 16740 16742 16744 16745
f 16735 16740 16745 16737
f 16746 16747 16748 16749
f 16750 16746 16749 16751
f 16746 16750 16752 16753
f 16747 16746 16753 16754
f 16755 16750 16751 16756
f 16757 16755 16756 16758
f 16755 16757 16759 16760
f 16750 16755 16760 16752
f 16761 16762 16763 16764
f 16765 16761 16764 16766
f 16761 16765 16767 16768
f 16762 16761 16768 16769
f 16770 16765 16766 16771
f 16772 16770 16771 16773
f 16770 16772 16774 16775
f 16765 16770 16775 16767
f 16776 16777 16778 16779
f 16780 16776 16779 16781
f 16776 16780 16782 16783
f 16777 16776 16783 16784
f 16785 16780 16781 16786
f 16787 16785 16786 16788
f 16785 16787 16789 16790
f 16780 16785 16790 16782
f 16791 16787 16788 16792
f 16793 16791 16792 16794
f 16791 16793 16795 16796
f 16787 16791 16796 16789
f 16797 16793 16794 16798
f 16799 16797 16798 16800
f 16797 16799 16801 16802
f 16793 16797 16802 16795
f 16803 16804 16805 16806
f 16807 16803 16806 16808
f 16803 16807 16809 16810
f 16804 16803 16810 16811
f 16812 16807 16808 16813
f 16814 16812 16813 16815
f 16812 16814 16816 16817
f 16807 16812 16817 16809
f 16818 16819 16820 16821
f 16822 16818 16821 16823
f 16818 16822 16824 16825
f 16819 16818 16825 16826
f 16827 16822 16823 16828
f 16829 16827 16828 16830
f 16827 16829 16831 16832
f 16822 16827 16832 16824
f 16833 16829 16830 16834
f 16835 16833 16834 16836
f 16833 16835 16837 16838
f 16829 16833 16838 16831
f 16839 16835 16836 16840
f 16841 16839 16840 16842
f 16839 16841 16843 16844
f 16835 16839 16844 16837
f 16845 16846 16135 16847
f 16848 16845 16847 16061
f 16845 16848 15661 16846
f 16849 16850 16066 16851
f 16852 16849 16851 16076
f 16849 16852 15667 16850
f 16853 16854 16093 16855
f 16856 16853 16855 16103
f 16853 16856 15677 16854
f 16857 16858 16108 16859
f 16860 16857 16859 16118
f 16857 16860 15683 16858
f 16861 16862 16219 16863
f 16864 16861 16863 16145
f 16861 16864 15722 16862
f 16865 16866 16150 16867
f 16868 16865 16867 16160
f 16865 16868 15728 16866
f 16869 16870 16177 16871
f 16872 16869 16871 16187
f 16869 16872 15706 16870
f 16873 16874 16192 16875
f 16876 16873 16875 16202
f 16873 16876 15712 16874
f 16877 16878 16303 16879
f 16880 16877 16879 16229
f 16877 16880 15763 16878
f 16881 16882 16234 16883
f 16884 16881 16883 16244
f 16881 16884 15770 16882
f 16885 16886 16261 16887
f 16888 16885 16887 16271
f 16885 16888 15738 16886
f 16889 16890 16276 16891
f 16892 16889 16891 16286
f 16889 16892 15745 16890
f 16893 16894 16363 16895
f 16896 16893 16895 16313
f 16893 16896 15802 16894
f 16897 16898 16318 16899
f 16900 16897 16899 16328
f 16897 16900 15783 16898
f 16901 16902 16333 16903
f 16904 16901 16903 16343
f 16901 16904 15790 16902
f 16905 16906 16348 16907
f 16908 16905 16907 16358
f 16905 16908 15796 16906
f 16909 16910 16447 16911
f 16912 16909 16911 16373
f 16909 16912 15833 16910
f 16913 16914 16378 16915
f 16916 16913 16915 16388
f 16913 16916 15840 16914
f 16917 16918 16405 16919
f 16920 16917 16919 16415
f 16917 16920 15808 16918
f 16921 16922 16420 16923
f 16924 16921 16923 16430
f 16921 16924 15815 16922
f 16925 16926 16531 16927
f 16928 16925 16927 16457
f 16925 16928 15872 16926
f 16929 16930 16462 16931
f 16932 16929 16931 16472
f 16929 16932 15853 16930
f 16933 16934 16489 16935
f 16936 16933 16935 16499
f 16933 16936 15878 16934
f 16937 16938 16504 16939
f 16940 16937 16939 16514
f 16937 16940 15885 16938
f 16941 16942 16615 16943
f 16944 16941 16943 16541
f 16941 16944 15923 16942
f 16945 16946 16546 16947
f 16948 16945 16947 16556
f 16945 16948 15930 16946
f 16949 16950 16573 16951
f 16952 16949 16951 16583
f 16949 16952 15898 16950
f 16953 16954 16588 16955
f 16956 16953 16955 16598
f 16953 16956 15905 16954
f 16957 16958 16699 16959
f 16960 16957 16959 16625
f 16957 16960 15972 16958
f 16961 16962 16630 16963
f 16964 16961 16963 16640
f 16961 16964 15978 16962
f 16965 16966 16657 16967
f 16968 16965 16967 16667
f 16965 16968 15956 16966
f 16969 16970 16672 16971
f 16972 16969 16971 16682
f 16969 16972 15962 16970
f 16973 16974 16759 16975
f 16976 16973 16975 16709
f 16973 16976 16001 16974
f 16977 16978 16714 16979
f 16980 16977 16979 16724
f 16977 16980 16007 16978
f 16981 16982 16729 16983
f 16984 16981 16983 16739
f 16981 16984 15988 16982
f 16985 16986 16744 16987
f 16988 16985 16987 16754
f 16985 16988 15995 16986
f 16989 16990 16843 16991
f 16992 16989 16991 16769
f 16989 16992 16042 16990
f 16993 16994 16774 16995
f 16996 16993 16995 16784
f 16993 16996 16048 16994
f 16997 16998 16801 16999
f 17000 16997 16999 16811
f 16997 17000 16020 16998
f 17001 17002 16816 17003
f 17004 17001 17003 16826
f 17001 17004 16026 17002
f 17005 15660 15661 16848
f 16060 17005 16848 16061
f 17005 16060 16059 17006
f 15660 17005 17006 15662
f 17007 15665 15662 17006
f 16067 17007 17006 16059
f 17007 16067 16066 16850
f 15665 17007 16850 15667
f 17008 15666 15667 16852
f 16075 17008 16852 16076
f 17008 16075 16074 17009
f 15666 17008 17009 15645
f 17010 15646 15645 17009
f 16082 17010 17009 16074
f 17010 16082 16081 17011
f 15646 17010 17011 15648
f 17012 15670 15648 17011
f 16088 17012 17011 16081
f 17012 16088 16087 17013
f 15670 17012 17013 15671
f 17014 15675 15671 17013
f 16094 17014 17013 16087
f 17014 16094 16093 16854
f 15675 17014 16854 15677
f 17015 15676 15677 16856
f 16102 17015 16856 16103
f 17015 16102 16101 17016
f 15676 17015 17016 15678
f 17017 15681 15678 17016
f 16109 17017 17016 16101
f 17017 16109 16108 16858
f 15681 17017 16858 15683
f 17018 15682 15683 16860
f 16117 17018 16860 16118
f 17018 16117 16116 17019
f 15682 17018 17019 15684
f 17020 15687 15684 17019
f 16124 17020 17019 16116
f 17020 16124 16123 17021
f 15687 17020 17021 15655
f 17022 15654 15655 17021
f 16130 17022 17021 16123
f 17022 16130 16129 17023
f 15654 17022 17023 15656
f 17024 15659 15656 17023
f 16136 17024 17023 16129
f 17024 16136 16135 16846
f 15659 17024 16846 15661
f 17025 16133 16134 17026
f 16054 17025 17026 16055
f 17025 16054 16061 16847
f 16133 17025 16847 16135
f 17027 16064 16065 17028
f 16069 17027 17028 16070
f 17027 16069 16076 16851
f 16064 17027 16851 16066
f 17029 16091 16092 17030
f 16096 17029 17030 16097
f 17029 16096 16103 16855
f 16091 17029 16855 16093
f 17031 16106 16107 17032
f 16111 17031 17032 16112
f 17031 16111 16118 16859
f 16106 17031 16859 16108
f 17033 15721 15722 16864
f 16144 17033 16864 16145
f 17033 16144 16143 17034
f 15721 17033 17034 15723
f 17035 15726 15723 17034
f 16151 17035 17034 16143
f 17035 16151 16150 16866
f 15726 17035 16866 15728
f 17036 15727 15728 16868
f 16159 17036 16868 16160
f 17036 16159 16158 17037
f 15727 17036 17037 15729
f 17038 15732 15729 17037
f 16166 17038 17037 16158
f 17038 16166 16165 17039
f 15732 17038 17039 15700
f 17040 15699 15700 17039
f 16172 17040 17039 16165
f 17040 16172 16171 17041
f 15699 17040 17041 15701
f 17042 15704 15701 17041
f 16178 17042 17041 16171
f 17042 16178 16177 16870
f 15704 17042 16870 15706
f 17043 15705 15706 16872
f 16186 17043 16872 16187
f 17043 16186 16185 17044
f 15705 17043 17044 15707
f 17045 15710 15707 17044
f 16193 17045 17044 16185
f 17045 16193 16192 16874
f 15710 17045 16874 15712
f 17046 15711 15712 16876
f 16201 17046 16876 16202
f 17046 16201 16200 17047
f 15711 17046 17047 15693
f 17048 15692 15693 17047
f 16208 17048 17047 16200
f 17048 16208 16207 17049
f 15692 17048 17049 15694
f 17050 15715 15694 17049
f 16214 17050 17049 16207
f 17050 16214 16213 17051
f 15715 17050 17051 15716
f 17052 15720 15716 17051
f 16220 17052 17051 16213
f 17052 16220 16219 16862
f 15720 17052 16862 15722
f 17053 16217 16218 17054
f 16138 17053 17054 16139
f 17053 16138 16145 16863
f 16217 17053 16863 16219
f 17055 16148 16149 17056
f 16153 17055 17056 16154
f 17055 16153 16160 16867
f 16148 17055 16867 16150
f 17057 16175 16176 17058
f 16180 17057 17058 16181
f 17057 16180 16187 16871
f 16175 17057 16871 16177
f 17059 16190 16191 17060
f 16195 17059 17060 16196
f 17059 16195 16202 16875
f 16190 17059 16875 16192
f 17061 15762 15763 16880
f 16228 17061 16880 16229
f 17061 16228 16227 17062
f 15762 17061 17062 15764
f 17063 15768 15764 17062
f 16235 17063 17062 16227
f 17063 16235 16234 16882
f 15768 17063 16882 15770
f 17064 15769 15770 16884
f 16243 17064 16884 16244
f 17064 16243 16242 17065
f 15769 17064 17065 15771
f 17066 15774 15771 17065
f 16250 17066 17065 16242
f 17066 16250 16249 17067
f 15774 17066 17067 15756
f 17068 15757 15756 17067
f 16256 17068 17067 16249
f 17068 16256 16255 17069
f 15757 17068 17069 15735
f 17070 15736 15735 17069
f 16262 17070 17069 16255
f 17070 16262 16261 16886
f 15736 17070 16886 15738
f 17071 15737 15738 16888
f 16270 17071 16888 16271
f 17071 16270 16269 17072
f 15737 17071 17072 15739
f 17073 15743 15739 17072
f 16277 17073 17072 16269
f 17073 16277 16276 16890
f 15743 17073 16890 15745
f 17074 15744 15745 16892
f 16285 17074 16892 16286
f 17074 16285 16284 17075
f 15744 17074 17075 15746
f 17076 15749 15746 17075
f 16292 17076 17075 16284
f 17076 16292 16291 17077
f 15749 17076 17077 15751
f 17078 15777 15751 17077
f 16298 17078 17077 16291
f 17078 16298 16297 17079
f 15777 17078 17079 15760
f 17080 15761 15760 17079
f 16304 17080 17079 16297
f 17080 16304 16303 16878
f 15761 17080 16878 15763
f 17081 16301 16302 17082
f 16222 17081 17082 16223
f 17081 16222 16229 16879
f 16301 17081 16879 16303
f 17083 16232 16233 17084
f 16237 17083 17084 16238
f 17083 16237 16244 16883
f 16232 17083 16883 16234
f 17085 16259 16260 17086
f 16264 17085 17086 16265
f 17085 16264 16271 16887
f 16259 17085 16887 16261
f 17087 16274 16275 17088
f 16279 17087 17088 16280
f 17087 16279 16286 16891
f 16274 17087 16891 16276
f 17089 15801 15802 16896
f 16312 17089 16896 16313
f 17089 16312 16311 17090
f 15801 17089 17090 15780
f 17091 15781 15780 17090
f 16319 17091 17090 16311
f 17091 16319 16318 16898
f 15781 17091 16898 15783
f 17092 15782 15783 16900
f 16327 17092 16900 16328
f 17092 16327 16326 17093
f 15782 17092 17093 15784
f 17094 15788 15784 17093
f 16334 17094 17093 16326
f 17094 16334 16333 16902
f 15788 17094 16902 15790
f 17095 15789 15790 16904
f 16342 17095 16904 16343
f 17095 16342 16341 17096
f 15789 17095 17096 15791
f 17097 15794 15791 17096
f 16349 17097 17096 16341
f 17097 16349 16348 16906
f 15794 17097 16906 15796
f 17098 15795 15796 16908
f 16357 17098 16908 16358
f 17098 16357 16356 17099
f 15795 17098 17099 15797
f 17100 15800 15797 17099
f 16364 17100 17099 16356
f 17100 16364 16363 16894
f 15800 17100 16894 15802
f 17101 16361 16362 17102
f 16306 17101 17102 16307
f 17101 16306 16313 16895
f 16361 17101 16895 16363
f 17103 16316 16317 17104
f 16321 17103 17104 16322
f 17103 16321 16328 16899
f 16316 17103 16899 16318
f 17105 16331 16332 17106
f 16336 17105 17106 16337
f 17105 16336 16343 16903
f 16331 17105 16903 16333
f 17107 16346 16347 17108
f 16351 17107 17108 16352
f 17107 16351 16358 16907
f 16346 17107 16907 16348
f 17109 15832 15833 16912
f 16372 17109 16912 16373
f 17109 16372 16371 17110
f 15832 17109 17110 15834
f 17111 15838 15834 17110
f 16379 17111 17110 16371
f 17111 16379 16378 16914
f 15838 17111 16914 15840
f 17112 15839 15840 16916
f 16387 17112 16916 16388
f 17112 16387 16386 17113
f 15839 17112 17113 15841
f 17114 15844 15841 17113
f 16394 17114 17113 16386
f 17114 16394 16393 17115
f 15844 17114 17115 15827
f 17116 15826 15827 17115
f 16400 17116 17115 16393
f 17116 16400 16399 17117
f 15826 17116 17117 15805
f 17118 15806 15805 17117
f 16406 17118 17117 16399
f 17118 16406 16405 16918
f 15806 17118 16918 15808
f 17119 15807 15808 16920
f 16414 17119 16920 16415
f 17119 16414 16413 17120
f 15807 17119 17120 15809
f 17121 15813 15809 17120
f 16421 17121 17120 16413
f 17121 16421 16420 16922
f 15813 17121 16922 15815
f 17122 15814 15815 16924
f 16429 17122 16924 16430
f 17122 16429 16428 17123
f 15814 17122 17123 15816
f 17124 15819 15816 17123
f 16436 17124 17123 16428
f 17124 16436 16435 17125
f 15819 17124 17125 15821
f 17126 15847 15821 17125
f 16442 17126 17125 16435
f 17126 16442 16441 17127
f 15847 17126 17127 15830
f 17128 15831 15830 17127
f 16448 17128 17127 16441
f 17128 16448 16447 16910
f 15831 17128 16910 15833
f 17129 16445 16446 17130
f 16366 17129 17130 16367
f 17129 16366 16373 16911
f 16445 17129 16911 16447
f 17131 16376 16377 17132
f 16381 17131 17132 16382
f 17131 16381 16388 16915
f 16376 17131 16915 16378
f 17133 16403 16404 17134
f 16408 17133 17134 16409
f 17133 16408 16415 16919
f 16403 17133 16919 16405
f 17135 16418 16419 17136
f 16423 17135 17136 16424
f 17135 16423 16430 16923
f 16418 17135 16923 16420
f 17137 15871 15872 16928
f 16456 17137 16928 16457
f 17137 16456 16455 17138
f 15871 17137 17138 15850
f 17139 15851 15850 17138
f 16463 17139 17138 16455
f 17139 16463 16462 16930
f 15851 17139 16930 15853
f 17140 15852 15853 16932
f 16471 17140 16932 16472
f 17140 16471 16470 17141
f 15852 17140 17141 15854
f 17142 15858 15854 17141
f 16478 17142 17141 16470
f 17142 16478 16477 17143
f 15858 17142 17143 15860
f 17144 15892 15860 17143
f 16484 17144 17143 16477
f 17144 16484 16483 17145
f 15892 17144 17145 15875
f 17146 15876 15875 17145
f 16490 17146 17145 16483
f 17146 16490 16489 16934
f 15876 17146 16934 15878
f 17147 15877 15878 16936
f 16498 17147 16936 16499
f 17147 16498 16497 17148
f 15877 17147 17148 15879
f 17149 15883 15879 17148
f 16505 17149 17148 16497
f 17149 16505 16504 16938
f 15883 17149 16938 15885
f 17150 15884 15885 16940
f 16513 17150 16940 16514
f 17150 16513 16512 17151
f 15884 17150 17151 15886
f 17152 15889 15886 17151
f 16520 17152 17151 16512
f 17152 16520 16519 17153
f 15889 17152 17153 15866
f 17154 15865 15866 17153
f 16526 17154 17153 16519
f 17154 16526 16525 17155
f 15865 17154 17155 15867
f 17156 15870 15867 17155
f 16532 17156 17155 16525
f 17156 16532 16531 16926
f 15870 17156 16926 15872
f 17157 16529 16530 17158
f 16450 17157 17158 16451
f 17157 16450 16457 16927
f 16529 17157 16927 16531
f 17159 16460 16461 17160
f 16465 17159 17160 16466
f 17159 16465 16472 16931
f 16460 17159 16931 16462
f 17161 16487 16488 17162
f 16492 17161 17162 16493
f 17161 16492 16499 16935
f 16487 17161 16935 16489
f 17163 16502 16503 17164
f 16507 17163 17164 16508
f 17163 16507 16514 16939
f 16502 17163 16939 16504
f 17165 15922 15923 16944
f 16540 17165 16944 16541
f 17165 16540 16539 17166
f 15922 17165 17166 15924
f 17167 15928 15924 17166
f 16547 17167 17166 16539
f 17167 16547 16546 16946
f 15928 17167 16946 15930
f 17168 15929 15930 16948
f 16555 17168 16948 16556
f 17168 16555 16554 17169
f 15929 17168 17169 15931
f 17170 15934 15931 17169
f 16562 17170 17169 16554
f 17170 16562 16561 17171
f 15934 17170 17171 15916
f 17172 15917 15916 17171
f 16568 17172 17171 16561
f 17172 16568 16567 17173
f 15917 17172 17173 15895
f 17174 15896 15895 17173
f 16574 17174 17173 16567
f 17174 16574 16573 16950
f 15896 17174 16950 15898
f 17175 15897 15898 16952
f 16582 17175 16952 16583
f 17175 16582 16581 17176
f 15897 17175 17176 15899
f 17177 15903 15899 17176
f 16589 17177 17176 16581
f 17177 16589 16588 16954
f 15903 17177 16954 15905
f 17178 15904 15905 16956
f 16597 17178 16956 16598
f 17178 16597 16596 17179
f 15904 17178 17179 15906
f 17180 15909 15906 17179
f 16604 17180 17179 16596
f 17180 16604 16603 17181
f 15909 17180 17181 15911
f 17182 15937 15911 17181
f 16610 17182 17181 16603
f 17182 16610 16609 17183
f 15937 17182 17183 15920
f 17184 15921 15920 17183
f 16616 17184 17183 16609
f 17184 16616 16615 16942
f 15921 17184 16942 15923
f 17185 16613 16614 17186
f 16534 17185 17186 16535
f 17185 16534 16541 16943
f 16613 17185 16943 16615
f 17187 16544 16545 17188
f 16549 17187 17188 16550
f 17187 16549 16556 16947
f 16544 17187 16947 16546
f 17189 16571 16572 17190
f 16576 17189 17190 16577
f 17189 16576 16583 16951
f 16571 17189 16951 16573
f 17191 16586 16587 17192
f 16591 17191 17192 16592
f 17191 16591 16598 16955
f 16586 17191 16955 16588
f 17193 15971 15972 16960
f 16624 17193 16960 16625
f 17193 16624 16623 17194
f 15971 17193 17194 15973
f 17195 15976 15973 17194
f 16631 17195 17194 16623
f 17195 16631 16630 16962
f 15976 17195 16962 15978
f 17196 15977 15978 16964
f 16639 17196 16964 16640
f 17196 16639 16638 17197
f 15977 17196 17197 15979
f 17198 15982 15979 17197
f 16646 17198 17197 16638
f 17198 16646 16645 17199
f 15982 17198 17199 15950
f 17200 15949 15950 17199
f 16652 17200 17199 16645
f 17200 16652 16651 17201
f 15949 17200 17201 15951
f 17202 15954 15951 17201
f 16658 17202 17201 16651
f 17202 16658 16657 16966
f 15954 17202 16966 15956
f 17203 15955 15956 16968
f 16666 17203 16968 16667
f 17203 16666 16665 17204
f 15955 17203 17204 15957
f 17205 15960 15957 17204
f 16673 17205 17204 16665
f 17205 16673 16672 16970
f 15960 17205 16970 15962
f 17206 15961 15962 16972
f 16681 17206 16972 16682
f 17206 16681 16680 17207
f 15961 17206 17207 15943
f 17208 15942 15943 17207
f 16688 17208 17207 16680
f 17208 16688 16687 17209
f 15942 17208 17209 15944
f 17210 15965 15944 17209
f 16694 17210 17209 16687
f 17210 16694 16693 17211
f 15965 17210 17211 15966
f 17212 15970 15966 17211
f 16700 17212 17211 16693
f 17212 16700 16699 16958
f 15970 17212 16958 15972
f 17213 16697 16698 17214
f 16618 17213 17214 16619
f 17213 16618 16625 16959
f 16697 17213 16959 16699
f 17215 16628 16629 17216
f 16633 17215 17216 16634
f 17215 16633 16640 16963
f 16628 17215 16963 16630
f 17217 16655 16656 17218
f 16660 17217 17218 16661
f 17217 16660 16667 16967
f 16655 17217 16967 16657
f 17219 16670 16671 17220
f 16675 17219 17220 16676
f 17219 16675 16682 16971
f 16670 17219 16971 16672
f 17221 16000 16001 16976
f 16708 17221 16976 16709
f 17221 16708 16707 17222
f 16000 17221 17222 16002
f 17223 16005 16002 17222
f 16715 17223 17222 16707
f 17223 16715 16714 16978
f 16005 17223 16978 16007
f 17224 16006 16007 16980
f 16723 17224 16980 16724
f 17224 16723 16722 17225
f 16006 17224 17225 15985
f 17226 15986 15985 17225
f 16730 17226 17225 16722
f 17226 16730 16729 16982
f 15986 17226 16982 15988
f 17227 15987 15988 16984
f 16738 17227 16984 16739
f 17227 16738 16737 17228
f 15987 17227 17228 15989
f 17229 15993 15989 17228
f 16745 17229 17228 16737
f 17229 16745 16744 16986
f 15993 17229 16986 15995
f 17230 15994 15995 16988
f 16753 17230 16988 16754
f 17230 16753 16752 17231
f 15994 17230 17231 15996
f 17232 15999 15996 17231
f 16760 17232 17231 16752
f 17232 16760 16759 16974
f 15999 17232 16974 16001
f 17233 16757 16758 17234
f 16702 17233 17234 16703
f 17233 16702 16709 16975
f 16757 17233 16975 16759
f 17235 16712 16713 17236
f 16717 17235 17236 16718
f 17235 16717 16724 16979
f 16712 17235 16979 16714
f 17237 16727 16728 17238
f 16732 17237 17238 16733
f 17237 16732 16739 16983
f 16727 17237 16983 16729
f 17239 16742 16743 17240
f 16747 17239 17240 16748
f 17239 16747 16754 16987
f 16742 17239 16987 16744
f 17241 16041 16042 16992
f 16768 17241 16992 16769
f 17241 16768 16767 17242
f 16041 17241 17242 16043
f 17243 16046 16043 17242
f 16775 17243 17242 16767
f 17243 16775 16774 16994
f 16046 17243 16994 16048
f 17244 16047 16048 16996
f 16783 17244 16996 16784
f 17244 16783 16782 17245
f 16047 17244 17245 16049
f 17246 16052 16049 17245
f 16790 17246 17245 16782
f 17246 16790 16789 17247
f 16052 17246 17247 16013
f 17248 16012 16013 17247
f 16796 17248 17247 16789
f 17248 16796 16795 17249
f 16012 17248 17249 16014
f 17250 16018 16014 17249
f 16802 17250 17249 16795
f 17250 16802 16801 16998
f 16018 17250 16998 16020
f 17251 16019 16020 17000
f 16810 17251 17000 16811
f 17251 16810 16809 17252
f 16019 17251 17252 16021
f 17253 16024 16021 17252
f 16817 17253 17252 16809
f 17253 16817 16816 17002
f 16024 17253 17002 16026
f 17254 16025 16026 17004
f 16825 17254 17004 16826
f 17254 16825 16824 17255
f 16025 17254 17255 16027
f 17256 16030 16027 17255
f 16832 17256 17255 16824
f 17256 16832 16831 17257
f 16030 17256 17257 16032
f 17258 16035 16032 17257
f 16838 17258 17257 16831
f 17258 16838 16837 17259
f 16035 17258 17259 16036
f 17260 16040 16036 17259
f 16844 17260 17259 16837
f 17260 16844 16843 16990
f 16040 17260 16990 16042
f 17261 16841 16842 17262
f 16762 17261 17262 16763
f 17261 16762 16769 16991
f 16841 17261 16991 16843
f 17263 16772 16773 17264
f 16777 17263 17264 16778
f 17263 16777 16784 16995
f 16772 17263 16995 16774
f 17265 16799 16800 17266
f 16804 17265 17266 16805
f 17265 16804 16811 16999
f 16799 17265 16999 16801
f 17267 16814 16815 17268
f 16819 17267 17268 16820
f 17267 16819 16826 17003
f 16814 17267 17003 16816
f 17269 17270 32 30
f 17271 17269 30 31
f 17269 17271 17272 17273
f 17270 17269 17273 17274
f 17275 17276 36 35
f 17277 17275 35 42
f 17275 17277 17278 17279
f 17276 17275 17279 17280
f 17281 17282 84 83
f 17270 17281 83 32
f 17281 17270 17274 17283
f 17282 17281 17283 17284
f 17285 17277 42 87
f 17286 17285 87 91
f 17285 17286 17287 17288
f 17277 17285 17288 17278
f 17289 17290 126 125
f 17282 17289 125 84
f 17289 17282 17284 17291
f 17290 17289 17291 17292
f 17293 17286 91 129
f 17294 17293 129 133
f 17293 17294 17295 17296
f 17286 17293 17296 17287
f 17297 17298 168 167
f 17290 17297 167 126
f 17297 17290 17292 17299
f 17298 17297 17299 17300
f 17301 17294 133 171
f 17302 17301 171 175
f 17301 17302 17303 17304
f 17294 17301 17304 17295
f 17305 17306 210 209
f 17298 17305 209 168
f 17305 17298 17300 17307
f 17306 17305 17307 17308
f 17309 17302 175 213
f 17310 17309 213 217
f 17309 17310 17311 17312
f 17302 17309 17312 17303
f 17313 17314 252 251
f 17306 17313 251 210
f 17313 17306 17308 17315
f 17314 17313 17315 17316
f 17317 17310 217 255
f 17318 17317 255 259
f 17317 17318 17319 17320
f 17310 17317 17320 17311
f 17321 17322 294 293
f 17314 17321 293 252
f 17321 17314 17316 17323
f 17322 17321 17323 17324
f 17325 17318 259 297
f 17326 17325 297 301
f 17325 17326 17327 17328
f 17318 17325 17328 17319
f 17329 17330 336 335
f 17322 17329 335 294
f 17329 17322 17324 17331
f 17330 17329 17331 17332
f 17333 17326 301 339
f 17334 17333 339 343
f 17333 17334 17335 17336
f 17326 17333 17336 17327
f 17337 17338 378 377
f 17330 17337 377 336
f 17337 17330 17332 17339
f 17338 17337 17339 17340
f 17341 17334 343 381
f 17342 17341 381 385
f 17341 17342 17343 17344
f 17334 17341 17344 17335
f 17345 17346 420 419
f 17338 17345 419 378
f 17345 17338 17340 17347
f 17346 17345 17347 17348
f 17349 17342 385 423
f 17350 17349 423 427
f 17349 17350 17351 17352
f 17342 17349 17352 17343
f 17353 17354 462 461
f 17346 17353 461 420
f 17353 17346 17348 17355
f 17354 17353 17355 17356
f 17357 17350 427 465
f 17358 17357 465 469
f 17357 17358 17359 17360
f 17350 17357 17360 17351
f 17361 17362 504 503
f 17354 17361 503 462
f 17361 17354 17356 17363
f 17362 17361 17363 17364
f 17365 17358 469 507
f 17366 17365 507 511
f 17365 17366 17367 17368
f 17358 17365 17368 17359
f 17369 17370 546 545
f 17362 17369 545 504
f 17369 17362 17364 17371
f 17370 17369 17371 17372
f 17373 17366 511 549
f 17374 17373 549 553
f 17373 17374 17375 17376
f 17366 17373 17376 17367
f 17377 17378 588 587
f 17370 17377 587 546
f 17377 17370 17372 17379
f 17378 17377 17379 17380
f 17381 17374 553 591
f 17382 17381 591 595
f 17381 17382 17383 17384
f 17374 17381 17384 17375
f 17385 17386 630 629
f 17378 17385 629 588
f 17385 17378 17380 17387
f 17386 17385 17387 17388
f 17389 17382 595 633
f 17390 17389 633 637
f 17389 17390 17391 17392
f 17382 17389 17392 17383
f 17393 17394 672 671
f 17386 17393 671 630
f 17393 17386 17388 17395
f 17394 17393 17395 17396
f 17397 17390 637 675
f 17398 17397 675 679
f 17397 17398 17399 17400
f 17390 17397 17400 17391
f 17401 17402 714 713
f 17394 17401 713 672
f 17401 17394 17396 17403
f 17402 17401 17403 17404
f 17405 17398 679 717
f 17406 17405 717 721
f 17405 17406 17407 17408
f 17398 17405 17408 17399
f 17409 17410 756 755
f 17402 17409 755 714
f 17409 17402 17404 17411
f 17410 17409 17411 17412
f 17413 17406 721 759
f 17414 17413 759 763
f 17413 17414 17415 17416
f 17406 17413 17416 17407
f 17417 17418 798 797
f 17410 17417 797 756
f 17417 17410 17412 17419
f 17418 17417 17419 17420
f 17421 17414 763 801
f 17422 17421 801 805
f 17421 17422 17423 17424
f 17414 17421 17424 17415
f 17425 17426 840 839
f 17418 17425 839 798
f 17425 17418 17420 17427
f 17426 17425 17427 17428
f 17429 17422 805 843
f 17430 17429 843 847
f 17429 17430 17431 17432
f 17422 17429 17432 17423
f 17433 17434 882 881
f 17426 17433 881 840
f 17433 17426 17428 17435
f 17434 17433 17435 17436
f 17437 17430 847 885
f 17438 17437 885 889
f 17437 17438 17439 17440
f 17430 17437 17440 17431
f 17441 17442 924 923
f 17434 17441 923 882
f 17441 17434 17436 17443
f 17442 17441 17443 17444
f 17445 17438 889 927
f 17446 17445 927 931
f 17445 17446 17447 17448
f 17438 17445 17448 17439
f 17449 17450 966 965
f 17442 17449 965 924
f 17449 17442 17444 17451
f 17450 17449 17451 17452
f 17453 17446 931 969
f 17454 17453 969 973
f 17453 17454 17455 17456
f 17446 17453 17456 17447
f 17457 17271 31 998
f 17450 17457 998 966
f 17457 17450 17452 17458
f 17271 17457 17458 17272
f 17459 17454 973 1000
f 17276 17459 1000 36
f 17459 17276 17280 17460
f 17454 17459 17460 17455
